geo,nace_r2,year,compensation,employees,employment,gfcf,gross_value_added,net_operating_surplus_mixed_income,output
AT,B,2012,322.0,5.92,6.02,250.5,1519.4,951.1,2660.3
AT,B,2013,329.5,5.96,6.08,381.6,1487.4,892.6,2599.2
AT,B,2014,347.9,6.08,6.21,389.3,1398.3,764.7,2392.3
AT,B,2015,351.4,6.01,6.14,267.0,1186.8,541.1,2109.6
AT,B,2016,355.7,6.02,6.15,239.9,1068.2,421.4,2403.7
AT,B,2017,363.1,6.1,6.24,267.4,1199.7,551.2,2660.7
AT,B,2018,382.5,6.11,6.26,330.5,1169.9,498.4,2407.3
AT,B,2019,394.0,6.27,6.45,313.3,1059.3,365.1,2304.8
AT,B,2020,391.7,6.01,6.2,231.5,758.7,92.1,1672.0
AT,C,2012,29931.6,610.64,632.08,12259.2,54632.2,13457.5,173332.0
AT,C,2013,30813.6,611.05,632.26,13574.9,54944.3,12128.0,173771.8
AT,C,2014,31557.1,613.15,633.92,13094.7,56735.9,12514.9,173950.0
AT,C,2015,32270.1,616.36,636.71,13498.9,58985.2,13679.4,175599.6
AT,C,2016,33397.6,622.02,642.38,14478.4,62839.8,15936.5,177690.6
AT,C,2017,34239.7,628.01,648.28,15621.8,64066.2,15872.8,188894.9
AT,C,2018,36239.7,644.33,664.64,16932.8,66380.5,15728.3,201825.9
AT,C,2019,37846.0,656.15,676.85,17741.9,67674.9,14596.0,202702.7
AT,C,2020,37349.6,650.56,671.57,16149.8,63122.6,12081.1,185798.1
AT,D,2012,2125.9,27.42,27.87,3301.2,5765.2,1417.8,31776.3
AT,D,2013,2162.7,27.63,28.1,2650.3,5895.1,1620.4,31435.8
AT,D,2014,2239.5,27.43,27.89,2618.0,5357.4,1025.3,27475.0
AT,D,2015,2194.2,27.11,27.51,2650.2,5123.1,911.3,26871.4
AT,D,2016,2272.0,27.24,27.64,2919.9,5334.9,1002.8,24398.9
AT,D,2017,2233.4,26.47,26.86,3408.4,5262.7,911.5,27564.3
AT,D,2018,2313.0,26.57,26.95,3205.4,5423.1,715.1,29607.0
AT,D,2019,2397.3,26.76,27.18,3276.7,5758.4,858.5,31404.1
AT,D,2020,2401.6,26.86,27.23,2763.0,6352.2,1438.4,30405.7
AT,E,2012,958.6,21.84,22.19,1032.5,2955.8,658.0,6943.6
AT,E,2013,995.9,22.19,22.54,1029.9,3005.1,658.7,7206.0
AT,E,2014,1032.1,22.43,22.77,1050.5,3129.6,730.9,7398.5
AT,E,2015,1051.7,22.45,22.77,1032.9,3142.1,721.4,7237.2
AT,E,2016,1114.5,23.15,23.45,960.7,3265.4,767.0,7431.6
AT,E,2017,1141.6,23.41,23.7,1087.2,3369.0,832.2,7914.9
AT,E,2018,1218.6,23.84,24.14,1161.5,3507.0,867.0,8321.6
AT,E,2019,1276.1,24.17,24.45,1395.4,3606.7,856.6,8446.5
AT,E,2020,1316.8,23.97,24.31,1187.2,3556.2,762.2,8347.0
AT,F,2012,10323.7,260.68,285.48,1401.2,17471.7,4848.6,45988.2
AT,F,2013,10559.7,256.64,281.95,1493.9,18080.9,5163.7,46490.6
AT,F,2014,10990.5,259.61,284.77,1434.3,18500.9,5070.8,47501.6
AT,F,2015,11265.3,258.89,283.64,1292.3,18846.3,5112.8,49535.8
AT,F,2016,11690.7,262.77,287.69,1395.2,19653.4,5467.0,50760.8
AT,F,2017,12273.6,269.04,294.4,1507.6,20873.1,6083.6,53882.7
AT,F,2018,13067.1,275.34,300.86,1598.6,22084.0,6487.1,57022.1
AT,F,2019,13943.5,284.59,310.12,1823.9,22949.8,6352.7,60457.9
AT,F,2020,14331.1,286.35,311.51,1767.3,23778.8,7214.8,60408.2
AT,G,2012,19998.3,591.24,658.97,3731.0,36411.1,11794.4,62185.5
AT,G,2013,20516.4,593.08,660.36,3803.5,35253.7,9957.0,61857.2
AT,G,2014,21088.5,594.86,661.96,4407.4,36507.6,10468.8,63957.9
AT,G,2015,21444.6,597.64,663.27,4581.2,37643.9,11102.6,66014.6
AT,G,2016,22185.9,600.89,666.32,5393.6,37822.7,10364.7,66803.7
AT,G,2017,22757.1,604.16,670.21,4919.0,38015.4,9864.2,68074.6
AT,G,2018,23677.0,610.26,676.06,5543.4,41357.3,12226.3,72667.1
AT,G,2019,24649.5,619.16,684.34,6109.9,41972.2,11525.2,74318.8
AT,G,2020,24621.0,610.31,674.3,5987.4,41191.8,13320.4,72467.3
AT,H,2012,8571.4,194.32,206.35,5690.0,15801.1,1689.7,32119.5
AT,H,2013,8661.0,192.85,204.71,5750.2,16195.2,1935.9,32682.4
AT,H,2014,8857.5,195.06,206.56,5958.8,16876.3,2356.5,33251.9
AT,H,2015,9068.6,197.69,208.74,5990.4,17444.8,2654.7,33062.3
AT,H,2016,9422.2,201.08,212.15,6960.8,18073.7,2761.9,33864.6
AT,H,2017,9718.1,204.31,215.58,7302.9,18656.3,2879.8,35123.9
AT,H,2018,10240.8,210.12,221.65,7231.4,19043.8,2526.7,36817.7
AT,H,2019,10328.2,209.45,221.21,7608.8,19666.1,2817.6,37841.7
AT,H,2020,10067.5,204.49,216.15,7518.4,17948.8,2028.2,33778.9
AT,I,2012,6118.3,236.83,275.78,1195.2,11027.1,3625.7,19982.9
AT,I,2013,6500.3,241.25,280.13,1222.5,11202.7,3370.3,20403.3
AT,I,2014,6725.6,246.86,285.18,1109.9,11443.6,3338.0,21016.0
AT,I,2015,7095.7,254.65,291.73,1059.9,12292.6,3766.8,22170.9
AT,I,2016,7536.3,260.51,297.04,1123.4,13061.1,4021.5,23382.3
AT,I,2017,7885.2,263.53,299.67,1242.8,13507.2,4090.8,24296.7
AT,I,2018,8280.6,266.22,301.93,1367.3,14126.2,4274.9,25264.0
AT,I,2019,8740.3,272.41,307.47,1517.1,14528.4,4146.8,26311.4
AT,I,2020,7017.9,227.38,261.87,1189.2,9120.4,4547.2,18412.0
AT,J,2012,5251.3,87.71,106.83,3076.9,9514.5,1226.6,21115.8
AT,J,2013,5513.5,90.0,108.78,3231.2,9906.7,1253.2,21863.6
AT,J,2014,5710.8,92.7,111.49,3312.5,10467.4,1519.9,22499.9
AT,J,2015,5936.1,93.74,111.99,3641.2,10827.7,1519.3,23165.5
AT,J,2016,6293.6,98.36,116.56,3604.4,11630.0,1642.0,24446.7
AT,J,2017,6579.6,101.65,119.98,3601.3,11869.0,1578.2,24939.9
AT,J,2018,7113.9,105.99,124.9,4045.3,12896.5,1992.2,27055.8
AT,J,2019,7590.4,110.38,130.06,4237.6,13689.9,2087.6,28997.7
AT,J,2020,7911.9,112.99,132.54,4164.9,13703.2,1786.8,29000.9
AT,L,2012,1714.9,53.75,68.19,22367.5,25436.7,9006.8,38525.3
AT,L,2013,1785.6,56.68,70.55,23133.5,26676.5,9654.8,40442.5
AT,L,2014,1759.1,55.85,69.85,23216.5,27715.8,10212.6,41343.4
AT,L,2015,1885.6,54.32,68.71,24349.7,28934.9,10809.0,43531.2
AT,L,2016,2092.2,54.33,68.68,25121.7,30097.2,11196.1,45454.1
AT,L,2017,1977.3,54.75,69.33,26249.8,31749.8,12419.4,48433.4
AT,L,2018,2050.8,55.04,69.89,27527.0,33180.2,13089.9,50470.0
AT,L,2019,2199.6,56.33,71.56,29306.3,34265.4,13230.1,52529.2
AT,L,2020,2208.1,57.15,72.62,29600.5,35353.5,13573.5,53938.7
AT,M,2012,7920.5,167.47,245.44,2387.2,13994.3,3959.8,29405.4
AT,M,2013,8570.1,175.43,252.25,2257.7,14567.6,3719.1,30625.4
AT,M,2014,8686.6,174.49,252.62,2251.8,15031.1,3958.6,31235.5
AT,M,2015,9044.8,176.68,253.9,2278.3,16029.9,4502.0,32370.3
AT,M,2016,9479.0,179.72,257.99,2460.5,16931.0,4860.1,33213.2
AT,M,2017,10152.9,185.53,264.47,2572.6,17561.1,4707.4,34954.5
AT,M,2018,10698.1,192.72,272.69,2929.6,18323.3,4793.3,37036.1
AT,M,2019,11410.1,200.03,280.39,3360.9,19714.5,5220.9,39625.9
AT,M,2020,11628.9,201.73,283.28,3454.4,19530.8,5109.0,38889.9
AT,N,2012,6223.2,203.75,226.49,4164.0,11803.6,1685.5,18551.5
AT,N,2013,6465.4,205.05,227.86,4259.4,12122.1,1590.4,19153.0
AT,N,2014,6733.3,209.88,233.57,4313.9,12615.6,1670.7,19596.3
AT,N,2015,6989.6,211.99,236.01,4555.9,12923.7,1587.8,19964.0
AT,N,2016,7421.8,221.84,246.06,5491.7,13580.4,1655.4,20821.2
AT,N,2017,7926.9,235.54,260.23,5791.9,14611.9,1879.7,21955.7
AT,N,2018,8521.4,246.1,271.09,6291.9,15386.3,1743.8,23396.7
AT,N,2019,8936.1,249.22,274.34,6278.3,16154.8,1746.9,24546.0
AT,N,2020,8166.9,227.78,251.99,5235.5,14648.5,1684.1,21343.8
BE,B,2012,157.6,2.7,2.8,54.9,296.4,35.3,747.8
BE,B,2013,155.9,2.7,2.7,57.4,275.4,18.6,705.3
BE,B,2014,166.8,2.6,2.7,58.3,281.2,14.3,798.4
BE,B,2015,144.9,2.3,2.4,59.2,219.3,-14.6,638.8
BE,B,2016,146.6,2.3,2.4,56.5,238.1,5.1,666.8
BE,B,2017,162.6,2.4,2.5,80.4,248.6,2.0,722.3
BE,B,2018,169.7,2.5,2.5,54.8,246.6,-12.3,755.2
BE,B,2019,184.9,2.5,2.6,96.1,284.7,4.5,773.1
BE,B,2020,170.8,2.5,2.5,75.7,265.1,1.0,779.2
BE,C,2012,30807.5,512.0,531.4,12344.7,48963.5,5807.2,228672.5
BE,C,2013,31040.1,498.9,518.0,12068.9,49975.7,6461.9,222705.9
BE,C,2014,31122.5,486.8,505.7,12028.4,50959.1,7484.1,219554.2
BE,C,2015,30449.6,473.6,492.6,15359.2,52223.7,9288.1,214638.6
BE,C,2016,30729.5,473.8,493.1,13117.7,52480.4,9044.7,212473.5
BE,C,2017,31907.9,477.2,496.5,14096.2,55185.7,10436.1,229405.3
BE,C,2018,32413.9,480.5,499.6,14346.8,56719.3,11290.8,239783.6
BE,C,2019,33530.9,485.1,504.1,15367.1,59514.7,12827.2,238306.3
BE,C,2020,32296.3,481.4,500.5,15400.4,55705.8,10279.9,217065.3
BE,D,2012,2062.1,19.8,19.8,2770.4,6149.2,1445.0,13287.5
BE,D,2013,2061.4,19.6,19.6,2894.2,6353.1,1856.7,14209.0
BE,D,2014,2035.6,19.2,19.2,2076.9,5870.7,1354.0,12825.8
BE,D,2015,1982.4,18.7,18.7,1978.2,5938.1,1740.3,12643.9
BE,D,2016,2044.2,18.7,18.7,2489.9,6130.7,1902.5,12738.7
BE,D,2017,1959.0,18.5,18.5,2755.8,5941.0,1674.4,12980.6
BE,D,2018,1978.3,18.2,18.2,3458.7,5202.4,821.4,13234.8
BE,D,2019,2002.6,18.3,18.3,3932.8,6160.3,1608.0,13729.0
BE,D,2020,2016.1,18.6,18.6,3318.2,6847.3,2229.7,14670.6
BE,E,2012,1876.9,31.3,31.5,1660.4,3424.2,418.9,10850.0
BE,E,2013,1927.5,31.3,31.6,1477.8,3383.3,323.1,10423.2
BE,E,2014,1986.6,31.4,31.8,1453.4,3502.7,369.7,10660.6
BE,E,2015,1984.1,31.4,31.9,1306.9,3534.4,327.1,10213.5
BE,E,2016,2022.6,31.5,32.0,1383.6,3592.9,329.4,10275.7
BE,E,2017,2060.3,32.1,32.6,1590.6,3863.6,495.4,11265.2
BE,E,2018,2160.4,32.3,32.8,1947.0,3906.1,362.1,11665.3
BE,E,2019,2196.5,33.2,33.6,2015.5,4046.1,419.3,11893.5
BE,E,2020,2223.3,33.8,34.2,1926.4,3997.7,338.8,11576.0
BE,F,2012,10435.7,219.9,268.4,3065.0,18736.8,5801.4,66140.5
BE,F,2013,10343.2,214.9,263.9,3061.7,18601.1,5671.5,66143.7
BE,F,2014,10434.8,209.5,258.9,3597.6,18835.3,5726.1,67351.6
BE,F,2015,10344.0,206.2,256.8,3808.0,19017.9,5862.0,68851.1
BE,F,2016,10478.2,206.2,258.4,3574.7,19387.0,5977.2,71657.7
BE,F,2017,10678.2,206.1,259.7,3947.9,19693.8,6004.2,74687.6
BE,F,2018,11454.5,211.4,266.0,4084.1,21064.2,6495.2,79993.5
BE,F,2019,11778.6,212.4,268.7,3772.8,22247.6,7316.7,85922.8
BE,F,2020,11375.2,213.7,273.2,3781.2,21673.2,7253.7,83013.8
BE,G,2012,25390.7,504.9,576.0,6680.2,42958.2,12392.4,87625.6
BE,G,2013,25611.5,500.6,570.0,6519.7,43045.7,11986.4,88294.4
BE,G,2014,25692.5,498.0,564.9,6409.6,43667.8,12311.8,88969.3
BE,G,2015,26304.4,502.0,567.3,6850.3,44218.1,12015.7,87142.8
BE,G,2016,26431.7,506.2,569.9,7268.5,46553.8,14050.9,94452.5
BE,G,2017,26675.9,507.6,569.1,7025.0,45302.0,12238.0,93185.0
BE,G,2018,27134.0,510.3,570.3,7214.1,46453.8,12677.1,96328.0
BE,G,2019,27938.5,513.2,572.3,7713.3,48164.5,13196.2,102203.0
BE,G,2020,26698.5,512.1,571.6,6923.9,47595.1,13867.8,87664.4
BE,H,2012,13040.2,246.0,252.7,6363.2,20113.3,607.3,55091.5
BE,H,2013,13024.1,239.9,246.5,6543.8,19818.9,381.8,52325.9
BE,H,2014,12966.1,237.0,243.4,7094.2,20532.5,1058.3,54387.3
BE,H,2015,13167.2,239.6,246.0,6735.3,21537.3,1893.6,57083.4
BE,H,2016,13167.3,240.5,246.9,7113.1,21498.6,1865.3,57074.4
BE,H,2017,13635.3,243.9,250.3,8173.8,22280.7,2042.9,60075.2
BE,H,2018,14185.5,248.4,255.4,8600.6,23315.7,2328.1,64199.4
BE,H,2019,14859.2,254.6,261.7,8593.2,24045.0,2169.8,66683.5
BE,H,2020,14670.9,256.2,263.5,7893.7,22570.1,895.9,61033.1
BE,I,2012,3710.6,115.1,144.3,1030.2,6101.5,1248.4,15218.9
BE,I,2013,3826.4,113.9,142.0,887.1,6336.5,1298.5,15751.1
BE,I,2014,4012.5,116.4,144.1,980.7,6679.6,1421.4,16681.5
BE,I,2015,4155.2,118.7,146.0,1056.8,6877.2,1506.4,17187.2
BE,I,2016,4344.7,120.2,147.0,1045.6,7040.7,1574.6,17698.5
BE,I,2017,4618.6,122.0,148.2,1136.0,7438.2,1642.7,18498.3
BE,I,2018,4825.0,123.8,149.2,1269.5,7770.1,1811.3,19440.7
BE,I,2019,5101.6,126.8,151.6,1465.5,8233.8,2042.1,20543.5
BE,I,2020,3325.8,116.4,140.9,1047.6,4900.8,749.7,13728.0
BE,J,2012,7639.7,97.7,107.8,4143.1,14901.5,3652.3,33506.1
BE,J,2013,7798.3,96.9,107.1,4480.8,14504.8,2772.6,33473.9
BE,J,2014,7814.8,97.1,107.7,4686.1,14555.4,2562.0,33726.2
BE,J,2015,7967.8,98.3,108.9,4541.9,15198.5,2777.6,34553.4
BE,J,2016,8092.7,100.3,110.9,5004.5,15764.1,3153.0,35848.8
BE,J,2017,8691.2,104.3,115.4,5402.8,16676.5,3430.8,37639.5
BE,J,2018,9089.0,107.4,119.3,5491.1,17259.1,3570.2,40086.4
BE,J,2019,9673.3,112.7,125.4,5855.2,18636.8,4377.6,43173.7
BE,J,2020,9654.4,113.1,126.1,5314.1,18779.8,4419.9,43279.0
BE,L,2012,886.0,19.9,23.5,25693.7,31701.0,12827.1,42975.8
BE,L,2013,934.8,20.0,23.6,25330.7,33008.6,13121.6,44540.3
BE,L,2014,941.9,20.3,24.0,27103.9,33746.5,13299.5,45913.6
BE,L,2015,994.0,21.0,24.9,26559.6,34645.4,13600.9,47166.5
BE,L,2016,1056.0,21.9,25.9,27533.2,35844.2,14094.2,49057.0
BE,L,2017,1142.5,22.6,26.9,29160.3,37363.8,14518.9,50737.6
BE,L,2018,1169.5,23.0,27.6,29739.0,38814.4,15410.2,52392.1
BE,L,2019,1237.2,23.9,28.7,31613.5,40432.0,15747.0,54845.0
BE,L,2020,1185.4,23.9,28.7,31228.0,41434.3,16185.4,55432.3
BE,M,2012,10366.8,143.4,531.2,4763.2,32181.6,18269.4,65753.3
BE,M,2013,10741.3,146.8,543.7,4927.5,34134.3,19596.9,69526.9
BE,M,2014,10910.1,148.8,552.5,5274.7,35386.6,20511.2,72682.0
BE,M,2015,11223.2,152.5,564.7,5676.8,36380.5,20773.9,75257.9
BE,M,2016,11603.1,158.7,580.9,6343.4,37478.2,21410.5,79848.2
BE,M,2017,12269.5,164.8,597.3,6868.3,40066.4,23128.4,85670.7
BE,M,2018,12830.6,170.2,612.1,7408.3,42021.1,24368.6,87788.8
BE,M,2019,13605.9,177.2,628.6,8133.1,43405.3,24722.8,90786.4
BE,M,2020,13770.9,183.8,643.3,8533.3,43544.7,24490.7,91086.9
BE,N,2012,11724.0,344.8,364.1,3427.1,14012.5,553.1,29402.6
BE,N,2013,11935.1,347.9,367.9,3177.3,14635.7,1160.0,30059.7
BE,N,2014,12617.8,366.2,386.9,5474.1,16065.0,2063.6,32623.9
BE,N,2015,13383.5,388.0,409.8,5047.8,17530.2,2606.6,35593.6
BE,N,2016,14153.5,404.3,427.0,8091.1,18573.4,2605.7,37163.2
BE,N,2017,15026.8,420.6,444.2,5573.3,19614.3,2049.7,39053.9
BE,N,2018,15845.7,434.2,458.7,5625.3,20892.6,2106.5,41523.5
BE,N,2019,16382.4,441.0,466.7,7048.7,22456.1,2591.1,44235.1
BE,N,2020,14912.2,420.8,447.3,5774.6,21256.1,2478.5,41509.9
BG,B,2012,272.7,26.04,26.21,138.9,886.5,488.9,1544.0
BG,B,2013,370.9,25.39,25.47,137.8,901.5,380.0,1574.9
BG,B,2014,393.6,25.01,25.06,261.5,973.4,420.3,1534.6
BG,B,2015,292.2,24.88,24.88,61.3,983.4,553.4,1514.6
BG,B,2016,410.4,23.37,23.41,186.5,951.5,371.1,1594.5
BG,B,2017,429.9,23.3,23.34,117.7,1013.8,404.7,1777.7
BG,B,2018,457.6,22.83,23.01,222.6,892.6,277.1,1702.1
BG,B,2019,312.1,22.1,22.27,339.4,710.9,243.0,1350.3
BG,B,2020,347.3,21.83,21.97,233.5,921.9,376.5,1628.7
BG,C,2012,2582.2,560.5,603.72,1354.4,5937.4,2344.6,26313.2
BG,C,2013,2623.1,542.88,584.37,1344.8,5369.1,1725.4,25496.0
BG,C,2014,2838.4,544.34,587.37,1368.1,5605.0,1699.0,26344.5
BG,C,2015,3142.4,554.82,600.95,2971.7,6241.9,1879.7,27303.3
BG,C,2016,3451.4,565.5,608.57,1775.5,7021.2,2238.7,27704.3
BG,C,2017,3866.6,570.14,615.19,2096.3,7360.4,2114.5,31182.8
BG,C,2018,4222.1,571.35,618.26,2016.9,7477.4,1754.4,33192.1
BG,C,2019,4564.0,562.99,609.83,1977.5,8157.6,1829.0,34958.6
BG,C,2020,4609.1,535.33,581.35,1700.1,7969.6,1798.7,32664.5
BG,D,2012,493.7,30.87,30.98,1726.3,1415.5,303.2,4493.7
BG,D,2013,480.4,31.07,31.21,1712.6,1508.1,284.0,4469.1
BG,D,2014,491.6,31.33,31.6,1144.7,1444.2,255.2,3751.1
BG,D,2015,502.2,31.17,31.47,169.2,1597.3,407.4,3861.8
BG,D,2016,502.4,30.58,30.75,1227.9,1822.9,735.5,4125.2
BG,D,2017,560.4,30.32,30.56,373.0,1878.6,815.4,4207.2
BG,D,2018,601.1,30.72,30.99,345.1,1595.7,817.2,3660.4
BG,D,2019,625.0,30.5,30.67,387.9,1466.7,1324.6,3674.3
BG,D,2020,652.7,30.35,30.78,470.2,1478.3,705.0,3698.0
BG,E,2012,200.8,38.66,39.24,40.6,344.0,48.4,706.6
BG,E,2013,207.2,38.81,39.35,63.7,382.0,96.2,747.9
BG,E,2014,233.7,37.04,37.66,219.0,412.8,93.1,823.2
BG,E,2015,223.1,37.32,37.75,779.1,456.1,135.8,841.8
BG,E,2016,233.5,37.27,37.75,-215.7,482.3,150.0,874.8
BG,E,2017,254.6,38.35,39.04,112.3,475.8,139.1,917.1
BG,E,2018,270.9,39.42,40.18,110.4,458.0,102.5,915.3
BG,E,2019,299.8,39.34,39.99,121.8,565.2,86.5,1098.1
BG,E,2020,323.0,38.92,39.6,65.5,570.4,113.3,1036.2
BG,F,2012,742.8,160.56,185.94,982.2,2142.4,1175.1,7866.3
BG,F,2013,768.7,152.31,179.35,990.5,1725.5,764.2,6458.7
BG,F,2014,842.4,148.27,177.9,933.5,1651.3,620.1,7742.5
BG,F,2015,906.0,150.47,182.38,1088.8,1726.5,616.6,9181.3
BG,F,2016,866.7,143.53,175.18,1507.7,1646.6,566.7,6345.9
BG,F,2017,981.3,141.85,175.44,1308.7,1866.0,676.7,7339.6
BG,F,2018,1082.7,149.3,184.54,1498.3,2030.2,720.5,8492.9
BG,F,2019,1227.6,157.74,192.83,1800.0,2294.7,785.4,9272.7
BG,F,2020,1299.8,154.37,190.33,1849.1,2571.0,996.9,11962.0
BG,G,2012,2062.8,403.83,524.28,593.3,4441.5,1834.8,8884.6
BG,G,2013,2183.2,397.59,522.61,589.6,4857.1,2147.4,9030.3
BG,G,2014,2249.8,401.07,524.64,633.0,4885.8,2110.3,9867.1
BG,G,2015,2510.9,402.26,521.66,494.9,5492.8,2349.5,10430.6
BG,G,2016,2741.6,409.85,523.34,771.7,5760.1,2386.9,10851.3
BG,G,2017,2987.7,407.97,529.18,812.0,6513.5,2916.8,11943.8
BG,G,2018,3349.5,409.51,539.63,1005.7,7398.5,3383.3,13262.8
BG,G,2019,3556.5,417.27,529.57,857.4,8139.1,3659.3,14445.7
BG,G,2020,3541.3,407.52,517.63,793.6,7851.0,3454.5,14140.6
BG,H,2012,1002.1,143.34,187.65,217.0,2132.2,638.3,6537.5
BG,H,2013,993.4,140.78,185.22,215.5,2153.6,742.3,6415.8
BG,H,2014,1268.3,139.1,185.58,465.4,2328.3,542.1,7393.1
BG,H,2015,1120.1,142.27,193.33,981.1,2389.6,820.5,7405.7
BG,H,2016,1283.0,147.5,206.17,947.3,2554.8,672.9,7625.5
BG,H,2017,1411.1,148.97,204.49,597.6,2495.0,425.9,8023.6
BG,H,2018,1488.8,152.72,209.88,714.3,2671.1,617.1,8779.2
BG,H,2019,1647.1,153.11,208.51,668.6,2957.8,645.4,9328.5
BG,H,2020,1622.6,150.3,200.86,1652.8,2724.8,370.7,8611.8
BG,I,2012,577.5,129.43,151.09,220.2,847.2,127.2,1708.2
BG,I,2013,617.5,123.97,145.74,218.4,877.0,106.3,1713.5
BG,I,2014,634.4,128.23,150.18,147.0,873.1,85.3,1770.5
BG,I,2015,661.5,129.03,150.43,235.0,946.1,97.9,1833.0
BG,I,2016,743.0,135.61,157.75,195.6,983.7,52.3,1995.7
BG,I,2017,816.3,134.24,155.71,340.4,1116.4,108.7,2233.9
BG,I,2018,897.8,132.43,151.77,355.5,1295.2,145.6,2520.8
BG,I,2019,977.6,135.86,155.92,300.5,1382.0,131.0,2677.8
BG,I,2020,701.5,103.48,121.39,232.6,903.6,93.6,1857.7
BG,J,2012,910.3,68.07,75.96,439.0,1857.3,430.3,3565.4
BG,J,2013,1132.9,69.43,77.59,441.4,2035.6,532.9,3701.1
BG,J,2014,1126.4,71.72,78.94,188.0,2064.8,396.2,3822.3
BG,J,2015,1416.1,77.82,84.96,-114.0,2092.0,260.2,4265.8
BG,J,2016,1652.0,83.13,90.2,297.0,2597.0,473.8,4708.0
BG,J,2017,1882.5,87.02,94.24,593.6,2759.9,341.0,4958.1
BG,J,2018,2177.7,91.57,99.54,590.1,3296.9,540.2,5765.3
BG,J,2019,2553.7,99.99,106.98,1033.3,4033.9,910.7,7005.9
BG,J,2020,2817.4,107.19,113.59,499.8,4508.6,1111.4,7480.3
BG,L,2012,199.0,24.71,27.34,685.4,4190.6,3403.5,5265.1
BG,L,2013,202.5,24.0,26.49,680.0,4124.6,3295.4,5166.8
BG,L,2014,205.6,23.95,26.82,259.9,3894.6,3106.7,5082.9
BG,L,2015,224.0,23.19,26.11,136.0,3857.4,2986.7,5115.8
BG,L,2016,243.4,23.21,26.45,225.1,3986.8,3060.4,5493.3
BG,L,2017,291.0,23.44,27.02,678.0,4515.4,3433.8,6184.7
BG,L,2018,298.0,22.52,26.47,805.4,5116.5,3998.0,6895.3
BG,L,2019,329.0,23.09,26.23,576.8,5494.3,4171.0,7096.7
BG,L,2020,280.2,22.85,25.93,625.1,5217.1,4083.1,6694.6
BG,M,2012,695.9,74.5,97.61,164.8,1419.6,609.4,3162.5
BG,M,2013,756.4,75.15,98.84,164.7,1348.4,480.4,2895.2
BG,M,2014,811.1,77.64,105.46,359.2,1294.1,382.8,2971.2
BG,M,2015,923.0,78.81,107.39,341.9,1623.2,562.3,3493.3
BG,M,2016,1003.7,82.72,111.93,282.4,1645.7,438.5,3428.2
BG,M,2017,1093.5,84.97,113.17,452.9,1693.7,471.3,3497.1
BG,M,2018,1221.3,84.97,113.31,442.0,1882.8,535.5,3889.0
BG,M,2019,1338.0,85.34,112.58,411.5,2301.7,798.5,4480.6
BG,M,2020,1387.0,85.13,115.73,426.8,2356.8,806.7,4412.3
BG,N,2012,431.8,127.54,132.03,157.7,736.2,177.9,1636.8
BG,N,2013,485.1,137.13,141.72,160.9,678.0,91.7,1485.4
BG,N,2014,550.0,123.13,127.6,220.6,800.3,146.4,1961.5
BG,N,2015,597.5,120.26,125.84,360.2,861.7,102.5,2049.9
BG,N,2016,678.4,126.29,132.1,222.5,980.4,77.7,2173.2
BG,N,2017,767.0,126.93,132.39,271.1,1049.0,63.7,2346.5
BG,N,2018,854.1,126.8,132.14,193.1,1267.0,176.4,2697.7
BG,N,2019,942.3,130.69,135.72,223.2,1445.5,213.6,3000.4
BG,N,2020,992.4,127.9,132.94,156.5,1384.4,135.8,2884.7
CZ,B,2012,803.8,35.44,35.54,581.2,1706.4,486.3,3522.4
CZ,B,2013,731.9,31.67,31.76,681.4,1296.2,141.5,2993.4
CZ,B,2014,724.4,33.64,33.73,475.1,1423.2,266.2,2691.0
CZ,B,2015,722.7,34.1,34.21,402.6,1376.4,236.0,2611.8
CZ,B,2016,667.6,30.95,31.07,347.5,1167.1,69.8,2332.0
CZ,B,2017,657.8,29.04,29.15,392.3,1245.9,139.0,2458.4
CZ,B,2018,650.2,27.22,27.35,478.3,1292.2,174.2,2588.0
CZ,B,2019,668.9,27.34,27.49,453.6,1172.5,-27.4,2497.0
CZ,B,2020,610.8,25.3,25.42,382.3,1005.9,-81.0,2206.7
CZ,C,2012,18217.1,1204.56,1315.07,8741.2,35558.1,9742.9,141455.6
CZ,C,2013,17736.5,1206.57,1317.88,8735.8,34921.1,9676.6,137917.0
CZ,C,2014,17562.9,1223.61,1336.74,9138.3,37314.0,12181.4,144179.7
CZ,C,2015,19026.4,1268.26,1381.12,10383.2,40472.9,13409.3,151763.4
CZ,C,2016,20543.3,1288.32,1401.36,10597.3,42567.0,13522.3,155262.6
CZ,C,2017,23111.3,1316.13,1428.17,10969.3,45608.9,13483.0,171730.5
CZ,C,2018,25701.2,1317.23,1427.74,11826.3,47624.6,12383.7,183341.5
CZ,C,2019,27164.0,1302.93,1414.52,12799.7,50760.1,13486.6,185933.8
CZ,C,2020,25456.2,1243.79,1350.13,10271.2,45817.6,10435.5,166983.4
CZ,D,2012,885.3,31.7,32.71,2458.6,5822.9,2636.2,16984.6
CZ,D,2013,910.0,33.71,34.87,2363.9,5949.1,3000.4,16490.2
CZ,D,2014,808.1,31.07,31.45,2112.5,4955.2,2113.2,13451.8
CZ,D,2015,821.7,31.88,32.93,1884.6,5126.2,2194.1,13820.0
CZ,D,2016,860.1,31.67,34.26,1669.1,5128.0,2079.4,13662.5
CZ,D,2017,959.1,32.23,34.95,1545.8,5315.8,2087.1,14182.2
CZ,D,2018,1124.0,34.17,37.37,1404.5,5322.9,1788.1,14768.3
CZ,D,2019,1241.3,35.96,39.11,2014.7,5531.6,1431.4,14935.3
CZ,D,2020,1244.4,36.63,39.93,1975.1,5514.5,1326.6,12864.1
CZ,E,2012,875.5,56.62,59.41,581.1,1694.8,256.0,4664.3
CZ,E,2013,825.6,54.96,57.63,549.6,1578.9,199.0,4376.4
CZ,E,2014,820.3,57.71,60.28,481.0,1569.6,206.7,4268.2
CZ,E,2015,841.2,57.61,60.01,493.3,1597.6,214.9,4260.9
CZ,E,2016,884.6,58.06,60.46,467.6,1643.7,196.2,4259.5
CZ,E,2017,979.8,58.87,61.19,501.1,1795.7,225.5,4735.4
CZ,E,2018,1073.7,59.55,62.18,718.0,1967.7,262.7,5165.8
CZ,E,2019,1124.1,58.91,61.44,658.8,1948.8,165.1,5280.9
CZ,E,2020,1133.2,58.52,61.35,542.4,1985.0,185.7,5259.0
CZ,F,2012,4064.9,281.47,431.0,1188.6,8622.9,3383.7,29206.4
CZ,F,2013,3726.5,276.11,422.41,1006.2,8207.0,3307.8,27131.9
CZ,F,2014,3464.2,267.02,403.72,1179.1,8040.9,3409.7,26446.9
CZ,F,2015,3618.3,267.94,397.35,1276.4,8579.2,3751.5,28633.5
CZ,F,2016,3712.4,258.55,392.95,1303.2,8659.1,3690.5,27589.3
CZ,F,2017,4029.3,255.26,391.85,1270.6,9451.5,4103.9,30357.0
CZ,F,2018,4477.5,255.38,393.24,1400.4,10502.2,4641.7,34761.2
CZ,F,2019,4833.3,260.86,394.24,1993.0,11284.0,4973.4,37018.9
CZ,F,2020,4837.7,257.03,386.4,1818.3,11049.4,4701.3,36076.7
CZ,G,2012,8477.1,565.0,712.89,2388.7,15414.8,4657.4,32652.7
CZ,G,2013,8308.4,577.22,710.9,2121.3,14779.0,4054.3,31903.7
CZ,G,2014,8078.8,584.49,710.24,1991.9,14891.2,4499.2,31867.3
CZ,G,2015,8558.7,590.44,715.55,2007.1,16550.8,5657.1,33650.0
CZ,G,2016,9020.9,585.09,704.47,2695.2,17105.4,5665.9,34771.4
CZ,G,2017,9984.6,586.03,699.47,2980.9,19383.0,6860.1,39311.6
CZ,G,2018,11201.2,593.42,702.52,3233.0,20833.3,6929.8,41112.1
CZ,G,2019,12006.0,586.99,693.86,3432.5,22037.1,7168.2,43055.0
CZ,G,2020,11845.4,582.36,689.38,2984.8,21306.5,6720.5,41731.1
CZ,H,2012,4230.8,279.47,310.82,3045.5,8484.1,999.6,22632.6
CZ,H,2013,4078.8,281.77,311.42,2913.0,8176.9,988.2,21744.1
CZ,H,2014,3951.8,283.03,313.76,2916.0,8050.4,1254.0,21693.7
CZ,H,2015,4227.7,294.91,321.29,3660.3,8605.7,1401.6,23224.1
CZ,H,2016,4533.4,297.68,325.01,3662.6,9133.9,1434.4,24029.3
CZ,H,2017,5140.6,304.48,332.51,3041.9,10047.7,1593.5,25834.5
CZ,H,2018,5728.2,310.22,337.96,3470.8,10676.1,1584.7,28153.0
CZ,H,2019,6120.8,312.06,337.32,4413.7,11180.3,1605.5,29115.7
CZ,H,2020,5894.5,302.37,327.75,4592.7,10503.7,1048.2,26347.2
CZ,I,2012,1393.7,145.04,188.5,387.1,2871.0,1108.9,6225.7
CZ,I,2013,1342.6,143.55,186.83,371.4,2793.4,1107.2,6020.0
CZ,I,2014,1319.0,136.02,178.29,302.7,2674.2,1019.8,5685.4
CZ,I,2015,1424.0,142.89,181.18,321.7,2812.5,1033.5,6185.2
CZ,I,2016,1556.6,146.94,186.03,399.4,3094.2,1164.9,6697.9
CZ,I,2017,1788.1,154.29,192.3,465.4,3588.5,1400.1,7872.2
CZ,I,2018,2045.5,156.1,193.85,488.9,3839.4,1364.8,8512.1
CZ,I,2019,2258.7,155.55,192.98,597.7,4138.2,1419.0,9133.6
CZ,I,2020,1782.0,138.55,174.09,349.3,2427.3,387.3,5839.0
CZ,J,2012,3135.2,111.85,127.37,1770.7,7220.5,2096.3,14176.0
CZ,J,2013,3126.8,113.89,129.51,1976.8,6972.8,1802.9,13686.6
CZ,J,2014,3119.1,117.17,134.23,1909.1,6943.7,1820.1,13243.4
CZ,J,2015,3306.2,119.53,137.14,2364.1,7550.5,2147.5,14752.3
CZ,J,2016,3625.3,124.81,142.89,2347.3,8111.4,2285.7,15929.1
CZ,J,2017,4157.4,130.13,149.41,2677.4,9216.1,2665.6,17766.6
CZ,J,2018,4746.8,135.56,156.18,3322.2,10599.4,3187.4,20007.5
CZ,J,2019,5217.4,141.32,162.04,3998.9,12571.8,4296.3,22246.8
CZ,J,2020,5290.2,143.8,165.9,4330.3,13030.2,4359.1,22771.1
CZ,L,2012,839.6,62.36,89.28,9354.6,14735.0,8483.0,27909.9
CZ,L,2013,859.0,66.46,90.31,9231.9,14406.2,8321.8,26992.3
CZ,L,2014,819.4,64.81,90.84,8850.3,14358.1,8350.8,26169.2
CZ,L,2015,845.4,63.52,90.31,9076.9,15161.2,8680.3,27389.8
CZ,L,2016,881.7,62.87,91.21,9963.0,16335.5,9345.4,29344.2
CZ,L,2017,964.7,61.14,90.03,11055.8,18166.4,10218.7,32715.5
CZ,L,2018,1073.7,60.67,89.68,12779.2,21279.1,12317.3,37298.4
CZ,L,2019,1159.1,61.09,91.15,13514.9,23485.4,13635.4,40569.0
CZ,L,2020,1163.3,59.42,90.28,14472.3,24752.3,14011.2,42479.9
CZ,M,2012,3757.2,186.2,275.05,1752.9,7390.7,2279.3,18444.6
CZ,M,2013,3654.0,188.88,278.49,1570.3,7320.3,2262.7,17948.6
CZ,M,2014,3603.8,195.53,287.36,1437.1,7154.6,2203.8,17704.1
CZ,M,2015,3863.3,201.79,293.77,1775.6,7543.5,2289.9,18377.1
CZ,M,2016,4184.5,207.67,305.55,1785.7,8258.0,2594.0,19281.8
CZ,M,2017,4719.1,212.43,313.83,1815.0,9074.9,2800.1,20814.2
CZ,M,2018,5344.1,219.62,321.31,1870.9,9874.7,2908.1,22955.3
CZ,M,2019,5634.3,215.11,318.54,2241.5,10707.9,3354.7,23602.2
CZ,M,2020,5484.3,208.44,307.15,2078.8,10356.3,3149.3,22303.8
CZ,N,2012,1538.1,128.21,141.55,751.9,2589.5,511.1,6899.8
CZ,N,2013,1538.4,134.44,147.35,606.4,2656.9,571.6,7146.3
CZ,N,2014,1469.2,135.64,148.5,515.8,2586.3,592.7,6873.8
CZ,N,2015,1575.0,138.91,153.36,735.5,2621.6,531.5,7277.7
CZ,N,2016,1704.7,137.38,151.74,804.5,2838.1,578.3,8079.6
CZ,N,2017,1931.7,139.64,153.84,1066.7,3266.8,670.8,9700.1
CZ,N,2018,2128.7,138.7,153.43,1144.7,3656.4,849.1,11116.9
CZ,N,2019,2349.0,139.96,154.82,1063.0,4006.7,881.1,12122.8
CZ,N,2020,2207.6,132.49,148.71,862.2,3430.0,566.2,8638.6
DE,B,2012,3844.0,65.0,67.0,1242.0,5815.0,1710.0,12669.0
DE,B,2013,3921.0,61.0,63.0,1236.0,5160.0,1120.0,11913.0
DE,B,2014,3759.0,59.0,61.0,1498.0,4945.0,1179.0,11999.0
DE,B,2015,3795.0,57.0,59.0,1184.0,4654.0,807.0,11750.0
DE,B,2016,3361.0,53.0,55.0,1166.0,4101.0,630.0,10698.0
DE,B,2017,3682.0,51.0,53.0,1067.0,4331.0,309.0,10969.0
DE,B,2018,3102.0,46.0,48.0,1035.0,4391.0,1023.0,10696.0
DE,B,2019,3044.0,44.0,46.0,1213.0,4619.0,1252.0,10184.0
DE,B,2020,3095.0,41.0,43.0,912.0,4416.0,2031.0,10321.0
DE,C,2012,356201.0,7137.0,7413.0,105453.0,561170.0,104343.0,1766060.0
DE,C,2013,370165.0,7166.0,7438.0,104293.0,566390.0,93800.0,1751659.0
DE,C,2014,384349.0,7216.0,7481.0,109702.0,599831.0,110602.0,1789760.0
DE,C,2015,396140.0,7249.0,7512.0,114364.0,621546.0,118506.0,1808573.0
DE,C,2016,406928.0,7272.0,7534.0,121920.0,652210.0,135388.0,1829134.0
DE,C,2017,420567.0,7345.0,7603.0,129789.0,669728.0,135623.0,1929027.0
DE,C,2018,440610.0,7476.0,7731.0,138897.0,680255.0,121462.0,1981875.0
DE,C,2019,455041.0,7529.0,7773.0,143903.0,683172.0,105186.0,1968918.0
DE,C,2020,434195.0,7341.0,7586.0,128611.0,640044.0,80885.0,1823290.0
DE,D,2012,17689.0,253.0,253.0,12431.0,45446.0,31706.0,134966.0
DE,D,2013,18167.0,257.0,257.0,11902.0,36189.0,24207.0,124550.0
DE,D,2014,17389.0,256.0,256.0,14257.0,30545.0,21993.0,115038.0
DE,D,2015,18367.0,251.0,251.0,14954.0,29180.0,20793.0,116550.0
DE,D,2016,18753.0,251.0,251.0,14174.0,29276.0,21080.0,118737.0
DE,D,2017,19020.0,255.0,255.0,14864.0,33295.0,25919.0,126944.0
DE,D,2018,20502.0,259.0,259.0,15900.0,33640.0,23691.0,130717.0
DE,D,2019,21429.0,262.0,262.0,19180.0,38546.0,30463.0,134829.0
DE,D,2020,22279.0,268.0,268.0,20989.0,37943.0,31618.0,136810.0
DE,E,2012,10537.0,248.0,257.0,9193.0,26143.0,2508.0,56262.0
DE,E,2013,10883.0,253.0,262.0,9047.0,26205.0,2266.0,56459.0
DE,E,2014,11287.0,257.0,266.0,10014.0,28004.0,3506.0,61900.0
DE,E,2015,11410.0,256.0,265.0,9425.0,29235.0,4664.0,62712.0
DE,E,2016,11865.0,258.0,267.0,9476.0,29915.0,4727.0,64485.0
DE,E,2017,12427.0,264.0,273.0,10028.0,31099.0,4953.0,68922.0
DE,E,2018,13469.0,276.0,285.0,11512.0,32524.0,4447.0,73012.0
DE,E,2019,14342.0,284.0,293.0,11757.0,33880.0,4324.0,75364.0
DE,E,2020,14778.0,284.0,293.0,12339.0,34484.0,4113.0,77223.0
DE,F,2012,67727.0,1895.0,2403.0,5764.0,104483.0,31676.0,257099.0
DE,F,2013,67719.0,1904.0,2417.0,5481.0,107802.0,34923.0,266909.0
DE,F,2014,69929.0,1920.0,2430.0,6211.0,111755.0,36494.0,274038.0
DE,F,2015,71872.0,1928.0,2428.0,6253.0,113958.0,36631.0,277947.0
DE,F,2016,74141.0,1959.0,2449.0,7232.0,120751.0,40968.0,288371.0
DE,F,2017,77585.0,1996.0,2483.0,7487.0,127361.0,43779.0,306278.0
DE,F,2018,82069.0,2042.0,2526.0,8642.0,137085.0,48649.0,335402.0
DE,F,2019,86811.0,2081.0,2559.0,9144.0,143453.0,49767.0,355763.0
DE,F,2020,90760.0,2125.0,2593.0,9295.0,154908.0,58679.0,387436.0
DE,G,2012,161584.0,5238.0,5893.0,21129.0,238022.0,55775.0,432323.0
DE,G,2013,165354.0,5245.0,5875.0,19937.0,241328.0,54742.0,437889.0
DE,G,2014,171018.0,5255.0,5876.0,20724.0,260827.0,68016.0,466506.0
DE,G,2015,175853.0,5253.0,5860.0,22711.0,272433.0,74046.0,479700.0
DE,G,2016,183237.0,5301.0,5901.0,24183.0,286175.0,79793.0,501351.0
DE,G,2017,190450.0,5356.0,5927.0,24901.0,308618.0,93996.0,542245.0
DE,G,2018,198998.0,5416.0,5976.0,25223.0,315489.0,91254.0,572221.0
DE,G,2019,207448.0,5437.0,5985.0,27513.0,325632.0,91833.0,590152.0
DE,G,2020,203429.0,5400.0,5921.0,23983.0,340306.0,113808.0,617771.0
DE,H,2012,68900.0,1932.0,2064.0,29612.0,112982.0,17674.0,312447.0
DE,H,2013,70663.0,1966.0,2096.0,30353.0,119808.0,22496.0,317409.0
DE,H,2014,73633.0,1998.0,2126.0,32381.0,120657.0,19467.0,328769.0
DE,H,2015,77123.0,2047.0,2173.0,33268.0,127736.0,21453.0,344004.0
DE,H,2016,81945.0,2091.0,2216.0,35932.0,126955.0,15244.0,337231.0
DE,H,2017,84277.0,2145.0,2268.0,36638.0,132995.0,17235.0,351783.0
DE,H,2018,89632.0,2218.0,2336.0,39511.0,139066.0,15527.0,371695.0
DE,H,2019,94127.0,2255.0,2372.0,43239.0,143585.0,13684.0,385411.0
DE,H,2020,93463.0,2262.0,2374.0,43091.0,129362.0,5353.0,357128.0
DE,I,2012,25436.0,1455.0,1734.0,3804.0,39465.0,10773.0,80788.0
DE,I,2013,26512.0,1491.0,1763.0,3456.0,38946.0,9060.0,82818.0
DE,I,2014,27769.0,1518.0,1782.0,3695.0,41773.0,10533.0,86828.0
DE,I,2015,29803.0,1551.0,1807.0,3829.0,44904.0,11543.0,90480.0
DE,I,2016,31729.0,1585.0,1832.0,4132.0,47728.0,12290.0,94928.0
DE,I,2017,33349.0,1613.0,1851.0,4211.0,50642.0,13442.0,99760.0
DE,I,2018,34864.0,1637.0,1869.0,4440.0,53748.0,14837.0,105795.0
DE,I,2019,36700.0,1663.0,1890.0,4532.0,57474.0,16525.0,112863.0
DE,I,2020,29610.0,1521.0,1742.0,3051.0,31055.0,4763.0,68027.0
DE,J,2012,61986.0,1046.0,1191.0,19994.0,115347.0,30454.0,231254.0
DE,J,2013,63191.0,1070.0,1217.0,21963.0,120799.0,34299.0,240714.0
DE,J,2014,67223.0,1086.0,1234.0,22277.0,125351.0,34318.0,249582.0
DE,J,2015,70159.0,1075.0,1222.0,25456.0,128303.0,33526.0,254889.0
DE,J,2016,73631.0,1106.0,1252.0,26765.0,129795.0,30612.0,264458.0
DE,J,2017,77367.0,1140.0,1287.0,25999.0,137068.0,33387.0,277861.0
DE,J,2018,82630.0,1186.0,1330.0,27962.0,148410.0,38550.0,298636.0
DE,J,2019,89619.0,1240.0,1380.0,34473.0,155600.0,37207.0,311374.0
DE,J,2020,90862.0,1268.0,1404.0,30321.0,155643.0,35273.0,310531.0
DE,L,2012,13431.0,396.0,464.0,180379.0,278048.0,127288.0,372253.0
DE,L,2013,13454.0,400.0,465.0,184028.0,290704.0,132040.0,382727.0
DE,L,2014,14205.0,407.0,468.0,189795.0,299111.0,132998.0,393362.0
DE,L,2015,14892.0,411.0,468.0,190444.0,312125.0,139486.0,403633.0
DE,L,2016,15905.0,413.0,467.0,201614.0,321214.0,140999.0,418327.0
DE,L,2017,16746.0,418.0,472.0,212148.0,330685.0,141138.0,430490.0
DE,L,2018,17734.0,422.0,475.0,227855.0,338508.0,137715.0,450795.0
DE,L,2019,18789.0,428.0,479.0,231246.0,348936.0,136270.0,463317.0
DE,L,2020,19138.0,427.0,478.0,248189.0,357400.0,137527.0,478635.0
DE,M,2012,97154.0,1930.0,2561.0,15619.0,156382.0,44678.0,286186.0
DE,M,2013,99068.0,1992.0,2634.0,16245.0,165270.0,51410.0,285429.0
DE,M,2014,105898.0,2041.0,2687.0,18626.0,167917.0,46539.0,306678.0
DE,M,2015,114897.0,2097.0,2734.0,19352.0,177754.0,46930.0,327893.0
DE,M,2016,116732.0,2149.0,2777.0,21450.0,188636.0,55071.0,349067.0
DE,M,2017,130399.0,2211.0,2836.0,22242.0,205041.0,57138.0,370408.0
DE,M,2018,138773.0,2286.0,2901.0,22481.0,214654.0,57236.0,390617.0
DE,M,2019,145151.0,2349.0,2945.0,25908.0,212244.0,47796.0,409296.0
DE,M,2020,148220.0,2372.0,2935.0,25520.0,215258.0,48946.0,407021.0
DE,N,2012,60749.0,2705.0,2950.0,43454.0,111997.0,7430.0,197540.0
DE,N,2013,62749.0,2707.0,2954.0,43090.0,121031.0,14077.0,206295.0
DE,N,2014,66597.0,2760.0,3009.0,47278.0,132100.0,20720.0,219529.0
DE,N,2015,71562.0,2842.0,3092.0,49645.0,135987.0,18534.0,229129.0
DE,N,2016,77461.0,2948.0,3197.0,49733.0,141610.0,17297.0,241842.0
DE,N,2017,83887.0,3053.0,3304.0,51638.0,145506.0,13573.0,250635.0
DE,N,2018,88701.0,3064.0,3314.0,53543.0,155061.0,16833.0,269128.0
DE,N,2019,91576.0,3009.0,3255.0,47507.0,155864.0,13371.0,280184.0
DE,N,2020,87279.0,2881.0,3117.0,35395.0,144243.0,8961.0,243267.0
EE,B,2012,102.0,5.07,5.11,78.0,203.5,59.0,406.1
EE,B,2013,106.5,4.46,4.54,69.7,255.2,103.6,452.5
EE,B,2014,104.8,3.86,3.95,66.1,270.6,118.1,469.2
EE,B,2015,103.6,3.41,3.5,39.7,247.9,94.2,432.4
EE,B,2016,94.5,3.44,3.5,49.5,204.2,58.6,384.2
EE,B,2017,107.2,4.09,4.13,50.8,255.7,95.9,474.2
EE,B,2018,105.9,4.53,4.57,66.7,244.6,84.2,469.0
EE,B,2019,104.1,4.41,4.46,56.5,220.5,63.4,420.2
EE,B,2020,74.2,3.92,3.99,44.5,166.7,41.7,359.2
EE,C,2012,1462.5,110.27,114.68,586.8,2509.9,674.8,10065.3
EE,C,2013,1569.7,107.9,112.67,598.3,2597.4,623.2,10647.6
EE,C,2014,1712.5,109.14,114.42,682.2,2843.3,700.3,11216.0
EE,C,2015,1815.4,110.19,116.01,608.0,2869.0,591.3,11081.4
EE,C,2016,1900.5,113.74,119.83,615.9,3020.0,640.6,11405.2
EE,C,2017,2058.3,114.32,121.01,663.9,3244.0,686.6,12146.0
EE,C,2018,2213.9,114.54,121.25,746.8,3493.5,745.3,12974.3
EE,C,2019,2385.0,114.18,121.03,749.5,3667.3,676.9,13460.1
EE,C,2020,2354.8,112.53,119.03,635.1,3508.0,590.1,12841.8
EE,D,2012,119.9,8.03,8.08,651.0,448.2,221.6,1353.5
EE,D,2013,125.0,8.0,8.09,562.5,580.3,314.4,1516.6
EE,D,2014,125.4,7.43,7.54,408.6,573.1,267.7,1470.9
EE,D,2015,123.2,7.16,7.24,361.9,497.3,202.0,1273.3
EE,D,2016,124.0,6.93,6.99,280.2,544.1,237.6,1283.8
EE,D,2017,143.3,6.49,6.54,251.8,580.8,243.1,1390.0
EE,D,2018,155.3,6.33,6.4,389.8,675.7,287.4,1546.1
EE,D,2019,162.5,5.18,5.24,381.1,572.9,110.0,1400.2
EE,D,2020,153.6,4.95,4.97,357.7,537.1,106.5,1271.0
EE,E,2012,52.9,3.19,3.22,179.4,139.1,29.9,389.1
EE,E,2013,53.6,3.02,3.05,216.0,132.6,14.9,394.3
EE,E,2014,56.6,2.96,2.99,90.8,143.3,17.5,428.9
EE,E,2015,57.2,2.94,3.01,101.7,144.1,14.2,404.2
EE,E,2016,61.9,2.91,3.04,58.7,157.5,20.8,423.8
EE,E,2017,67.8,3.12,3.3,68.9,176.5,27.3,479.7
EE,E,2018,71.6,3.08,3.22,81.5,181.6,20.5,505.4
EE,E,2019,77.3,3.34,3.52,100.3,199.6,29.3,598.3
EE,E,2020,84.4,3.63,3.82,101.7,178.6,3.2,654.6
EE,F,2012,683.5,38.86,46.73,115.7,1154.4,361.7,3053.0
EE,F,2013,701.3,39.67,47.44,120.1,1163.6,347.1,3112.4
EE,F,2014,696.8,41.29,49.04,116.8,1079.1,263.1,3043.9
EE,F,2015,742.7,40.32,48.5,110.2,1098.5,233.3,3024.3
EE,F,2016,791.8,39.27,48.15,110.5,1229.5,315.5,3224.5
EE,F,2017,883.9,37.63,47.38,146.1,1379.7,367.8,3806.7
EE,F,2018,1003.7,38.89,48.99,145.1,1561.8,423.7,4327.0
EE,F,2019,1083.4,39.98,50.55,186.4,1692.7,461.7,4618.2
EE,F,2020,1089.5,39.44,50.36,234.5,1675.1,449.5,4520.5
EE,G,2012,1033.7,71.19,79.57,264.5,1942.7,692.3,3689.0
EE,G,2013,1111.8,70.66,79.7,277.7,2022.2,678.2,3865.6
EE,G,2014,1209.8,71.52,81.58,303.2,2189.0,735.3,4148.7
EE,G,2015,1300.0,72.48,82.6,293.3,2143.1,585.2,4098.8
EE,G,2016,1409.3,74.33,84.76,328.3,2397.2,725.5,4535.7
EE,G,2017,1526.6,75.65,85.52,350.0,2655.2,847.0,4886.8
EE,G,2018,1709.4,76.27,86.26,376.9,2985.3,976.0,5579.1
EE,G,2019,1838.9,75.92,84.96,454.2,3186.7,1020.6,6075.7
EE,G,2020,1780.6,74.86,83.56,423.3,3130.2,1055.8,5981.2
EE,H,2012,647.9,40.42,45.12,495.2,1437.2,498.6,4337.1
EE,H,2013,692.0,41.27,45.69,569.2,1517.9,501.5,4568.6
EE,H,2014,741.6,40.14,44.13,447.0,1593.5,530.0,4432.2
EE,H,2015,769.5,41.29,45.63,394.9,1563.5,451.0,4483.0
EE,H,2016,791.1,41.78,46.58,450.0,1480.5,349.6,4476.0
EE,H,2017,831.9,43.05,48.28,598.2,1571.8,359.2,4990.6
EE,H,2018,875.4,43.1,48.59,549.5,1625.2,336.6,5282.3
EE,H,2019,928.9,41.0,46.01,656.8,1715.7,339.6,5501.1
EE,H,2020,905.3,39.92,44.7,517.9,1555.5,212.1,4717.7
EE,I,2012,187.5,17.87,19.45,39.2,269.0,46.6,691.5
EE,I,2013,207.4,20.22,22.0,65.0,306.5,61.3,758.9
EE,I,2014,232.6,22.97,24.54,54.2,329.7,56.5,808.6
EE,I,2015,256.4,24.37,25.74,64.9,338.6,38.0,832.8
EE,I,2016,282.5,24.22,25.55,64.7,371.4,42.7,913.7
EE,I,2017,314.7,24.94,26.41,61.0,414.4,49.6,1009.6
EE,I,2018,335.3,25.71,27.4,64.4,445.1,57.2,1076.2
EE,I,2019,365.9,25.66,27.31,76.0,489.1,67.5,1151.2
EE,I,2020,296.5,23.15,24.86,56.9,298.8,1.6,770.4
EE,J,2012,400.4,15.7,18.19,230.8,804.6,244.8,1564.3
EE,J,2013,433.6,17.2,19.94,210.3,849.0,243.7,1615.5
EE,J,2014,478.3,19.91,22.6,235.3,906.0,242.2,1693.9
EE,J,2015,534.7,22.41,25.29,248.8,978.2,232.5,1772.6
EE,J,2016,596.2,24.88,28.3,281.0,1056.3,237.2,1930.4
EE,J,2017,690.0,25.67,29.45,282.1,1189.1,262.5,2179.3
EE,J,2018,821.4,27.21,30.97,338.3,1402.4,331.0,2565.5
EE,J,2019,960.9,26.06,29.78,420.6,1624.6,366.2,3065.8
EE,J,2020,1113.3,26.93,30.84,469.9,1818.3,374.5,3447.0
EE,L,2012,118.8,9.8,10.98,620.6,1632.7,985.1,2323.5
EE,L,2013,126.2,10.13,11.17,865.3,1844.7,1152.0,2542.7
EE,L,2014,138.4,9.59,11.03,1168.8,1975.0,1251.2,2724.5
EE,L,2015,150.3,9.24,11.08,1255.7,2202.9,1442.2,3001.9
EE,L,2016,166.1,8.56,10.69,1498.1,2374.1,1584.1,3243.5
EE,L,2017,177.6,8.5,10.52,1825.7,2637.0,1783.2,3574.8
EE,L,2018,187.4,8.52,10.5,1990.4,2757.2,1821.0,3773.2
EE,L,2019,199.5,8.74,10.42,2238.7,2972.7,1948.4,4195.2
EE,L,2020,211.1,9.02,10.96,2095.9,2892.2,1855.3,4122.0
EE,M,2012,443.9,17.31,24.03,257.6,765.4,186.7,1374.8
EE,M,2013,474.3,17.88,25.0,227.8,831.4,203.8,1534.7
EE,M,2014,507.6,18.86,25.71,250.0,886.2,211.6,1644.5
EE,M,2015,511.4,19.07,25.28,222.4,901.8,202.4,1692.8
EE,M,2016,537.7,19.98,26.21,216.2,950.0,215.7,1785.5
EE,M,2017,587.7,20.28,27.98,260.3,1061.2,261.4,2039.2
EE,M,2018,647.8,21.14,30.24,324.1,1202.3,326.4,2240.7
EE,M,2019,712.1,20.96,30.24,334.2,1310.4,350.3,2433.5
EE,M,2020,783.7,21.84,30.96,1559.7,1417.8,387.2,2928.6
EE,N,2012,323.2,18.27,19.48,230.9,588.9,168.5,1073.7
EE,N,2013,340.3,18.2,19.84,141.2,603.9,148.7,1097.2
EE,N,2014,372.8,17.52,19.16,116.9,612.1,154.4,1124.1
EE,N,2015,385.8,17.49,18.75,108.4,637.9,161.9,1173.3
EE,N,2016,414.6,18.99,20.39,186.3,685.5,172.0,1261.5
EE,N,2017,458.4,20.99,22.55,104.9,799.7,232.5,1443.1
EE,N,2018,499.8,21.4,23.56,243.6,896.6,276.4,1606.9
EE,N,2019,551.6,21.53,23.59,201.3,964.9,274.9,1739.7
EE,N,2020,535.1,19.7,22.08,185.9,848.5,210.6,1548.0
ES,B,2012,996.0,25.0,25.8,820.0,2306.0,704.0,5176.0
ES,B,2013,890.0,22.0,22.8,652.0,1845.0,356.0,4179.0
ES,B,2014,862.0,21.0,21.9,1003.0,1636.0,162.0,3860.0
ES,B,2015,824.0,20.5,21.5,890.0,1496.0,7.0,3742.0
ES,B,2016,816.0,19.0,20.1,877.0,1486.0,-11.0,3694.0
ES,B,2017,809.0,18.8,19.6,757.0,2214.0,693.0,4496.0
ES,B,2018,825.0,19.6,20.3,925.0,2768.0,1226.0,5379.0
ES,B,2019,841.0,19.1,19.6,1189.0,3160.0,1594.0,5963.0
ES,B,2020,849.0,19.3,19.7,613.0,2492.0,926.0,5175.0
ES,C,2012,66525.0,1894.2,1991.8,18034.0,112007.0,26306.0,469072.0
ES,C,2013,63817.0,1796.0,1891.5,17988.0,111450.0,28194.0,455814.0
ES,C,2014,63098.0,1777.7,1874.4,17557.0,114259.0,31381.0,461510.0
ES,C,2015,64208.0,1827.9,1925.9,24004.0,119732.0,35822.0,469315.0
ES,C,2016,66493.0,1894.9,1997.8,28549.0,122996.0,36302.0,464817.0
ES,C,2017,69548.0,1951.8,2053.7,29827.0,130043.0,38517.0,503280.0
ES,C,2018,71865.0,1997.7,2098.4,35611.0,130788.0,36059.0,528165.0
ES,C,2019,74301.0,2059.9,2156.1,38142.0,134106.0,35323.0,533626.0
ES,C,2020,72561.0,1968.6,2067.0,35557.0,122556.0,25304.0,475873.0
ES,D,2012,3080.0,43.7,44.3,18807.0,26165.0,15437.0,72556.0
ES,D,2013,2979.0,41.9,42.6,19990.0,25580.0,14404.0,75695.0
ES,D,2014,2976.0,40.3,41.1,16217.0,24465.0,12545.0,75487.0
ES,D,2015,2715.0,38.2,39.1,13760.0,25447.0,13385.0,68816.0
ES,D,2016,2642.0,37.4,38.5,13109.0,24621.0,12315.0,58733.0
ES,D,2017,2915.0,38.9,40.4,11021.0,24610.0,11667.0,60860.0
ES,D,2018,2850.0,38.0,39.5,9696.0,26595.0,13438.0,64592.0
ES,D,2019,2902.0,38.3,39.8,10651.0,27005.0,13966.0,64603.0
ES,D,2020,2746.0,38.2,41.2,8801.0,25900.0,12881.0,56785.0
ES,E,2012,5947.0,172.3,174.1,2961.0,10588.0,1967.0,25796.0
ES,E,2013,5974.0,172.7,174.3,2622.0,11009.0,2376.0,25796.0
ES,E,2014,5987.0,172.6,174.5,2197.0,10685.0,1965.0,25668.0
ES,E,2015,6496.0,179.2,181.2,2947.0,10987.0,1750.0,26483.0
ES,E,2016,6686.0,187.9,190.0,2841.0,11430.0,1904.0,27368.0
ES,E,2017,6909.0,185.4,187.7,2996.0,11790.0,1731.0,28615.0
ES,E,2018,7207.0,188.9,191.1,3137.0,11991.0,1587.0,29785.0
ES,E,2019,7621.0,198.2,200.5,2890.0,12420.0,1472.0,31399.0
ES,E,2020,7115.0,198.5,201.5,3119.0,12543.0,2231.0,31526.0
ES,F,2012,28991.0,967.6,1191.4,4652.0,64407.0,22502.0,133972.0
ES,F,2013,24815.0,836.8,1051.8,5916.0,55533.0,17881.0,119053.0
ES,F,2014,24129.0,810.1,1028.9,10288.0,55390.0,18476.0,121644.0
ES,F,2015,26401.0,865.5,1101.7,8153.0,58924.0,19583.0,126605.0
ES,F,2016,26947.0,884.7,1119.8,15521.0,61744.0,21930.0,128532.0
ES,F,2017,28389.0,930.1,1166.1,14001.0,64233.0,22474.0,140043.0
ES,F,2018,31410.0,1003.0,1244.1,12674.0,67144.0,21932.0,152446.0
ES,F,2019,35858.0,1096.7,1353.2,15622.0,73774.0,23717.0,169139.0
ES,F,2020,35661.0,1041.2,1287.3,10289.0,63700.0,14120.0,153540.0
ES,G,2012,66577.0,2498.7,3347.9,16512.0,120807.0,42595.0,204673.0
ES,G,2013,64327.0,2406.5,3263.3,17169.0,120581.0,43985.0,203897.0
ES,G,2014,65066.0,2424.2,3268.7,15640.0,120318.0,42434.0,207064.0
ES,G,2015,67991.0,2510.4,3359.8,14847.0,126859.0,45881.0,215742.0
ES,G,2016,69045.0,2544.5,3397.7,14683.0,134228.0,51712.0,228948.0
ES,G,2017,71676.0,2596.0,3426.4,18461.0,139334.0,54599.0,237231.0
ES,G,2018,73973.0,2575.8,3389.5,17565.0,144466.0,56327.0,246100.0
ES,G,2019,80076.0,2678.9,3499.1,17449.0,147392.0,52633.0,254778.0
ES,G,2020,78457.0,2618.5,3391.3,15419.0,135607.0,43025.0,242229.0
ES,H,2012,23062.0,671.6,855.6,15521.0,43212.0,6010.0,106311.0
ES,H,2013,21137.0,625.3,806.9,11905.0,42149.0,6804.0,102236.0
ES,H,2014,21395.0,635.1,808.7,12491.0,44350.0,8654.0,107531.0
ES,H,2015,22247.0,656.3,824.3,18675.0,47420.0,10706.0,111829.0
ES,H,2016,22879.0,678.6,849.0,15507.0,46864.0,9220.0,112379.0
ES,H,2017,24453.0,702.1,875.8,16942.0,48402.0,8712.0,116060.0
ES,H,2018,25468.0,715.6,887.0,17478.0,49836.0,8606.0,120790.0
ES,H,2019,27348.0,749.9,916.6,17268.0,51954.0,8856.0,127698.0
ES,H,2020,27289.0,702.4,863.1,12361.0,40170.0,-2963.0,106445.0
ES,I,2012,28804.0,1022.2,1273.1,3205.0,59425.0,27253.0,103792.0
ES,I,2013,27713.0,1006.6,1257.5,3109.0,56585.0,25558.0,99749.0
ES,I,2014,28721.0,1050.9,1322.0,3014.0,57793.0,25681.0,101866.0
ES,I,2015,31428.0,1138.5,1413.3,3373.0,61440.0,26539.0,107377.0
ES,I,2016,32522.0,1189.4,1452.4,4052.0,65186.0,29063.0,113841.0
ES,I,2017,35492.0,1285.1,1521.4,4526.0,69747.0,30462.0,122153.0
ES,I,2018,37825.0,1360.8,1592.7,4817.0,71915.0,30117.0,126118.0
ES,I,2019,37231.0,1444.0,1662.1,4991.0,74970.0,33710.0,132523.0
ES,I,2020,20219.0,1032.2,1231.1,3550.0,34574.0,11174.0,68182.0
ES,J,2012,19136.0,394.5,424.7,11560.0,37527.0,8001.0,81405.0
ES,J,2013,18785.0,382.6,413.3,9177.0,36647.0,6974.0,77665.0
ES,J,2014,18865.0,381.1,415.4,9524.0,35981.0,5981.0,77865.0
ES,J,2015,19691.0,397.6,434.8,15481.0,36794.0,6031.0,78356.0
ES,J,2016,19981.0,413.9,453.7,14924.0,37624.0,5418.0,81363.0
ES,J,2017,21075.0,445.5,488.1,12634.0,39885.0,5840.0,86002.0
ES,J,2018,22044.0,464.5,507.1,11670.0,40648.0,5579.0,88676.0
ES,J,2019,23938.0,480.3,520.1,12882.0,42675.0,6026.0,93092.0
ES,J,2020,24078.0,488.9,525.9,13672.0,40487.0,3966.0,88493.0
ES,L,2012,3666.0,120.7,167.6,49061.0,118011.0,78325.0,138563.0
ES,L,2013,3349.0,111.3,158.3,39377.0,122453.0,84250.0,138464.0
ES,L,2014,3457.0,112.8,170.7,44958.0,121851.0,83450.0,137931.0
ES,L,2015,3724.0,117.4,180.0,34472.0,119749.0,78541.0,137033.0
ES,L,2016,3890.0,121.4,189.3,40416.0,121874.0,79889.0,139160.0
ES,L,2017,4305.0,131.8,200.4,52260.0,124735.0,81449.0,143770.0
ES,L,2018,4669.0,140.6,216.1,61805.0,129739.0,85086.0,149668.0
ES,L,2019,5656.0,150.6,226.7,68376.0,133936.0,86608.0,155988.0
ES,L,2020,4968.0,135.0,227.2,64269.0,134806.0,87736.0,155665.0
ES,M,2012,24209.0,655.8,908.0,8163.0,40495.0,9329.0,74086.0
ES,M,2013,23741.0,631.9,888.7,6578.0,40456.0,9221.0,72872.0
ES,M,2014,26366.0,665.6,914.5,7456.0,42375.0,7916.0,79292.0
ES,M,2015,27947.0,697.5,943.3,7740.0,45368.0,8795.0,86146.0
ES,M,2016,28757.0,714.4,970.6,8436.0,46098.0,7952.0,89071.0
ES,M,2017,29001.0,736.8,1009.9,9746.0,48872.0,9923.0,93244.0
ES,M,2018,31162.0,764.0,1041.6,10907.0,52204.0,10677.0,98577.0
ES,M,2019,34438.0,816.1,1098.3,10864.0,55962.0,10719.0,107847.0
ES,M,2020,35875.0,811.6,1102.8,10026.0,53359.0,6814.0,100889.0
ES,N,2012,22907.0,1115.3,1184.8,2707.0,33055.0,4916.0,57499.0
ES,N,2013,22985.0,1111.9,1184.8,4398.0,33027.0,4818.0,58714.0
ES,N,2014,24186.0,1162.1,1243.8,7220.0,34946.0,5647.0,62593.0
ES,N,2015,25957.0,1237.0,1322.9,8069.0,38919.0,7814.0,69927.0
ES,N,2016,26151.0,1240.8,1330.5,4089.0,40990.0,9554.0,73830.0
ES,N,2017,28072.0,1296.6,1383.3,7270.0,42714.0,9438.0,78274.0
ES,N,2018,29093.0,1321.2,1409.1,9432.0,44439.0,10301.0,81787.0
ES,N,2019,31365.0,1359.1,1459.8,11114.0,47700.0,10977.0,85730.0
ES,N,2020,30144.0,1311.2,1409.4,7703.0,39154.0,4310.0,63519.0
FI,B,2012,309.0,6.8,7.7,473.0,771.0,212.0,2123.0
FI,B,2013,303.0,6.6,7.5,349.0,556.0,-14.0,1845.0
FI,B,2014,309.0,6.7,7.6,313.0,504.0,-79.0,1740.0
FI,B,2015,301.0,6.2,7.1,389.0,602.0,22.0,1817.0
FI,B,2016,318.0,6.5,7.4,280.0,636.0,44.0,1973.0
FI,B,2017,330.0,6.6,7.5,352.0,902.0,290.0,2323.0
FI,B,2018,346.0,7.0,7.9,392.0,949.0,309.0,2514.0
FI,B,2019,369.0,7.3,8.3,362.0,819.0,139.0,2417.0
FI,B,2020,391.0,7.4,8.3,502.0,964.0,258.0,2527.0
FI,C,2012,17694.0,345.8,368.6,6845.0,29246.0,2896.0,116526.0
FI,C,2013,17121.0,333.6,354.9,6321.0,29799.0,4152.0,112240.0
FI,C,2014,16921.0,326.2,345.1,6274.0,30060.0,4882.0,109929.0
FI,C,2015,17108.0,321.2,339.9,6546.0,31195.0,6065.0,105136.0
FI,C,2016,17156.0,317.5,336.3,6673.0,31813.0,6826.0,105258.0
FI,C,2017,17021.0,319.1,336.6,7432.0,34547.0,9877.0,114364.0
FI,C,2018,17499.0,325.2,342.3,7428.0,34299.0,9187.0,120019.0
FI,C,2019,17799.0,327.3,343.4,8008.0,35091.0,9249.0,123934.0
FI,C,2020,17298.0,321.0,337.2,7641.0,34331.0,9103.0,116043.0
FI,D,2012,849.0,13.4,13.4,1784.0,3840.0,1617.0,8581.0
FI,D,2013,854.0,13.3,13.5,2079.0,4118.0,1823.0,8784.0
FI,D,2014,817.0,12.6,12.8,2488.0,4144.0,1764.0,8905.0
FI,D,2015,805.0,12.1,12.3,2602.0,3993.0,1596.0,8647.0
FI,D,2016,822.0,12.3,12.5,3164.0,3892.0,1381.0,8821.0
FI,D,2017,807.0,12.1,12.3,3586.0,4152.0,1543.0,8878.0
FI,D,2018,828.0,12.1,12.3,3029.0,4339.0,1560.0,9396.0
FI,D,2019,868.0,12.6,12.8,2210.0,4936.0,2139.0,9669.0
FI,D,2020,900.0,13.1,13.3,2470.0,4780.0,2032.0,9002.0
FI,E,2012,527.0,12.1,12.5,605.0,1543.0,436.0,3391.0
FI,E,2013,537.0,12.3,12.6,583.0,1611.0,478.0,3417.0
FI,E,2014,550.0,12.5,12.8,584.0,1681.0,538.0,3551.0
FI,E,2015,577.0,12.9,13.2,541.0,1721.0,566.0,3672.0
FI,E,2016,592.0,13.0,13.3,669.0,1768.0,602.0,3691.0
FI,E,2017,605.0,13.3,13.6,628.0,1749.0,563.0,3809.0
FI,E,2018,627.0,13.7,14.0,770.0,1781.0,559.0,4041.0
FI,E,2019,651.0,13.8,14.2,647.0,1782.0,523.0,3996.0
FI,E,2020,647.0,13.8,14.2,970.0,1827.0,575.0,4072.0
FI,F,2012,7734.0,156.8,190.2,887.0,11406.0,2910.0,30634.0
FI,F,2013,7800.0,153.3,186.7,798.0,11327.0,2737.0,29801.0
FI,F,2014,7695.0,149.8,183.7,810.0,11085.0,2590.0,28910.0
FI,F,2015,7946.0,156.1,190.4,830.0,11472.0,2708.0,29602.0
FI,F,2016,8431.0,161.4,197.8,949.0,12534.0,3272.0,32321.0
FI,F,2017,8885.0,164.5,199.4,1091.0,13637.0,3875.0,35198.0
FI,F,2018,9439.0,172.0,207.7,1196.0,14546.0,4170.0,37890.0
FI,F,2019,9542.0,168.1,203.7,1330.0,14966.0,4422.0,39527.0
FI,F,2020,9351.0,163.3,198.5,1396.0,15368.0,5045.0,39834.0
FI,G,2012,10555.0,267.2,303.1,1868.0,17543.0,5346.0,32004.0
FI,G,2013,10744.0,266.6,300.4,1588.0,17306.0,4854.0,31961.0
FI,G,2014,10752.0,263.4,298.7,1630.0,16805.0,4332.0,31637.0
FI,G,2015,10747.0,260.7,295.8,1315.0,16857.0,4363.0,31912.0
FI,G,2016,10909.0,258.3,291.9,1828.0,16803.0,4155.0,31904.0
FI,G,2017,10925.0,253.9,284.9,1895.0,17534.0,4870.0,32745.0
FI,G,2018,11159.0,255.9,289.0,2074.0,17777.0,4831.0,33815.0
FI,G,2019,11417.0,256.0,289.0,1868.0,17939.0,4659.0,34321.0
FI,G,2020,11108.0,246.1,276.7,1825.0,18421.0,5615.0,34681.0
FI,H,2012,5790.0,128.3,152.7,1437.0,9054.0,1752.0,23602.0
FI,H,2013,5789.0,127.1,149.7,1467.0,8943.0,1622.0,23264.0
FI,H,2014,5769.0,126.2,148.4,1245.0,8885.0,1590.0,23401.0
FI,H,2015,5718.0,124.9,147.9,1427.0,8983.0,1693.0,22723.0
FI,H,2016,5766.0,123.1,145.1,2010.0,8912.0,1550.0,22715.0
FI,H,2017,5781.0,123.4,143.8,1907.0,9217.0,1785.0,23870.0
FI,H,2018,6024.0,126.2,145.9,2074.0,9250.0,1562.0,24744.0
FI,H,2019,6183.0,127.5,148.1,2317.0,9638.0,1624.0,25963.0
FI,H,2020,5543.0,120.3,139.8,1935.0,7835.0,528.0,21775.0
FI,I,2012,1995.0,64.5,75.5,225.0,2948.0,764.0,7139.0
FI,I,2013,2028.0,64.3,75.3,168.0,2754.0,528.0,7143.0
FI,I,2014,2066.0,63.7,75.9,184.0,2799.0,537.0,7142.0
FI,I,2015,2094.0,64.3,77.2,199.0,2915.0,630.0,7337.0
FI,I,2016,2172.0,66.0,79.0,257.0,3076.0,707.0,7645.0
FI,I,2017,2257.0,67.3,79.6,263.0,3350.0,886.0,8233.0
FI,I,2018,2417.0,70.9,83.5,318.0,3478.0,846.0,8588.0
FI,I,2019,2531.0,74.2,88.0,312.0,3649.0,880.0,9059.0
FI,I,2020,2078.0,61.2,74.7,319.0,2550.0,413.0,6793.0
FI,J,2012,5173.0,88.3,95.8,1839.0,8949.0,1929.0,17161.0
FI,J,2013,5477.0,91.0,98.6,2015.0,9295.0,1907.0,17693.0
FI,J,2014,5497.0,90.2,98.0,2254.0,9820.0,2347.0,19144.0
FI,J,2015,5736.0,91.6,99.9,2301.0,10285.0,2517.0,20146.0
FI,J,2016,5915.0,92.7,100.3,2266.0,10679.0,2653.0,21030.0
FI,J,2017,6362.0,97.1,104.4,2402.0,11332.0,2768.0,22361.0
FI,J,2018,6722.0,101.6,108.7,2960.0,11711.0,2649.0,23474.0
FI,J,2019,6979.0,103.9,110.4,2441.0,12305.0,2845.0,24108.0
FI,J,2020,7191.0,104.8,111.5,2812.0,12670.0,3146.0,24347.0
FI,L,2012,919.0,20.6,24.2,18467.0,20113.0,7994.0,27388.0
FI,L,2013,912.0,20.4,23.8,17602.0,20896.0,8271.0,28562.0
FI,L,2014,914.0,20.1,23.5,16283.0,21714.0,8654.0,29790.0
FI,L,2015,963.0,21.2,25.0,17251.0,22961.0,9501.0,31332.0
FI,L,2016,1012.0,21.7,25.3,19003.0,23788.0,9685.0,32372.0
FI,L,2017,1043.0,21.5,25.3,20261.0,24593.0,9724.0,33332.0
FI,L,2018,1085.0,21.9,25.8,22656.0,25664.0,9886.0,34678.0
FI,L,2019,1145.0,22.4,26.0,23566.0,26501.0,9718.0,35640.0
FI,L,2020,1156.0,23.4,27.3,22767.0,27287.0,9817.0,36728.0
FI,M,2012,6024.0,109.8,144.6,1308.0,8774.0,1505.0,15189.0
FI,M,2013,6126.0,110.4,144.9,1226.0,8950.0,1560.0,15827.0
FI,M,2014,6227.0,110.6,146.0,1225.0,8893.0,1413.0,15798.0
FI,M,2015,6401.0,112.6,149.7,1251.0,9164.0,1522.0,16251.0
FI,M,2016,6536.0,114.2,152.4,1188.0,9258.0,1481.0,16491.0
FI,M,2017,6807.0,117.6,154.1,1194.0,9809.0,1773.0,17487.0
FI,M,2018,7256.0,122.0,159.6,1356.0,10439.0,1982.0,18726.0
FI,M,2019,7643.0,124.7,163.2,1600.0,10861.0,1898.0,19598.0
FI,M,2020,7683.0,126.4,165.1,1506.0,11018.0,2144.0,19962.0
FI,N,2012,4351.0,139.5,150.0,618.0,5831.0,959.0,10176.0
FI,N,2013,4405.0,138.1,148.5,586.0,5849.0,899.0,10082.0
FI,N,2014,4651.0,144.6,155.2,621.0,5970.0,763.0,10358.0
FI,N,2015,4550.0,142.7,153.9,570.0,5927.0,829.0,10006.0
FI,N,2016,4915.0,152.0,163.9,677.0,6347.0,866.0,10709.0
FI,N,2017,5254.0,160.8,172.0,759.0,6970.0,1109.0,11645.0
FI,N,2018,5758.0,173.5,184.5,822.0,7581.0,1179.0,12820.0
FI,N,2019,6127.0,185.0,197.2,859.0,8137.0,1339.0,13969.0
FI,N,2020,5856.0,171.8,184.5,786.0,7540.0,1063.0,13081.0
FR,B,2012,991.8,19.2,19.8,927.1,2285.7,-286.1,6306.5
FR,B,2013,997.9,19.6,20.2,771.5,2226.2,-300.6,6236.3
FR,B,2014,1199.9,19.8,20.4,773.8,2443.2,-243.4,6117.7
FR,B,2015,1091.5,18.1,18.7,753.1,2123.3,-381.0,5173.4
FR,B,2016,1050.7,17.5,18.1,771.3,2042.6,-376.6,5055.6
FR,B,2017,1069.6,16.4,17.0,880.3,2079.7,-350.4,5296.7
FR,B,2018,1084.1,16.3,16.9,867.1,2144.0,-302.4,5696.5
FR,B,2019,1092.9,15.7,16.3,946.1,2120.9,-366.0,5665.7
FR,B,2020,1060.8,15.7,16.3,684.5,2003.5,-432.0,5278.3
FR,C,2012,133233.8,2668.9,2800.1,43817.0,213988.4,25316.7,766167.6
FR,C,2013,134343.9,2633.8,2769.0,43861.2,217407.1,28746.0,759400.2
FR,C,2014,135793.9,2615.6,2753.5,45694.6,219282.3,29630.2,764645.8
FR,C,2015,137200.2,2561.0,2698.6,46073.8,227182.7,36039.5,763688.5
FR,C,2016,137874.5,2549.8,2685.6,47187.6,226869.6,34543.4,763015.7
FR,C,2017,140600.2,2534.1,2670.1,47196.7,229398.4,34289.7,807750.4
FR,C,2018,143262.1,2534.9,2671.4,50644.9,232856.0,33068.7,826769.7
FR,C,2019,142273.6,2565.1,2705.3,51834.8,241054.8,36879.8,841287.7
FR,C,2020,132682.0,2549.3,2694.4,47419.5,214340.1,21390.6,716362.6
FR,D,2012,11502.1,114.6,116.0,14800.4,25881.1,6523.7,107327.6
FR,D,2013,11870.0,115.5,117.0,14700.5,27541.6,7673.2,107961.2
FR,D,2014,12166.3,115.9,117.3,15859.2,28136.6,8290.9,100751.4
FR,D,2015,12777.3,117.1,118.5,15040.3,28711.4,8467.9,99941.0
FR,D,2016,12898.9,117.5,118.9,15957.9,28036.7,7652.6,100073.1
FR,D,2017,12917.9,115.6,117.1,17642.5,25702.2,5072.9,107768.4
FR,D,2018,12913.0,117.6,119.2,18121.9,28848.7,7232.9,120403.0
FR,D,2019,12516.9,117.5,119.1,18681.6,31331.6,9971.6,120844.9
FR,D,2020,12398.9,119.5,121.3,18459.2,32241.3,11208.5,115129.6
FR,E,2012,6393.7,132.2,137.4,5818.8,13380.2,1481.3,37326.2
FR,E,2013,6563.0,134.1,139.9,5869.4,13275.5,1421.9,36100.7
FR,E,2014,6601.3,133.1,139.1,6117.4,13021.9,1083.6,35858.0
FR,E,2015,6686.2,134.7,140.8,5729.9,12983.7,828.6,36101.5
FR,E,2016,6721.5,136.5,142.5,5904.4,12998.7,658.0,35387.8
FR,E,2017,6858.2,136.0,142.0,6076.0,13723.3,1154.3,37725.6
FR,E,2018,6863.7,135.2,141.2,6607.9,13882.5,961.3,39163.4
FR,E,2019,6835.7,137.8,144.0,6721.2,13585.8,190.7,39667.7
FR,E,2020,6658.0,141.1,147.4,5588.6,12653.1,-236.9,37886.4
FR,F,2012,69133.2,1547.5,1891.2,8650.5,109255.6,27639.6,295768.6
FR,F,2013,70764.1,1526.4,1884.2,8057.6,112095.3,29960.3,300094.1
FR,F,2014,70419.2,1509.3,1871.2,8148.1,110608.2,29630.5,294978.7
FR,F,2015,69725.3,1468.2,1824.8,7748.0,108442.2,28514.8,289025.3
FR,F,2016,69885.9,1435.1,1784.3,7736.9,108197.5,28435.8,289916.7
FR,F,2017,72069.0,1429.2,1772.8,8815.9,112914.0,31128.8,304077.8
FR,F,2018,73938.1,1455.1,1798.1,9405.2,116209.9,31704.1,316295.9
FR,F,2019,75583.8,1503.0,1852.3,9919.3,123120.2,33974.2,331419.0
FR,F,2020,71966.8,1551.6,1912.7,11765.9,116007.0,31336.3,312242.4
FR,G,2012,123236.3,3092.0,3512.1,16528.6,194485.4,48048.0,368408.5
FR,G,2013,124080.8,3034.9,3466.9,16216.5,194641.5,49745.6,370331.5
FR,G,2014,125920.7,3013.1,3447.8,16512.7,195157.0,49514.9,374868.2
FR,G,2015,127893.1,3064.9,3493.8,17809.2,201891.4,54154.9,384978.1
FR,G,2016,130515.5,3057.6,3478.4,18212.9,203088.5,52530.9,392110.7
FR,G,2017,135096.8,3128.7,3545.0,20173.3,206272.9,51452.6,406466.7
FR,G,2018,138019.3,3162.8,3575.5,21042.3,209936.5,49744.6,417351.3
FR,G,2019,138412.2,3165.9,3590.4,22560.0,218378.5,50313.9,431014.6
FR,G,2020,131906.2,3198.5,3625.0,21203.6,210359.2,51448.6,415795.0
FR,H,2012,60563.1,1325.3,1382.4,20997.7,82249.9,2567.9,187836.9
FR,H,2013,60996.1,1313.9,1372.8,23198.0,82743.1,2927.1,190595.3
FR,H,2014,61431.1,1317.9,1377.7,23133.6,86055.0,6272.7,195030.7
FR,H,2015,62017.6,1316.7,1377.8,24145.7,88809.6,7690.8,198627.8
FR,H,2016,63213.5,1334.3,1398.3,22166.3,88938.3,5421.3,198857.0
FR,H,2017,64493.2,1346.0,1415.3,22181.6,92003.6,7895.5,209888.0
FR,H,2018,65106.1,1363.7,1442.8,22670.5,89864.7,3723.1,217330.8
FR,H,2019,64946.5,1379.3,1467.8,23676.2,95511.2,7651.5,226958.0
FR,H,2020,60027.2,1383.5,1485.6,22553.7,84929.2,3608.9,200087.3
FR,I,2012,29909.4,990.9,1147.1,5168.0,40924.5,5404.7,91522.1
FR,I,2013,30503.4,985.3,1148.2,5761.7,41568.7,5756.9,92811.9
FR,I,2014,30971.4,998.8,1164.5,5275.9,41287.3,4917.7,94990.0
FR,I,2015,31296.4,1003.4,1168.3,6029.4,42281.2,5589.2,95999.5
FR,I,2016,32838.9,1025.6,1188.4,6479.8,44139.6,5763.5,98738.8
FR,I,2017,33797.1,1055.9,1217.5,6982.3,44754.3,5337.3,102270.6
FR,I,2018,36159.5,1099.4,1260.4,7202.0,46991.7,4459.5,108534.2
FR,I,2019,36596.9,1137.0,1302.9,7537.2,51037.4,6347.8,115331.2
FR,I,2020,26737.7,1075.4,1243.2,6704.3,28812.9,1016.1,77672.7
FR,J,2012,57429.7,795.6,855.1,22499.3,94718.8,14407.8,189145.6
FR,J,2013,58421.3,796.0,859.9,23222.2,94506.3,12904.5,181952.3
FR,J,2014,60209.6,796.1,861.3,24231.5,94762.0,10999.8,181990.8
FR,J,2015,62426.7,814.3,878.8,24440.4,97967.4,11277.8,187930.4
FR,J,2016,65125.1,836.1,900.4,26766.2,101623.7,11271.4,195628.3
FR,J,2017,68810.1,847.4,912.6,28137.6,106844.2,11833.6,205404.4
FR,J,2018,73363.8,881.5,949.1,30234.6,112243.7,11121.9,215175.5
FR,J,2019,75878.0,909.3,980.8,31545.1,117186.4,10786.8,227614.1
FR,J,2020,75734.0,942.3,1019.8,31815.4,115434.5,8849.5,228245.6
FR,L,2012,16844.0,322.7,361.2,154637.7,258494.2,130586.4,312567.7
FR,L,2013,17206.2,325.4,364.8,153460.2,262301.8,132289.0,317643.4
FR,L,2014,16907.8,314.0,353.3,152070.4,266766.0,133863.9,322689.4
FR,L,2015,16875.9,306.0,345.0,151211.2,272056.9,137419.0,329660.7
FR,L,2016,17566.8,314.0,353.3,155630.7,278972.7,140566.1,336933.3
FR,L,2017,18459.7,325.4,366.0,166703.6,286281.3,141403.5,345123.3
FR,L,2018,18936.1,329.1,371.7,172920.9,292014.8,141922.5,351672.9
FR,L,2019,18925.4,327.9,373.0,182067.8,300545.4,144665.9,360676.5
FR,L,2020,18205.4,332.7,382.4,173251.6,303856.6,144626.1,362446.5
FR,M,2012,96699.0,1463.8,1747.0,32894.6,150652.2,21705.7,272911.5
FR,M,2013,99554.3,1478.4,1778.5,33588.6,152816.6,21696.4,278357.7
FR,M,2014,103035.7,1510.7,1818.7,33826.4,155743.3,20853.5,286983.3
FR,M,2015,105823.5,1523.2,1832.1,35075.7,160030.6,21502.6,298072.9
FR,M,2016,109015.2,1567.3,1878.6,36263.4,164070.5,21275.4,306340.3
FR,M,2017,114082.1,1593.1,1911.9,37796.6,170237.5,21508.6,318629.9
FR,M,2018,118523.3,1610.6,1941.3,39429.9,176116.9,20807.2,329764.9
FR,M,2019,122140.1,1656.9,2005.2,41804.6,185584.3,21648.5,348069.8
FR,M,2020,117929.9,1679.4,2043.8,41995.4,177320.0,17475.5,334598.8
FR,N,2012,66835.6,1859.2,1946.9,17474.5,98562.6,12442.0,185313.8
FR,N,2013,68289.7,1861.8,1954.1,16628.4,99036.6,11708.5,184445.2
FR,N,2014,70172.9,1888.2,1982.7,16730.3,101228.4,12479.2,188574.7
FR,N,2015,72784.5,1916.3,2011.9,19110.2,104566.5,13004.3,193318.1
FR,N,2016,76930.9,2011.4,2108.4,21014.4,109700.2,13330.1,199501.1
FR,N,2017,81503.9,2159.7,2260.1,23776.6,115393.9,13732.8,207188.5
FR,N,2018,85771.4,2255.8,2361.8,25518.2,121447.9,13720.4,223145.6
FR,N,2019,85515.6,2280.9,2393.8,26058.6,125806.9,14703.4,234440.7
FR,N,2020,76714.9,2119.1,2242.0,21396.5,116013.0,15103.3,212062.8
HU,B,2012,77.2,7.13,7.2,55.8,212.8,45.9,379.7
HU,B,2013,77.7,4.79,4.83,45.1,193.2,26.6,386.8
HU,B,2014,77.5,6.19,6.23,54.7,180.1,21.6,386.3
HU,B,2015,73.7,6.02,6.04,77.7,152.7,-0.5,330.9
HU,B,2016,64.3,6.01,6.03,55.0,143.0,0.5,281.9
HU,B,2017,69.4,6.22,6.25,94.4,210.3,58.5,389.2
HU,B,2018,79.3,8.55,8.58,198.5,323.7,158.5,619.1
HU,B,2019,96.1,7.68,7.7,175.8,452.0,264.5,795.3
HU,B,2020,88.2,7.34,7.36,95.3,299.0,119.8,577.4
HU,C,2012,9202.8,774.18,799.37,5966.9,18490.0,5147.3,80520.5
HU,C,2013,9034.2,757.98,778.42,6441.2,19120.9,5672.5,81641.3
HU,C,2014,9211.3,771.31,792.08,6534.7,20654.0,6967.9,85266.3
HU,C,2015,9805.1,768.56,789.74,5923.9,22805.2,8280.1,90355.1
HU,C,2016,10522.5,801.54,822.65,7196.0,22802.8,7405.6,91843.7
HU,C,2017,11625.4,836.59,859.62,7828.1,24303.8,7430.1,97360.2
HU,C,2018,12516.7,855.74,879.75,8872.3,25134.6,7083.5,101840.4
HU,C,2019,13469.0,856.16,881.98,10313.2,25534.1,6036.0,107483.3
HU,C,2020,12563.5,828.59,854.77,8982.4,24003.0,5228.1,99242.6
HU,D,2012,678.8,36.92,36.92,590.4,2130.3,628.4,5633.3
HU,D,2013,657.6,32.34,32.34,553.1,1880.5,335.5,5051.1
HU,D,2014,654.4,31.38,31.38,530.5,1879.8,361.7,4555.5
HU,D,2015,653.4,29.67,29.67,657.7,1928.1,390.5,4555.6
HU,D,2016,681.1,28.6,28.6,725.3,2229.6,673.6,4748.8
HU,D,2017,712.5,30.49,30.49,762.8,1889.3,250.3,4600.9
HU,D,2018,722.0,28.36,28.36,1120.4,1839.1,244.3,4576.6
HU,D,2019,754.4,29.48,29.48,1549.5,2129.7,412.7,4970.2
HU,D,2020,673.2,23.96,23.96,1274.4,1935.7,349.3,4442.3
HU,E,2012,612.8,45.63,46.47,378.7,971.2,3.7,2144.2
HU,E,2013,602.4,46.02,46.49,472.1,923.3,-51.3,2070.1
HU,E,2014,578.6,48.16,48.65,499.3,841.6,-135.0,2010.7
HU,E,2015,591.9,47.0,47.57,686.8,895.7,-98.7,2052.6
HU,E,2016,623.9,46.08,46.62,242.6,971.5,-90.9,2191.1
HU,E,2017,665.5,47.44,48.42,232.3,1020.3,-111.6,2378.5
HU,E,2018,704.5,48.44,49.42,278.5,980.8,-203.4,2290.9
HU,E,2019,746.9,49.45,50.45,442.8,1010.2,-231.7,2371.0
HU,E,2020,699.4,48.72,49.69,377.0,923.1,-230.6,2227.6
HU,F,2012,2008.9,223.71,266.04,256.1,3240.6,812.3,7931.1
HU,F,2013,1972.8,225.64,257.84,391.9,3492.2,1081.8,8853.7
HU,F,2014,1851.4,234.33,266.36,468.5,3761.1,1473.1,9862.6
HU,F,2015,1875.6,230.34,262.85,445.6,4006.2,1674.4,10396.6
HU,F,2016,1829.6,247.78,280.55,401.9,3530.2,1247.0,9401.9
HU,F,2017,2110.4,271.34,305.58,792.6,4591.5,1979.7,12175.4
HU,F,2018,2295.1,298.47,338.02,791.1,5836.2,2980.8,15600.3
HU,F,2019,2736.3,313.05,358.22,1003.0,7192.7,3812.0,18961.0
HU,F,2020,2697.4,319.99,371.54,1085.3,6698.0,3323.6,18473.4
HU,G,2012,5486.0,510.16,571.78,1271.1,8305.6,1598.7,17946.4
HU,G,2013,5411.9,534.86,589.95,1415.6,9084.6,2361.3,18900.1
HU,G,2014,5355.6,564.37,619.37,1359.1,9551.6,2892.8,19459.5
HU,G,2015,5356.3,577.14,631.69,1321.4,9865.4,3160.7,20084.4
HU,G,2016,5574.6,576.37,629.29,1545.8,10092.0,3133.7,20920.6
HU,G,2017,6079.9,591.12,643.57,1588.4,11078.4,3485.7,22603.9
HU,G,2018,6392.1,594.13,642.37,1788.2,12224.8,4238.7,24343.8
HU,G,2019,7037.3,603.02,652.4,2402.7,12697.3,3942.8,25897.9
HU,G,2020,6515.2,589.29,638.63,1951.3,12649.3,4385.0,24983.7
HU,H,2012,3012.1,240.38,260.4,1735.6,5402.1,1154.7,11659.0
HU,H,2013,3032.9,237.97,253.19,2128.0,5631.7,1298.4,12024.6
HU,H,2014,3102.9,239.65,254.7,2663.5,5874.9,1392.1,12585.3
HU,H,2015,3201.0,240.95,255.34,2494.1,6165.7,1545.8,12935.0
HU,H,2016,3399.0,251.17,265.75,2455.9,6526.3,1669.6,13444.1
HU,H,2017,3703.6,259.18,274.07,2772.2,6653.0,1396.5,14160.0
HU,H,2018,3889.6,260.0,275.44,2909.1,6993.2,1401.5,15599.4
HU,H,2019,3944.7,261.23,277.32,2830.5,7598.0,1760.8,16516.3
HU,H,2020,3920.6,246.94,263.96,2683.2,6763.8,852.0,14310.2
HU,I,2012,984.2,151.01,168.58,131.0,1306.8,176.1,3780.7
HU,I,2013,885.3,152.79,165.32,169.7,1281.4,219.4,3796.8
HU,I,2014,959.0,141.55,153.92,183.3,1484.6,360.1,4002.6
HU,I,2015,987.8,150.66,163.12,209.0,1563.1,392.9,4354.8
HU,I,2016,1005.0,179.12,193.56,188.9,1617.6,424.1,4634.1
HU,I,2017,1200.4,166.1,177.6,226.4,1949.7,561.7,5194.4
HU,I,2018,1252.7,168.36,180.21,269.9,2197.6,733.8,5648.6
HU,I,2019,1415.9,173.72,184.39,435.1,2463.3,818.5,6195.8
HU,I,2020,1114.4,152.95,163.42,302.9,1482.3,170.9,4207.2
HU,J,2012,2315.1,99.11,105.21,1103.7,4468.3,795.5,7862.9
HU,J,2013,2318.4,106.72,113.76,1128.5,4533.3,823.6,7959.9
HU,J,2014,2403.1,114.53,122.31,1164.1,4626.5,906.8,7959.0
HU,J,2015,2421.7,118.52,127.45,1603.9,4614.1,845.1,8109.0
HU,J,2016,2583.9,123.19,133.8,1219.8,4810.7,891.6,8667.2
HU,J,2017,2727.3,125.57,139.14,1290.4,5253.0,1226.5,9528.2
HU,J,2018,2848.8,127.57,144.96,1297.2,5647.1,1480.3,9971.1
HU,J,2019,3113.0,132.76,153.35,1473.3,6133.8,1672.4,10691.4
HU,J,2020,3057.6,140.9,163.03,1417.6,6079.5,1732.3,9976.9
HU,L,2012,622.2,66.62,68.24,2355.7,7678.1,4342.6,10740.6
HU,L,2013,663.5,65.13,66.92,2378.8,7663.4,4299.8,10700.1
HU,L,2014,628.4,64.27,66.18,2656.5,7610.5,4345.9,10653.2
HU,L,2015,586.1,63.63,65.69,2987.6,7992.9,4719.8,11227.8
HU,L,2016,605.3,65.15,67.76,3185.9,8783.5,5426.8,12113.9
HU,L,2017,615.3,68.23,71.23,4213.6,9782.0,6207.9,13410.4
HU,L,2018,637.0,72.75,75.17,5277.7,10902.6,7099.8,15021.4
HU,L,2019,698.9,73.38,75.63,5974.1,12511.4,8389.9,17163.0
HU,L,2020,634.8,72.58,75.09,7155.0,12220.5,8169.2,16583.0
HU,M,2012,2977.5,121.24,137.94,591.6,4680.5,1059.9,7424.1
HU,M,2013,2974.6,155.65,178.39,687.7,4873.7,1227.7,7792.3
HU,M,2014,2881.3,187.36,210.78,692.7,4960.5,1397.8,7993.2
HU,M,2015,3033.9,201.12,223.39,896.6,5395.0,1608.4,8687.5
HU,M,2016,3240.7,218.27,242.06,618.7,5786.6,1767.6,9220.7
HU,M,2017,3546.8,232.39,258.95,1006.6,6504.2,2092.9,10303.7
HU,M,2018,3660.1,235.83,265.21,1230.0,7114.5,2537.2,11348.3
HU,M,2019,4080.6,234.54,266.37,1633.8,7810.2,2688.8,12664.0
HU,M,2020,3882.8,234.82,268.4,1259.5,7568.1,2617.9,12385.0
HU,N,2012,1972.3,161.12,166.15,374.0,2832.9,487.9,4768.1
HU,N,2013,1929.1,164.17,172.05,579.3,2896.7,596.4,4923.1
HU,N,2014,1973.1,210.45,217.98,611.7,3002.0,612.5,5177.7
HU,N,2015,2120.1,225.99,234.31,516.6,3262.3,686.3,5671.3
HU,N,2016,2268.7,219.79,229.28,607.3,3489.6,730.7,6027.4
HU,N,2017,2577.5,221.44,232.91,900.2,4185.1,1028.6,6883.2
HU,N,2018,2821.9,235.7,248.2,967.7,4448.0,1053.6,7602.2
HU,N,2019,3134.6,243.91,258.75,1201.9,4852.1,1110.0,8143.5
HU,N,2020,2643.3,214.13,229.89,782.9,3989.8,740.1,6486.6
IT,B,2012,1090.7,21.5,24.1,1980.0,6511.7,2981.5,10509.0
IT,B,2013,1126.8,20.7,23.0,1822.7,6302.9,2780.8,10464.6
IT,B,2014,1130.1,20.7,22.7,2842.2,5344.0,1763.5,9980.6
IT,B,2015,1179.2,20.0,21.9,2452.2,4085.7,441.6,8837.7
IT,B,2016,1165.3,19.3,21.2,1582.8,3452.0,-135.1,7651.2
IT,B,2017,1134.8,19.2,21.0,1256.4,3971.3,420.9,8568.2
IT,B,2018,1206.4,19.0,20.8,3122.1,4463.1,645.2,9330.8
IT,B,2019,1243.3,18.9,20.6,3053.8,3695.6,-336.4,8634.0
IT,B,2020,1142.7,18.6,19.9,1959.1,2691.4,-1239.9,7068.1
IT,C,2012,131771.7,3435.4,3991.8,53484.7,224248.6,30286.7,920366.1
IT,C,2013,131050.4,3332.4,3877.3,49719.1,222565.6,30860.5,898785.2
IT,C,2014,131534.4,3277.4,3804.2,53054.3,225658.5,31650.1,902552.0
IT,C,2015,134536.4,3253.8,3771.0,57325.6,236494.8,38559.8,907377.1
IT,C,2016,137680.2,3297.9,3806.1,61979.8,249329.6,51021.4,907724.4
IT,C,2017,141753.6,3334.7,3828.4,64251.3,257929.9,52716.2,966649.3
IT,C,2018,146113.4,3382.4,3867.3,69805.0,265157.2,54168.1,1000336.4
IT,C,2019,149436.3,3418.1,3893.3,67345.2,266256.2,49266.8,991213.9
IT,C,2020,138478.9,3383.7,3812.5,60904.6,240676.8,38681.5,883618.0
IT,D,2012,5222.1,82.9,84.6,13206.1,19245.1,2629.7,75729.1
IT,D,2013,5121.1,82.2,84.2,15026.2,20055.0,3778.8,78179.6
IT,D,2014,5201.5,82.1,84.2,12150.2,19310.1,4567.1,74664.9
IT,D,2015,5241.7,80.3,82.5,9519.5,17888.8,2935.5,75319.8
IT,D,2016,4987.5,79.4,81.5,11661.2,18623.8,5620.4,72843.8
IT,D,2017,5104.1,78.1,79.8,9765.9,18722.2,3607.7,74801.0
IT,D,2018,5059.8,77.4,79.5,10601.3,19609.5,4210.5,76389.3
IT,D,2019,5041.9,76.5,78.8,12009.9,22120.8,6043.9,81776.5
IT,D,2020,5140.6,75.5,77.8,11227.6,22419.3,7178.8,75395.6
IT,E,2012,8161.6,201.9,210.7,4803.3,13602.1,90.1,37791.1
IT,E,2013,8188.3,197.7,205.9,3786.6,14176.7,782.3,38079.3
IT,E,2014,8275.7,197.5,205.6,3689.9,14763.9,1206.5,37977.2
IT,E,2015,8440.1,200.0,208.3,4477.6,14829.8,1094.7,38315.2
IT,E,2016,8619.7,206.2,213.6,4789.1,15836.1,2028.9,39327.2
IT,E,2017,8871.5,209.2,216.5,5569.2,16093.7,1654.7,41714.5
IT,E,2018,9205.7,214.6,221.9,5639.1,16596.9,1605.5,44288.6
IT,E,2019,9536.9,220.1,227.8,6071.8,16886.4,1308.7,45311.0
IT,E,2020,9511.2,220.7,228.2,5448.3,17006.4,1500.2,45452.6
IT,F,2012,33857.8,1045.8,1746.6,5955.9,75295.8,30015.5,226119.0
IT,F,2013,30723.4,948.5,1614.4,5132.5,70392.4,29077.4,207008.6
IT,F,2014,29168.9,894.6,1549.0,5337.2,64341.6,24795.1,191868.4
IT,F,2015,29746.9,895.2,1528.0,5658.6,63428.0,23709.2,186644.1
IT,F,2016,30247.3,904.0,1527.7,6291.5,64464.2,24751.9,184052.4
IT,F,2017,30615.7,905.3,1513.6,8188.4,65463.3,25305.8,184031.1
IT,F,2018,31588.5,914.8,1512.6,6800.8,66522.3,25592.9,186977.4
IT,F,2019,33016.8,932.3,1514.1,7315.9,69112.9,26862.1,192512.4
IT,F,2020,31093.2,954.8,1539.0,6954.8,65974.7,26545.4,182450.0
IT,G,2012,67840.2,2081.2,3744.9,15028.3,164187.8,73248.5,332220.5
IT,G,2013,67268.5,2044.7,3670.1,15134.9,161593.4,72677.3,320526.6
IT,G,2014,67727.5,2032.8,3644.8,14261.6,164168.8,74531.0,327880.4
IT,G,2015,69651.9,2070.6,3651.3,15665.1,170640.1,79536.7,334222.8
IT,G,2016,72446.3,2148.6,3721.4,18547.1,177362.6,84968.1,337175.0
IT,G,2017,75605.7,2216.7,3759.7,19860.8,184564.0,88402.4,352880.6
IT,G,2018,78430.3,2246.3,3752.2,20874.2,187722.2,88653.9,360347.1
IT,G,2019,80247.8,2286.3,3789.2,20051.6,196529.3,95232.0,374147.3
IT,G,2020,73774.1,2257.8,3649.3,17317.7,175505.1,82606.4,351637.1
IT,H,2012,35984.3,951.9,1106.3,22840.8,71751.5,12410.8,176021.2
IT,H,2013,35952.9,934.1,1086.0,19123.1,72613.6,14025.6,177811.6
IT,H,2014,36195.3,938.1,1087.9,19185.3,74124.2,14761.0,180145.4
IT,H,2015,37277.4,956.4,1101.1,22564.4,75138.9,14956.6,183615.4
IT,H,2016,38272.5,982.2,1122.5,22193.5,77943.8,17081.1,183093.2
IT,H,2017,39442.1,1009.2,1149.4,19622.9,79976.7,17702.6,189367.5
IT,H,2018,40851.6,1025.6,1159.9,22327.4,80149.7,16720.5,192737.3
IT,H,2019,42236.8,1035.2,1166.8,23380.0,81925.9,16615.1,196554.4
IT,H,2020,38868.0,1022.1,1146.3,21970.6,69244.5,7670.3,171973.1
IT,I,2012,24476.8,982.6,1431.3,6006.1,54130.6,19923.3,102357.8
IT,I,2013,24094.3,962.4,1423.2,4601.3,52383.4,19049.6,101368.5
IT,I,2014,24590.0,985.0,1454.4,4818.9,53653.9,19768.8,103629.2
IT,I,2015,25918.3,1028.5,1507.9,5612.9,54304.3,19237.2,106551.8
IT,I,2016,27653.6,1093.2,1570.7,4933.5,57066.7,20615.4,110588.0
IT,I,2017,29659.3,1213.6,1691.3,6192.7,60370.7,21989.1,116755.1
IT,I,2018,31170.1,1265.3,1738.4,5587.3,62944.0,23111.6,121612.6
IT,I,2019,32120.7,1292.9,1762.9,5403.5,63603.9,22911.3,123979.5
IT,I,2020,21771.6,1110.6,1558.2,4554.3,38123.7,8412.7,80689.2
IT,J,2012,23113.1,454.8,599.1,16156.5,56720.4,18175.5,121959.9
IT,J,2013,23201.2,458.1,592.1,15797.1,53126.7,14708.7,117744.2
IT,J,2014,23007.2,450.0,583.4,16390.3,51896.7,13103.0,114864.6
IT,J,2015,24434.3,461.1,590.0,18860.5,52909.2,12170.4,118753.5
IT,J,2016,25219.4,489.1,605.8,18704.8,56154.6,14369.4,122366.2
IT,J,2017,25751.7,497.5,612.9,20094.0,57809.6,14664.2,125274.2
IT,J,2018,26621.5,506.3,622.1,19396.4,57895.7,13282.0,126828.6
IT,J,2019,27384.1,514.6,631.8,19144.7,57852.7,12572.5,126707.6
IT,J,2020,27133.6,525.1,635.0,20270.5,56620.2,11504.3,122953.8
IT,L,2012,2217.8,69.0,190.1,92402.1,197464.2,102708.2,226486.2
IT,L,2013,2078.5,65.6,183.8,86760.8,197968.8,103592.6,226477.8
IT,L,2014,2036.7,64.7,179.3,81196.5,200021.6,101612.6,229222.4
IT,L,2015,2132.6,68.5,182.3,76880.3,206256.8,107280.3,234604.6
IT,L,2016,2364.4,74.5,188.4,78564.0,208344.4,111243.2,237315.6
IT,L,2017,2441.7,78.5,187.6,81570.9,210627.1,112042.8,240631.7
IT,L,2018,2510.3,78.4,188.5,84552.5,213095.4,112024.1,244008.3
IT,L,2019,2564.0,78.6,194.0,85440.3,217492.8,115596.2,248585.9
IT,L,2020,2231.6,77.2,187.4,78690.1,212871.6,110935.9,244172.7
IT,M,2012,24292.1,559.4,1602.3,12959.9,95342.5,57246.7,162105.7
IT,M,2013,24574.2,564.3,1596.7,13196.3,94029.3,55809.2,156768.0
IT,M,2014,25155.0,576.5,1617.3,12630.2,94913.9,55677.6,158772.8
IT,M,2015,26504.3,594.5,1644.3,12414.7,96562.7,55893.9,165051.7
IT,M,2016,27327.7,619.1,1656.9,12101.5,98373.3,57278.9,167829.2
IT,M,2017,28327.2,634.5,1659.3,12453.1,100904.6,58509.7,172477.0
IT,M,2018,29684.9,647.1,1683.1,12688.6,104839.9,60969.6,180547.1
IT,M,2019,30826.0,654.5,1693.8,12860.1,102475.2,57159.6,183514.6
IT,M,2020,30165.2,658.6,1737.6,12837.7,104429.7,60353.9,182088.8
IT,N,2012,24599.3,997.7,1206.6,6863.3,46617.6,13660.8,108307.6
IT,N,2013,25241.1,999.8,1200.2,5006.0,46161.2,12988.3,104173.4
IT,N,2014,25994.4,1029.9,1229.3,5912.1,47522.8,13716.4,106833.1
IT,N,2015,27325.9,1076.7,1277.2,6627.5,48620.3,13583.1,109197.0
IT,N,2016,28614.3,1123.0,1324.7,7457.3,50425.4,14422.2,108314.7
IT,N,2017,31366.3,1204.9,1410.3,9217.9,53949.5,14951.4,115394.3
IT,N,2018,33973.6,1282.0,1496.0,9090.7,58267.7,16452.4,122242.8
IT,N,2019,34357.9,1290.9,1510.4,9884.9,59155.8,16635.1,125297.4
IT,N,2020,31167.4,1233.4,1446.4,7574.0,53567.0,14456.1,104182.3
LV,B,2012,33.4,2.51,2.66,40.1,95.6,43.2,212.7
LV,B,2013,37.3,2.48,2.64,48.3,105.4,47.4,231.1
LV,B,2014,38.2,2.46,2.48,29.5,91.4,31.3,230.2
LV,B,2015,41.0,2.58,2.63,16.9,108.5,44.7,239.4
LV,B,2016,43.0,2.5,2.5,24.2,107.8,42.3,234.7
LV,B,2017,48.3,2.32,2.36,24.4,118.5,46.6,266.9
LV,B,2018,54.5,2.37,2.5,25.4,131.1,51.7,293.8
LV,B,2019,54.9,2.4,2.53,30.7,127.3,45.9,295.2
LV,B,2020,60.0,2.6,2.6,24.2,138.3,51.6,309.6
LV,C,2012,1161.9,118.06,124.88,687.4,2512.7,841.0,8387.1
LV,C,2013,1231.8,119.36,125.36,439.2,2531.3,789.5,8439.5
LV,C,2014,1266.7,112.44,119.03,574.2,2484.1,692.3,8150.5
LV,C,2015,1342.9,109.59,117.42,490.3,2575.3,685.1,8065.7
LV,C,2016,1438.0,110.07,118.04,416.6,2581.9,607.2,8062.5
LV,C,2017,1553.7,109.4,117.84,459.0,2829.3,728.8,8779.1
LV,C,2018,1735.8,111.23,118.97,515.3,3080.3,777.9,9519.4
LV,C,2019,1885.0,108.07,115.37,671.2,3259.0,783.2,9826.6
LV,C,2020,1888.6,107.37,114.64,639.5,3355.7,874.7,9936.7
LV,D,2012,183.9,11.22,11.5,577.3,596.3,348.4,2511.6
LV,D,2013,187.7,11.3,11.49,466.4,526.5,248.4,2502.5
LV,D,2014,180.8,11.45,11.53,363.2,423.2,136.9,2072.6
LV,D,2015,198.5,10.93,11.25,374.6,510.4,200.2,1876.0
LV,D,2016,217.2,10.92,11.33,380.0,639.3,267.5,1830.7
LV,D,2017,219.1,11.13,11.43,-50.5,626.8,281.4,1900.9
LV,D,2018,224.2,10.72,10.87,266.6,408.3,14.7,1987.1
LV,D,2019,224.4,10.9,11.02,239.1,445.4,26.1,1994.6
LV,D,2020,232.5,10.54,10.62,601.8,529.6,50.2,1690.1
LV,E,2012,75.1,6.17,6.3,147.6,173.2,-9.7,402.6
LV,E,2013,80.0,6.36,6.88,118.0,171.4,-20.0,357.5
LV,E,2014,82.5,6.2,6.35,142.2,177.0,-21.8,353.8
LV,E,2015,86.9,6.98,7.08,123.2,194.1,-13.7,389.0
LV,E,2016,96.1,6.93,7.17,45.0,188.7,-21.4,392.0
LV,E,2017,104.0,6.74,7.13,81.5,191.2,-28.9,416.3
LV,E,2018,113.4,7.02,7.07,71.1,216.8,-15.5,463.7
LV,E,2019,125.5,7.35,7.4,108.1,229.7,-18.7,489.7
LV,E,2020,124.9,7.26,7.26,115.9,238.0,-15.6,492.0
LV,F,2012,647.9,52.04,60.81,93.9,1177.5,312.4,4879.9
LV,F,2013,750.3,55.47,64.56,125.8,1245.4,288.9,5113.3
LV,F,2014,816.5,56.99,66.71,148.7,1295.5,274.6,5234.4
LV,F,2015,854.9,55.22,65.5,90.3,1309.1,255.7,5032.1
LV,F,2016,836.8,49.01,60.23,123.2,1177.5,154.6,3890.6
LV,F,2017,935.0,52.49,63.5,172.7,1379.6,259.3,4828.6
LV,F,2018,1098.4,60.17,69.45,230.4,1609.8,323.0,5611.7
LV,F,2019,1217.6,56.65,63.97,171.2,1733.4,321.1,5665.9
LV,F,2020,1198.6,54.58,63.29,163.8,1681.0,284.2,5337.2
LV,G,2012,1309.0,124.84,135.54,308.1,2877.0,1167.8,5283.3
LV,G,2013,1396.0,126.31,137.45,302.7,2889.4,1108.7,5421.1
LV,G,2014,1508.7,126.08,136.56,348.9,3038.3,1141.7,5405.3
LV,G,2015,1652.9,126.61,137.8,226.3,3195.5,1161.2,5632.3
LV,G,2016,1754.5,124.77,138.01,313.4,3276.5,1154.3,5668.4
LV,G,2017,1875.3,123.92,136.1,404.5,3448.2,1196.3,6085.7
LV,G,2018,2022.6,127.66,138.11,365.0,3629.4,1229.8,6439.8
LV,G,2019,2161.9,133.25,143.9,395.1,3932.4,1377.0,6868.2
LV,G,2020,2146.9,128.44,141.61,377.5,3927.6,1387.5,6766.4
LV,H,2012,922.4,64.39,66.31,653.5,2021.2,608.6,6484.8
LV,H,2013,945.0,64.0,66.41,711.2,2022.3,583.4,6303.5
LV,H,2014,1000.0,64.67,68.05,592.9,2018.0,522.0,6283.0
LV,H,2015,1054.4,64.59,68.67,666.4,2047.7,431.3,6171.8
LV,H,2016,1102.3,63.5,67.6,491.0,2014.9,375.8,5986.8
LV,H,2017,1178.1,61.67,65.31,924.8,2105.4,363.6,6343.4
LV,H,2018,1297.0,60.9,65.88,446.3,2249.5,422.4,6462.7
LV,H,2019,1352.2,67.72,72.43,409.7,2214.9,348.4,6369.7
LV,H,2020,1302.0,65.09,68.49,250.1,1808.1,-2.5,5341.5
LV,I,2012,185.0,21.69,24.02,33.0,311.4,58.8,672.5
LV,I,2013,203.8,22.22,25.1,80.3,343.0,71.6,733.9
LV,I,2014,234.1,24.44,26.23,61.6,349.2,45.6,788.3
LV,I,2015,278.1,25.25,27.1,50.7,387.9,39.6,854.7
LV,I,2016,311.3,25.05,27.46,76.6,408.6,27.1,907.2
LV,I,2017,330.7,25.65,27.7,56.6,458.4,56.4,988.9
LV,I,2018,389.3,27.54,28.78,29.5,508.4,46.4,1063.4
LV,I,2019,427.4,31.23,32.48,52.9,505.1,0.7,1067.3
LV,I,2020,314.3,27.23,29.28,61.2,350.4,-25.5,730.6
LV,J,2012,402.2,19.8,21.43,195.9,849.9,230.6,1717.3
LV,J,2013,464.1,21.0,23.69,237.6,915.7,227.4,1789.8
LV,J,2014,510.2,22.66,26.32,270.5,951.0,206.1,1793.2
LV,J,2015,586.0,24.74,28.26,231.2,1016.4,192.6,1884.1
LV,J,2016,679.3,28.71,30.53,299.1,1116.7,188.3,2016.1
LV,J,2017,772.5,28.47,32.05,260.6,1266.2,236.7,2184.0
LV,J,2018,949.4,31.04,34.78,313.7,1452.1,238.2,2485.2
LV,J,2019,1031.3,27.98,32.78,371.9,1594.6,286.7,2623.0
LV,J,2020,1080.6,28.37,33.52,381.8,1666.4,309.1,2531.1
LV,L,2012,265.6,18.43,19.97,1091.6,1714.4,766.9,2711.8
LV,L,2013,275.6,18.74,21.09,1165.9,1861.6,857.5,2951.6
LV,L,2014,312.9,19.0,21.6,1107.0,2082.2,979.5,3226.0
LV,L,2015,317.2,19.54,21.86,1140.5,1926.1,810.0,2934.2
LV,L,2016,305.0,19.12,21.77,1130.7,2012.6,860.6,3080.6
LV,L,2017,304.3,17.69,21.39,1257.3,1992.6,784.3,2941.7
LV,L,2018,352.7,19.62,22.03,1530.1,2161.5,834.2,3211.0
LV,L,2019,358.1,21.19,23.99,1797.6,2193.1,777.5,3336.0
LV,L,2020,383.9,18.86,23.21,1762.0,2224.0,699.5,3338.5
LV,M,2012,429.6,26.05,31.32,136.8,839.5,285.9,1693.7
LV,M,2013,459.2,28.19,36.35,133.7,846.1,257.4,1710.5
LV,M,2014,500.9,29.3,38.65,176.6,898.2,259.4,1579.4
LV,M,2015,560.1,30.8,40.57,186.1,962.1,254.5,1652.0
LV,M,2016,586.0,32.55,42.37,170.6,1031.4,293.0,1664.5
LV,M,2017,636.7,33.99,42.69,167.1,1104.7,306.5,1808.3
LV,M,2018,709.3,35.88,42.39,187.6,1169.4,291.7,1985.0
LV,M,2019,762.7,30.88,37.33,219.4,1227.8,289.2,2102.0
LV,M,2020,815.1,24.98,36.54,258.4,1308.7,302.2,2208.2
LV,N,2012,281.5,32.34,34.06,113.9,539.0,164.5,1170.6
LV,N,2013,304.1,31.97,34.31,88.9,593.2,188.9,1254.6
LV,N,2014,330.6,29.21,31.65,68.0,589.6,161.2,1232.8
LV,N,2015,370.8,28.85,32.12,82.9,609.8,138.3,1278.9
LV,N,2016,412.2,28.48,30.87,82.6,643.7,131.8,1254.1
LV,N,2017,444.2,30.32,32.36,112.3,706.0,154.3,1364.4
LV,N,2018,472.6,31.0,33.61,202.4,801.6,194.7,1550.8
LV,N,2019,532.0,30.07,33.48,294.4,823.5,159.7,1622.0
LV,N,2020,539.9,30.31,33.16,3.3,779.8,99.5,1344.2
NL,B,2012,1072.0,9.0,10.0,2850.0,21691.0,18738.0,26378.0
NL,B,2013,1158.0,10.0,10.0,2575.0,22612.0,19507.0,27913.0
NL,B,2014,1284.0,11.0,11.0,3270.0,17022.0,13727.0,23176.0
NL,B,2015,1327.0,11.0,11.0,2642.0,12746.0,9343.0,18990.0
NL,B,2016,1260.0,10.0,10.0,2273.0,8128.0,4718.0,13565.0
NL,B,2017,977.0,9.0,9.0,1760.0,7710.0,4551.0,11904.0
NL,B,2018,977.0,8.0,8.0,910.0,7519.0,4293.0,11530.0
NL,B,2019,935.0,8.0,8.0,2142.0,5927.0,2726.0,9583.0
NL,B,2020,999.0,8.0,8.0,561.0,3165.0,-41.0,6946.0
NL,C,2012,34912.0,633.0,677.0,12676.0,66223.0,18105.0,300751.0
NL,C,2013,35170.0,624.0,668.0,12153.0,64215.0,15854.0,297612.0
NL,C,2014,36363.0,617.0,662.0,12797.0,65571.0,15812.0,298951.0
NL,C,2015,36311.0,619.0,665.0,13613.0,70958.0,21193.0,304667.0
NL,C,2016,37808.0,628.0,674.0,15226.0,73940.0,22771.0,304514.0
NL,C,2017,39038.0,639.0,685.0,15476.0,79216.0,26618.0,329713.0
NL,C,2018,40951.0,657.0,704.0,17136.0,83919.0,28975.0,356347.0
NL,C,2019,43136.0,676.0,723.0,17512.0,86468.0,28855.0,354148.0
NL,C,2020,44613.0,677.0,725.0,16242.0,85598.0,27699.0,328849.0
NL,D,2012,1946.0,25.0,26.0,5482.0,8203.0,3069.0,19260.0
NL,D,2013,2093.0,26.0,27.0,5650.0,7963.0,2534.0,19030.0
NL,D,2014,2055.0,25.0,26.0,6436.0,7424.0,1842.0,18379.0
NL,D,2015,1998.0,26.0,26.0,6071.0,7708.0,2044.0,17695.0
NL,D,2016,1995.0,25.0,26.0,5840.0,7735.0,1853.0,16386.0
NL,D,2017,2046.0,25.0,26.0,4993.0,7406.0,1332.0,16617.0
NL,D,2018,2129.0,26.0,27.0,6538.0,8019.0,1523.0,17612.0
NL,D,2019,2238.0,26.0,27.0,6374.0,9129.0,2026.0,18465.0
NL,D,2020,2306.0,27.0,28.0,7944.0,10178.0,2843.0,18573.0
NL,E,2012,1804.0,32.0,32.0,1235.0,3888.0,755.0,9565.0
NL,E,2013,1819.0,32.0,32.0,1052.0,3987.0,852.0,9790.0
NL,E,2014,1832.0,32.0,32.0,1195.0,4149.0,1020.0,10080.0
NL,E,2015,1806.0,31.0,32.0,1230.0,4220.0,1154.0,10203.0
NL,E,2016,1856.0,32.0,33.0,1379.0,4188.0,1055.0,10292.0
NL,E,2017,1926.0,33.0,34.0,1316.0,4257.0,1038.0,10767.0
NL,E,2018,2060.0,34.0,35.0,1541.0,4302.0,931.0,11269.0
NL,E,2019,2158.0,35.0,36.0,1562.0,4225.0,712.0,11604.0
NL,E,2020,2214.0,35.0,36.0,1471.0,4290.0,735.0,11452.0
NL,F,2012,18485.0,346.0,498.0,2274.0,27183.0,6303.0,84528.0
NL,F,2013,17065.0,316.0,466.0,2387.0,25598.0,6101.0,79645.0
NL,F,2014,16475.0,298.0,454.0,2342.0,25828.0,6893.0,80975.0
NL,F,2015,16044.0,292.0,448.0,2580.0,26128.0,7597.0,84872.0
NL,F,2016,16367.0,291.0,452.0,2882.0,28180.0,9297.0,92672.0
NL,F,2017,16973.0,300.0,467.0,3334.0,29966.0,10456.0,98743.0
NL,F,2018,18008.0,310.0,489.0,3918.0,32629.0,11977.0,109261.0
NL,F,2019,19052.0,321.0,514.0,4230.0,36247.0,14428.0,118281.0
NL,F,2020,19923.0,327.0,525.0,4075.0,38666.0,16808.0,122952.0
NL,G,2012,41498.0,1243.0,1411.0,6955.0,75664.0,26228.0,135950.0
NL,G,2013,41368.0,1227.0,1391.0,7838.0,78857.0,29388.0,140639.0
NL,G,2014,41653.0,1226.0,1394.0,7837.0,79917.0,30057.0,143928.0
NL,G,2015,42405.0,1240.0,1408.0,8182.0,83548.0,32853.0,152787.0
NL,G,2016,43798.0,1260.0,1427.0,8307.0,86726.0,34590.0,158448.0
NL,G,2017,45431.0,1290.0,1455.0,9090.0,90625.0,36810.0,167693.0
NL,G,2018,47807.0,1323.0,1485.0,9254.0,95182.0,38740.0,175713.0
NL,G,2019,50195.0,1345.0,1505.0,10196.0,102275.0,43015.0,186167.0
NL,G,2020,51581.0,1350.0,1511.0,10162.0,103442.0,44484.0,185710.0
NL,H,2012,16818.0,358.0,390.0,6700.0,26418.0,4814.0,69307.0
NL,H,2013,16946.0,354.0,386.0,6470.0,27247.0,5150.0,70686.0
NL,H,2014,16780.0,348.0,382.0,6070.0,28688.0,6647.0,73442.0
NL,H,2015,17059.0,348.0,381.0,8136.0,30824.0,8220.0,76507.0
NL,H,2016,17752.0,350.0,384.0,8687.0,31135.0,7841.0,76622.0
NL,H,2017,18133.0,355.0,390.0,9822.0,32437.0,8530.0,80947.0
NL,H,2018,19336.0,369.0,404.0,7788.0,33015.0,7698.0,84896.0
NL,H,2019,20422.0,376.0,414.0,9464.0,34710.0,8005.0,88621.0
NL,H,2020,20423.0,370.0,408.0,7001.0,30329.0,5923.0,80255.0
NL,I,2012,5635.0,305.0,369.0,808.0,9884.0,3239.0,20744.0
NL,I,2013,5754.0,308.0,370.0,804.0,10143.0,3379.0,21188.0
NL,I,2014,6044.0,319.0,383.0,788.0,10897.0,3828.0,22372.0
NL,I,2015,6320.0,334.0,399.0,871.0,11885.0,4532.0,24095.0
NL,I,2016,6768.0,349.0,415.0,1032.0,12918.0,5120.0,25876.0
NL,I,2017,7193.0,366.0,431.0,1329.0,13761.0,5563.0,27753.0
NL,I,2018,7804.0,383.0,450.0,1252.0,14864.0,6032.0,29855.0
NL,I,2019,8353.0,398.0,465.0,1346.0,15456.0,6010.0,31266.0
NL,I,2020,7843.0,359.0,423.0,1066.0,8766.0,2414.0,20993.0
NL,J,2012,14658.0,225.0,261.0,5554.0,27633.0,7433.0,52063.0
NL,J,2013,14545.0,220.0,257.0,5840.0,27602.0,7391.0,52002.0
NL,J,2014,14700.0,223.0,262.0,6255.0,27924.0,7506.0,54117.0
NL,J,2015,15427.0,229.0,270.0,6302.0,28817.0,7618.0,61319.0
NL,J,2016,16278.0,238.0,279.0,6874.0,30005.0,7921.0,66351.0
NL,J,2017,17290.0,251.0,293.0,7075.0,31006.0,7732.0,73408.0
NL,J,2018,18551.0,261.0,305.0,7166.0,32358.0,7581.0,79622.0
NL,J,2019,20065.0,272.0,317.0,8470.0,34452.0,8325.0,86620.0
NL,J,2020,21038.0,280.0,326.0,9360.0,36960.0,10038.0,89049.0
NL,L,2012,3654.0,66.0,76.0,28029.0,31700.0,180.0,73718.0
NL,L,2013,3587.0,63.0,74.0,24951.0,33630.0,1635.0,75179.0
NL,L,2014,3537.0,63.0,73.0,26460.0,35816.0,2984.0,77928.0
NL,L,2015,3471.0,62.0,73.0,29963.0,36277.0,3977.0,80626.0
NL,L,2016,3505.0,63.0,74.0,36364.0,37535.0,4550.0,82341.0
NL,L,2017,3587.0,64.0,75.0,40322.0,41501.0,7665.0,84610.0
NL,L,2018,3761.0,64.0,75.0,45287.0,45337.0,9340.0,88091.0
NL,L,2019,3942.0,66.0,76.0,49868.0,46104.0,8251.0,91215.0
NL,L,2020,4115.0,67.0,76.0,53396.0,47533.0,7048.0,93433.0
NL,M,2012,32265.0,495.0,700.0,3788.0,49397.0,14009.0,96035.0
NL,M,2013,32258.0,484.0,688.0,4280.0,49251.0,13490.0,97379.0
NL,M,2014,32947.0,488.0,696.0,4030.0,51591.0,15003.0,101726.0
NL,M,2015,32640.0,498.0,705.0,4403.0,54992.0,18753.0,106986.0
NL,M,2016,33943.0,515.0,721.0,4676.0,56939.0,19363.0,110556.0
NL,M,2017,35171.0,523.0,728.0,5105.0,59523.0,20560.0,117086.0
NL,M,2018,36899.0,542.0,748.0,5879.0,62456.0,21583.0,128372.0
NL,M,2019,39029.0,557.0,765.0,6462.0,65436.0,22185.0,136495.0
NL,M,2020,40592.0,568.0,772.0,6467.0,67882.0,23670.0,139334.0
NL,N,2012,21293.0,742.0,997.0,4964.0,34014.0,7758.0,55782.0
NL,N,2013,21539.0,742.0,1000.0,7452.0,34960.0,7917.0,56955.0
NL,N,2014,22680.0,765.0,1026.0,2319.0,36930.0,8390.0,61055.0
NL,N,2015,24654.0,824.0,1086.0,28087.0,40896.0,10279.0,67684.0
NL,N,2016,26735.0,877.0,1141.0,5490.0,45813.0,12607.0,75176.0
NL,N,2017,29054.0,943.0,1210.0,6771.0,49575.0,13952.0,82466.0
NL,N,2018,31770.0,991.0,1262.0,6794.0,53597.0,14695.0,90128.0
NL,N,2019,32845.0,993.0,1270.0,9161.0,58358.0,17787.0,96912.0
NL,N,2020,30896.0,883.0,1164.0,7124.0,49586.0,12274.0,82062.0
NO,B,2012,9616.3,67.0,67.0,25719.9,93815.2,68974.1,112358.2
NO,B,2013,10310.2,71.0,72.0,28671.7,88294.7,61896.1,107889.0
NO,B,2014,10023.9,73.0,73.0,27189.1,77238.5,49714.6,96869.4
NO,B,2015,8854.3,67.0,67.0,22688.8,59261.3,32639.8,76001.5
NO,B,2016,7679.2,59.0,59.0,18008.4,45752.5,20940.6,60219.9
NO,B,2017,7316.8,57.0,57.0,16394.1,56237.2,32732.2,68347.3
NO,B,2018,7474.1,57.0,57.0,16157.1,67567.7,44110.4,81318.3
NO,B,2019,8038.4,61.0,61.0,18706.4,54647.5,30591.3,69294.5
NO,B,2020,7635.6,63.0,64.0,17469.2,38918.3,15364.3,52436.4
NO,C,2012,18103.8,229.0,234.0,4173.9,27144.0,4073.5,100850.4
NO,C,2013,18232.2,232.0,236.0,3880.3,26908.9,3747.7,100186.4
NO,C,2014,17705.9,233.0,237.0,3933.7,26346.8,3911.0,97587.0
NO,C,2015,16363.2,226.0,230.0,3376.6,24801.2,4036.4,89936.9
NO,C,2016,15343.7,216.0,220.0,3906.6,22659.0,3117.3,80308.8
NO,C,2017,15227.4,213.0,216.0,3949.8,23481.1,3926.8,84265.7
NO,C,2018,15340.1,216.0,219.0,4055.1,23156.2,3436.8,88501.1
NO,C,2019,15857.2,221.0,224.0,5026.5,23287.5,3008.5,89341.3
NO,C,2020,14323.8,216.0,219.0,3972.7,21608.6,3154.7,80470.6
NO,D,2012,1592.6,15.0,15.0,2469.7,7183.7,3664.3,9352.1
NO,D,2013,1599.9,15.0,15.0,2533.6,7184.9,3623.4,9236.7
NO,D,2014,1594.1,15.0,15.0,2596.4,6646.2,3039.5,8556.8
NO,D,2015,1572.7,16.0,16.0,2478.2,5916.1,2383.6,7612.7
NO,D,2016,1579.7,16.0,16.0,2818.4,6478.6,2910.4,8345.7
NO,D,2017,1624.9,16.0,16.0,3096.2,6891.3,3166.8,8761.4
NO,D,2018,1632.2,16.0,16.0,3623.5,8579.3,4754.9,10576.8
NO,D,2019,1675.5,16.0,16.0,3645.6,7921.8,3949.2,9919.0
NO,D,2020,1568.4,17.0,17.0,3568.3,4942.9,1064.6,6688.7
NO,E,2012,1015.2,14.0,14.0,1288.7,2085.6,178.3,5487.4
NO,E,2013,1045.6,14.0,14.0,1133.1,2018.9,79.9,5413.9
NO,E,2014,1039.2,15.0,15.0,1396.9,1997.9,105.1,5303.6
NO,E,2015,1027.5,15.0,15.0,1419.2,2015.4,139.4,5281.7
NO,E,2016,1060.2,16.0,16.0,1522.1,1987.2,50.5,5412.7
NO,E,2017,1115.7,16.0,16.0,1467.5,2216.1,168.5,5804.4
NO,E,2018,1155.2,17.0,17.0,1606.6,2206.0,97.1,6042.0
NO,E,2019,1195.7,17.0,17.0,1776.7,2268.5,103.8,6215.0
NO,E,2020,1164.7,18.0,18.0,1695.9,2230.9,111.3,6102.2
NO,F,2012,12748.1,179.0,200.0,2291.6,20246.0,6486.5,54631.8
NO,F,2013,13100.4,186.0,206.0,1869.4,20129.9,5950.0,54628.5
NO,F,2014,12896.2,191.0,211.0,1689.1,19822.1,5866.3,53912.7
NO,F,2015,12689.1,196.0,216.0,1887.0,19391.8,5715.5,52658.7
NO,F,2016,12909.7,202.0,222.0,1927.9,19354.3,5403.0,54044.5
NO,F,2017,13849.5,213.0,232.0,2072.2,20528.8,5605.9,57230.8
NO,F,2018,14421.3,222.0,240.0,2717.0,20955.5,5372.0,59495.5
NO,F,2019,15034.9,231.0,248.0,2774.1,21491.2,5228.1,60657.7
NO,F,2020,14072.3,231.0,247.0,2174.0,19699.7,4406.8,55283.4
NO,G,2012,19486.7,349.0,358.0,1696.3,25496.1,3753.7,49328.2
NO,G,2013,19448.8,350.0,358.0,1902.7,24342.3,2759.6,47525.3
NO,G,2014,18600.1,354.0,362.0,1847.3,24488.5,3775.5,46334.3
NO,G,2015,17975.4,357.0,365.0,1589.1,23550.9,3569.8,44044.3
NO,G,2016,17746.8,357.0,364.0,1882.0,23766.7,4101.0,44155.6
NO,G,2017,18301.7,359.0,366.0,2219.5,24280.5,3866.2,45089.2
NO,G,2018,18304.9,359.0,366.0,2364.5,25290.0,4663.7,45662.2
NO,G,2019,18411.3,358.0,364.0,2428.4,25511.3,4581.4,46229.6
NO,G,2020,16903.9,352.0,357.0,2443.2,25314.6,5931.1,43142.5
NO,H,2012,10241.6,150.0,162.0,4160.6,19886.3,5578.5,46867.9
NO,H,2013,10281.2,151.0,162.0,3209.7,21132.4,6965.3,47757.7
NO,H,2014,9368.4,143.0,154.0,2510.4,20224.3,7282.7,48261.3
NO,H,2015,9040.7,143.0,154.0,1979.9,19305.4,6796.2,46767.2
NO,H,2016,8746.5,142.0,153.0,2730.5,17498.3,5644.4,43002.4
NO,H,2017,8642.9,139.0,150.0,2198.8,17131.3,5227.7,43894.8
NO,H,2018,8816.0,140.0,151.0,2963.4,15482.6,3671.9,44968.0
NO,H,2019,8995.6,141.0,151.0,5338.0,15962.2,3972.9,45942.3
NO,H,2020,7902.0,134.0,143.0,3849.0,10775.9,674.2,35145.7
NO,I,2012,3151.3,81.0,84.0,295.8,4477.3,961.2,9624.5
NO,I,2013,3224.0,84.0,86.0,284.4,4533.8,948.2,9706.5
NO,I,2014,3207.9,88.0,90.0,309.2,4462.9,899.5,9485.2
NO,I,2015,3164.4,90.0,93.0,243.7,4392.9,863.1,9422.9
NO,I,2016,3181.0,94.0,96.0,275.7,4461.6,912.9,9530.5
NO,I,2017,3330.1,99.0,101.0,347.4,4690.7,964.4,10001.9
NO,I,2018,3450.6,101.0,103.0,357.0,4653.6,765.8,10011.7
NO,I,2019,3617.6,104.0,105.0,363.6,4848.1,769.3,10395.6
NO,I,2020,2680.5,92.0,93.0,291.8,2840.5,-278.5,7048.2
NO,J,2012,8342.1,85.0,89.0,2535.4,14017.2,3417.1,27735.5
NO,J,2013,8339.1,87.0,90.0,2652.7,14034.0,3511.0,27638.8
NO,J,2014,8210.4,89.0,92.0,2340.2,13400.5,3032.7,27271.6
NO,J,2015,8015.3,90.0,93.0,2479.2,12925.5,2869.0,26386.9
NO,J,2016,7851.4,90.0,93.0,2601.3,12808.8,2929.6,25660.5
NO,J,2017,8170.4,91.0,94.0,3257.7,13261.2,2948.4,26952.9
NO,J,2018,8395.3,94.0,97.0,3712.0,14076.0,3142.7,27988.4
NO,J,2019,8823.3,99.0,102.0,3605.2,15088.1,3327.3,29456.8
NO,J,2020,8208.8,98.0,101.0,4262.6,14136.0,3024.4,27886.3
NO,L,2012,1938.4,23.0,26.0,23616.0,29019.3,15201.8,44691.0
NO,L,2013,1912.2,23.0,26.0,23996.6,29672.7,15548.6,46219.5
NO,L,2014,1870.9,23.0,26.0,23435.2,30006.7,15892.7,45922.1
NO,L,2015,1857.1,24.0,27.0,23134.4,31014.2,16628.5,46380.6
NO,L,2016,1865.9,24.0,27.0,24567.3,31853.8,17062.0,47666.2
NO,L,2017,1956.7,25.0,28.0,26776.3,33009.0,17134.2,49842.9
NO,L,2018,1995.4,26.0,28.0,24649.5,33783.3,17253.0,51257.1
NO,L,2019,1985.2,25.0,28.0,24646.0,35874.0,18833.2,52852.7
NO,L,2020,1945.6,26.0,28.0,22226.6,32848.0,16322.1,51367.7
NO,M,2012,10250.3,113.0,127.0,1748.6,15572.4,4078.3,29314.7
NO,M,2013,10589.9,116.0,130.0,1893.1,16062.9,4258.4,29916.6
NO,M,2014,10373.7,119.0,132.0,1801.4,15657.3,4024.5,28828.6
NO,M,2015,10004.6,120.0,133.0,1744.2,14332.8,3092.3,26239.6
NO,M,2016,9544.8,118.0,131.0,1814.5,13415.0,2558.3,24858.5
NO,M,2017,9761.2,120.0,133.0,2270.6,14072.6,2889.9,26131.1
NO,M,2018,10212.0,125.0,138.0,1971.7,15048.2,3238.6,27943.0
NO,M,2019,10719.6,131.0,143.0,1945.3,16466.9,4071.5,30121.2
NO,M,2020,9932.4,130.0,143.0,2213.4,15289.7,3815.0,27084.6
NO,N,2012,6594.2,117.0,121.0,963.9,9891.1,2322.4,20056.9
NO,N,2013,6613.7,117.0,122.0,854.1,9912.0,2347.7,19917.9
NO,N,2014,6392.4,118.0,123.0,801.9,9641.5,2306.7,19371.7
NO,N,2015,5901.9,114.0,119.0,652.0,8731.0,1899.4,17896.1
NO,N,2016,5706.0,115.0,119.0,2136.2,8556.9,1948.4,17557.0
NO,N,2017,6054.8,121.0,125.0,1147.0,9130.4,2014.4,18069.8
NO,N,2018,6440.9,128.0,132.0,1639.3,9894.0,2332.1,18926.3
NO,N,2019,6802.2,132.0,136.0,1367.9,10087.3,2008.6,19604.1
NO,N,2020,5761.6,122.0,126.0,1042.9,8927.6,1925.7,16084.0
PL,B,2012,4628.0,247.2,247.4,1889.7,8733.0,2784.4,15156.4
PL,B,2013,4313.0,265.1,265.5,1859.0,7617.9,1905.9,13267.7
PL,B,2014,4372.5,264.5,264.5,2087.8,6639.3,683.5,12328.2
PL,B,2015,3693.0,229.1,229.6,1502.6,6650.7,1232.8,11802.3
PL,B,2016,3319.6,226.9,227.2,1502.1,6209.7,1318.5,11051.8
PL,B,2017,3648.8,206.9,207.4,1650.7,7568.2,2207.9,12800.3
PL,B,2018,4009.4,191.1,192.6,1768.6,7594.7,1945.6,13142.1
PL,B,2019,4251.0,219.4,219.9,1978.5,7643.6,1619.5,13404.9
PL,B,2020,4024.8,213.7,214.2,1751.5,6880.0,1044.6,12250.1
PL,C,2012,28803.3,2712.8,2878.8,12225.2,64182.9,26049.7,254758.3
PL,C,2013,29533.5,2750.7,2941.0,12725.4,60704.5,21188.6,253496.6
PL,C,2014,31727.6,2806.0,3004.8,15052.2,69105.9,27472.0,262965.4
PL,C,2015,33609.1,2894.8,3093.7,17125.3,76417.4,32224.4,274984.6
PL,C,2016,35504.2,3056.4,3260.3,17614.8,78155.5,30825.1,275777.4
PL,C,2017,39543.3,3191.2,3405.2,18057.6,79206.7,27514.2,306518.9
PL,C,2018,42310.7,3238.1,3456.5,19827.8,83076.9,27192.8,325783.2
PL,C,2019,46064.3,3237.9,3450.7,22069.3,89709.4,28659.5,339634.9
PL,C,2020,45369.8,3122.5,3343.8,19639.4,86200.5,28273.2,319268.5
PL,D,2012,3536.2,163.6,164.4,4639.0,11539.2,3095.6,27367.1
PL,D,2013,3331.0,164.4,168.5,4896.5,12153.7,3529.2,27575.0
PL,D,2014,3279.6,177.2,181.7,5532.1,11965.7,3154.4,26007.0
PL,D,2015,3174.6,172.7,175.3,7291.4,12396.5,3390.7,28410.6
PL,D,2016,2918.3,170.0,173.8,5457.9,11740.0,2851.3,24214.1
PL,D,2017,3147.5,157.0,159.1,5109.5,11711.5,1746.8,26367.2
PL,D,2018,3198.2,154.3,156.2,5193.9,11995.3,1527.6,26293.3
PL,D,2019,3503.1,161.3,163.8,5909.3,12468.6,1182.1,26501.8
PL,D,2020,3463.0,172.0,177.3,5424.5,14571.9,2684.2,26017.6
PL,E,2012,1795.1,157.4,164.2,2708.4,4001.5,799.1,8056.3
PL,E,2013,1848.0,155.6,161.6,2455.5,4119.6,811.4,8189.4
PL,E,2014,1983.4,165.7,169.8,2736.7,4404.8,899.3,8787.4
PL,E,2015,2034.4,171.2,177.7,3168.9,4726.9,1076.9,9343.5
PL,E,2016,2083.8,165.3,171.9,1405.6,4836.1,1156.3,9507.5
PL,E,2017,2306.8,156.5,165.1,1420.2,5216.8,1239.8,10583.0
PL,E,2018,2429.9,150.6,158.6,2310.9,5601.1,1371.6,11004.6
PL,E,2019,2640.8,184.9,189.0,2718.5,5883.7,1273.7,12169.6
PL,E,2020,2739.4,190.9,194.7,2334.9,6413.0,1774.0,13208.2
PL,F,2012,10403.4,940.8,1211.2,2019.0,28726.1,17031.3,80716.9
PL,F,2013,10119.1,868.9,1144.1,2148.9,27294.8,15918.3,78002.9
PL,F,2014,10424.7,869.7,1134.2,2827.5,30233.5,18448.5,82170.5
PL,F,2015,10918.7,900.5,1156.3,2830.0,33852.9,21531.5,86780.2
PL,F,2016,11000.6,882.3,1170.8,3076.0,30236.5,17799.3,82078.3
PL,F,2017,11435.5,863.4,1169.0,2826.9,31431.8,18756.4,84929.1
PL,F,2018,11562.6,885.6,1198.1,4300.1,37179.6,24337.0,97487.0
PL,F,2019,12648.5,934.3,1277.2,5700.6,39530.4,25478.9,106713.7
PL,F,2020,12584.3,942.3,1306.3,5864.1,37861.4,25751.3,103817.9
PL,G,2012,17887.3,1757.4,2267.5,6345.3,62349.5,41460.8,98080.1
PL,G,2013,18055.0,1722.7,2220.6,6016.4,63390.4,42077.7,100743.5
PL,G,2014,19181.9,1796.7,2296.2,6573.1,58770.4,36184.1,99604.7
PL,G,2015,20408.2,1870.0,2337.7,7393.2,62652.7,38535.4,106365.0
PL,G,2016,21077.9,1908.6,2359.9,7097.8,60567.9,35806.5,105697.0
PL,G,2017,23303.0,1891.1,2336.2,7563.3,67837.0,40362.7,115943.4
PL,G,2018,26670.9,1878.7,2301.5,8514.6,70755.4,39645.0,120181.4
PL,G,2019,28770.0,1927.7,2371.4,8823.5,74570.7,40965.9,133422.1
PL,G,2020,29242.0,1882.8,2296.1,8021.6,73436.6,42512.3,129516.1
PL,H,2012,8243.8,743.7,882.6,12123.9,21470.8,7915.3,50126.4
PL,H,2013,8218.5,775.0,909.6,10220.8,22032.9,8097.7,52164.6
PL,H,2014,8889.7,782.8,908.9,10619.7,23618.0,8566.1,56449.1
PL,H,2015,9284.0,791.6,929.9,12166.8,25489.1,9657.3,59203.7
PL,H,2016,9477.4,812.8,960.9,10025.0,25170.3,9008.8,60837.0
PL,H,2017,10891.0,855.9,1008.0,10470.8,28660.3,10609.8,68558.6
PL,H,2018,12385.1,883.1,1034.8,14188.0,32726.7,12458.8,77385.4
PL,H,2019,13498.2,920.8,1062.9,14497.9,34091.4,11961.6,84808.3
PL,H,2020,13961.5,980.3,1121.3,13828.7,31578.2,9921.4,81231.2
PL,I,2012,1867.5,293.7,344.9,790.0,3834.9,1545.4,8881.4
PL,I,2013,1922.1,281.1,330.5,627.3,3706.7,1343.7,9501.8
PL,I,2014,2063.9,286.4,334.1,710.5,4692.5,2164.0,10330.5
PL,I,2015,2109.9,288.8,340.6,710.5,4831.9,2251.6,10663.9
PL,I,2016,2160.3,316.5,377.0,675.0,4714.0,2069.6,11502.1
PL,I,2017,2538.9,328.7,387.0,646.5,6065.8,3066.7,13318.8
PL,I,2018,2762.4,345.6,410.0,804.2,6194.8,2973.1,13919.0
PL,I,2019,3248.3,359.3,423.8,879.3,7016.5,3267.9,15935.9
PL,I,2020,2848.5,317.5,375.7,768.6,5251.2,2592.4,11458.7
PL,J,2012,4681.3,264.5,315.4,2761.2,12231.7,4375.0,26962.0
PL,J,2013,4959.1,276.4,332.8,2855.5,12360.7,4054.3,27024.9
PL,J,2014,4955.7,295.3,360.1,2957.0,13400.3,5024.5,28427.5
PL,J,2015,5692.7,304.6,374.6,2837.6,14677.9,5217.6,31208.1
PL,J,2016,6117.8,287.5,366.2,2619.9,14783.9,4897.8,31687.8
PL,J,2017,7064.1,301.5,385.9,3642.0,16327.7,5438.8,35520.1
PL,J,2018,7939.0,319.7,419.1,3581.6,17768.4,5871.6,38217.8
PL,J,2019,8546.6,362.2,473.8,3821.4,19385.9,6688.2,40782.3
PL,J,2020,8862.9,373.2,490.9,3701.8,20720.9,8119.7,42237.5
PL,L,2012,2009.9,130.2,146.8,12743.1,20233.0,13996.2,32043.4
PL,L,2013,1952.8,123.8,142.8,12579.9,20061.9,13813.5,32377.4
PL,L,2014,2096.6,135.9,160.5,14081.0,21211.0,14630.9,35080.9
PL,L,2015,2205.3,148.3,172.5,12527.2,21841.3,15125.4,36932.7
PL,L,2016,2290.1,139.5,162.4,11583.9,22619.2,16006.1,38882.2
PL,L,2017,2592.7,124.2,146.6,11414.6,23804.1,16644.8,41774.0
PL,L,2018,2786.6,127.0,151.7,11608.4,25039.1,17259.4,43474.6
PL,L,2019,2804.1,130.4,165.8,12897.0,30685.3,22654.3,48375.4
PL,L,2020,2759.6,112.7,148.3,13487.5,30977.0,22973.2,49040.7
PL,M,2012,6076.9,336.5,516.5,1805.6,16695.6,9295.5,30909.5
PL,M,2013,6446.5,340.8,520.6,1652.7,18267.3,10520.3,31868.0
PL,M,2014,6831.7,360.1,557.8,2111.0,19452.5,11218.8,32752.9
PL,M,2015,7202.3,364.2,564.5,2160.8,21954.8,13178.9,36133.7
PL,M,2016,7423.2,366.9,592.8,1862.6,20600.2,11565.8,36532.8
PL,M,2017,8211.7,391.0,622.0,1800.3,23883.7,14070.9,41123.1
PL,M,2018,9262.7,365.9,612.2,1924.0,26223.6,15240.2,46648.1
PL,M,2019,10105.2,425.2,670.1,2185.6,27117.2,15168.9,48417.0
PL,M,2020,10492.0,449.5,701.3,2129.0,27153.0,16073.6,47909.7
PL,N,2012,4136.0,390.2,422.2,802.7,8030.4,3507.8,14896.9
PL,N,2013,4551.3,390.6,420.1,983.0,8144.4,3440.6,15201.0
PL,N,2014,5010.2,411.6,454.5,1111.3,8697.5,3550.9,16382.0
PL,N,2015,5547.0,394.0,438.8,1365.9,9582.0,3656.2,18347.3
PL,N,2016,5955.7,407.7,446.1,1510.8,9917.7,3541.2,18912.5
PL,N,2017,6862.8,426.5,459.4,2009.6,11917.3,4620.4,22295.5
PL,N,2018,7298.6,410.5,453.0,2543.0,12876.9,4898.7,26221.3
PL,N,2019,7707.6,407.5,457.7,2929.8,15071.0,6491.5,28777.9
PL,N,2020,7753.3,398.2,443.7,2322.1,14590.6,6370.9,25332.2
PT,B,2012,229.7,11.41,12.79,135.3,635.7,258.1,1277.0
PT,B,2013,214.7,10.61,11.92,149.5,569.9,200.7,1162.4
PT,B,2014,218.6,10.47,11.67,168.0,529.7,158.8,1113.1
PT,B,2015,222.4,10.37,11.52,132.1,500.5,127.5,1116.4
PT,B,2016,215.0,10.11,11.28,120.5,533.4,173.5,1121.1
PT,B,2017,230.3,10.14,11.38,200.4,603.9,233.6,1239.9
PT,B,2018,255.3,10.17,11.42,302.8,593.1,191.6,1344.7
PT,B,2019,251.0,9.75,10.95,343.8,561.6,148.8,1308.2
PT,B,2020,253.9,9.76,10.96,239.0,524.8,95.3,1220.4
PT,C,2012,10933.7,644.74,685.16,3800.7,19171.8,4592.3,78932.8
PT,C,2013,10833.8,633.35,672.36,3612.5,19739.0,5198.5,79655.0
PT,C,2014,11180.2,648.36,686.92,4134.7,20507.9,5618.4,80534.0
PT,C,2015,11632.2,670.65,708.57,4256.5,21978.0,6495.5,82229.2
PT,C,2016,11982.5,678.38,714.95,5160.7,22819.6,6909.4,82201.1
PT,C,2017,12746.7,697.87,735.6,6115.1,24303.6,7481.9,90340.1
PT,C,2018,13722.4,717.03,756.42,6588.4,25260.1,7078.1,96263.9
PT,C,2019,14267.7,710.1,748.96,6397.0,25605.3,6532.1,97055.1
PT,C,2020,14026.2,689.38,725.16,6291.9,24304.9,5765.7,86894.6
PT,D,2012,464.5,8.36,8.47,1686.9,3391.5,1678.1,14410.3
PT,D,2013,445.1,7.96,8.09,1800.0,3384.0,1755.8,14293.7
PT,D,2014,422.2,7.73,7.88,1497.7,3790.1,2014.5,13989.1
PT,D,2015,419.7,8.21,8.62,1451.9,4553.2,2819.2,14699.9
PT,D,2016,424.2,8.52,8.52,1272.9,4650.7,2727.4,14980.2
PT,D,2017,440.0,8.66,8.66,1243.4,4121.0,2267.8,15658.2
PT,D,2018,449.8,9.16,9.16,1299.0,4660.1,2697.6,16138.4
PT,D,2019,466.6,8.94,8.94,1362.2,4426.8,2377.9,15646.5
PT,D,2020,483.5,8.92,8.92,1389.9,3959.1,1754.6,14446.4
PT,E,2012,714.7,40.45,40.78,871.8,1795.6,605.3,4150.4
PT,E,2013,758.2,39.89,40.23,703.3,1763.0,524.1,4002.0
PT,E,2014,725.8,39.23,39.59,729.5,1747.4,539.0,3875.7
PT,E,2015,749.8,39.75,40.09,588.9,1720.1,480.4,3997.7
PT,E,2016,757.4,40.59,40.97,469.2,1720.2,458.0,3986.9
PT,E,2017,802.7,41.88,42.21,586.3,1685.5,389.8,4307.6
PT,E,2018,815.5,41.54,41.92,609.2,1678.4,364.4,4350.3
PT,E,2019,881.6,42.25,42.58,808.6,1763.4,378.8,4484.4
PT,E,2020,917.4,43.7,44.0,803.2,1848.3,434.0,4549.9
PT,F,2012,4629.4,279.61,318.34,750.8,7173.9,1555.3,20768.4
PT,F,2013,4180.7,249.99,286.42,665.9,6773.0,1614.5,18290.0
PT,F,2014,3916.7,239.16,274.61,690.3,6304.4,1461.3,16884.4
PT,F,2015,4012.1,241.78,278.23,640.0,6398.1,1479.8,17021.2
PT,F,2016,4138.4,247.83,285.54,545.0,6523.8,1461.6,16812.6
PT,F,2017,4393.2,259.62,299.35,728.4,6920.3,1623.4,18784.0
PT,F,2018,4769.6,270.66,313.83,898.7,7541.1,1851.8,20712.4
PT,F,2019,5299.4,281.83,327.71,1072.2,8151.7,1899.0,22798.7
PT,F,2020,5504.7,286.35,333.68,1161.4,8352.2,1921.8,23436.2
PT,G,2012,10562.4,618.68,685.13,1518.9,21635.3,9171.1,35071.3
PT,G,2013,10248.4,596.67,661.93,1566.2,22266.2,10140.4,34953.0
PT,G,2014,10600.2,627.93,696.33,1930.4,22431.1,10003.9,36105.6
PT,G,2015,11120.0,644.54,715.08,2019.6,23004.4,10015.2,37375.8
PT,G,2016,11463.4,654.03,726.28,2294.1,23554.9,10131.8,38482.0
PT,G,2017,12023.0,663.89,736.28,2424.1,23541.3,9489.0,39716.2
PT,G,2018,12681.2,669.3,747.13,2576.1,23863.8,9003.3,40820.1
PT,G,2019,13442.2,662.58,754.14,3196.3,24675.1,8924.8,42454.0
PT,G,2020,13398.0,636.32,719.9,3007.4,23154.7,7823.8,40254.1
PT,H,2012,3750.5,154.51,160.18,1446.9,6951.1,1011.6,17494.2
PT,H,2013,3839.1,151.9,157.33,1430.7,7211.2,1206.7,17690.4
PT,H,2014,3913.0,153.86,159.63,1343.1,7152.2,1089.4,17899.6
PT,H,2015,4076.4,158.7,164.24,1868.0,7666.6,1452.7,19516.4
PT,H,2016,4206.7,163.18,168.72,1633.9,7768.9,1329.8,19771.7
PT,H,2017,4494.2,168.57,174.56,1997.8,8454.1,1695.2,21357.3
PT,H,2018,4890.2,174.46,182.23,1931.0,8786.0,1571.7,22459.1
PT,H,2019,5269.5,179.88,190.58,2184.5,9452.0,1769.6,23828.0
PT,H,2020,5011.5,175.76,186.45,2113.2,6989.4,-218.4,18591.9
PT,I,2012,3721.1,227.87,270.33,777.6,7532.5,3052.4,13264.4
PT,I,2013,3537.5,228.42,266.85,629.5,7471.3,3159.7,13188.9
PT,I,2014,3601.4,234.5,277.55,699.6,7718.8,3365.1,13949.3
PT,I,2015,3811.9,245.48,289.06,916.1,8088.0,3509.0,14789.7
PT,I,2016,4230.2,261.27,311.19,1057.9,8739.5,3691.9,15843.1
PT,I,2017,4721.2,286.64,338.36,1365.0,9998.8,4420.5,17861.5
PT,I,2018,5289.5,300.8,363.81,1581.8,10725.2,4500.4,19177.8
PT,I,2019,5613.9,307.69,374.21,1881.4,11315.4,4677.7,20416.7
PT,I,2020,4646.1,277.45,335.43,1552.6,6388.7,1290.1,12608.7
PT,J,2012,2488.1,69.74,73.75,2054.3,5374.5,1163.0,12154.5
PT,J,2013,2623.4,70.75,74.6,2076.9,5197.8,905.0,11684.4
PT,J,2014,2608.3,73.98,78.25,2161.6,5160.8,904.9,11386.6
PT,J,2015,2734.4,80.09,83.97,2267.7,5317.1,886.5,11495.9
PT,J,2016,2804.2,82.26,86.89,2043.6,5660.3,1064.7,12049.1
PT,J,2017,3044.9,89.23,94.05,2450.0,5946.9,1093.2,12691.8
PT,J,2018,3458.2,97.9,102.96,2450.6,6375.7,1017.7,13231.3
PT,J,2019,3945.3,104.97,110.72,2572.9,7140.6,1231.4,14487.0
PT,J,2020,4385.1,111.28,116.88,2727.2,7782.4,1373.6,15324.0
PT,L,2012,425.0,17.11,26.16,5538.5,17376.0,7974.4,19245.4
PT,L,2013,418.2,17.51,26.5,4692.4,18578.3,9185.6,19952.7
PT,L,2014,435.0,19.11,28.56,5438.2,18862.5,9183.3,20789.4
PT,L,2015,462.9,19.27,30.23,5936.3,19100.2,9099.8,21509.7
PT,L,2016,542.8,22.71,35.39,6406.1,20173.9,9699.3,22988.9
PT,L,2017,652.8,28.36,44.07,6960.4,21214.2,9858.2,24483.8
PT,L,2018,745.6,31.31,49.47,8289.8,22163.3,9703.7,25708.5
PT,L,2019,846.2,36.3,57.05,9036.6,23260.5,9987.5,27269.7
PT,L,2020,846.8,37.47,59.8,8514.7,23562.4,9487.2,27561.4
PT,M,2012,3555.4,134.64,172.85,949.7,5296.6,817.8,11228.0
PT,M,2013,3588.2,136.23,174.08,1053.5,5435.3,917.6,11041.9
PT,M,2014,3781.2,146.86,186.87,1190.8,5878.0,1177.2,11852.3
PT,M,2015,3919.5,153.39,194.37,1111.0,5780.5,899.8,12114.5
PT,M,2016,3953.5,159.6,202.81,1187.5,6028.4,1046.2,12647.7
PT,M,2017,4177.7,166.67,213.88,1294.9,6473.7,1255.4,13583.2
PT,M,2018,4641.9,175.29,224.62,1493.4,7255.8,1505.7,14756.0
PT,M,2019,5054.8,186.6,238.64,1675.4,7972.0,1735.3,15872.7
PT,M,2020,5250.3,188.94,243.4,1728.9,8142.7,1758.1,15403.5
PT,N,2012,3197.1,241.52,286.64,460.9,4877.0,840.1,7912.5
PT,N,2013,3201.9,237.29,284.61,449.1,4880.4,915.3,7868.9
PT,N,2014,3389.7,253.16,314.68,686.1,5195.1,1103.4,8205.9
PT,N,2015,3570.0,265.2,331.73,851.9,5422.9,1144.8,8656.3
PT,N,2016,3850.1,278.68,350.74,1214.0,5918.8,1344.9,9382.2
PT,N,2017,4297.3,303.29,385.99,1397.2,6611.2,1462.7,10512.1
PT,N,2018,4709.6,307.15,397.0,1490.8,7149.3,1452.1,11405.5
PT,N,2019,4966.2,298.54,387.33,1611.6,7453.6,1370.8,12010.2
PT,N,2020,4810.4,275.74,362.97,1137.5,6644.3,765.5,10186.6
RO,B,2012,1041.9,79.3,79.3,1021.3,2226.1,-4.3,4296.6
RO,B,2013,1064.6,79.5,79.7,1042.9,1548.8,-631.6,3286.7
RO,B,2014,992.7,74.5,75.6,1460.1,1220.0,-842.0,3063.8
RO,B,2015,1023.8,79.7,79.9,995.8,1478.0,-987.3,2967.3
RO,B,2016,881.4,76.2,76.4,632.8,1119.3,-1034.4,2332.2
RO,B,2017,871.6,70.6,71.2,651.2,1228.3,-947.2,2405.8
RO,B,2018,854.2,71.9,72.0,1217.2,1512.4,-811.0,3006.6
RO,B,2019,904.0,62.0,62.0,1185.5,2015.1,-578.0,3740.1
RO,B,2020,891.1,59.9,60.0,1360.5,1834.0,-538.4,3000.3
RO,C,2012,9346.7,1479.7,1505.7,5430.3,29642.4,14855.1,80953.9
RO,C,2013,9628.6,1484.6,1508.2,4337.8,28894.9,13125.0,84319.5
RO,C,2014,10167.8,1541.7,1570.1,4646.7,32383.7,15413.5,90252.7
RO,C,2015,10860.2,1499.1,1526.5,4968.4,32391.2,14388.2,91210.9
RO,C,2016,12407.4,1538.0,1570.2,4909.0,33707.6,13645.4,91859.1
RO,C,2017,14359.3,1592.9,1625.7,6153.8,36964.4,14652.3,101807.9
RO,C,2018,14976.2,1586.8,1617.4,10342.0,39051.5,15635.5,110947.6
RO,C,2019,15909.2,1558.5,1586.4,6930.7,38509.9,13638.6,111719.4
RO,C,2020,15043.7,1460.1,1485.4,5698.0,34990.8,11157.1,100589.7
RO,D,2012,1385.6,99.6,99.7,3440.4,4328.9,2042.2,15781.2
RO,D,2013,1205.7,90.6,90.6,3884.2,4249.0,2048.7,14803.8
RO,D,2014,1133.0,91.3,91.3,3563.1,4508.7,2336.6,14068.7
RO,D,2015,1020.7,81.6,81.6,3126.5,4660.0,2553.5,14413.3
RO,D,2016,1059.2,80.5,80.6,2459.0,4122.8,1974.1,12859.5
RO,D,2017,1082.7,80.9,80.9,1298.9,4575.1,2504.2,12225.4
RO,D,2018,1190.4,86.1,86.1,2549.1,5255.8,2944.7,14367.7
RO,D,2019,1370.0,85.9,85.9,1192.0,5528.0,2818.4,15500.7
RO,D,2020,1428.3,87.4,87.5,1254.5,5526.1,2776.5,14664.0
RO,E,2012,621.5,83.7,86.0,836.3,1246.0,283.8,3448.8
RO,E,2013,678.6,89.9,91.8,955.5,1330.0,296.2,3528.9
RO,E,2014,651.9,95.2,99.5,1139.8,1317.5,269.6,3545.3
RO,E,2015,696.9,91.2,94.8,1390.2,1366.0,246.1,3096.2
RO,E,2016,758.6,101.9,106.4,1054.8,1402.5,182.3,3025.5
RO,E,2017,845.3,106.8,112.0,720.8,1393.1,32.2,3538.4
RO,E,2018,946.8,108.8,113.4,821.1,1561.7,56.8,3696.0
RO,E,2019,1046.3,117.2,123.3,927.4,1824.5,155.3,4078.2
RO,E,2020,1102.3,109.6,123.4,1092.7,1912.0,212.4,4312.4
RO,F,2012,2915.1,495.4,633.0,4449.0,10517.0,5336.9,30743.9
RO,F,2013,2912.2,481.0,626.1,3192.0,9820.7,4559.9,27801.8
RO,F,2014,2647.0,473.7,634.5,2397.0,9597.4,4563.7,23744.5
RO,F,2015,2963.0,480.3,632.4,2701.2,9492.7,4061.2,27538.2
RO,F,2016,3147.4,504.7,673.9,3828.0,10100.3,4432.3,27915.6
RO,F,2017,3456.3,514.9,695.3,5368.1,10105.7,4176.0,27493.6
RO,F,2018,3942.3,517.2,676.2,3549.4,12225.1,5796.3,31834.2
RO,F,2019,4908.8,549.1,717.5,6453.2,14154.6,6620.3,38362.7
RO,F,2020,5246.6,566.5,737.1,6345.9,14262.6,6446.3,41344.9
RO,G,2012,5685.5,994.7,1069.6,3077.2,12152.1,4568.5,32798.2
RO,G,2013,6058.7,996.6,1062.2,2784.4,8573.2,503.9,29767.2
RO,G,2014,6478.1,1020.8,1090.9,3087.8,10346.0,1642.0,33370.3
RO,G,2015,6894.6,1068.5,1128.1,2792.7,12829.3,3581.8,34218.0
RO,G,2016,8644.6,1093.6,1155.0,3337.1,15226.3,4037.3,37721.3
RO,G,2017,10072.6,1130.6,1188.2,3940.2,17771.3,5107.6,42069.0
RO,G,2018,11247.6,1175.4,1220.7,3767.7,20211.4,6147.7,46174.7
RO,G,2019,12001.6,1201.8,1251.1,4459.7,21297.7,6321.1,47918.3
RO,G,2020,11923.3,1237.5,1281.9,3930.3,24391.6,9572.5,50275.1
RO,H,2012,3015.6,380.1,416.3,2994.2,8693.7,2671.8,20886.7
RO,H,2013,3227.0,408.2,437.4,3970.9,9482.2,2629.2,22530.8
RO,H,2014,3265.8,414.7,443.1,4938.2,9236.7,1878.6,22771.0
RO,H,2015,3393.0,463.9,484.6,5555.5,10337.2,2761.2,24285.8
RO,H,2016,3966.2,462.5,485.8,3892.0,10615.5,1744.8,25048.3
RO,H,2017,4381.4,483.5,509.5,4311.0,11786.9,2520.5,27683.6
RO,H,2018,4883.3,503.2,526.8,3278.7,11829.2,2084.7,28541.0
RO,H,2019,5219.7,502.6,529.2,5144.8,12908.6,1776.2,31336.6
RO,H,2020,5258.6,508.7,535.1,5929.2,12805.2,1483.6,29433.2
RO,I,2012,563.3,164.6,168.1,434.8,1894.4,1085.8,3671.5
RO,I,2013,581.7,167.4,170.5,299.4,2147.3,1311.0,4419.0
RO,I,2014,640.4,172.2,176.2,384.5,1614.3,690.1,4379.1
RO,I,2015,758.7,179.5,181.5,479.8,2330.2,1277.0,5129.6
RO,I,2016,1022.9,197.6,200.8,646.5,2849.9,1521.5,5883.0
RO,I,2017,1251.4,195.2,198.8,657.0,3237.2,1668.4,6646.1
RO,I,2018,1376.6,210.9,215.0,571.2,3725.8,2015.3,7424.9
RO,I,2019,1642.2,214.2,216.8,854.5,4821.8,2796.8,9162.5
RO,I,2020,1228.3,199.1,201.4,770.5,2866.4,1254.1,5876.0
RO,J,2012,1813.0,132.2,145.4,1257.3,5948.6,2837.2,11061.7
RO,J,2013,2085.2,132.0,143.2,1223.1,7340.6,3696.0,13198.8
RO,J,2014,2555.7,136.0,147.4,1515.6,7323.3,3262.0,14174.7
RO,J,2015,2810.7,159.0,171.2,1480.9,8081.3,3705.5,14544.5
RO,J,2016,3412.5,151.6,165.9,1394.7,8691.7,3686.8,15698.0
RO,J,2017,4022.3,172.5,184.4,1912.8,10334.5,4681.0,17691.2
RO,J,2018,4604.2,172.2,182.1,2204.1,10987.0,4715.6,18398.5
RO,J,2019,5237.9,171.3,174.6,2785.2,12746.1,5591.2,21150.1
RO,J,2020,5659.1,183.0,188.9,1920.3,13968.6,6426.9,22555.0
RO,L,2012,223.0,23.9,24.8,5922.1,11492.3,8389.8,14166.8
RO,L,2013,252.5,23.9,25.3,4541.4,11590.9,8490.6,14720.9
RO,L,2014,281.9,27.7,29.8,5241.1,12424.7,9241.4,15610.8
RO,L,2015,305.6,29.4,31.8,7075.1,13739.5,10504.2,17364.2
RO,L,2016,352.2,26.8,28.0,8644.3,14016.2,10662.5,17609.2
RO,L,2017,374.9,22.9,23.0,9061.4,15410.0,11969.4,19465.9
RO,L,2018,452.9,25.4,25.6,8191.9,15831.6,12217.7,20165.4
RO,L,2019,497.1,30.2,30.7,11207.7,17847.9,14084.4,22574.5
RO,L,2020,455.8,29.0,29.7,11115.6,17114.5,13314.6,22298.4
RO,M,2012,1633.7,132.3,155.2,962.0,4821.7,2690.9,11592.6
RO,M,2013,2212.2,138.4,158.5,888.9,6393.1,3675.4,14165.5
RO,M,2014,2358.3,149.2,170.3,876.6,6390.2,3457.9,14807.0
RO,M,2015,2546.0,148.1,166.5,1058.2,7959.8,4791.4,16633.5
RO,M,2016,2868.0,157.0,176.2,842.1,8071.4,4568.1,16827.3
RO,M,2017,3142.1,166.0,185.9,1031.7,9420.6,5555.2,18550.7
RO,M,2018,3519.9,170.4,188.2,756.1,9712.4,5448.2,19208.4
RO,M,2019,3984.0,169.0,188.0,1411.4,11479.3,6653.7,22305.9
RO,M,2020,3865.4,157.6,180.8,984.7,10894.9,6308.0,20268.1
RO,N,2012,1183.6,155.2,157.9,557.2,2119.7,577.0,4618.9
RO,N,2013,1389.4,173.0,176.2,529.9,2671.6,815.3,5486.3
RO,N,2014,1672.1,188.1,189.7,1772.4,2972.7,702.2,6244.9
RO,N,2015,1896.0,193.0,196.5,741.3,3356.3,914.2,6683.3
RO,N,2016,2225.2,198.8,200.7,762.0,3462.3,613.5,7013.7
RO,N,2017,2692.3,195.9,198.0,929.3,4716.5,1370.9,8433.4
RO,N,2018,2957.3,200.5,202.3,326.6,5187.2,1528.6,9268.1
RO,N,2019,3224.9,214.8,216.8,944.6,5869.6,1959.1,10172.6
RO,N,2020,3157.4,210.8,213.5,750.4,5291.3,1504.6,8788.5
SE,B,2012,553.0,10.0,10.0,1552.5,2747.3,1330.3,5309.7
SE,B,2013,577.2,10.0,10.0,1406.5,2202.0,661.6,4821.6
SE,B,2014,579.0,10.0,10.0,1047.5,1918.4,339.3,4385.1
SE,B,2015,546.2,9.0,9.0,1399.2,1674.1,72.8,3829.8
SE,B,2016,539.0,9.0,9.0,730.9,1766.7,156.5,4238.6
SE,B,2017,567.3,9.0,9.0,663.0,2697.2,1078.3,5152.2
SE,B,2018,569.6,10.0,10.0,1333.0,2725.3,1125.6,5080.1
SE,B,2019,579.6,10.0,10.0,817.3,3361.9,1736.2,5914.1
SE,B,2020,639.3,10.0,10.0,845.9,2959.6,1272.4,5606.2
SE,C,2012,30204.4,557.0,571.0,14273.2,60230.5,11170.4,194796.7
SE,C,2013,30226.1,545.0,559.0,14630.2,58767.0,9513.6,187170.0
SE,C,2014,29208.1,539.0,552.0,15264.3,56824.5,9015.2,181936.8
SE,C,2015,28721.1,529.0,542.0,16423.6,62230.3,14524.2,184577.0
SE,C,2016,28993.0,521.0,533.0,17295.8,62685.3,14067.2,185724.3
SE,C,2017,29688.8,534.0,546.0,16948.1,63390.8,13442.3,196097.8
SE,C,2018,29289.6,547.0,559.0,16492.9,62541.0,13250.8,199665.7
SE,C,2019,29038.4,545.0,556.0,15811.9,62522.0,13529.3,199157.7
SE,C,2020,29158.0,535.0,546.0,15363.1,60505.1,12138.8,186950.3
SE,D,2012,1889.6,27.0,27.0,4682.3,11561.9,5515.6,20657.5
SE,D,2013,1980.5,27.0,28.0,4782.5,10988.4,4505.8,19985.7
SE,D,2014,1920.6,28.0,28.0,5040.0,10451.9,4065.4,18677.9
SE,D,2015,1914.0,28.0,28.0,4567.3,9638.2,3268.4,18150.4
SE,D,2016,1929.2,28.0,28.0,3687.2,9318.4,2909.8,18056.2
SE,D,2017,1951.7,28.0,29.0,4151.3,9568.2,3346.4,17371.9
SE,D,2018,1909.8,28.0,28.0,4449.7,8928.3,3166.6,17379.9
SE,D,2019,1919.5,29.0,29.0,5406.8,10297.4,4583.8,19025.4
SE,D,2020,2030.4,30.0,30.0,5541.8,9986.9,4186.1,18459.6
SE,E,2012,1327.3,24.0,24.0,1272.8,2268.7,-219.3,6967.3
SE,E,2013,1405.0,25.0,25.0,1365.0,2421.3,-186.0,6967.1
SE,E,2014,1427.7,26.0,26.0,1437.6,2263.7,-376.7,6875.4
SE,E,2015,1221.8,26.0,26.0,1580.4,2582.2,119.8,7281.9
SE,E,2016,1250.6,26.0,26.0,1706.3,2479.3,-62.6,7082.9
SE,E,2017,1271.5,26.0,27.0,1713.6,2465.5,-149.5,7351.7
SE,E,2018,1297.8,27.0,28.0,2004.5,2444.1,-216.7,7704.7
SE,E,2019,1321.3,28.0,28.0,2165.9,2433.0,-294.9,7687.4
SE,E,2020,1389.5,29.0,29.0,2512.7,2616.3,-280.4,7900.1
SE,F,2012,15354.4,278.0,317.0,2806.3,22058.8,1959.8,49887.2
SE,F,2013,15905.8,281.0,319.0,2799.2,22311.0,1445.3,50808.5
SE,F,2014,15870.0,288.0,325.0,2498.5,22676.4,1924.2,51377.8
SE,F,2015,16345.1,297.0,333.0,2777.7,24630.4,3199.1,56257.6
SE,F,2016,17316.3,304.0,338.0,3243.4,25840.6,2995.6,57915.1
SE,F,2017,18044.4,330.0,363.0,3371.6,27215.9,3311.8,63626.1
SE,F,2018,18396.6,342.0,375.0,3308.4,27098.5,2767.1,64954.1
SE,F,2019,18563.4,345.0,376.0,2947.9,27493.6,2891.4,66757.2
SE,F,2020,19176.6,343.0,374.0,3072.2,28247.5,3221.9,68383.2
SE,G,2012,25252.4,551.0,578.0,5634.4,42647.4,8124.8,74611.3
SE,G,2013,26284.8,554.0,581.0,5993.4,44292.3,8421.9,77526.7
SE,G,2014,26093.1,564.0,590.0,5613.5,44884.0,9356.4,78041.7
SE,G,2015,26185.2,567.0,592.0,6180.8,45413.6,9508.6,79832.5
SE,G,2016,26975.5,571.0,594.0,6486.0,45932.6,8666.5,81553.0
SE,G,2017,27322.7,583.0,605.0,6917.1,47559.4,9571.2,83990.1
SE,G,2018,26989.6,593.0,615.0,6824.8,44523.3,6942.1,81831.2
SE,G,2019,27093.2,595.0,616.0,7021.4,45791.6,7961.4,84041.4
SE,G,2020,27453.2,582.0,603.0,6766.4,47593.9,10197.0,85318.4
SE,H,2012,11345.8,238.0,249.0,8905.3,21195.5,1563.6,58011.5
SE,H,2013,11488.9,240.0,251.0,8091.5,21487.5,1619.3,58719.2
SE,H,2014,11118.0,236.0,247.0,8473.3,21030.4,1773.5,56498.1
SE,H,2015,11059.6,234.0,244.0,8904.5,21046.1,1763.5,56885.0
SE,H,2016,11281.6,239.0,249.0,8820.0,21538.7,1717.4,57291.3
SE,H,2017,11537.5,244.0,254.0,9783.0,22233.4,1706.7,59015.4
SE,H,2018,11396.6,252.0,262.0,10151.4,21520.1,1031.3,57486.8
SE,H,2019,11447.7,257.0,267.0,10644.0,21828.3,1079.5,57581.9
SE,H,2020,11337.6,248.0,257.0,10423.9,20128.0,-48.1,52968.7
SE,I,2012,4535.3,146.0,155.0,807.2,6199.1,299.5,14378.4
SE,I,2013,4921.5,156.0,164.0,795.5,6611.8,236.6,15292.1
SE,I,2014,4978.2,162.0,171.0,790.5,6674.2,238.4,15298.9
SE,I,2015,5168.4,170.0,178.0,832.8,7165.9,451.4,16132.5
SE,I,2016,5476.2,183.0,190.0,898.3,7720.5,575.9,17158.1
SE,I,2017,5700.9,187.0,194.0,959.1,7903.5,454.0,17603.9
SE,I,2018,5579.1,188.0,195.0,915.3,7758.4,447.3,17323.3
SE,I,2019,5606.7,187.0,193.0,890.9,7749.1,391.6,17314.7
SE,I,2020,4920.5,161.0,168.0,765.0,4999.7,-825.2,13328.9
SE,J,2012,12188.5,179.0,189.0,8258.6,25143.7,5136.2,52191.6
SE,J,2013,12552.6,180.0,190.0,8165.5,26680.6,5902.8,53717.6
SE,J,2014,12704.4,184.0,193.0,8132.0,26759.5,5847.4,53930.5
SE,J,2015,13117.7,191.0,200.0,8770.1,29744.8,8036.8,59077.8
SE,J,2016,13180.0,190.0,199.0,8538.7,28275.6,6225.0,59563.5
SE,J,2017,13647.0,199.0,208.0,8225.2,25949.0,3075.9,59804.9
SE,J,2018,13701.0,205.0,213.0,9116.9,28061.3,5123.1,62054.8
SE,J,2019,14084.7,211.0,220.0,7390.2,31357.2,7851.8,66491.2
SE,J,2020,15028.0,214.0,223.0,9770.3,33831.5,9521.6,69599.8
SE,L,2012,3325.9,66.0,73.0,21789.2,33157.9,16565.3,62032.4
SE,L,2013,3520.4,69.0,76.0,23183.8,34521.6,16980.8,64294.4
SE,L,2014,3457.5,71.0,77.0,25042.3,34374.2,16914.9,62988.5
SE,L,2015,3573.1,73.0,80.0,27929.4,33247.8,15205.6,63564.9
SE,L,2016,3683.4,75.0,82.0,31513.2,34404.3,15594.5,64938.7
SE,L,2017,3830.0,80.0,87.0,35291.7,36203.7,16475.5,67404.7
SE,L,2018,3805.4,81.0,88.0,31140.1,36015.3,16515.8,65878.9
SE,L,2019,3899.2,82.0,89.0,31315.0,37105.5,17463.1,67214.5
SE,L,2020,4039.8,82.0,89.0,31678.3,38159.0,17478.5,70669.7
SE,M,2012,16470.6,263.0,303.0,6546.1,26771.3,2683.2,50451.2
SE,M,2013,17420.2,272.0,311.0,6757.2,28954.6,3622.4,52790.4
SE,M,2014,17148.9,277.0,316.0,6857.9,28978.2,3910.1,52693.3
SE,M,2015,17527.0,284.0,322.0,6651.6,29865.0,4125.5,54222.6
SE,M,2016,18371.3,289.0,325.0,7154.6,31301.1,4351.7,56923.4
SE,M,2017,19419.3,310.0,345.0,7214.6,33031.5,4582.5,60175.7
SE,M,2018,19859.1,321.0,355.0,7275.2,32401.7,3602.1,59881.6
SE,M,2019,20349.7,329.0,363.0,6505.2,33038.6,3656.2,60975.7
SE,M,2020,20956.1,328.0,361.0,7745.0,34321.7,4866.5,62074.1
SE,N,2012,9511.8,224.0,235.0,1822.7,12763.4,793.0,24690.3
SE,N,2013,9786.4,227.0,238.0,1352.7,13065.4,801.0,24898.5
SE,N,2014,9735.0,232.0,243.0,1707.0,12972.6,798.0,24478.3
SE,N,2015,10162.1,244.0,255.0,1933.4,13840.6,1045.2,25465.1
SE,N,2016,10759.1,257.0,268.0,2659.1,14811.8,1094.6,27137.6
SE,N,2017,11151.1,266.0,277.0,2294.4,15492.3,1189.3,28644.7
SE,N,2018,11149.9,274.0,284.0,2266.2,15375.8,1100.3,28883.7
SE,N,2019,11048.4,276.0,286.0,2418.1,14995.8,811.2,28808.1
SE,N,2020,10630.2,258.0,268.0,2082.1,14074.6,782.2,24655.9
SI,B,2012,98.6,2.79,2.83,37.5,142.7,6.9,284.9
SI,B,2013,90.6,2.66,2.7,40.6,126.0,-2.2,273.9
SI,B,2014,92.5,2.57,2.61,10.9,127.7,-3.6,278.2
SI,B,2015,82.5,2.48,2.52,52.3,124.3,3.6,283.0
SI,B,2016,82.8,2.45,2.49,34.8,130.1,6.9,280.7
SI,B,2017,84.3,2.41,2.45,41.0,138.1,14.5,307.2
SI,B,2018,88.2,2.41,2.44,35.6,143.0,13.7,333.3
SI,B,2019,93.0,2.43,2.47,26.6,138.5,3.8,309.5
SI,B,2020,88.8,2.33,2.36,31.0,130.0,6.2,291.6
SI,C,2012,4150.8,181.69,192.3,1536.6,6725.7,897.3,22076.1
SI,C,2013,4143.3,176.55,188.24,1600.6,6908.8,1072.6,21918.1
SI,C,2014,4303.9,176.81,188.65,1658.6,7321.0,1249.5,22886.0
SI,C,2015,4496.3,180.09,191.94,1681.8,7692.5,1361.8,23782.6
SI,C,2016,4770.6,186.09,197.86,1810.8,8095.0,1467.4,24610.3
SI,C,2017,5114.8,193.29,205.15,2056.5,8798.2,1805.0,27485.6
SI,C,2018,5566.4,202.46,214.57,2322.8,9277.2,1764.5,29235.3
SI,C,2019,5942.6,207.79,220.08,2422.7,9907.9,1948.7,29921.6
SI,C,2020,5982.0,203.19,215.71,2081.0,9589.7,1997.4,27777.1
SI,D,2012,286.0,8.06,8.91,560.3,766.3,164.4,1997.4
SI,D,2013,297.7,8.07,9.11,957.9,804.4,176.3,2027.9
SI,D,2014,304.3,8.14,9.19,591.1,756.4,115.3,1865.7
SI,D,2015,305.1,8.08,9.09,332.4,724.4,78.3,1749.5
SI,D,2016,313.6,8.01,9.0,341.2,727.8,79.1,1674.4
SI,D,2017,321.2,7.93,8.89,335.8,728.6,53.1,1721.5
SI,D,2018,327.7,7.88,8.83,375.9,764.8,57.0,1761.4
SI,D,2019,339.7,7.85,8.77,430.7,863.7,99.8,1841.2
SI,D,2020,357.2,7.87,8.77,439.4,949.2,166.7,1929.8
SI,E,2012,232.4,9.78,9.88,46.9,313.4,-58.5,1041.6
SI,E,2013,237.4,9.66,9.75,35.9,328.4,-47.2,1059.6
SI,E,2014,236.1,9.87,9.97,44.8,338.9,-31.2,1100.7
SI,E,2015,242.2,10.29,10.39,53.5,337.3,-41.9,1048.4
SI,E,2016,246.1,9.89,9.98,42.4,330.8,-56.5,1035.1
SI,E,2017,248.7,9.54,9.63,66.5,337.7,-51.8,1193.0
SI,E,2018,265.0,9.84,9.92,74.5,349.3,-58.1,1291.7
SI,E,2019,285.6,9.93,10.01,64.9,365.6,-64.5,1256.6
SI,E,2020,321.4,10.68,10.75,57.9,408.0,-40.5,1318.4
SI,F,2012,998.6,54.7,67.7,135.1,1780.0,560.6,5653.1
SI,F,2013,932.0,50.52,62.96,119.6,1612.6,465.5,5280.4
SI,F,2014,967.4,50.05,62.29,139.9,1807.4,626.5,5525.4
SI,F,2015,992.8,50.48,62.66,171.2,1756.3,548.0,5434.6
SI,F,2016,1009.2,50.05,62.15,197.7,1759.9,530.8,5248.4
SI,F,2017,1078.9,51.4,63.55,273.4,1945.8,648.7,5875.9
SI,F,2018,1230.7,55.11,67.65,258.2,2227.9,775.7,6862.3
SI,F,2019,1424.7,60.85,73.78,288.3,2475.9,822.7,7309.2
SI,F,2020,1516.8,62.41,75.89,283.3,2451.5,799.3,7319.3
SI,G,2012,2346.0,103.29,117.95,411.9,3651.5,733.6,7242.9
SI,G,2013,2317.3,100.75,115.76,359.9,3715.8,837.0,7285.8
SI,G,2014,2323.0,100.6,115.2,368.1,3766.6,886.1,7257.2
SI,G,2015,2420.1,101.3,115.98,442.8,3940.8,955.1,7554.4
SI,G,2016,2544.8,103.24,117.56,504.5,4125.5,1009.5,7855.2
SI,G,2017,2688.7,106.18,120.41,547.4,4426.4,1161.2,8438.7
SI,G,2018,2889.8,108.93,123.02,581.0,4794.9,1311.1,9031.1
SI,G,2019,3078.7,111.45,125.48,591.9,5008.3,1314.1,9458.2
SI,G,2020,3130.1,111.4,125.04,587.6,4887.1,1339.1,9146.6
SI,H,2012,1008.6,42.14,48.41,372.6,1849.4,290.2,4798.1
SI,H,2013,1001.7,41.28,47.37,394.2,1846.5,317.3,4790.9
SI,H,2014,1037.3,41.68,47.48,462.8,1967.6,395.5,5011.5
SI,H,2015,1097.2,42.96,48.69,515.5,2125.0,492.4,5311.5
SI,H,2016,1171.5,44.94,50.48,625.3,2260.8,542.7,5490.3
SI,H,2017,1264.5,47.74,53.17,690.3,2452.9,626.8,5997.7
SI,H,2018,1383.8,50.21,55.56,763.2,2595.5,630.0,6515.3
SI,H,2019,1508.3,53.0,58.29,652.4,2690.0,561.2,6754.4
SI,H,2020,1483.6,52.0,57.22,621.5,2439.8,427.1,6180.1
SI,I,2012,469.4,27.27,33.67,86.0,690.8,64.3,1486.8
SI,I,2013,463.6,26.39,34.45,88.2,696.0,78.0,1517.0
SI,I,2014,469.9,26.44,34.57,88.5,714.2,88.6,1566.8
SI,I,2015,486.9,27.54,35.91,91.6,736.9,91.8,1632.3
SI,I,2016,530.9,29.02,37.51,120.4,816.1,125.4,1770.4
SI,I,2017,583.2,30.22,39.17,133.7,886.4,143.0,1932.7
SI,I,2018,642.3,31.9,41.56,157.2,976.7,170.7,2096.5
SI,I,2019,706.4,32.95,43.22,149.0,1068.3,196.7,2261.2
SI,I,2020,620.5,31.36,41.43,214.3,628.0,0.2,1475.1
SI,J,2012,725.0,21.81,25.59,303.1,1328.7,272.4,2883.8
SI,J,2013,720.6,21.91,26.18,279.4,1297.8,262.3,2823.0
SI,J,2014,753.0,22.02,26.87,313.5,1365.5,297.1,2912.6
SI,J,2015,731.2,22.31,27.62,332.9,1328.0,278.2,2934.3
SI,J,2016,745.8,23.04,28.76,363.1,1356.2,284.0,2972.8
SI,J,2017,793.5,23.64,29.7,404.4,1453.9,319.3,3210.9
SI,J,2018,859.1,24.57,31.13,387.2,1509.5,301.1,3322.5
SI,J,2019,1002.2,25.51,32.17,437.9,1721.2,343.9,3563.7
SI,J,2020,1064.8,26.38,33.36,480.7,1795.9,400.5,3542.6
SI,L,2012,113.7,4.62,5.3,942.8,2468.1,956.8,2916.4
SI,L,2013,109.3,4.58,5.35,870.4,2498.5,965.2,2907.9
SI,L,2014,119.1,4.61,5.4,837.1,2524.9,954.2,2935.5
SI,L,2015,115.6,4.63,5.46,841.2,2600.8,991.8,3044.4
SI,L,2016,124.2,4.76,5.71,887.8,2679.3,1027.0,3193.1
SI,L,2017,130.4,5.05,6.16,1039.1,2766.0,1063.4,3301.1
SI,L,2018,141.2,5.26,6.54,1125.8,2900.0,1119.8,3488.6
SI,L,2019,157.9,5.37,6.84,1340.9,3016.4,1184.7,3628.4
SI,L,2020,160.1,5.51,7.1,1258.7,3058.4,1186.4,3671.2
SI,M,2012,1217.0,46.6,70.61,420.4,2104.2,564.7,4037.6
SI,M,2013,1197.6,46.64,73.75,398.4,2149.1,640.0,4053.8
SI,M,2014,1213.8,45.35,72.26,355.1,2250.6,701.8,4422.0
SI,M,2015,1265.2,45.55,73.14,371.4,2303.0,669.3,4503.8
SI,M,2016,1307.3,45.69,73.85,350.7,2332.1,644.9,4506.9
SI,M,2017,1395.9,46.87,75.94,430.3,2523.7,744.2,4901.8
SI,M,2018,1501.8,48.06,78.54,452.3,2723.2,824.8,5334.4
SI,M,2019,1640.9,49.47,80.56,557.4,2910.2,848.1,5792.6
SI,M,2020,1678.5,49.71,81.11,484.5,2837.1,830.1,5582.5
SI,N,2012,688.9,40.5,44.33,43.4,824.4,46.4,1432.5
SI,N,2013,649.2,36.55,41.1,38.3,804.2,63.0,1427.4
SI,N,2014,742.7,41.42,46.27,50.5,915.3,75.0,1598.2
SI,N,2015,824.1,43.19,48.49,63.3,982.6,63.4,1695.2
SI,N,2016,889.4,45.19,50.65,69.2,1058.0,72.6,1817.3
SI,N,2017,994.0,49.16,54.94,93.3,1194.6,104.3,2073.4
SI,N,2018,1049.9,49.8,55.84,95.6,1289.9,137.9,2238.9
SI,N,2019,1066.3,48.04,54.33,98.2,1280.7,109.0,2255.2
SI,N,2020,958.0,42.06,48.45,89.5,1061.3,90.3,1593.2
SK,B,2012,99.9,6.63,6.66,26.4,159.5,16.0,312.5
SK,B,2013,96.4,6.35,6.39,18.5,168.0,27.3,336.0
SK,B,2014,98.0,6.25,6.29,15.0,150.3,5.9,333.0
SK,B,2015,98.6,6.02,6.07,30.3,166.4,23.6,364.6
SK,B,2016,99.3,5.81,5.86,32.2,174.6,30.9,345.2
SK,B,2017,97.5,5.55,5.59,15.8,171.6,29.4,358.8
SK,B,2018,115.1,6.07,6.11,29.9,186.0,25.8,430.6
SK,B,2019,113.0,5.8,5.85,36.0,171.9,9.3,410.8
SK,B,2020,107.7,5.29,5.35,16.9,161.8,9.3,360.1
SK,C,2012,6030.8,422.72,476.23,3821.6,12736.1,3421.0,61936.2
SK,C,2013,6147.4,417.44,468.73,3553.3,12441.4,2908.7,62225.2
SK,C,2014,6523.6,427.93,477.89,3503.4,14190.2,4246.6,65233.3
SK,C,2015,7032.5,439.41,489.54,4082.4,15133.9,4703.0,69051.8
SK,C,2016,7502.2,457.21,507.6,4042.1,14502.1,3555.5,69057.7
SK,C,2017,8387.5,476.31,526.84,4703.7,14545.1,2596.7,71375.5
SK,C,2018,9297.7,485.97,536.04,4493.5,16346.3,3361.0,79552.2
SK,C,2019,9752.2,486.03,537.41,4537.2,17682.3,4061.6,80988.4
SK,C,2020,9419.5,464.77,514.96,3344.3,16544.4,3345.7,72221.6
SK,D,2012,479.2,18.36,18.39,1750.3,2634.2,493.6,13007.1
SK,D,2013,477.4,17.94,17.97,1065.3,2270.1,88.4,12219.0
SK,D,2014,501.9,18.26,18.29,1409.1,2400.7,165.9,10355.3
SK,D,2015,498.7,17.84,17.87,1316.0,2128.9,-109.3,10238.6
SK,D,2016,501.6,17.42,17.45,1092.4,2145.7,-69.1,9891.3
SK,D,2017,499.5,17.22,17.24,976.8,1957.6,-281.5,10391.5
SK,D,2018,540.8,17.49,17.52,874.0,1808.2,-533.3,10455.4
SK,D,2019,561.2,17.59,17.62,1181.5,2612.4,194.5,10800.3
SK,D,2020,588.0,17.51,17.54,998.0,2770.0,275.0,10590.9
SK,E,2012,314.2,22.18,22.65,372.5,723.6,-24.8,1155.9
SK,E,2013,340.8,23.07,23.51,498.5,843.6,4.3,1320.8
SK,E,2014,325.9,22.42,22.85,462.6,709.5,-151.0,1357.8
SK,E,2015,331.4,22.3,22.75,734.1,760.1,-72.1,1312.0
SK,E,2016,354.2,22.97,23.39,509.4,718.6,-129.1,1283.2
SK,E,2017,380.0,23.72,24.12,302.5,756.6,-115.4,1399.8
SK,E,2018,410.0,24.05,24.45,307.5,810.7,-119.4,1550.4
SK,E,2019,439.3,24.43,24.84,340.1,857.8,-135.8,1610.2
SK,E,2020,447.4,24.17,24.57,346.4,845.2,-84.2,1563.1
SK,F,2012,1389.5,93.0,172.64,465.7,5917.3,4280.5,10785.9
SK,F,2013,1378.0,91.18,167.6,515.9,5144.2,3531.2,9834.4
SK,F,2014,1336.3,90.46,164.29,524.7,5437.6,3839.6,11005.6
SK,F,2015,1383.9,89.45,162.38,648.4,5869.0,4216.4,13350.1
SK,F,2016,1434.3,91.42,164.94,705.8,5860.3,4171.1,12678.0
SK,F,2017,1506.3,95.41,169.34,502.5,6423.2,4636.2,13915.3
SK,F,2018,1616.9,98.5,173.18,626.3,6661.3,4758.1,15177.4
SK,F,2019,1744.9,103.02,182.53,626.0,6233.2,4174.3,15485.3
SK,F,2020,1717.0,101.77,181.83,1061.9,6595.4,4503.1,15501.3
SK,G,2012,4285.4,302.26,383.16,936.6,8688.9,3679.7,15517.4
SK,G,2013,4157.9,291.88,369.71,875.9,7850.2,2954.1,14223.0
SK,G,2014,4407.4,299.4,373.69,1197.7,7724.2,2535.2,13877.3
SK,G,2015,4638.1,304.85,375.56,1316.2,7605.8,2174.8,14026.8
SK,G,2016,4645.2,312.88,381.12,1459.7,7200.1,1741.1,16245.7
SK,G,2017,5089.2,318.98,385.03,1469.4,7756.5,1778.7,16959.4
SK,G,2018,5479.1,322.09,386.84,1509.7,7744.6,1351.6,17362.8
SK,G,2019,5824.1,321.49,384.19,1523.6,9134.0,2329.4,18650.6
SK,G,2020,5859.3,316.94,376.3,1197.2,9914.5,3015.6,19068.1
SK,H,2012,1690.7,118.21,131.34,1213.9,3430.0,1054.5,8410.7
SK,H,2013,1747.8,122.96,135.72,1411.1,3729.0,1307.7,8606.4
SK,H,2014,1797.4,124.63,134.69,1749.5,4767.1,1566.8,10145.0
SK,H,2015,1936.1,128.34,137.59,2267.0,5079.4,1547.1,10741.1
SK,H,2016,1992.5,129.1,138.41,1575.8,4689.9,1269.0,10625.2
SK,H,2017,2162.9,131.91,141.06,1343.0,4979.9,1371.9,11303.6
SK,H,2018,2402.6,138.54,147.59,1517.6,5188.2,1206.9,12110.1
SK,H,2019,2543.7,140.21,149.03,1501.6,5561.2,1360.4,12311.0
SK,H,2020,2531.5,137.08,145.5,1303.4,5507.2,1405.5,11942.5
SK,I,2012,519.1,68.9,80.11,100.9,1004.7,407.0,1575.6
SK,I,2013,536.6,73.1,84.02,428.8,1023.7,400.2,1665.9
SK,I,2014,551.5,78.36,88.84,217.5,944.1,291.1,1645.2
SK,I,2015,601.5,77.55,87.95,207.8,1005.7,297.6,1760.6
SK,I,2016,628.2,78.68,88.94,168.2,1042.1,305.0,1920.3
SK,I,2017,678.0,83.55,93.58,234.3,1078.1,280.9,1987.6
SK,I,2018,756.1,86.54,96.33,239.7,1199.4,315.0,2161.2
SK,I,2019,841.4,90.78,100.37,185.3,1337.7,353.3,2438.4
SK,I,2020,774.0,85.89,94.75,137.1,1219.4,316.0,2060.3
SK,J,2012,1131.4,45.92,55.06,748.6,3686.6,1409.7,5935.5
SK,J,2013,1184.2,48.16,57.34,687.2,3468.4,1159.6,5804.0
SK,J,2014,1231.7,50.35,59.42,658.6,3362.8,1060.7,5862.6
SK,J,2015,1334.9,51.9,61.07,755.7,3577.0,1216.3,6456.9
SK,J,2016,1419.5,55.06,64.39,797.3,3933.6,1460.9,7013.9
SK,J,2017,1561.9,57.8,67.25,970.0,4093.0,1465.9,7392.5
SK,J,2018,1690.1,61.4,71.23,737.2,4105.4,1398.1,7578.9
SK,J,2019,1828.1,62.73,73.24,1025.7,4240.2,1374.5,8021.2
SK,J,2020,1957.7,64.11,75.09,997.3,4199.0,1152.0,7838.5
SK,L,2012,326.5,23.03,24.89,2657.0,6620.4,3546.4,9048.8
SK,L,2013,288.9,21.17,23.07,2938.3,8145.2,5070.4,10116.4
SK,L,2014,280.4,20.88,22.75,2635.6,6108.0,3027.9,8717.5
SK,L,2015,289.7,21.03,22.86,2674.3,6334.2,3186.0,9112.3
SK,L,2016,340.7,23.78,25.58,3337.2,7302.2,3979.2,10228.7
SK,L,2017,376.0,25.88,27.63,3124.3,7615.0,4039.1,10481.1
SK,L,2018,423.2,27.56,29.28,4085.6,8090.0,4338.2,11310.7
SK,L,2019,428.4,27.11,28.8,4123.2,8147.1,4105.1,11501.8
SK,L,2020,433.5,26.8,28.41,4500.9,8833.1,4423.0,11974.7
SK,M,2012,1467.2,87.85,124.22,122.5,3950.2,2272.8,6242.4
SK,M,2013,1638.1,87.39,123.88,443.9,3984.7,2126.8,6377.4
SK,M,2014,1523.6,85.78,121.91,651.6,4545.9,2802.1,7816.4
SK,M,2015,1641.7,92.07,128.2,810.4,5053.3,3152.6,9085.9
SK,M,2016,1710.8,95.25,131.58,653.9,5628.5,3589.1,9628.3
SK,M,2017,1862.1,98.36,135.25,693.6,5630.6,3391.3,10026.6
SK,M,2018,1973.6,104.67,142.16,637.3,5851.1,3515.6,10642.8
SK,M,2019,2063.3,106.67,145.64,1031.1,5088.8,2609.1,10006.9
SK,M,2020,2149.1,108.85,147.49,808.9,4808.7,2200.9,9600.9
SK,N,2012,802.1,82.03,91.55,194.6,2146.1,1223.1,3288.6
SK,N,2013,781.4,77.94,87.84,86.1,2459.3,1543.3,3785.9
SK,N,2014,835.1,80.38,90.29,398.5,2364.4,1390.6,4737.2
SK,N,2015,926.7,92.48,102.93,504.2,2759.2,1671.6,5275.2
SK,N,2016,1029.7,99.59,110.3,373.5,2441.1,1222.1,5476.0
SK,N,2017,1083.7,98.02,109.03,573.6,2909.1,1610.0,6470.1
SK,N,2018,1227.8,102.68,114.03,558.2,3200.6,1747.4,6589.6
SK,N,2019,1245.8,99.84,112.24,406.2,2686.9,1191.8,6225.3
SK,N,2020,1321.2,94.96,107.76,435.7,2632.9,1038.8,5728.2
