freq,unit,nace_r2,na_item,geo,year,value_raw,value,flag,variable
A,CP_MEUR,B,B1G,AT,2012,1519.4 ,1519.4,,gross_value_added
A,CP_MEUR,B,B1G,BE,2012,296.4 ,296.4,,gross_value_added
A,CP_MEUR,B,B1G,BG,2012,886.5 ,886.5,,gross_value_added
A,CP_MEUR,B,B1G,CZ,2012,1706.4 ,1706.4,,gross_value_added
A,CP_MEUR,B,B1G,DE,2012,5815.0 ,5815.0,,gross_value_added
A,CP_MEUR,B,B1G,EE,2012,203.5 ,203.5,,gross_value_added
A,CP_MEUR,B,B1G,ES,2012,2306.0 ,2306.0,,gross_value_added
A,CP_MEUR,B,B1G,FI,2012,771.0 ,771.0,,gross_value_added
A,CP_MEUR,B,B1G,FR,2012,2285.7 ,2285.7,,gross_value_added
A,CP_MEUR,B,B1G,HU,2012,212.8 ,212.8,,gross_value_added
A,CP_MEUR,B,B1G,IT,2012,6511.7 ,6511.7,,gross_value_added
A,CP_MEUR,B,B1G,LV,2012,95.6 ,95.6,,gross_value_added
A,CP_MEUR,B,B1G,NL,2012,21691.0 ,21691.0,,gross_value_added
A,CP_MEUR,B,B1G,NO,2012,93815.2 ,93815.2,,gross_value_added
A,CP_MEUR,B,B1G,PL,2012,8733.0 ,8733.0,,gross_value_added
A,CP_MEUR,B,B1G,PT,2012,635.7 ,635.7,,gross_value_added
A,CP_MEUR,B,B1G,RO,2012,2226.1 ,2226.1,,gross_value_added
A,CP_MEUR,B,B1G,SE,2012,2747.3 ,2747.3,,gross_value_added
A,CP_MEUR,B,B1G,SI,2012,142.7 ,142.7,,gross_value_added
A,CP_MEUR,B,B1G,SK,2012,159.5 ,159.5,,gross_value_added
A,CP_MEUR,B,B2A3N,AT,2012,951.1 ,951.1,,net_operating_surplus_mixed_income
A,CP_MEUR,B,B2A3N,BE,2012,35.3 ,35.3,,net_operating_surplus_mixed_income
A,CP_MEUR,B,B2A3N,BG,2012,488.9 ,488.9,,net_operating_surplus_mixed_income
A,CP_MEUR,B,B2A3N,CZ,2012,486.3 ,486.3,,net_operating_surplus_mixed_income
A,CP_MEUR,B,B2A3N,DE,2012,1710.0 ,1710.0,,net_operating_surplus_mixed_income
A,CP_MEUR,B,B2A3N,EE,2012,59.0 ,59.0,,net_operating_surplus_mixed_income
A,CP_MEUR,B,B2A3N,ES,2012,704.0 ,704.0,,net_operating_surplus_mixed_income
A,CP_MEUR,B,B2A3N,FI,2012,212.0 ,212.0,,net_operating_surplus_mixed_income
A,CP_MEUR,B,B2A3N,FR,2012,-286.1 ,-286.1,,net_operating_surplus_mixed_income
A,CP_MEUR,B,B2A3N,HU,2012,45.9 ,45.9,,net_operating_surplus_mixed_income
A,CP_MEUR,B,B2A3N,IT,2012,2981.5 ,2981.5,,net_operating_surplus_mixed_income
A,CP_MEUR,B,B2A3N,LV,2012,43.2 ,43.2,,net_operating_surplus_mixed_income
A,CP_MEUR,B,B2A3N,NL,2012,18738.0 ,18738.0,,net_operating_surplus_mixed_income
A,CP_MEUR,B,B2A3N,NO,2012,68974.1 ,68974.1,,net_operating_surplus_mixed_income
A,CP_MEUR,B,B2A3N,PL,2012,2784.4 ,2784.4,,net_operating_surplus_mixed_income
A,CP_MEUR,B,B2A3N,PT,2012,258.1 ,258.1,,net_operating_surplus_mixed_income
A,CP_MEUR,B,B2A3N,RO,2012,-4.3 ,-4.3,,net_operating_surplus_mixed_income
A,CP_MEUR,B,B2A3N,SE,2012,1330.3 ,1330.3,,net_operating_surplus_mixed_income
A,CP_MEUR,B,B2A3N,SI,2012,6.9 ,6.9,,net_operating_surplus_mixed_income
A,CP_MEUR,B,B2A3N,SK,2012,16.0 ,16.0,,net_operating_surplus_mixed_income
A,CP_MEUR,B,D1,AT,2012,322.0 ,322.0,,compensation
A,CP_MEUR,B,D1,BE,2012,157.6 ,157.6,,compensation
A,CP_MEUR,B,D1,BG,2012,272.7 ,272.7,,compensation
A,CP_MEUR,B,D1,CZ,2012,803.8 ,803.8,,compensation
A,CP_MEUR,B,D1,DE,2012,3844.0 ,3844.0,,compensation
A,CP_MEUR,B,D1,EE,2012,102.0 ,102.0,,compensation
A,CP_MEUR,B,D1,ES,2012,996.0 ,996.0,,compensation
A,CP_MEUR,B,D1,FI,2012,309.0 ,309.0,,compensation
A,CP_MEUR,B,D1,FR,2012,991.8 ,991.8,,compensation
A,CP_MEUR,B,D1,HU,2012,77.2 ,77.2,,compensation
A,CP_MEUR,B,D1,IT,2012,1090.7 ,1090.7,,compensation
A,CP_MEUR,B,D1,LV,2012,33.4 ,33.4,,compensation
A,CP_MEUR,B,D1,NL,2012,1072.0 ,1072.0,,compensation
A,CP_MEUR,B,D1,NO,2012,9616.3 ,9616.3,,compensation
A,CP_MEUR,B,D1,PL,2012,4628.0 ,4628.0,,compensation
A,CP_MEUR,B,D1,PT,2012,229.7 ,229.7,,compensation
A,CP_MEUR,B,D1,RO,2012,1041.9 ,1041.9,,compensation
A,CP_MEUR,B,D1,SE,2012,553.0 ,553.0,,compensation
A,CP_MEUR,B,D1,SI,2012,98.6 ,98.6,,compensation
A,CP_MEUR,B,D1,SK,2012,99.9 ,99.9,,compensation
A,CP_MEUR,B,P1,AT,2012,2660.3 ,2660.3,,output
A,CP_MEUR,B,P1,BE,2012,747.8 ,747.8,,output
A,CP_MEUR,B,P1,BG,2012,1544.0 ,1544.0,,output
A,CP_MEUR,B,P1,CZ,2012,3522.4 ,3522.4,,output
A,CP_MEUR,B,P1,DE,2012,12669.0 ,12669.0,,output
A,CP_MEUR,B,P1,EE,2012,406.1 ,406.1,,output
A,CP_MEUR,B,P1,ES,2012,5176.0 ,5176.0,,output
A,CP_MEUR,B,P1,FI,2012,2123.0 ,2123.0,,output
A,CP_MEUR,B,P1,FR,2012,6306.5 ,6306.5,,output
A,CP_MEUR,B,P1,HU,2012,379.7 ,379.7,,output
A,CP_MEUR,B,P1,IT,2012,10509.0 ,10509.0,,output
A,CP_MEUR,B,P1,LV,2012,212.7 ,212.7,,output
A,CP_MEUR,B,P1,NL,2012,26378.0 ,26378.0,,output
A,CP_MEUR,B,P1,NO,2012,112358.2 ,112358.2,,output
A,CP_MEUR,B,P1,PL,2012,15156.4 ,15156.4,,output
A,CP_MEUR,B,P1,PT,2012,1277.0 ,1277.0,,output
A,CP_MEUR,B,P1,RO,2012,4296.6 ,4296.6,,output
A,CP_MEUR,B,P1,SE,2012,5309.7 ,5309.7,,output
A,CP_MEUR,B,P1,SI,2012,284.9 ,284.9,,output
A,CP_MEUR,B,P1,SK,2012,312.5 ,312.5,,output
A,CP_MEUR,C,B1G,AT,2012,54632.2 ,54632.2,,gross_value_added
A,CP_MEUR,C,B1G,BE,2012,48963.5 ,48963.5,,gross_value_added
A,CP_MEUR,C,B1G,BG,2012,5937.4 ,5937.4,,gross_value_added
A,CP_MEUR,C,B1G,CZ,2012,35558.1 ,35558.1,,gross_value_added
A,CP_MEUR,C,B1G,DE,2012,561170.0 ,561170.0,,gross_value_added
A,CP_MEUR,C,B1G,EE,2012,2509.9 ,2509.9,,gross_value_added
A,CP_MEUR,C,B1G,ES,2012,112007.0 ,112007.0,,gross_value_added
A,CP_MEUR,C,B1G,FI,2012,29246.0 ,29246.0,,gross_value_added
A,CP_MEUR,C,B1G,FR,2012,213988.4 ,213988.4,,gross_value_added
A,CP_MEUR,C,B1G,HU,2012,18490.0 ,18490.0,,gross_value_added
A,CP_MEUR,C,B1G,IT,2012,224248.6 ,224248.6,,gross_value_added
A,CP_MEUR,C,B1G,LV,2012,2512.7 ,2512.7,,gross_value_added
A,CP_MEUR,C,B1G,NL,2012,66223.0 ,66223.0,,gross_value_added
A,CP_MEUR,C,B1G,NO,2012,27144.0 ,27144.0,,gross_value_added
A,CP_MEUR,C,B1G,PL,2012,64182.9 ,64182.9,,gross_value_added
A,CP_MEUR,C,B1G,PT,2012,19171.8 ,19171.8,,gross_value_added
A,CP_MEUR,C,B1G,RO,2012,29642.4 ,29642.4,,gross_value_added
A,CP_MEUR,C,B1G,SE,2012,60230.5 ,60230.5,,gross_value_added
A,CP_MEUR,C,B1G,SI,2012,6725.7 ,6725.7,,gross_value_added
A,CP_MEUR,C,B1G,SK,2012,12736.1 ,12736.1,,gross_value_added
A,CP_MEUR,C,B2A3N,AT,2012,13457.5 ,13457.5,,net_operating_surplus_mixed_income
A,CP_MEUR,C,B2A3N,BE,2012,5807.2 ,5807.2,,net_operating_surplus_mixed_income
A,CP_MEUR,C,B2A3N,BG,2012,2344.6 ,2344.6,,net_operating_surplus_mixed_income
A,CP_MEUR,C,B2A3N,CZ,2012,9742.9 ,9742.9,,net_operating_surplus_mixed_income
A,CP_MEUR,C,B2A3N,DE,2012,104343.0 ,104343.0,,net_operating_surplus_mixed_income
A,CP_MEUR,C,B2A3N,EE,2012,674.8 ,674.8,,net_operating_surplus_mixed_income
A,CP_MEUR,C,B2A3N,ES,2012,26306.0 ,26306.0,,net_operating_surplus_mixed_income
A,CP_MEUR,C,B2A3N,FI,2012,2896.0 ,2896.0,,net_operating_surplus_mixed_income
A,CP_MEUR,C,B2A3N,FR,2012,25316.7 ,25316.7,,net_operating_surplus_mixed_income
A,CP_MEUR,C,B2A3N,HU,2012,5147.3 ,5147.3,,net_operating_surplus_mixed_income
A,CP_MEUR,C,B2A3N,IT,2012,30286.7 ,30286.7,,net_operating_surplus_mixed_income
A,CP_MEUR,C,B2A3N,LV,2012,841.0 ,841.0,,net_operating_surplus_mixed_income
A,CP_MEUR,C,B2A3N,NL,2012,18105.0 ,18105.0,,net_operating_surplus_mixed_income
A,CP_MEUR,C,B2A3N,NO,2012,4073.5 ,4073.5,,net_operating_surplus_mixed_income
A,CP_MEUR,C,B2A3N,PL,2012,26049.7 ,26049.7,,net_operating_surplus_mixed_income
A,CP_MEUR,C,B2A3N,PT,2012,4592.3 ,4592.3,,net_operating_surplus_mixed_income
A,CP_MEUR,C,B2A3N,RO,2012,14855.1 ,14855.1,,net_operating_surplus_mixed_income
A,CP_MEUR,C,B2A3N,SE,2012,11170.4 ,11170.4,,net_operating_surplus_mixed_income
A,CP_MEUR,C,B2A3N,SI,2012,897.3 ,897.3,,net_operating_surplus_mixed_income
A,CP_MEUR,C,B2A3N,SK,2012,3421.0 ,3421.0,,net_operating_surplus_mixed_income
A,CP_MEUR,C,D1,AT,2012,29931.6 ,29931.6,,compensation
A,CP_MEUR,C,D1,BE,2012,30807.5 ,30807.5,,compensation
A,CP_MEUR,C,D1,BG,2012,2582.2 ,2582.2,,compensation
A,CP_MEUR,C,D1,CZ,2012,18217.1 ,18217.1,,compensation
A,CP_MEUR,C,D1,DE,2012,356201.0 ,356201.0,,compensation
A,CP_MEUR,C,D1,EE,2012,1462.5 ,1462.5,,compensation
A,CP_MEUR,C,D1,ES,2012,66525.0 ,66525.0,,compensation
A,CP_MEUR,C,D1,FI,2012,17694.0 ,17694.0,,compensation
A,CP_MEUR,C,D1,FR,2012,133233.8 ,133233.8,,compensation
A,CP_MEUR,C,D1,HU,2012,9202.8 ,9202.8,,compensation
A,CP_MEUR,C,D1,IT,2012,131771.7 ,131771.7,,compensation
A,CP_MEUR,C,D1,LV,2012,1161.9 ,1161.9,,compensation
A,CP_MEUR,C,D1,NL,2012,34912.0 ,34912.0,,compensation
A,CP_MEUR,C,D1,NO,2012,18103.8 ,18103.8,,compensation
A,CP_MEUR,C,D1,PL,2012,28803.3 ,28803.3,,compensation
A,CP_MEUR,C,D1,PT,2012,10933.7 ,10933.7,,compensation
A,CP_MEUR,C,D1,RO,2012,9346.7 ,9346.7,,compensation
A,CP_MEUR,C,D1,SE,2012,30204.4 ,30204.4,,compensation
A,CP_MEUR,C,D1,SI,2012,4150.8 ,4150.8,,compensation
A,CP_MEUR,C,D1,SK,2012,6030.8 ,6030.8,,compensation
A,CP_MEUR,C,P1,AT,2012,173332.0 ,173332.0,,output
A,CP_MEUR,C,P1,BE,2012,228672.5 ,228672.5,,output
A,CP_MEUR,C,P1,BG,2012,26313.2 ,26313.2,,output
A,CP_MEUR,C,P1,CZ,2012,141455.6 ,141455.6,,output
A,CP_MEUR,C,P1,DE,2012,1766060.0 ,1766060.0,,output
A,CP_MEUR,C,P1,EE,2012,10065.3 ,10065.3,,output
A,CP_MEUR,C,P1,ES,2012,469072.0 ,469072.0,,output
A,CP_MEUR,C,P1,FI,2012,116526.0 ,116526.0,,output
A,CP_MEUR,C,P1,FR,2012,766167.6 ,766167.6,,output
A,CP_MEUR,C,P1,HU,2012,80520.5 ,80520.5,,output
A,CP_MEUR,C,P1,IT,2012,920366.1 ,920366.1,,output
A,CP_MEUR,C,P1,LV,2012,8387.1 ,8387.1,,output
A,CP_MEUR,C,P1,NL,2012,300751.0 ,300751.0,,output
A,CP_MEUR,C,P1,NO,2012,100850.4 ,100850.4,,output
A,CP_MEUR,C,P1,PL,2012,254758.3 ,254758.3,,output
A,CP_MEUR,C,P1,PT,2012,78932.8 ,78932.8,,output
A,CP_MEUR,C,P1,RO,2012,80953.9 ,80953.9,,output
A,CP_MEUR,C,P1,SE,2012,194796.7 ,194796.7,,output
A,CP_MEUR,C,P1,SI,2012,22076.1 ,22076.1,,output
A,CP_MEUR,C,P1,SK,2012,61936.2 ,61936.2,,output
A,CP_MEUR,D,B1G,AT,2012,5765.2 ,5765.2,,gross_value_added
A,CP_MEUR,D,B1G,BE,2012,6149.2 ,6149.2,,gross_value_added
A,CP_MEUR,D,B1G,BG,2012,1415.5 ,1415.5,,gross_value_added
A,CP_MEUR,D,B1G,CZ,2012,5822.9 ,5822.9,,gross_value_added
A,CP_MEUR,D,B1G,DE,2012,45446.0 ,45446.0,,gross_value_added
A,CP_MEUR,D,B1G,EE,2012,448.2 ,448.2,,gross_value_added
A,CP_MEUR,D,B1G,ES,2012,26165.0 ,26165.0,,gross_value_added
A,CP_MEUR,D,B1G,FI,2012,3840.0 ,3840.0,,gross_value_added
A,CP_MEUR,D,B1G,FR,2012,25881.1 ,25881.1,,gross_value_added
A,CP_MEUR,D,B1G,HU,2012,2130.3 ,2130.3,,gross_value_added
A,CP_MEUR,D,B1G,IT,2012,19245.1 ,19245.1,,gross_value_added
A,CP_MEUR,D,B1G,LV,2012,596.3 ,596.3,,gross_value_added
A,CP_MEUR,D,B1G,NL,2012,8203.0 ,8203.0,,gross_value_added
A,CP_MEUR,D,B1G,NO,2012,7183.7 ,7183.7,,gross_value_added
A,CP_MEUR,D,B1G,PL,2012,11539.2 ,11539.2,,gross_value_added
A,CP_MEUR,D,B1G,PT,2012,3391.5 ,3391.5,,gross_value_added
A,CP_MEUR,D,B1G,RO,2012,4328.9 ,4328.9,,gross_value_added
A,CP_MEUR,D,B1G,SE,2012,11561.9 ,11561.9,,gross_value_added
A,CP_MEUR,D,B1G,SI,2012,766.3 ,766.3,,gross_value_added
A,CP_MEUR,D,B1G,SK,2012,2634.2 ,2634.2,,gross_value_added
A,CP_MEUR,D,B2A3N,AT,2012,1417.8 ,1417.8,,net_operating_surplus_mixed_income
A,CP_MEUR,D,B2A3N,BE,2012,1445.0 ,1445.0,,net_operating_surplus_mixed_income
A,CP_MEUR,D,B2A3N,BG,2012,303.2 ,303.2,,net_operating_surplus_mixed_income
A,CP_MEUR,D,B2A3N,CZ,2012,2636.2 ,2636.2,,net_operating_surplus_mixed_income
A,CP_MEUR,D,B2A3N,DE,2012,31706.0 ,31706.0,,net_operating_surplus_mixed_income
A,CP_MEUR,D,B2A3N,EE,2012,221.6 ,221.6,,net_operating_surplus_mixed_income
A,CP_MEUR,D,B2A3N,ES,2012,15437.0 ,15437.0,,net_operating_surplus_mixed_income
A,CP_MEUR,D,B2A3N,FI,2012,1617.0 ,1617.0,,net_operating_surplus_mixed_income
A,CP_MEUR,D,B2A3N,FR,2012,6523.7 ,6523.7,,net_operating_surplus_mixed_income
A,CP_MEUR,D,B2A3N,HU,2012,628.4 ,628.4,,net_operating_surplus_mixed_income
A,CP_MEUR,D,B2A3N,IT,2012,2629.7 ,2629.7,,net_operating_surplus_mixed_income
A,CP_MEUR,D,B2A3N,LV,2012,348.4 ,348.4,,net_operating_surplus_mixed_income
A,CP_MEUR,D,B2A3N,NL,2012,3069.0 ,3069.0,,net_operating_surplus_mixed_income
A,CP_MEUR,D,B2A3N,NO,2012,3664.3 ,3664.3,,net_operating_surplus_mixed_income
A,CP_MEUR,D,B2A3N,PL,2012,3095.6 ,3095.6,,net_operating_surplus_mixed_income
A,CP_MEUR,D,B2A3N,PT,2012,1678.1 ,1678.1,,net_operating_surplus_mixed_income
A,CP_MEUR,D,B2A3N,RO,2012,2042.2 ,2042.2,,net_operating_surplus_mixed_income
A,CP_MEUR,D,B2A3N,SE,2012,5515.6 ,5515.6,,net_operating_surplus_mixed_income
A,CP_MEUR,D,B2A3N,SI,2012,164.4 ,164.4,,net_operating_surplus_mixed_income
A,CP_MEUR,D,B2A3N,SK,2012,493.6 ,493.6,,net_operating_surplus_mixed_income
A,CP_MEUR,D,D1,AT,2012,2125.9 ,2125.9,,compensation
A,CP_MEUR,D,D1,BE,2012,2062.1 ,2062.1,,compensation
A,CP_MEUR,D,D1,BG,2012,493.7 ,493.7,,compensation
A,CP_MEUR,D,D1,CZ,2012,885.3 ,885.3,,compensation
A,CP_MEUR,D,D1,DE,2012,17689.0 ,17689.0,,compensation
A,CP_MEUR,D,D1,EE,2012,119.9 ,119.9,,compensation
A,CP_MEUR,D,D1,ES,2012,3080.0 ,3080.0,,compensation
A,CP_MEUR,D,D1,FI,2012,849.0 ,849.0,,compensation
A,CP_MEUR,D,D1,FR,2012,11502.1 ,11502.1,,compensation
A,CP_MEUR,D,D1,HU,2012,678.8 ,678.8,,compensation
A,CP_MEUR,D,D1,IT,2012,5222.1 ,5222.1,,compensation
A,CP_MEUR,D,D1,LV,2012,183.9 ,183.9,,compensation
A,CP_MEUR,D,D1,NL,2012,1946.0 ,1946.0,,compensation
A,CP_MEUR,D,D1,NO,2012,1592.6 ,1592.6,,compensation
A,CP_MEUR,D,D1,PL,2012,3536.2 ,3536.2,,compensation
A,CP_MEUR,D,D1,PT,2012,464.5 ,464.5,,compensation
A,CP_MEUR,D,D1,RO,2012,1385.6 ,1385.6,,compensation
A,CP_MEUR,D,D1,SE,2012,1889.6 ,1889.6,,compensation
A,CP_MEUR,D,D1,SI,2012,286.0 ,286.0,,compensation
A,CP_MEUR,D,D1,SK,2012,479.2 ,479.2,,compensation
A,CP_MEUR,D,P1,AT,2012,31776.3 ,31776.3,,output
A,CP_MEUR,D,P1,BE,2012,13287.5 ,13287.5,,output
A,CP_MEUR,D,P1,BG,2012,4493.7 ,4493.7,,output
A,CP_MEUR,D,P1,CZ,2012,16984.6 ,16984.6,,output
A,CP_MEUR,D,P1,DE,2012,134966.0 ,134966.0,,output
A,CP_MEUR,D,P1,EE,2012,1353.5 ,1353.5,,output
A,CP_MEUR,D,P1,ES,2012,72556.0 ,72556.0,,output
A,CP_MEUR,D,P1,FI,2012,8581.0 ,8581.0,,output
A,CP_MEUR,D,P1,FR,2012,107327.6 ,107327.6,,output
A,CP_MEUR,D,P1,HU,2012,5633.3 ,5633.3,,output
A,CP_MEUR,D,P1,IT,2012,75729.1 ,75729.1,,output
A,CP_MEUR,D,P1,LV,2012,2511.6 ,2511.6,,output
A,CP_MEUR,D,P1,NL,2012,19260.0 ,19260.0,,output
A,CP_MEUR,D,P1,NO,2012,9352.1 ,9352.1,,output
A,CP_MEUR,D,P1,PL,2012,27367.1 ,27367.1,,output
A,CP_MEUR,D,P1,PT,2012,14410.3 ,14410.3,,output
A,CP_MEUR,D,P1,RO,2012,15781.2 ,15781.2,,output
A,CP_MEUR,D,P1,SE,2012,20657.5 ,20657.5,,output
A,CP_MEUR,D,P1,SI,2012,1997.4 ,1997.4,,output
A,CP_MEUR,D,P1,SK,2012,13007.1 ,13007.1,,output
A,CP_MEUR,E,B1G,AT,2012,2955.8 ,2955.8,,gross_value_added
A,CP_MEUR,E,B1G,BE,2012,3424.2 ,3424.2,,gross_value_added
A,CP_MEUR,E,B1G,BG,2012,344.0 ,344.0,,gross_value_added
A,CP_MEUR,E,B1G,CZ,2012,1694.8 ,1694.8,,gross_value_added
A,CP_MEUR,E,B1G,DE,2012,26143.0 ,26143.0,,gross_value_added
A,CP_MEUR,E,B1G,EE,2012,139.1 ,139.1,,gross_value_added
A,CP_MEUR,E,B1G,ES,2012,10588.0 ,10588.0,,gross_value_added
A,CP_MEUR,E,B1G,FI,2012,1543.0 ,1543.0,,gross_value_added
A,CP_MEUR,E,B1G,FR,2012,13380.2 ,13380.2,,gross_value_added
A,CP_MEUR,E,B1G,HU,2012,971.2 ,971.2,,gross_value_added
A,CP_MEUR,E,B1G,IT,2012,13602.1 ,13602.1,,gross_value_added
A,CP_MEUR,E,B1G,LV,2012,173.2 ,173.2,,gross_value_added
A,CP_MEUR,E,B1G,NL,2012,3888.0 ,3888.0,,gross_value_added
A,CP_MEUR,E,B1G,NO,2012,2085.6 ,2085.6,,gross_value_added
A,CP_MEUR,E,B1G,PL,2012,4001.5 ,4001.5,,gross_value_added
A,CP_MEUR,E,B1G,PT,2012,1795.6 ,1795.6,,gross_value_added
A,CP_MEUR,E,B1G,RO,2012,1246.0 ,1246.0,,gross_value_added
A,CP_MEUR,E,B1G,SE,2012,2268.7 ,2268.7,,gross_value_added
A,CP_MEUR,E,B1G,SI,2012,313.4 ,313.4,,gross_value_added
A,CP_MEUR,E,B1G,SK,2012,723.6 ,723.6,,gross_value_added
A,CP_MEUR,E,B2A3N,AT,2012,658.0 ,658.0,,net_operating_surplus_mixed_income
A,CP_MEUR,E,B2A3N,BE,2012,418.9 ,418.9,,net_operating_surplus_mixed_income
A,CP_MEUR,E,B2A3N,BG,2012,48.4 ,48.4,,net_operating_surplus_mixed_income
A,CP_MEUR,E,B2A3N,CZ,2012,256.0 ,256.0,,net_operating_surplus_mixed_income
A,CP_MEUR,E,B2A3N,DE,2012,2508.0 ,2508.0,,net_operating_surplus_mixed_income
A,CP_MEUR,E,B2A3N,EE,2012,29.9 ,29.9,,net_operating_surplus_mixed_income
A,CP_MEUR,E,B2A3N,ES,2012,1967.0 ,1967.0,,net_operating_surplus_mixed_income
A,CP_MEUR,E,B2A3N,FI,2012,436.0 ,436.0,,net_operating_surplus_mixed_income
A,CP_MEUR,E,B2A3N,FR,2012,1481.3 ,1481.3,,net_operating_surplus_mixed_income
A,CP_MEUR,E,B2A3N,HU,2012,3.7 ,3.7,,net_operating_surplus_mixed_income
A,CP_MEUR,E,B2A3N,IT,2012,90.1 ,90.1,,net_operating_surplus_mixed_income
A,CP_MEUR,E,B2A3N,LV,2012,-9.7 ,-9.7,,net_operating_surplus_mixed_income
A,CP_MEUR,E,B2A3N,NL,2012,755.0 ,755.0,,net_operating_surplus_mixed_income
A,CP_MEUR,E,B2A3N,NO,2012,178.3 ,178.3,,net_operating_surplus_mixed_income
A,CP_MEUR,E,B2A3N,PL,2012,799.1 ,799.1,,net_operating_surplus_mixed_income
A,CP_MEUR,E,B2A3N,PT,2012,605.3 ,605.3,,net_operating_surplus_mixed_income
A,CP_MEUR,E,B2A3N,RO,2012,283.8 ,283.8,,net_operating_surplus_mixed_income
A,CP_MEUR,E,B2A3N,SE,2012,-219.3 ,-219.3,,net_operating_surplus_mixed_income
A,CP_MEUR,E,B2A3N,SI,2012,-58.5 ,-58.5,,net_operating_surplus_mixed_income
A,CP_MEUR,E,B2A3N,SK,2012,-24.8 ,-24.8,,net_operating_surplus_mixed_income
A,CP_MEUR,E,D1,AT,2012,958.6 ,958.6,,compensation
A,CP_MEUR,E,D1,BE,2012,1876.9 ,1876.9,,compensation
A,CP_MEUR,E,D1,BG,2012,200.8 ,200.8,,compensation
A,CP_MEUR,E,D1,CZ,2012,875.5 ,875.5,,compensation
A,CP_MEUR,E,D1,DE,2012,10537.0 ,10537.0,,compensation
A,CP_MEUR,E,D1,EE,2012,52.9 ,52.9,,compensation
A,CP_MEUR,E,D1,ES,2012,5947.0 ,5947.0,,compensation
A,CP_MEUR,E,D1,FI,2012,527.0 ,527.0,,compensation
A,CP_MEUR,E,D1,FR,2012,6393.7 ,6393.7,,compensation
A,CP_MEUR,E,D1,HU,2012,612.8 ,612.8,,compensation
A,CP_MEUR,E,D1,IT,2012,8161.6 ,8161.6,,compensation
A,CP_MEUR,E,D1,LV,2012,75.1 ,75.1,,compensation
A,CP_MEUR,E,D1,NL,2012,1804.0 ,1804.0,,compensation
A,CP_MEUR,E,D1,NO,2012,1015.2 ,1015.2,,compensation
A,CP_MEUR,E,D1,PL,2012,1795.1 ,1795.1,,compensation
A,CP_MEUR,E,D1,PT,2012,714.7 ,714.7,,compensation
A,CP_MEUR,E,D1,RO,2012,621.5 ,621.5,,compensation
A,CP_MEUR,E,D1,SE,2012,1327.3 ,1327.3,,compensation
A,CP_MEUR,E,D1,SI,2012,232.4 ,232.4,,compensation
A,CP_MEUR,E,D1,SK,2012,314.2 ,314.2,,compensation
A,CP_MEUR,E,P1,AT,2012,6943.6 ,6943.6,,output
A,CP_MEUR,E,P1,BE,2012,10850.0 ,10850.0,,output
A,CP_MEUR,E,P1,BG,2012,706.6 ,706.6,,output
A,CP_MEUR,E,P1,CZ,2012,4664.3 ,4664.3,,output
A,CP_MEUR,E,P1,DE,2012,56262.0 ,56262.0,,output
A,CP_MEUR,E,P1,EE,2012,389.1 ,389.1,,output
A,CP_MEUR,E,P1,ES,2012,25796.0 ,25796.0,,output
A,CP_MEUR,E,P1,FI,2012,3391.0 ,3391.0,,output
A,CP_MEUR,E,P1,FR,2012,37326.2 ,37326.2,,output
A,CP_MEUR,E,P1,HU,2012,2144.2 ,2144.2,,output
A,CP_MEUR,E,P1,IT,2012,37791.1 ,37791.1,,output
A,CP_MEUR,E,P1,LV,2012,402.6 ,402.6,,output
A,CP_MEUR,E,P1,NL,2012,9565.0 ,9565.0,,output
A,CP_MEUR,E,P1,NO,2012,5487.4 ,5487.4,,output
A,CP_MEUR,E,P1,PL,2012,8056.3 ,8056.3,,output
A,CP_MEUR,E,P1,PT,2012,4150.4 ,4150.4,,output
A,CP_MEUR,E,P1,RO,2012,3448.8 ,3448.8,,output
A,CP_MEUR,E,P1,SE,2012,6967.3 ,6967.3,,output
A,CP_MEUR,E,P1,SI,2012,1041.6 ,1041.6,,output
A,CP_MEUR,E,P1,SK,2012,1155.9 ,1155.9,,output
A,CP_MEUR,F,B1G,AT,2012,17471.7 ,17471.7,,gross_value_added
A,CP_MEUR,F,B1G,BE,2012,18736.8 ,18736.8,,gross_value_added
A,CP_MEUR,F,B1G,BG,2012,2142.4 ,2142.4,,gross_value_added
A,CP_MEUR,F,B1G,CZ,2012,8622.9 ,8622.9,,gross_value_added
A,CP_MEUR,F,B1G,DE,2012,104483.0 ,104483.0,,gross_value_added
A,CP_MEUR,F,B1G,EE,2012,1154.4 ,1154.4,,gross_value_added
A,CP_MEUR,F,B1G,ES,2012,64407.0 ,64407.0,,gross_value_added
A,CP_MEUR,F,B1G,FI,2012,11406.0 ,11406.0,,gross_value_added
A,CP_MEUR,F,B1G,FR,2012,109255.6 ,109255.6,,gross_value_added
A,CP_MEUR,F,B1G,HU,2012,3240.6 ,3240.6,,gross_value_added
A,CP_MEUR,F,B1G,IT,2012,75295.8 ,75295.8,,gross_value_added
A,CP_MEUR,F,B1G,LV,2012,1177.5 ,1177.5,,gross_value_added
A,CP_MEUR,F,B1G,NL,2012,27183.0 ,27183.0,,gross_value_added
A,CP_MEUR,F,B1G,NO,2012,20246.0 ,20246.0,,gross_value_added
A,CP_MEUR,F,B1G,PL,2012,28726.1 ,28726.1,,gross_value_added
A,CP_MEUR,F,B1G,PT,2012,7173.9 ,7173.9,,gross_value_added
A,CP_MEUR,F,B1G,RO,2012,10517.0 ,10517.0,,gross_value_added
A,CP_MEUR,F,B1G,SE,2012,22058.8 ,22058.8,,gross_value_added
A,CP_MEUR,F,B1G,SI,2012,1780.0 ,1780.0,,gross_value_added
A,CP_MEUR,F,B1G,SK,2012,5917.3 ,5917.3,,gross_value_added
A,CP_MEUR,F,B2A3N,AT,2012,4848.6 ,4848.6,,net_operating_surplus_mixed_income
A,CP_MEUR,F,B2A3N,BE,2012,5801.4 ,5801.4,,net_operating_surplus_mixed_income
A,CP_MEUR,F,B2A3N,BG,2012,1175.1 ,1175.1,,net_operating_surplus_mixed_income
A,CP_MEUR,F,B2A3N,CZ,2012,3383.7 ,3383.7,,net_operating_surplus_mixed_income
A,CP_MEUR,F,B2A3N,DE,2012,31676.0 ,31676.0,,net_operating_surplus_mixed_income
A,CP_MEUR,F,B2A3N,EE,2012,361.7 ,361.7,,net_operating_surplus_mixed_income
A,CP_MEUR,F,B2A3N,ES,2012,22502.0 ,22502.0,,net_operating_surplus_mixed_income
A,CP_MEUR,F,B2A3N,FI,2012,2910.0 ,2910.0,,net_operating_surplus_mixed_income
A,CP_MEUR,F,B2A3N,FR,2012,27639.6 ,27639.6,,net_operating_surplus_mixed_income
A,CP_MEUR,F,B2A3N,HU,2012,812.3 ,812.3,,net_operating_surplus_mixed_income
A,CP_MEUR,F,B2A3N,IT,2012,30015.5 ,30015.5,,net_operating_surplus_mixed_income
A,CP_MEUR,F,B2A3N,LV,2012,312.4 ,312.4,,net_operating_surplus_mixed_income
A,CP_MEUR,F,B2A3N,NL,2012,6303.0 ,6303.0,,net_operating_surplus_mixed_income
A,CP_MEUR,F,B2A3N,NO,2012,6486.5 ,6486.5,,net_operating_surplus_mixed_income
A,CP_MEUR,F,B2A3N,PL,2012,17031.3 ,17031.3,,net_operating_surplus_mixed_income
A,CP_MEUR,F,B2A3N,PT,2012,1555.3 ,1555.3,,net_operating_surplus_mixed_income
A,CP_MEUR,F,B2A3N,RO,2012,5336.9 ,5336.9,,net_operating_surplus_mixed_income
A,CP_MEUR,F,B2A3N,SE,2012,1959.8 ,1959.8,,net_operating_surplus_mixed_income
A,CP_MEUR,F,B2A3N,SI,2012,560.6 ,560.6,,net_operating_surplus_mixed_income
A,CP_MEUR,F,B2A3N,SK,2012,4280.5 ,4280.5,,net_operating_surplus_mixed_income
A,CP_MEUR,F,D1,AT,2012,10323.7 ,10323.7,,compensation
A,CP_MEUR,F,D1,BE,2012,10435.7 ,10435.7,,compensation
A,CP_MEUR,F,D1,BG,2012,742.8 ,742.8,,compensation
A,CP_MEUR,F,D1,CZ,2012,4064.9 ,4064.9,,compensation
A,CP_MEUR,F,D1,DE,2012,67727.0 ,67727.0,,compensation
A,CP_MEUR,F,D1,EE,2012,683.5 ,683.5,,compensation
A,CP_MEUR,F,D1,ES,2012,28991.0 ,28991.0,,compensation
A,CP_MEUR,F,D1,FI,2012,7734.0 ,7734.0,,compensation
A,CP_MEUR,F,D1,FR,2012,69133.2 ,69133.2,,compensation
A,CP_MEUR,F,D1,HU,2012,2008.9 ,2008.9,,compensation
A,CP_MEUR,F,D1,IT,2012,33857.8 ,33857.8,,compensation
A,CP_MEUR,F,D1,LV,2012,647.9 ,647.9,,compensation
A,CP_MEUR,F,D1,NL,2012,18485.0 ,18485.0,,compensation
A,CP_MEUR,F,D1,NO,2012,12748.1 ,12748.1,,compensation
A,CP_MEUR,F,D1,PL,2012,10403.4 ,10403.4,,compensation
A,CP_MEUR,F,D1,PT,2012,4629.4 ,4629.4,,compensation
A,CP_MEUR,F,D1,RO,2012,2915.1 ,2915.1,,compensation
A,CP_MEUR,F,D1,SE,2012,15354.4 ,15354.4,,compensation
A,CP_MEUR,F,D1,SI,2012,998.6 ,998.6,,compensation
A,CP_MEUR,F,D1,SK,2012,1389.5 ,1389.5,,compensation
A,CP_MEUR,F,P1,AT,2012,45988.2 ,45988.2,,output
A,CP_MEUR,F,P1,BE,2012,66140.5 ,66140.5,,output
A,CP_MEUR,F,P1,BG,2012,7866.3 ,7866.3,,output
A,CP_MEUR,F,P1,CZ,2012,29206.4 ,29206.4,,output
A,CP_MEUR,F,P1,DE,2012,257099.0 ,257099.0,,output
A,CP_MEUR,F,P1,EE,2012,3053.0 ,3053.0,,output
A,CP_MEUR,F,P1,ES,2012,133972.0 ,133972.0,,output
A,CP_MEUR,F,P1,FI,2012,30634.0 ,30634.0,,output
A,CP_MEUR,F,P1,FR,2012,295768.6 ,295768.6,,output
A,CP_MEUR,F,P1,HU,2012,7931.1 ,7931.1,,output
A,CP_MEUR,F,P1,IT,2012,226119.0 ,226119.0,,output
A,CP_MEUR,F,P1,LV,2012,4879.9 ,4879.9,,output
A,CP_MEUR,F,P1,NL,2012,84528.0 ,84528.0,,output
A,CP_MEUR,F,P1,NO,2012,54631.8 ,54631.8,,output
A,CP_MEUR,F,P1,PL,2012,80716.9 ,80716.9,,output
A,CP_MEUR,F,P1,PT,2012,20768.4 ,20768.4,,output
A,CP_MEUR,F,P1,RO,2012,30743.9 ,30743.9,,output
A,CP_MEUR,F,P1,SE,2012,49887.2 ,49887.2,,output
A,CP_MEUR,F,P1,SI,2012,5653.1 ,5653.1,,output
A,CP_MEUR,F,P1,SK,2012,10785.9 ,10785.9,,output
A,CP_MEUR,G,B1G,AT,2012,36411.1 ,36411.1,,gross_value_added
A,CP_MEUR,G,B1G,BE,2012,42958.2 ,42958.2,,gross_value_added
A,CP_MEUR,G,B1G,BG,2012,4441.5 ,4441.5,,gross_value_added
A,CP_MEUR,G,B1G,CZ,2012,15414.8 ,15414.8,,gross_value_added
A,CP_MEUR,G,B1G,DE,2012,238022.0 ,238022.0,,gross_value_added
A,CP_MEUR,G,B1G,EE,2012,1942.7 ,1942.7,,gross_value_added
A,CP_MEUR,G,B1G,ES,2012,120807.0 ,120807.0,,gross_value_added
A,CP_MEUR,G,B1G,FI,2012,17543.0 ,17543.0,,gross_value_added
A,CP_MEUR,G,B1G,FR,2012,194485.4 ,194485.4,,gross_value_added
A,CP_MEUR,G,B1G,HU,2012,8305.6 ,8305.6,,gross_value_added
A,CP_MEUR,G,B1G,IT,2012,164187.8 ,164187.8,,gross_value_added
A,CP_MEUR,G,B1G,LV,2012,2877.0 ,2877.0,,gross_value_added
A,CP_MEUR,G,B1G,NL,2012,75664.0 ,75664.0,,gross_value_added
A,CP_MEUR,G,B1G,NO,2012,25496.1 ,25496.1,,gross_value_added
A,CP_MEUR,G,B1G,PL,2012,62349.5 ,62349.5,,gross_value_added
A,CP_MEUR,G,B1G,PT,2012,21635.3 ,21635.3,,gross_value_added
A,CP_MEUR,G,B1G,RO,2012,12152.1 ,12152.1,,gross_value_added
A,CP_MEUR,G,B1G,SE,2012,42647.4 ,42647.4,,gross_value_added
A,CP_MEUR,G,B1G,SI,2012,3651.5 ,3651.5,,gross_value_added
A,CP_MEUR,G,B1G,SK,2012,8688.9 ,8688.9,,gross_value_added
A,CP_MEUR,G,B2A3N,AT,2012,11794.4 ,11794.4,,net_operating_surplus_mixed_income
A,CP_MEUR,G,B2A3N,BE,2012,12392.4 ,12392.4,,net_operating_surplus_mixed_income
A,CP_MEUR,G,B2A3N,BG,2012,1834.8 ,1834.8,,net_operating_surplus_mixed_income
A,CP_MEUR,G,B2A3N,CZ,2012,4657.4 ,4657.4,,net_operating_surplus_mixed_income
A,CP_MEUR,G,B2A3N,DE,2012,55775.0 ,55775.0,,net_operating_surplus_mixed_income
A,CP_MEUR,G,B2A3N,EE,2012,692.3 ,692.3,,net_operating_surplus_mixed_income
A,CP_MEUR,G,B2A3N,ES,2012,42595.0 ,42595.0,,net_operating_surplus_mixed_income
A,CP_MEUR,G,B2A3N,FI,2012,5346.0 ,5346.0,,net_operating_surplus_mixed_income
A,CP_MEUR,G,B2A3N,FR,2012,48048.0 ,48048.0,,net_operating_surplus_mixed_income
A,CP_MEUR,G,B2A3N,HU,2012,1598.7 ,1598.7,,net_operating_surplus_mixed_income
A,CP_MEUR,G,B2A3N,IT,2012,73248.5 ,73248.5,,net_operating_surplus_mixed_income
A,CP_MEUR,G,B2A3N,LV,2012,1167.8 ,1167.8,,net_operating_surplus_mixed_income
A,CP_MEUR,G,B2A3N,NL,2012,26228.0 ,26228.0,,net_operating_surplus_mixed_income
A,CP_MEUR,G,B2A3N,NO,2012,3753.7 ,3753.7,,net_operating_surplus_mixed_income
A,CP_MEUR,G,B2A3N,PL,2012,41460.8 ,41460.8,,net_operating_surplus_mixed_income
A,CP_MEUR,G,B2A3N,PT,2012,9171.1 ,9171.1,,net_operating_surplus_mixed_income
A,CP_MEUR,G,B2A3N,RO,2012,4568.5 ,4568.5,,net_operating_surplus_mixed_income
A,CP_MEUR,G,B2A3N,SE,2012,8124.8 ,8124.8,,net_operating_surplus_mixed_income
A,CP_MEUR,G,B2A3N,SI,2012,733.6 ,733.6,,net_operating_surplus_mixed_income
A,CP_MEUR,G,B2A3N,SK,2012,3679.7 ,3679.7,,net_operating_surplus_mixed_income
A,CP_MEUR,G,D1,AT,2012,19998.3 ,19998.3,,compensation
A,CP_MEUR,G,D1,BE,2012,25390.7 ,25390.7,,compensation
A,CP_MEUR,G,D1,BG,2012,2062.8 ,2062.8,,compensation
A,CP_MEUR,G,D1,CZ,2012,8477.1 ,8477.1,,compensation
A,CP_MEUR,G,D1,DE,2012,161584.0 ,161584.0,,compensation
A,CP_MEUR,G,D1,EE,2012,1033.7 ,1033.7,,compensation
A,CP_MEUR,G,D1,ES,2012,66577.0 ,66577.0,,compensation
A,CP_MEUR,G,D1,FI,2012,10555.0 ,10555.0,,compensation
A,CP_MEUR,G,D1,FR,2012,123236.3 ,123236.3,,compensation
A,CP_MEUR,G,D1,HU,2012,5486.0 ,5486.0,,compensation
A,CP_MEUR,G,D1,IT,2012,67840.2 ,67840.2,,compensation
A,CP_MEUR,G,D1,LV,2012,1309.0 ,1309.0,,compensation
A,CP_MEUR,G,D1,NL,2012,41498.0 ,41498.0,,compensation
A,CP_MEUR,G,D1,NO,2012,19486.7 ,19486.7,,compensation
A,CP_MEUR,G,D1,PL,2012,17887.3 ,17887.3,,compensation
A,CP_MEUR,G,D1,PT,2012,10562.4 ,10562.4,,compensation
A,CP_MEUR,G,D1,RO,2012,5685.5 ,5685.5,,compensation
A,CP_MEUR,G,D1,SE,2012,25252.4 ,25252.4,,compensation
A,CP_MEUR,G,D1,SI,2012,2346.0 ,2346.0,,compensation
A,CP_MEUR,G,D1,SK,2012,4285.4 ,4285.4,,compensation
A,CP_MEUR,G,P1,AT,2012,62185.5 ,62185.5,,output
A,CP_MEUR,G,P1,BE,2012,87625.6 ,87625.6,,output
A,CP_MEUR,G,P1,BG,2012,8884.6 ,8884.6,,output
A,CP_MEUR,G,P1,CZ,2012,32652.7 ,32652.7,,output
A,CP_MEUR,G,P1,DE,2012,432323.0 ,432323.0,,output
A,CP_MEUR,G,P1,EE,2012,3689.0 ,3689.0,,output
A,CP_MEUR,G,P1,ES,2012,204673.0 ,204673.0,,output
A,CP_MEUR,G,P1,FI,2012,32004.0 ,32004.0,,output
A,CP_MEUR,G,P1,FR,2012,368408.5 ,368408.5,,output
A,CP_MEUR,G,P1,HU,2012,17946.4 ,17946.4,,output
A,CP_MEUR,G,P1,IT,2012,332220.5 ,332220.5,,output
A,CP_MEUR,G,P1,LV,2012,5283.3 ,5283.3,,output
A,CP_MEUR,G,P1,NL,2012,135950.0 ,135950.0,,output
A,CP_MEUR,G,P1,NO,2012,49328.2 ,49328.2,,output
A,CP_MEUR,G,P1,PL,2012,98080.1 ,98080.1,,output
A,CP_MEUR,G,P1,PT,2012,35071.3 ,35071.3,,output
A,CP_MEUR,G,P1,RO,2012,32798.2 ,32798.2,,output
A,CP_MEUR,G,P1,SE,2012,74611.3 ,74611.3,,output
A,CP_MEUR,G,P1,SI,2012,7242.9 ,7242.9,,output
A,CP_MEUR,G,P1,SK,2012,15517.4 ,15517.4,,output
A,CP_MEUR,H,B1G,AT,2012,15801.1 ,15801.1,,gross_value_added
A,CP_MEUR,H,B1G,BE,2012,20113.3 ,20113.3,,gross_value_added
A,CP_MEUR,H,B1G,BG,2012,2132.2 ,2132.2,,gross_value_added
A,CP_MEUR,H,B1G,CZ,2012,8484.1 ,8484.1,,gross_value_added
A,CP_MEUR,H,B1G,DE,2012,112982.0 ,112982.0,,gross_value_added
A,CP_MEUR,H,B1G,EE,2012,1437.2 ,1437.2,,gross_value_added
A,CP_MEUR,H,B1G,ES,2012,43212.0 ,43212.0,,gross_value_added
A,CP_MEUR,H,B1G,FI,2012,9054.0 ,9054.0,,gross_value_added
A,CP_MEUR,H,B1G,FR,2012,82249.9 ,82249.9,,gross_value_added
A,CP_MEUR,H,B1G,HU,2012,5402.1 ,5402.1,,gross_value_added
A,CP_MEUR,H,B1G,IT,2012,71751.5 ,71751.5,,gross_value_added
A,CP_MEUR,H,B1G,LV,2012,2021.2 ,2021.2,,gross_value_added
A,CP_MEUR,H,B1G,NL,2012,26418.0 ,26418.0,,gross_value_added
A,CP_MEUR,H,B1G,NO,2012,19886.3 ,19886.3,,gross_value_added
A,CP_MEUR,H,B1G,PL,2012,21470.8 ,21470.8,,gross_value_added
A,CP_MEUR,H,B1G,PT,2012,6951.1 ,6951.1,,gross_value_added
A,CP_MEUR,H,B1G,RO,2012,8693.7 ,8693.7,,gross_value_added
A,CP_MEUR,H,B1G,SE,2012,21195.5 ,21195.5,,gross_value_added
A,CP_MEUR,H,B1G,SI,2012,1849.4 ,1849.4,,gross_value_added
A,CP_MEUR,H,B1G,SK,2012,3430.0 ,3430.0,,gross_value_added
A,CP_MEUR,H,B2A3N,AT,2012,1689.7 ,1689.7,,net_operating_surplus_mixed_income
A,CP_MEUR,H,B2A3N,BE,2012,607.3 ,607.3,,net_operating_surplus_mixed_income
A,CP_MEUR,H,B2A3N,BG,2012,638.3 ,638.3,,net_operating_surplus_mixed_income
A,CP_MEUR,H,B2A3N,CZ,2012,999.6 ,999.6,,net_operating_surplus_mixed_income
A,CP_MEUR,H,B2A3N,DE,2012,17674.0 ,17674.0,,net_operating_surplus_mixed_income
A,CP_MEUR,H,B2A3N,EE,2012,498.6 ,498.6,,net_operating_surplus_mixed_income
A,CP_MEUR,H,B2A3N,ES,2012,6010.0 ,6010.0,,net_operating_surplus_mixed_income
A,CP_MEUR,H,B2A3N,FI,2012,1752.0 ,1752.0,,net_operating_surplus_mixed_income
A,CP_MEUR,H,B2A3N,FR,2012,2567.9 ,2567.9,,net_operating_surplus_mixed_income
A,CP_MEUR,H,B2A3N,HU,2012,1154.7 ,1154.7,,net_operating_surplus_mixed_income
A,CP_MEUR,H,B2A3N,IT,2012,12410.8 ,12410.8,,net_operating_surplus_mixed_income
A,CP_MEUR,H,B2A3N,LV,2012,608.6 ,608.6,,net_operating_surplus_mixed_income
A,CP_MEUR,H,B2A3N,NL,2012,4814.0 ,4814.0,,net_operating_surplus_mixed_income
A,CP_MEUR,H,B2A3N,NO,2012,5578.5 ,5578.5,,net_operating_surplus_mixed_income
A,CP_MEUR,H,B2A3N,PL,2012,7915.3 ,7915.3,,net_operating_surplus_mixed_income
A,CP_MEUR,H,B2A3N,PT,2012,1011.6 ,1011.6,,net_operating_surplus_mixed_income
A,CP_MEUR,H,B2A3N,RO,2012,2671.8 ,2671.8,,net_operating_surplus_mixed_income
A,CP_MEUR,H,B2A3N,SE,2012,1563.6 ,1563.6,,net_operating_surplus_mixed_income
A,CP_MEUR,H,B2A3N,SI,2012,290.2 ,290.2,,net_operating_surplus_mixed_income
A,CP_MEUR,H,B2A3N,SK,2012,1054.5 ,1054.5,,net_operating_surplus_mixed_income
A,CP_MEUR,H,D1,AT,2012,8571.4 ,8571.4,,compensation
A,CP_MEUR,H,D1,BE,2012,13040.2 ,13040.2,,compensation
A,CP_MEUR,H,D1,BG,2012,1002.1 ,1002.1,,compensation
A,CP_MEUR,H,D1,CZ,2012,4230.8 ,4230.8,,compensation
A,CP_MEUR,H,D1,DE,2012,68900.0 ,68900.0,,compensation
A,CP_MEUR,H,D1,EE,2012,647.9 ,647.9,,compensation
A,CP_MEUR,H,D1,ES,2012,23062.0 ,23062.0,,compensation
A,CP_MEUR,H,D1,FI,2012,5790.0 ,5790.0,,compensation
A,CP_MEUR,H,D1,FR,2012,60563.1 ,60563.1,,compensation
A,CP_MEUR,H,D1,HU,2012,3012.1 ,3012.1,,compensation
A,CP_MEUR,H,D1,IT,2012,35984.3 ,35984.3,,compensation
A,CP_MEUR,H,D1,LV,2012,922.4 ,922.4,,compensation
A,CP_MEUR,H,D1,NL,2012,16818.0 ,16818.0,,compensation
A,CP_MEUR,H,D1,NO,2012,10241.6 ,10241.6,,compensation
A,CP_MEUR,H,D1,PL,2012,8243.8 ,8243.8,,compensation
A,CP_MEUR,H,D1,PT,2012,3750.5 ,3750.5,,compensation
A,CP_MEUR,H,D1,RO,2012,3015.6 ,3015.6,,compensation
A,CP_MEUR,H,D1,SE,2012,11345.8 ,11345.8,,compensation
A,CP_MEUR,H,D1,SI,2012,1008.6 ,1008.6,,compensation
A,CP_MEUR,H,D1,SK,2012,1690.7 ,1690.7,,compensation
A,CP_MEUR,H,P1,AT,2012,32119.5 ,32119.5,,output
A,CP_MEUR,H,P1,BE,2012,55091.5 ,55091.5,,output
A,CP_MEUR,H,P1,BG,2012,6537.5 ,6537.5,,output
A,CP_MEUR,H,P1,CZ,2012,22632.6 ,22632.6,,output
A,CP_MEUR,H,P1,DE,2012,312447.0 ,312447.0,,output
A,CP_MEUR,H,P1,EE,2012,4337.1 ,4337.1,,output
A,CP_MEUR,H,P1,ES,2012,106311.0 ,106311.0,,output
A,CP_MEUR,H,P1,FI,2012,23602.0 ,23602.0,,output
A,CP_MEUR,H,P1,FR,2012,187836.9 ,187836.9,,output
A,CP_MEUR,H,P1,HU,2012,11659.0 ,11659.0,,output
A,CP_MEUR,H,P1,IT,2012,176021.2 ,176021.2,,output
A,CP_MEUR,H,P1,LV,2012,6484.8 ,6484.8,,output
A,CP_MEUR,H,P1,NL,2012,69307.0 ,69307.0,,output
A,CP_MEUR,H,P1,NO,2012,46867.9 ,46867.9,,output
A,CP_MEUR,H,P1,PL,2012,50126.4 ,50126.4,,output
A,CP_MEUR,H,P1,PT,2012,17494.2 ,17494.2,,output
A,CP_MEUR,H,P1,RO,2012,20886.7 ,20886.7,,output
A,CP_MEUR,H,P1,SE,2012,58011.5 ,58011.5,,output
A,CP_MEUR,H,P1,SI,2012,4798.1 ,4798.1,,output
A,CP_MEUR,H,P1,SK,2012,8410.7 ,8410.7,,output
A,CP_MEUR,I,B1G,AT,2012,11027.1 ,11027.1,,gross_value_added
A,CP_MEUR,I,B1G,BE,2012,6101.5 ,6101.5,,gross_value_added
A,CP_MEUR,I,B1G,BG,2012,847.2 ,847.2,,gross_value_added
A,CP_MEUR,I,B1G,CZ,2012,2871.0 ,2871.0,,gross_value_added
A,CP_MEUR,I,B1G,DE,2012,39465.0 ,39465.0,,gross_value_added
A,CP_MEUR,I,B1G,EE,2012,269.0 ,269.0,,gross_value_added
A,CP_MEUR,I,B1G,ES,2012,59425.0 ,59425.0,,gross_value_added
A,CP_MEUR,I,B1G,FI,2012,2948.0 ,2948.0,,gross_value_added
A,CP_MEUR,I,B1G,FR,2012,40924.5 ,40924.5,,gross_value_added
A,CP_MEUR,I,B1G,HU,2012,1306.8 ,1306.8,,gross_value_added
A,CP_MEUR,I,B1G,IT,2012,54130.6 ,54130.6,,gross_value_added
A,CP_MEUR,I,B1G,LV,2012,311.4 ,311.4,,gross_value_added
A,CP_MEUR,I,B1G,NL,2012,9884.0 ,9884.0,,gross_value_added
A,CP_MEUR,I,B1G,NO,2012,4477.3 ,4477.3,,gross_value_added
A,CP_MEUR,I,B1G,PL,2012,3834.9 ,3834.9,,gross_value_added
A,CP_MEUR,I,B1G,PT,2012,7532.5 ,7532.5,,gross_value_added
A,CP_MEUR,I,B1G,RO,2012,1894.4 ,1894.4,,gross_value_added
A,CP_MEUR,I,B1G,SE,2012,6199.1 ,6199.1,,gross_value_added
A,CP_MEUR,I,B1G,SI,2012,690.8 ,690.8,,gross_value_added
A,CP_MEUR,I,B1G,SK,2012,1004.7 ,1004.7,,gross_value_added
A,CP_MEUR,I,B2A3N,AT,2012,3625.7 ,3625.7,,net_operating_surplus_mixed_income
A,CP_MEUR,I,B2A3N,BE,2012,1248.4 ,1248.4,,net_operating_surplus_mixed_income
A,CP_MEUR,I,B2A3N,BG,2012,127.2 ,127.2,,net_operating_surplus_mixed_income
A,CP_MEUR,I,B2A3N,CZ,2012,1108.9 ,1108.9,,net_operating_surplus_mixed_income
A,CP_MEUR,I,B2A3N,DE,2012,10773.0 ,10773.0,,net_operating_surplus_mixed_income
A,CP_MEUR,I,B2A3N,EE,2012,46.6 ,46.6,,net_operating_surplus_mixed_income
A,CP_MEUR,I,B2A3N,ES,2012,27253.0 ,27253.0,,net_operating_surplus_mixed_income
A,CP_MEUR,I,B2A3N,FI,2012,764.0 ,764.0,,net_operating_surplus_mixed_income
A,CP_MEUR,I,B2A3N,FR,2012,5404.7 ,5404.7,,net_operating_surplus_mixed_income
A,CP_MEUR,I,B2A3N,HU,2012,176.1 ,176.1,,net_operating_surplus_mixed_income
A,CP_MEUR,I,B2A3N,IT,2012,19923.3 ,19923.3,,net_operating_surplus_mixed_income
A,CP_MEUR,I,B2A3N,LV,2012,58.8 ,58.8,,net_operating_surplus_mixed_income
A,CP_MEUR,I,B2A3N,NL,2012,3239.0 ,3239.0,,net_operating_surplus_mixed_income
A,CP_MEUR,I,B2A3N,NO,2012,961.2 ,961.2,,net_operating_surplus_mixed_income
A,CP_MEUR,I,B2A3N,PL,2012,1545.4 ,1545.4,,net_operating_surplus_mixed_income
A,CP_MEUR,I,B2A3N,PT,2012,3052.4 ,3052.4,,net_operating_surplus_mixed_income
A,CP_MEUR,I,B2A3N,RO,2012,1085.8 ,1085.8,,net_operating_surplus_mixed_income
A,CP_MEUR,I,B2A3N,SE,2012,299.5 ,299.5,,net_operating_surplus_mixed_income
A,CP_MEUR,I,B2A3N,SI,2012,64.3 ,64.3,,net_operating_surplus_mixed_income
A,CP_MEUR,I,B2A3N,SK,2012,407.0 ,407.0,,net_operating_surplus_mixed_income
A,CP_MEUR,I,D1,AT,2012,6118.3 ,6118.3,,compensation
A,CP_MEUR,I,D1,BE,2012,3710.6 ,3710.6,,compensation
A,CP_MEUR,I,D1,BG,2012,577.5 ,577.5,,compensation
A,CP_MEUR,I,D1,CZ,2012,1393.7 ,1393.7,,compensation
A,CP_MEUR,I,D1,DE,2012,25436.0 ,25436.0,,compensation
A,CP_MEUR,I,D1,EE,2012,187.5 ,187.5,,compensation
A,CP_MEUR,I,D1,ES,2012,28804.0 ,28804.0,,compensation
A,CP_MEUR,I,D1,FI,2012,1995.0 ,1995.0,,compensation
A,CP_MEUR,I,D1,FR,2012,29909.4 ,29909.4,,compensation
A,CP_MEUR,I,D1,HU,2012,984.2 ,984.2,,compensation
A,CP_MEUR,I,D1,IT,2012,24476.8 ,24476.8,,compensation
A,CP_MEUR,I,D1,LV,2012,185.0 ,185.0,,compensation
A,CP_MEUR,I,D1,NL,2012,5635.0 ,5635.0,,compensation
A,CP_MEUR,I,D1,NO,2012,3151.3 ,3151.3,,compensation
A,CP_MEUR,I,D1,PL,2012,1867.5 ,1867.5,,compensation
A,CP_MEUR,I,D1,PT,2012,3721.1 ,3721.1,,compensation
A,CP_MEUR,I,D1,RO,2012,563.3 ,563.3,,compensation
A,CP_MEUR,I,D1,SE,2012,4535.3 ,4535.3,,compensation
A,CP_MEUR,I,D1,SI,2012,469.4 ,469.4,,compensation
A,CP_MEUR,I,D1,SK,2012,519.1 ,519.1,,compensation
A,CP_MEUR,I,P1,AT,2012,19982.9 ,19982.9,,output
A,CP_MEUR,I,P1,BE,2012,15218.9 ,15218.9,,output
A,CP_MEUR,I,P1,BG,2012,1708.2 ,1708.2,,output
A,CP_MEUR,I,P1,CZ,2012,6225.7 ,6225.7,,output
A,CP_MEUR,I,P1,DE,2012,80788.0 ,80788.0,,output
A,CP_MEUR,I,P1,EE,2012,691.5 ,691.5,,output
A,CP_MEUR,I,P1,ES,2012,103792.0 ,103792.0,,output
A,CP_MEUR,I,P1,FI,2012,7139.0 ,7139.0,,output
A,CP_MEUR,I,P1,FR,2012,91522.1 ,91522.1,,output
A,CP_MEUR,I,P1,HU,2012,3780.7 ,3780.7,,output
A,CP_MEUR,I,P1,IT,2012,102357.8 ,102357.8,,output
A,CP_MEUR,I,P1,LV,2012,672.5 ,672.5,,output
A,CP_MEUR,I,P1,NL,2012,20744.0 ,20744.0,,output
A,CP_MEUR,I,P1,NO,2012,9624.5 ,9624.5,,output
A,CP_MEUR,I,P1,PL,2012,8881.4 ,8881.4,,output
A,CP_MEUR,I,P1,PT,2012,13264.4 ,13264.4,,output
A,CP_MEUR,I,P1,RO,2012,3671.5 ,3671.5,,output
A,CP_MEUR,I,P1,SE,2012,14378.4 ,14378.4,,output
A,CP_MEUR,I,P1,SI,2012,1486.8 ,1486.8,,output
A,CP_MEUR,I,P1,SK,2012,1575.6 ,1575.6,,output
A,CP_MEUR,J,B1G,AT,2012,9514.5 ,9514.5,,gross_value_added
A,CP_MEUR,J,B1G,BE,2012,14901.5 ,14901.5,,gross_value_added
A,CP_MEUR,J,B1G,BG,2012,1857.3 ,1857.3,,gross_value_added
A,CP_MEUR,J,B1G,CZ,2012,7220.5 ,7220.5,,gross_value_added
A,CP_MEUR,J,B1G,DE,2012,115347.0 ,115347.0,,gross_value_added
A,CP_MEUR,J,B1G,EE,2012,804.6 ,804.6,,gross_value_added
A,CP_MEUR,J,B1G,ES,2012,37527.0 ,37527.0,,gross_value_added
A,CP_MEUR,J,B1G,FI,2012,8949.0 ,8949.0,,gross_value_added
A,CP_MEUR,J,B1G,FR,2012,94718.8 ,94718.8,,gross_value_added
A,CP_MEUR,J,B1G,HU,2012,4468.3 ,4468.3,,gross_value_added
A,CP_MEUR,J,B1G,IT,2012,56720.4 ,56720.4,,gross_value_added
A,CP_MEUR,J,B1G,LV,2012,849.9 ,849.9,,gross_value_added
A,CP_MEUR,J,B1G,NL,2012,27633.0 ,27633.0,,gross_value_added
A,CP_MEUR,J,B1G,NO,2012,14017.2 ,14017.2,,gross_value_added
A,CP_MEUR,J,B1G,PL,2012,12231.7 ,12231.7,,gross_value_added
A,CP_MEUR,J,B1G,PT,2012,5374.5 ,5374.5,,gross_value_added
A,CP_MEUR,J,B1G,RO,2012,5948.6 ,5948.6,,gross_value_added
A,CP_MEUR,J,B1G,SE,2012,25143.7 ,25143.7,,gross_value_added
A,CP_MEUR,J,B1G,SI,2012,1328.7 ,1328.7,,gross_value_added
A,CP_MEUR,J,B1G,SK,2012,3686.6 ,3686.6,,gross_value_added
A,CP_MEUR,J,B2A3N,AT,2012,1226.6 ,1226.6,,net_operating_surplus_mixed_income
A,CP_MEUR,J,B2A3N,BE,2012,3652.3 ,3652.3,,net_operating_surplus_mixed_income
A,CP_MEUR,J,B2A3N,BG,2012,430.3 ,430.3,,net_operating_surplus_mixed_income
A,CP_MEUR,J,B2A3N,CZ,2012,2096.3 ,2096.3,,net_operating_surplus_mixed_income
A,CP_MEUR,J,B2A3N,DE,2012,30454.0 ,30454.0,,net_operating_surplus_mixed_income
A,CP_MEUR,J,B2A3N,EE,2012,244.8 ,244.8,,net_operating_surplus_mixed_income
A,CP_MEUR,J,B2A3N,ES,2012,8001.0 ,8001.0,,net_operating_surplus_mixed_income
A,CP_MEUR,J,B2A3N,FI,2012,1929.0 ,1929.0,,net_operating_surplus_mixed_income
A,CP_MEUR,J,B2A3N,FR,2012,14407.8 ,14407.8,,net_operating_surplus_mixed_income
A,CP_MEUR,J,B2A3N,HU,2012,795.5 ,795.5,,net_operating_surplus_mixed_income
A,CP_MEUR,J,B2A3N,IT,2012,18175.5 ,18175.5,,net_operating_surplus_mixed_income
A,CP_MEUR,J,B2A3N,LV,2012,230.6 ,230.6,,net_operating_surplus_mixed_income
A,CP_MEUR,J,B2A3N,NL,2012,7433.0 ,7433.0,,net_operating_surplus_mixed_income
A,CP_MEUR,J,B2A3N,NO,2012,3417.1 ,3417.1,,net_operating_surplus_mixed_income
A,CP_MEUR,J,B2A3N,PL,2012,4375.0 ,4375.0,,net_operating_surplus_mixed_income
A,CP_MEUR,J,B2A3N,PT,2012,1163.0 ,1163.0,,net_operating_surplus_mixed_income
A,CP_MEUR,J,B2A3N,RO,2012,2837.2 ,2837.2,,net_operating_surplus_mixed_income
A,CP_MEUR,J,B2A3N,SE,2012,5136.2 ,5136.2,,net_operating_surplus_mixed_income
A,CP_MEUR,J,B2A3N,SI,2012,272.4 ,272.4,,net_operating_surplus_mixed_income
A,CP_MEUR,J,B2A3N,SK,2012,1409.7 ,1409.7,,net_operating_surplus_mixed_income
A,CP_MEUR,J,D1,AT,2012,5251.3 ,5251.3,,compensation
A,CP_MEUR,J,D1,BE,2012,7639.7 ,7639.7,,compensation
A,CP_MEUR,J,D1,BG,2012,910.3 ,910.3,,compensation
A,CP_MEUR,J,D1,CZ,2012,3135.2 ,3135.2,,compensation
A,CP_MEUR,J,D1,DE,2012,61986.0 ,61986.0,,compensation
A,CP_MEUR,J,D1,EE,2012,400.4 ,400.4,,compensation
A,CP_MEUR,J,D1,ES,2012,19136.0 ,19136.0,,compensation
A,CP_MEUR,J,D1,FI,2012,5173.0 ,5173.0,,compensation
A,CP_MEUR,J,D1,FR,2012,57429.7 ,57429.7,,compensation
A,CP_MEUR,J,D1,HU,2012,2315.1 ,2315.1,,compensation
A,CP_MEUR,J,D1,IT,2012,23113.1 ,23113.1,,compensation
A,CP_MEUR,J,D1,LV,2012,402.2 ,402.2,,compensation
A,CP_MEUR,J,D1,NL,2012,14658.0 ,14658.0,,compensation
A,CP_MEUR,J,D1,NO,2012,8342.1 ,8342.1,,compensation
A,CP_MEUR,J,D1,PL,2012,4681.3 ,4681.3,,compensation
A,CP_MEUR,J,D1,PT,2012,2488.1 ,2488.1,,compensation
A,CP_MEUR,J,D1,RO,2012,1813.0 ,1813.0,,compensation
A,CP_MEUR,J,D1,SE,2012,12188.5 ,12188.5,,compensation
A,CP_MEUR,J,D1,SI,2012,725.0 ,725.0,,compensation
A,CP_MEUR,J,D1,SK,2012,1131.4 ,1131.4,,compensation
A,CP_MEUR,J,P1,AT,2012,21115.8 ,21115.8,,output
A,CP_MEUR,J,P1,BE,2012,33506.1 ,33506.1,,output
A,CP_MEUR,J,P1,BG,2012,3565.4 ,3565.4,,output
A,CP_MEUR,J,P1,CZ,2012,14176.0 ,14176.0,,output
A,CP_MEUR,J,P1,DE,2012,231254.0 ,231254.0,,output
A,CP_MEUR,J,P1,EE,2012,1564.3 ,1564.3,,output
A,CP_MEUR,J,P1,ES,2012,81405.0 ,81405.0,,output
A,CP_MEUR,J,P1,FI,2012,17161.0 ,17161.0,,output
A,CP_MEUR,J,P1,FR,2012,189145.6 ,189145.6,,output
A,CP_MEUR,J,P1,HU,2012,7862.9 ,7862.9,,output
A,CP_MEUR,J,P1,IT,2012,121959.9 ,121959.9,,output
A,CP_MEUR,J,P1,LV,2012,1717.3 ,1717.3,,output
A,CP_MEUR,J,P1,NL,2012,52063.0 ,52063.0,,output
A,CP_MEUR,J,P1,NO,2012,27735.5 ,27735.5,,output
A,CP_MEUR,J,P1,PL,2012,26962.0 ,26962.0,,output
A,CP_MEUR,J,P1,PT,2012,12154.5 ,12154.5,,output
A,CP_MEUR,J,P1,RO,2012,11061.7 ,11061.7,,output
A,CP_MEUR,J,P1,SE,2012,52191.6 ,52191.6,,output
A,CP_MEUR,J,P1,SI,2012,2883.8 ,2883.8,,output
A,CP_MEUR,J,P1,SK,2012,5935.5 ,5935.5,,output
A,CP_MEUR,L,B1G,AT,2012,25436.7 ,25436.7,,gross_value_added
A,CP_MEUR,L,B1G,BE,2012,31701.0 ,31701.0,,gross_value_added
A,CP_MEUR,L,B1G,BG,2012,4190.6 ,4190.6,,gross_value_added
A,CP_MEUR,L,B1G,CZ,2012,14735.0 ,14735.0,,gross_value_added
A,CP_MEUR,L,B1G,DE,2012,278048.0 ,278048.0,,gross_value_added
A,CP_MEUR,L,B1G,EE,2012,1632.7 ,1632.7,,gross_value_added
A,CP_MEUR,L,B1G,ES,2012,118011.0 ,118011.0,,gross_value_added
A,CP_MEUR,L,B1G,FI,2012,20113.0 ,20113.0,,gross_value_added
A,CP_MEUR,L,B1G,FR,2012,258494.2 ,258494.2,,gross_value_added
A,CP_MEUR,L,B1G,HU,2012,7678.1 ,7678.1,,gross_value_added
A,CP_MEUR,L,B1G,IT,2012,197464.2 ,197464.2,,gross_value_added
A,CP_MEUR,L,B1G,LV,2012,1714.4 ,1714.4,,gross_value_added
A,CP_MEUR,L,B1G,NL,2012,31700.0 ,31700.0,,gross_value_added
A,CP_MEUR,L,B1G,NO,2012,29019.3 ,29019.3,,gross_value_added
A,CP_MEUR,L,B1G,PL,2012,20233.0 ,20233.0,,gross_value_added
A,CP_MEUR,L,B1G,PT,2012,17376.0 ,17376.0,,gross_value_added
A,CP_MEUR,L,B1G,RO,2012,11492.3 ,11492.3,,gross_value_added
A,CP_MEUR,L,B1G,SE,2012,33157.9 ,33157.9,,gross_value_added
A,CP_MEUR,L,B1G,SI,2012,2468.1 ,2468.1,,gross_value_added
A,CP_MEUR,L,B1G,SK,2012,6620.4 ,6620.4,,gross_value_added
A,CP_MEUR,L,B2A3N,AT,2012,9006.8 ,9006.8,,net_operating_surplus_mixed_income
A,CP_MEUR,L,B2A3N,BE,2012,12827.1 ,12827.1,,net_operating_surplus_mixed_income
A,CP_MEUR,L,B2A3N,BG,2012,3403.5 ,3403.5,,net_operating_surplus_mixed_income
A,CP_MEUR,L,B2A3N,CZ,2012,8483.0 ,8483.0,,net_operating_surplus_mixed_income
A,CP_MEUR,L,B2A3N,DE,2012,127288.0 ,127288.0,,net_operating_surplus_mixed_income
A,CP_MEUR,L,B2A3N,EE,2012,985.1 ,985.1,,net_operating_surplus_mixed_income
A,CP_MEUR,L,B2A3N,ES,2012,78325.0 ,78325.0,,net_operating_surplus_mixed_income
A,CP_MEUR,L,B2A3N,FI,2012,7994.0 ,7994.0,,net_operating_surplus_mixed_income
A,CP_MEUR,L,B2A3N,FR,2012,130586.4 ,130586.4,,net_operating_surplus_mixed_income
A,CP_MEUR,L,B2A3N,HU,2012,4342.6 ,4342.6,,net_operating_surplus_mixed_income
A,CP_MEUR,L,B2A3N,IT,2012,102708.2 ,102708.2,,net_operating_surplus_mixed_income
A,CP_MEUR,L,B2A3N,LV,2012,766.9 ,766.9,,net_operating_surplus_mixed_income
A,CP_MEUR,L,B2A3N,NL,2012,180.0 ,180.0,,net_operating_surplus_mixed_income
A,CP_MEUR,L,B2A3N,NO,2012,15201.8 ,15201.8,,net_operating_surplus_mixed_income
A,CP_MEUR,L,B2A3N,PL,2012,13996.2 ,13996.2,,net_operating_surplus_mixed_income
A,CP_MEUR,L,B2A3N,PT,2012,7974.4 ,7974.4,,net_operating_surplus_mixed_income
A,CP_MEUR,L,B2A3N,RO,2012,8389.8 ,8389.8,,net_operating_surplus_mixed_income
A,CP_MEUR,L,B2A3N,SE,2012,16565.3 ,16565.3,,net_operating_surplus_mixed_income
A,CP_MEUR,L,B2A3N,SI,2012,956.8 ,956.8,,net_operating_surplus_mixed_income
A,CP_MEUR,L,B2A3N,SK,2012,3546.4 ,3546.4,,net_operating_surplus_mixed_income
A,CP_MEUR,L,D1,AT,2012,1714.9 ,1714.9,,compensation
A,CP_MEUR,L,D1,BE,2012,886.0 ,886.0,,compensation
A,CP_MEUR,L,D1,BG,2012,199.0 ,199.0,,compensation
A,CP_MEUR,L,D1,CZ,2012,839.6 ,839.6,,compensation
A,CP_MEUR,L,D1,DE,2012,13431.0 ,13431.0,,compensation
A,CP_MEUR,L,D1,EE,2012,118.8 ,118.8,,compensation
A,CP_MEUR,L,D1,ES,2012,3666.0 ,3666.0,,compensation
A,CP_MEUR,L,D1,FI,2012,919.0 ,919.0,,compensation
A,CP_MEUR,L,D1,FR,2012,16844.0 ,16844.0,,compensation
A,CP_MEUR,L,D1,HU,2012,622.2 ,622.2,,compensation
A,CP_MEUR,L,D1,IT,2012,2217.8 ,2217.8,,compensation
A,CP_MEUR,L,D1,LV,2012,265.6 ,265.6,,compensation
A,CP_MEUR,L,D1,NL,2012,3654.0 ,3654.0,,compensation
A,CP_MEUR,L,D1,NO,2012,1938.4 ,1938.4,,compensation
A,CP_MEUR,L,D1,PL,2012,2009.9 ,2009.9,,compensation
A,CP_MEUR,L,D1,PT,2012,425.0 ,425.0,,compensation
A,CP_MEUR,L,D1,RO,2012,223.0 ,223.0,,compensation
A,CP_MEUR,L,D1,SE,2012,3325.9 ,3325.9,,compensation
A,CP_MEUR,L,D1,SI,2012,113.7 ,113.7,,compensation
A,CP_MEUR,L,D1,SK,2012,326.5 ,326.5,,compensation
A,CP_MEUR,L,P1,AT,2012,38525.3 ,38525.3,,output
A,CP_MEUR,L,P1,BE,2012,42975.8 ,42975.8,,output
A,CP_MEUR,L,P1,BG,2012,5265.1 ,5265.1,,output
A,CP_MEUR,L,P1,CZ,2012,27909.9 ,27909.9,,output
A,CP_MEUR,L,P1,DE,2012,372253.0 ,372253.0,,output
A,CP_MEUR,L,P1,EE,2012,2323.5 ,2323.5,,output
A,CP_MEUR,L,P1,ES,2012,138563.0 ,138563.0,,output
A,CP_MEUR,L,P1,FI,2012,27388.0 ,27388.0,,output
A,CP_MEUR,L,P1,FR,2012,312567.7 ,312567.7,,output
A,CP_MEUR,L,P1,HU,2012,10740.6 ,10740.6,,output
A,CP_MEUR,L,P1,IT,2012,226486.2 ,226486.2,,output
A,CP_MEUR,L,P1,LV,2012,2711.8 ,2711.8,,output
A,CP_MEUR,L,P1,NL,2012,73718.0 ,73718.0,,output
A,CP_MEUR,L,P1,NO,2012,44691.0 ,44691.0,,output
A,CP_MEUR,L,P1,PL,2012,32043.4 ,32043.4,,output
A,CP_MEUR,L,P1,PT,2012,19245.4 ,19245.4,,output
A,CP_MEUR,L,P1,RO,2012,14166.8 ,14166.8,,output
A,CP_MEUR,L,P1,SE,2012,62032.4 ,62032.4,,output
A,CP_MEUR,L,P1,SI,2012,2916.4 ,2916.4,,output
A,CP_MEUR,L,P1,SK,2012,9048.8 ,9048.8,,output
A,CP_MEUR,M,B1G,AT,2012,13994.3 ,13994.3,,gross_value_added
A,CP_MEUR,M,B1G,BE,2012,32181.6 ,32181.6,,gross_value_added
A,CP_MEUR,M,B1G,BG,2012,1419.6 ,1419.6,,gross_value_added
A,CP_MEUR,M,B1G,CZ,2012,7390.7 ,7390.7,,gross_value_added
A,CP_MEUR,M,B1G,DE,2012,156382.0 ,156382.0,,gross_value_added
A,CP_MEUR,M,B1G,EE,2012,765.4 ,765.4,,gross_value_added
A,CP_MEUR,M,B1G,ES,2012,40495.0 ,40495.0,,gross_value_added
A,CP_MEUR,M,B1G,FI,2012,8774.0 ,8774.0,,gross_value_added
A,CP_MEUR,M,B1G,FR,2012,150652.2 ,150652.2,,gross_value_added
A,CP_MEUR,M,B1G,HU,2012,4680.5 ,4680.5,,gross_value_added
A,CP_MEUR,M,B1G,IT,2012,95342.5 ,95342.5,,gross_value_added
A,CP_MEUR,M,B1G,LV,2012,839.5 ,839.5,,gross_value_added
A,CP_MEUR,M,B1G,NL,2012,49397.0 ,49397.0,,gross_value_added
A,CP_MEUR,M,B1G,NO,2012,15572.4 ,15572.4,,gross_value_added
A,CP_MEUR,M,B1G,PL,2012,16695.6 ,16695.6,,gross_value_added
A,CP_MEUR,M,B1G,PT,2012,5296.6 ,5296.6,,gross_value_added
A,CP_MEUR,M,B1G,RO,2012,4821.7 ,4821.7,,gross_value_added
A,CP_MEUR,M,B1G,SE,2012,26771.3 ,26771.3,,gross_value_added
A,CP_MEUR,M,B1G,SI,2012,2104.2 ,2104.2,,gross_value_added
A,CP_MEUR,M,B1G,SK,2012,3950.2 ,3950.2,,gross_value_added
A,CP_MEUR,M,B2A3N,AT,2012,3959.8 ,3959.8,,net_operating_surplus_mixed_income
A,CP_MEUR,M,B2A3N,BE,2012,18269.4 ,18269.4,,net_operating_surplus_mixed_income
A,CP_MEUR,M,B2A3N,BG,2012,609.4 ,609.4,,net_operating_surplus_mixed_income
A,CP_MEUR,M,B2A3N,CZ,2012,2279.3 ,2279.3,,net_operating_surplus_mixed_income
A,CP_MEUR,M,B2A3N,DE,2012,44678.0 ,44678.0,,net_operating_surplus_mixed_income
A,CP_MEUR,M,B2A3N,EE,2012,186.7 ,186.7,,net_operating_surplus_mixed_income
A,CP_MEUR,M,B2A3N,ES,2012,9329.0 ,9329.0,,net_operating_surplus_mixed_income
A,CP_MEUR,M,B2A3N,FI,2012,1505.0 ,1505.0,,net_operating_surplus_mixed_income
A,CP_MEUR,M,B2A3N,FR,2012,21705.7 ,21705.7,,net_operating_surplus_mixed_income
A,CP_MEUR,M,B2A3N,HU,2012,1059.9 ,1059.9,,net_operating_surplus_mixed_income
A,CP_MEUR,M,B2A3N,IT,2012,57246.7 ,57246.7,,net_operating_surplus_mixed_income
A,CP_MEUR,M,B2A3N,LV,2012,285.9 ,285.9,,net_operating_surplus_mixed_income
A,CP_MEUR,M,B2A3N,NL,2012,14009.0 ,14009.0,,net_operating_surplus_mixed_income
A,CP_MEUR,M,B2A3N,NO,2012,4078.3 ,4078.3,,net_operating_surplus_mixed_income
A,CP_MEUR,M,B2A3N,PL,2012,9295.5 ,9295.5,,net_operating_surplus_mixed_income
A,CP_MEUR,M,B2A3N,PT,2012,817.8 ,817.8,,net_operating_surplus_mixed_income
A,CP_MEUR,M,B2A3N,RO,2012,2690.9 ,2690.9,,net_operating_surplus_mixed_income
A,CP_MEUR,M,B2A3N,SE,2012,2683.2 ,2683.2,,net_operating_surplus_mixed_income
A,CP_MEUR,M,B2A3N,SI,2012,564.7 ,564.7,,net_operating_surplus_mixed_income
A,CP_MEUR,M,B2A3N,SK,2012,2272.8 ,2272.8,,net_operating_surplus_mixed_income
A,CP_MEUR,M,D1,AT,2012,7920.5 ,7920.5,,compensation
A,CP_MEUR,M,D1,BE,2012,10366.8 ,10366.8,,compensation
A,CP_MEUR,M,D1,BG,2012,695.9 ,695.9,,compensation
A,CP_MEUR,M,D1,CZ,2012,3757.2 ,3757.2,,compensation
A,CP_MEUR,M,D1,DE,2012,97154.0 ,97154.0,,compensation
A,CP_MEUR,M,D1,EE,2012,443.9 ,443.9,,compensation
A,CP_MEUR,M,D1,ES,2012,24209.0 ,24209.0,,compensation
A,CP_MEUR,M,D1,FI,2012,6024.0 ,6024.0,,compensation
A,CP_MEUR,M,D1,FR,2012,96699.0 ,96699.0,,compensation
A,CP_MEUR,M,D1,HU,2012,2977.5 ,2977.5,,compensation
A,CP_MEUR,M,D1,IT,2012,24292.1 ,24292.1,,compensation
A,CP_MEUR,M,D1,LV,2012,429.6 ,429.6,,compensation
A,CP_MEUR,M,D1,NL,2012,32265.0 ,32265.0,,compensation
A,CP_MEUR,M,D1,NO,2012,10250.3 ,10250.3,,compensation
A,CP_MEUR,M,D1,PL,2012,6076.9 ,6076.9,,compensation
A,CP_MEUR,M,D1,PT,2012,3555.4 ,3555.4,,compensation
A,CP_MEUR,M,D1,RO,2012,1633.7 ,1633.7,,compensation
A,CP_MEUR,M,D1,SE,2012,16470.6 ,16470.6,,compensation
A,CP_MEUR,M,D1,SI,2012,1217.0 ,1217.0,,compensation
A,CP_MEUR,M,D1,SK,2012,1467.2 ,1467.2,,compensation
A,CP_MEUR,M,P1,AT,2012,29405.4 ,29405.4,,output
A,CP_MEUR,M,P1,BE,2012,65753.3 ,65753.3,,output
A,CP_MEUR,M,P1,BG,2012,3162.5 ,3162.5,,output
A,CP_MEUR,M,P1,CZ,2012,18444.6 ,18444.6,,output
A,CP_MEUR,M,P1,DE,2012,286186.0 ,286186.0,,output
A,CP_MEUR,M,P1,EE,2012,1374.8 ,1374.8,,output
A,CP_MEUR,M,P1,ES,2012,74086.0 ,74086.0,,output
A,CP_MEUR,M,P1,FI,2012,15189.0 ,15189.0,,output
A,CP_MEUR,M,P1,FR,2012,272911.5 ,272911.5,,output
A,CP_MEUR,M,P1,HU,2012,7424.1 ,7424.1,,output
A,CP_MEUR,M,P1,IT,2012,162105.7 ,162105.7,,output
A,CP_MEUR,M,P1,LV,2012,1693.7 ,1693.7,,output
A,CP_MEUR,M,P1,NL,2012,96035.0 ,96035.0,,output
A,CP_MEUR,M,P1,NO,2012,29314.7 ,29314.7,,output
A,CP_MEUR,M,P1,PL,2012,30909.5 ,30909.5,,output
A,CP_MEUR,M,P1,PT,2012,11228.0 ,11228.0,,output
A,CP_MEUR,M,P1,RO,2012,11592.6 ,11592.6,,output
A,CP_MEUR,M,P1,SE,2012,50451.2 ,50451.2,,output
A,CP_MEUR,M,P1,SI,2012,4037.6 ,4037.6,,output
A,CP_MEUR,M,P1,SK,2012,6242.4 ,6242.4,,output
A,CP_MEUR,N,B1G,AT,2012,11803.6 ,11803.6,,gross_value_added
A,CP_MEUR,N,B1G,BE,2012,14012.5 ,14012.5,,gross_value_added
A,CP_MEUR,N,B1G,BG,2012,736.2 ,736.2,,gross_value_added
A,CP_MEUR,N,B1G,CZ,2012,2589.5 ,2589.5,,gross_value_added
A,CP_MEUR,N,B1G,DE,2012,111997.0 ,111997.0,,gross_value_added
A,CP_MEUR,N,B1G,EE,2012,588.9 ,588.9,,gross_value_added
A,CP_MEUR,N,B1G,ES,2012,33055.0 ,33055.0,,gross_value_added
A,CP_MEUR,N,B1G,FI,2012,5831.0 ,5831.0,,gross_value_added
A,CP_MEUR,N,B1G,FR,2012,98562.6 ,98562.6,,gross_value_added
A,CP_MEUR,N,B1G,HU,2012,2832.9 ,2832.9,,gross_value_added
A,CP_MEUR,N,B1G,IT,2012,46617.6 ,46617.6,,gross_value_added
A,CP_MEUR,N,B1G,LV,2012,539.0 ,539.0,,gross_value_added
A,CP_MEUR,N,B1G,NL,2012,34014.0 ,34014.0,,gross_value_added
A,CP_MEUR,N,B1G,NO,2012,9891.1 ,9891.1,,gross_value_added
A,CP_MEUR,N,B1G,PL,2012,8030.4 ,8030.4,,gross_value_added
A,CP_MEUR,N,B1G,PT,2012,4877.0 ,4877.0,,gross_value_added
A,CP_MEUR,N,B1G,RO,2012,2119.7 ,2119.7,,gross_value_added
A,CP_MEUR,N,B1G,SE,2012,12763.4 ,12763.4,,gross_value_added
A,CP_MEUR,N,B1G,SI,2012,824.4 ,824.4,,gross_value_added
A,CP_MEUR,N,B1G,SK,2012,2146.1 ,2146.1,,gross_value_added
A,CP_MEUR,N,B2A3N,AT,2012,1685.5 ,1685.5,,net_operating_surplus_mixed_income
A,CP_MEUR,N,B2A3N,BE,2012,553.1 ,553.1,,net_operating_surplus_mixed_income
A,CP_MEUR,N,B2A3N,BG,2012,177.9 ,177.9,,net_operating_surplus_mixed_income
A,CP_MEUR,N,B2A3N,CZ,2012,511.1 ,511.1,,net_operating_surplus_mixed_income
A,CP_MEUR,N,B2A3N,DE,2012,7430.0 ,7430.0,,net_operating_surplus_mixed_income
A,CP_MEUR,N,B2A3N,EE,2012,168.5 ,168.5,,net_operating_surplus_mixed_income
A,CP_MEUR,N,B2A3N,ES,2012,4916.0 ,4916.0,,net_operating_surplus_mixed_income
A,CP_MEUR,N,B2A3N,FI,2012,959.0 ,959.0,,net_operating_surplus_mixed_income
A,CP_MEUR,N,B2A3N,FR,2012,12442.0 ,12442.0,,net_operating_surplus_mixed_income
A,CP_MEUR,N,B2A3N,HU,2012,487.9 ,487.9,,net_operating_surplus_mixed_income
A,CP_MEUR,N,B2A3N,IT,2012,13660.8 ,13660.8,,net_operating_surplus_mixed_income
A,CP_MEUR,N,B2A3N,LV,2012,164.5 ,164.5,,net_operating_surplus_mixed_income
A,CP_MEUR,N,B2A3N,NL,2012,7758.0 ,7758.0,,net_operating_surplus_mixed_income
A,CP_MEUR,N,B2A3N,NO,2012,2322.4 ,2322.4,,net_operating_surplus_mixed_income
A,CP_MEUR,N,B2A3N,PL,2012,3507.8 ,3507.8,,net_operating_surplus_mixed_income
A,CP_MEUR,N,B2A3N,PT,2012,840.1 ,840.1,,net_operating_surplus_mixed_income
A,CP_MEUR,N,B2A3N,RO,2012,577.0 ,577.0,,net_operating_surplus_mixed_income
A,CP_MEUR,N,B2A3N,SE,2012,793.0 ,793.0,,net_operating_surplus_mixed_income
A,CP_MEUR,N,B2A3N,SI,2012,46.4 ,46.4,,net_operating_surplus_mixed_income
A,CP_MEUR,N,B2A3N,SK,2012,1223.1 ,1223.1,,net_operating_surplus_mixed_income
A,CP_MEUR,N,D1,AT,2012,6223.2 ,6223.2,,compensation
A,CP_MEUR,N,D1,BE,2012,11724.0 ,11724.0,,compensation
A,CP_MEUR,N,D1,BG,2012,431.8 ,431.8,,compensation
A,CP_MEUR,N,D1,CZ,2012,1538.1 ,1538.1,,compensation
A,CP_MEUR,N,D1,DE,2012,60749.0 ,60749.0,,compensation
A,CP_MEUR,N,D1,EE,2012,323.2 ,323.2,,compensation
A,CP_MEUR,N,D1,ES,2012,22907.0 ,22907.0,,compensation
A,CP_MEUR,N,D1,FI,2012,4351.0 ,4351.0,,compensation
A,CP_MEUR,N,D1,FR,2012,66835.6 ,66835.6,,compensation
A,CP_MEUR,N,D1,HU,2012,1972.3 ,1972.3,,compensation
A,CP_MEUR,N,D1,IT,2012,24599.3 ,24599.3,,compensation
A,CP_MEUR,N,D1,LV,2012,281.5 ,281.5,,compensation
A,CP_MEUR,N,D1,NL,2012,21293.0 ,21293.0,,compensation
A,CP_MEUR,N,D1,NO,2012,6594.2 ,6594.2,,compensation
A,CP_MEUR,N,D1,PL,2012,4136.0 ,4136.0,,compensation
A,CP_MEUR,N,D1,PT,2012,3197.1 ,3197.1,,compensation
A,CP_MEUR,N,D1,RO,2012,1183.6 ,1183.6,,compensation
A,CP_MEUR,N,D1,SE,2012,9511.8 ,9511.8,,compensation
A,CP_MEUR,N,D1,SI,2012,688.9 ,688.9,,compensation
A,CP_MEUR,N,D1,SK,2012,802.1 ,802.1,,compensation
A,CP_MEUR,N,P1,AT,2012,18551.5 ,18551.5,,output
A,CP_MEUR,N,P1,BE,2012,29402.6 ,29402.6,,output
A,CP_MEUR,N,P1,BG,2012,1636.8 ,1636.8,,output
A,CP_MEUR,N,P1,CZ,2012,6899.8 ,6899.8,,output
A,CP_MEUR,N,P1,DE,2012,197540.0 ,197540.0,,output
A,CP_MEUR,N,P1,EE,2012,1073.7 ,1073.7,,output
A,CP_MEUR,N,P1,ES,2012,57499.0 ,57499.0,,output
A,CP_MEUR,N,P1,FI,2012,10176.0 ,10176.0,,output
A,CP_MEUR,N,P1,FR,2012,185313.8 ,185313.8,,output
A,CP_MEUR,N,P1,HU,2012,4768.1 ,4768.1,,output
A,CP_MEUR,N,P1,IT,2012,108307.6 ,108307.6,,output
A,CP_MEUR,N,P1,LV,2012,1170.6 ,1170.6,,output
A,CP_MEUR,N,P1,NL,2012,55782.0 ,55782.0,,output
A,CP_MEUR,N,P1,NO,2012,20056.9 ,20056.9,,output
A,CP_MEUR,N,P1,PL,2012,14896.9 ,14896.9,,output
A,CP_MEUR,N,P1,PT,2012,7912.5 ,7912.5,,output
A,CP_MEUR,N,P1,RO,2012,4618.9 ,4618.9,,output
A,CP_MEUR,N,P1,SE,2012,24690.3 ,24690.3,,output
A,CP_MEUR,N,P1,SI,2012,1432.5 ,1432.5,,output
A,CP_MEUR,N,P1,SK,2012,3288.6 ,3288.6,,output
A,CP_MEUR,B,B1G,AT,2013,1487.4 ,1487.4,,gross_value_added
A,CP_MEUR,B,B1G,BE,2013,275.4 ,275.4,,gross_value_added
A,CP_MEUR,B,B1G,BG,2013,901.5 ,901.5,,gross_value_added
A,CP_MEUR,B,B1G,CZ,2013,1296.2 ,1296.2,,gross_value_added
A,CP_MEUR,B,B1G,DE,2013,5160.0 ,5160.0,,gross_value_added
A,CP_MEUR,B,B1G,EE,2013,255.2 ,255.2,,gross_value_added
A,CP_MEUR,B,B1G,ES,2013,1845.0 ,1845.0,,gross_value_added
A,CP_MEUR,B,B1G,FI,2013,556.0 ,556.0,,gross_value_added
A,CP_MEUR,B,B1G,FR,2013,2226.2 ,2226.2,,gross_value_added
A,CP_MEUR,B,B1G,HU,2013,193.2 ,193.2,,gross_value_added
A,CP_MEUR,B,B1G,IT,2013,6302.9 ,6302.9,,gross_value_added
A,CP_MEUR,B,B1G,LV,2013,105.4 ,105.4,,gross_value_added
A,CP_MEUR,B,B1G,NL,2013,22612.0 ,22612.0,,gross_value_added
A,CP_MEUR,B,B1G,NO,2013,88294.7 ,88294.7,,gross_value_added
A,CP_MEUR,B,B1G,PL,2013,7617.9 ,7617.9,,gross_value_added
A,CP_MEUR,B,B1G,PT,2013,569.9 ,569.9,,gross_value_added
A,CP_MEUR,B,B1G,RO,2013,1548.8 ,1548.8,,gross_value_added
A,CP_MEUR,B,B1G,SE,2013,2202.0 ,2202.0,,gross_value_added
A,CP_MEUR,B,B1G,SI,2013,126.0 ,126.0,,gross_value_added
A,CP_MEUR,B,B1G,SK,2013,168.0 ,168.0,,gross_value_added
A,CP_MEUR,B,B2A3N,AT,2013,892.6 ,892.6,,net_operating_surplus_mixed_income
A,CP_MEUR,B,B2A3N,BE,2013,18.6 ,18.6,,net_operating_surplus_mixed_income
A,CP_MEUR,B,B2A3N,BG,2013,380.0 ,380.0,,net_operating_surplus_mixed_income
A,CP_MEUR,B,B2A3N,CZ,2013,141.5 ,141.5,,net_operating_surplus_mixed_income
A,CP_MEUR,B,B2A3N,DE,2013,1120.0 ,1120.0,,net_operating_surplus_mixed_income
A,CP_MEUR,B,B2A3N,EE,2013,103.6 ,103.6,,net_operating_surplus_mixed_income
A,CP_MEUR,B,B2A3N,ES,2013,356.0 ,356.0,,net_operating_surplus_mixed_income
A,CP_MEUR,B,B2A3N,FI,2013,-14.0 ,-14.0,,net_operating_surplus_mixed_income
A,CP_MEUR,B,B2A3N,FR,2013,-300.6 ,-300.6,,net_operating_surplus_mixed_income
A,CP_MEUR,B,B2A3N,HU,2013,26.6 ,26.6,,net_operating_surplus_mixed_income
A,CP_MEUR,B,B2A3N,IT,2013,2780.8 ,2780.8,,net_operating_surplus_mixed_income
A,CP_MEUR,B,B2A3N,LV,2013,47.4 ,47.4,,net_operating_surplus_mixed_income
A,CP_MEUR,B,B2A3N,NL,2013,19507.0 ,19507.0,,net_operating_surplus_mixed_income
A,CP_MEUR,B,B2A3N,NO,2013,61896.1 ,61896.1,,net_operating_surplus_mixed_income
A,CP_MEUR,B,B2A3N,PL,2013,1905.9 ,1905.9,,net_operating_surplus_mixed_income
A,CP_MEUR,B,B2A3N,PT,2013,200.7 ,200.7,,net_operating_surplus_mixed_income
A,CP_MEUR,B,B2A3N,RO,2013,-631.6 ,-631.6,,net_operating_surplus_mixed_income
A,CP_MEUR,B,B2A3N,SE,2013,661.6 ,661.6,,net_operating_surplus_mixed_income
A,CP_MEUR,B,B2A3N,SI,2013,-2.2 ,-2.2,,net_operating_surplus_mixed_income
A,CP_MEUR,B,B2A3N,SK,2013,27.3 ,27.3,,net_operating_surplus_mixed_income
A,CP_MEUR,B,D1,AT,2013,329.5 ,329.5,,compensation
A,CP_MEUR,B,D1,BE,2013,155.9 ,155.9,,compensation
A,CP_MEUR,B,D1,BG,2013,370.9 ,370.9,,compensation
A,CP_MEUR,B,D1,CZ,2013,731.9 ,731.9,,compensation
A,CP_MEUR,B,D1,DE,2013,3921.0 ,3921.0,,compensation
A,CP_MEUR,B,D1,EE,2013,106.5 ,106.5,,compensation
A,CP_MEUR,B,D1,ES,2013,890.0 ,890.0,,compensation
A,CP_MEUR,B,D1,FI,2013,303.0 ,303.0,,compensation
A,CP_MEUR,B,D1,FR,2013,997.9 ,997.9,,compensation
A,CP_MEUR,B,D1,HU,2013,77.7 ,77.7,,compensation
A,CP_MEUR,B,D1,IT,2013,1126.8 ,1126.8,,compensation
A,CP_MEUR,B,D1,LV,2013,37.3 ,37.3,,compensation
A,CP_MEUR,B,D1,NL,2013,1158.0 ,1158.0,,compensation
A,CP_MEUR,B,D1,NO,2013,10310.2 ,10310.2,,compensation
A,CP_MEUR,B,D1,PL,2013,4313.0 ,4313.0,,compensation
A,CP_MEUR,B,D1,PT,2013,214.7 ,214.7,,compensation
A,CP_MEUR,B,D1,RO,2013,1064.6 ,1064.6,,compensation
A,CP_MEUR,B,D1,SE,2013,577.2 ,577.2,,compensation
A,CP_MEUR,B,D1,SI,2013,90.6 ,90.6,,compensation
A,CP_MEUR,B,D1,SK,2013,96.4 ,96.4,,compensation
A,CP_MEUR,B,P1,AT,2013,2599.2 ,2599.2,,output
A,CP_MEUR,B,P1,BE,2013,705.3 ,705.3,,output
A,CP_MEUR,B,P1,BG,2013,1574.9 ,1574.9,,output
A,CP_MEUR,B,P1,CZ,2013,2993.4 ,2993.4,,output
A,CP_MEUR,B,P1,DE,2013,11913.0 ,11913.0,,output
A,CP_MEUR,B,P1,EE,2013,452.5 ,452.5,,output
A,CP_MEUR,B,P1,ES,2013,4179.0 ,4179.0,,output
A,CP_MEUR,B,P1,FI,2013,1845.0 ,1845.0,,output
A,CP_MEUR,B,P1,FR,2013,6236.3 ,6236.3,,output
A,CP_MEUR,B,P1,HU,2013,386.8 ,386.8,,output
A,CP_MEUR,B,P1,IT,2013,10464.6 ,10464.6,,output
A,CP_MEUR,B,P1,LV,2013,231.1 ,231.1,,output
A,CP_MEUR,B,P1,NL,2013,27913.0 ,27913.0,,output
A,CP_MEUR,B,P1,NO,2013,107889.0 ,107889.0,,output
A,CP_MEUR,B,P1,PL,2013,13267.7 ,13267.7,,output
A,CP_MEUR,B,P1,PT,2013,1162.4 ,1162.4,,output
A,CP_MEUR,B,P1,RO,2013,3286.7 ,3286.7,,output
A,CP_MEUR,B,P1,SE,2013,4821.6 ,4821.6,,output
A,CP_MEUR,B,P1,SI,2013,273.9 ,273.9,,output
A,CP_MEUR,B,P1,SK,2013,336.0 ,336.0,,output
A,CP_MEUR,C,B1G,AT,2013,54944.3 ,54944.3,,gross_value_added
A,CP_MEUR,C,B1G,BE,2013,49975.7 ,49975.7,,gross_value_added
A,CP_MEUR,C,B1G,BG,2013,5369.1 ,5369.1,,gross_value_added
A,CP_MEUR,C,B1G,CZ,2013,34921.1 ,34921.1,,gross_value_added
A,CP_MEUR,C,B1G,DE,2013,566390.0 ,566390.0,,gross_value_added
A,CP_MEUR,C,B1G,EE,2013,2597.4 ,2597.4,,gross_value_added
A,CP_MEUR,C,B1G,ES,2013,111450.0 ,111450.0,,gross_value_added
A,CP_MEUR,C,B1G,FI,2013,29799.0 ,29799.0,,gross_value_added
A,CP_MEUR,C,B1G,FR,2013,217407.1 ,217407.1,,gross_value_added
A,CP_MEUR,C,B1G,HU,2013,19120.9 ,19120.9,,gross_value_added
A,CP_MEUR,C,B1G,IT,2013,222565.6 ,222565.6,,gross_value_added
A,CP_MEUR,C,B1G,LV,2013,2531.3 ,2531.3,,gross_value_added
A,CP_MEUR,C,B1G,NL,2013,64215.0 ,64215.0,,gross_value_added
A,CP_MEUR,C,B1G,NO,2013,26908.9 ,26908.9,,gross_value_added
A,CP_MEUR,C,B1G,PL,2013,60704.5 ,60704.5,,gross_value_added
A,CP_MEUR,C,B1G,PT,2013,19739.0 ,19739.0,,gross_value_added
A,CP_MEUR,C,B1G,RO,2013,28894.9 ,28894.9,,gross_value_added
A,CP_MEUR,C,B1G,SE,2013,58767.0 ,58767.0,,gross_value_added
A,CP_MEUR,C,B1G,SI,2013,6908.8 ,6908.8,,gross_value_added
A,CP_MEUR,C,B1G,SK,2013,12441.4 ,12441.4,,gross_value_added
A,CP_MEUR,C,B2A3N,AT,2013,12128.0 ,12128.0,,net_operating_surplus_mixed_income
A,CP_MEUR,C,B2A3N,BE,2013,6461.9 ,6461.9,,net_operating_surplus_mixed_income
A,CP_MEUR,C,B2A3N,BG,2013,1725.4 ,1725.4,,net_operating_surplus_mixed_income
A,CP_MEUR,C,B2A3N,CZ,2013,9676.6 ,9676.6,,net_operating_surplus_mixed_income
A,CP_MEUR,C,B2A3N,DE,2013,93800.0 ,93800.0,,net_operating_surplus_mixed_income
A,CP_MEUR,C,B2A3N,EE,2013,623.2 ,623.2,,net_operating_surplus_mixed_income
A,CP_MEUR,C,B2A3N,ES,2013,28194.0 ,28194.0,,net_operating_surplus_mixed_income
A,CP_MEUR,C,B2A3N,FI,2013,4152.0 ,4152.0,,net_operating_surplus_mixed_income
A,CP_MEUR,C,B2A3N,FR,2013,28746.0 ,28746.0,,net_operating_surplus_mixed_income
A,CP_MEUR,C,B2A3N,HU,2013,5672.5 ,5672.5,,net_operating_surplus_mixed_income
A,CP_MEUR,C,B2A3N,IT,2013,30860.5 ,30860.5,,net_operating_surplus_mixed_income
A,CP_MEUR,C,B2A3N,LV,2013,789.5 ,789.5,,net_operating_surplus_mixed_income
A,CP_MEUR,C,B2A3N,NL,2013,15854.0 ,15854.0,,net_operating_surplus_mixed_income
A,CP_MEUR,C,B2A3N,NO,2013,3747.7 ,3747.7,,net_operating_surplus_mixed_income
A,CP_MEUR,C,B2A3N,PL,2013,21188.6 ,21188.6,,net_operating_surplus_mixed_income
A,CP_MEUR,C,B2A3N,PT,2013,5198.5 ,5198.5,,net_operating_surplus_mixed_income
A,CP_MEUR,C,B2A3N,RO,2013,13125.0 ,13125.0,,net_operating_surplus_mixed_income
A,CP_MEUR,C,B2A3N,SE,2013,9513.6 ,9513.6,,net_operating_surplus_mixed_income
A,CP_MEUR,C,B2A3N,SI,2013,1072.6 ,1072.6,,net_operating_surplus_mixed_income
A,CP_MEUR,C,B2A3N,SK,2013,2908.7 ,2908.7,,net_operating_surplus_mixed_income
A,CP_MEUR,C,D1,AT,2013,30813.6 ,30813.6,,compensation
A,CP_MEUR,C,D1,BE,2013,31040.1 ,31040.1,,compensation
A,CP_MEUR,C,D1,BG,2013,2623.1 ,2623.1,,compensation
A,CP_MEUR,C,D1,CZ,2013,17736.5 ,17736.5,,compensation
A,CP_MEUR,C,D1,DE,2013,370165.0 ,370165.0,,compensation
A,CP_MEUR,C,D1,EE,2013,1569.7 ,1569.7,,compensation
A,CP_MEUR,C,D1,ES,2013,63817.0 ,63817.0,,compensation
A,CP_MEUR,C,D1,FI,2013,17121.0 ,17121.0,,compensation
A,CP_MEUR,C,D1,FR,2013,134343.9 ,134343.9,,compensation
A,CP_MEUR,C,D1,HU,2013,9034.2 ,9034.2,,compensation
A,CP_MEUR,C,D1,IT,2013,131050.4 ,131050.4,,compensation
A,CP_MEUR,C,D1,LV,2013,1231.8 ,1231.8,,compensation
A,CP_MEUR,C,D1,NL,2013,35170.0 ,35170.0,,compensation
A,CP_MEUR,C,D1,NO,2013,18232.2 ,18232.2,,compensation
A,CP_MEUR,C,D1,PL,2013,29533.5 ,29533.5,,compensation
A,CP_MEUR,C,D1,PT,2013,10833.8 ,10833.8,,compensation
A,CP_MEUR,C,D1,RO,2013,9628.6 ,9628.6,,compensation
A,CP_MEUR,C,D1,SE,2013,30226.1 ,30226.1,,compensation
A,CP_MEUR,C,D1,SI,2013,4143.3 ,4143.3,,compensation
A,CP_MEUR,C,D1,SK,2013,6147.4 ,6147.4,,compensation
A,CP_MEUR,C,P1,AT,2013,173771.8 ,173771.8,,output
A,CP_MEUR,C,P1,BE,2013,222705.9 ,222705.9,,output
A,CP_MEUR,C,P1,BG,2013,25496.0 ,25496.0,,output
A,CP_MEUR,C,P1,CZ,2013,137917.0 ,137917.0,,output
A,CP_MEUR,C,P1,DE,2013,1751659.0 ,1751659.0,,output
A,CP_MEUR,C,P1,EE,2013,10647.6 ,10647.6,,output
A,CP_MEUR,C,P1,ES,2013,455814.0 ,455814.0,,output
A,CP_MEUR,C,P1,FI,2013,112240.0 ,112240.0,,output
A,CP_MEUR,C,P1,FR,2013,759400.2 ,759400.2,,output
A,CP_MEUR,C,P1,HU,2013,81641.3 ,81641.3,,output
A,CP_MEUR,C,P1,IT,2013,898785.2 ,898785.2,,output
A,CP_MEUR,C,P1,LV,2013,8439.5 ,8439.5,,output
A,CP_MEUR,C,P1,NL,2013,297612.0 ,297612.0,,output
A,CP_MEUR,C,P1,NO,2013,100186.4 ,100186.4,,output
A,CP_MEUR,C,P1,PL,2013,253496.6 ,253496.6,,output
A,CP_MEUR,C,P1,PT,2013,79655.0 ,79655.0,,output
A,CP_MEUR,C,P1,RO,2013,84319.5 ,84319.5,,output
A,CP_MEUR,C,P1,SE,2013,187170.0 ,187170.0,,output
A,CP_MEUR,C,P1,SI,2013,21918.1 ,21918.1,,output
A,CP_MEUR,C,P1,SK,2013,62225.2 ,62225.2,,output
A,CP_MEUR,D,B1G,AT,2013,5895.1 ,5895.1,,gross_value_added
A,CP_MEUR,D,B1G,BE,2013,6353.1 ,6353.1,,gross_value_added
A,CP_MEUR,D,B1G,BG,2013,1508.1 ,1508.1,,gross_value_added
A,CP_MEUR,D,B1G,CZ,2013,5949.1 ,5949.1,,gross_value_added
A,CP_MEUR,D,B1G,DE,2013,36189.0 ,36189.0,,gross_value_added
A,CP_MEUR,D,B1G,EE,2013,580.3 ,580.3,,gross_value_added
A,CP_MEUR,D,B1G,ES,2013,25580.0 ,25580.0,,gross_value_added
A,CP_MEUR,D,B1G,FI,2013,4118.0 ,4118.0,,gross_value_added
A,CP_MEUR,D,B1G,FR,2013,27541.6 ,27541.6,,gross_value_added
A,CP_MEUR,D,B1G,HU,2013,1880.5 ,1880.5,,gross_value_added
A,CP_MEUR,D,B1G,IT,2013,20055.0 ,20055.0,,gross_value_added
A,CP_MEUR,D,B1G,LV,2013,526.5 ,526.5,,gross_value_added
A,CP_MEUR,D,B1G,NL,2013,7963.0 ,7963.0,,gross_value_added
A,CP_MEUR,D,B1G,NO,2013,7184.9 ,7184.9,,gross_value_added
A,CP_MEUR,D,B1G,PL,2013,12153.7 ,12153.7,,gross_value_added
A,CP_MEUR,D,B1G,PT,2013,3384.0 ,3384.0,,gross_value_added
A,CP_MEUR,D,B1G,RO,2013,4249.0 ,4249.0,,gross_value_added
A,CP_MEUR,D,B1G,SE,2013,10988.4 ,10988.4,,gross_value_added
A,CP_MEUR,D,B1G,SI,2013,804.4 ,804.4,,gross_value_added
A,CP_MEUR,D,B1G,SK,2013,2270.1 ,2270.1,,gross_value_added
A,CP_MEUR,D,B2A3N,AT,2013,1620.4 ,1620.4,,net_operating_surplus_mixed_income
A,CP_MEUR,D,B2A3N,BE,2013,1856.7 ,1856.7,,net_operating_surplus_mixed_income
A,CP_MEUR,D,B2A3N,BG,2013,284.0 ,284.0,,net_operating_surplus_mixed_income
A,CP_MEUR,D,B2A3N,CZ,2013,3000.4 ,3000.4,,net_operating_surplus_mixed_income
A,CP_MEUR,D,B2A3N,DE,2013,24207.0 ,24207.0,,net_operating_surplus_mixed_income
A,CP_MEUR,D,B2A3N,EE,2013,314.4 ,314.4,,net_operating_surplus_mixed_income
A,CP_MEUR,D,B2A3N,ES,2013,14404.0 ,14404.0,,net_operating_surplus_mixed_income
A,CP_MEUR,D,B2A3N,FI,2013,1823.0 ,1823.0,,net_operating_surplus_mixed_income
A,CP_MEUR,D,B2A3N,FR,2013,7673.2 ,7673.2,,net_operating_surplus_mixed_income
A,CP_MEUR,D,B2A3N,HU,2013,335.5 ,335.5,,net_operating_surplus_mixed_income
A,CP_MEUR,D,B2A3N,IT,2013,3778.8 ,3778.8,,net_operating_surplus_mixed_income
A,CP_MEUR,D,B2A3N,LV,2013,248.4 ,248.4,,net_operating_surplus_mixed_income
A,CP_MEUR,D,B2A3N,NL,2013,2534.0 ,2534.0,,net_operating_surplus_mixed_income
A,CP_MEUR,D,B2A3N,NO,2013,3623.4 ,3623.4,,net_operating_surplus_mixed_income
A,CP_MEUR,D,B2A3N,PL,2013,3529.2 ,3529.2,,net_operating_surplus_mixed_income
A,CP_MEUR,D,B2A3N,PT,2013,1755.8 ,1755.8,,net_operating_surplus_mixed_income
A,CP_MEUR,D,B2A3N,RO,2013,2048.7 ,2048.7,,net_operating_surplus_mixed_income
A,CP_MEUR,D,B2A3N,SE,2013,4505.8 ,4505.8,,net_operating_surplus_mixed_income
A,CP_MEUR,D,B2A3N,SI,2013,176.3 ,176.3,,net_operating_surplus_mixed_income
A,CP_MEUR,D,B2A3N,SK,2013,88.4 ,88.4,,net_operating_surplus_mixed_income
A,CP_MEUR,D,D1,AT,2013,2162.7 ,2162.7,,compensation
A,CP_MEUR,D,D1,BE,2013,2061.4 ,2061.4,,compensation
A,CP_MEUR,D,D1,BG,2013,480.4 ,480.4,,compensation
A,CP_MEUR,D,D1,CZ,2013,910.0 ,910.0,,compensation
A,CP_MEUR,D,D1,DE,2013,18167.0 ,18167.0,,compensation
A,CP_MEUR,D,D1,EE,2013,125.0 ,125.0,,compensation
A,CP_MEUR,D,D1,ES,2013,2979.0 ,2979.0,,compensation
A,CP_MEUR,D,D1,FI,2013,854.0 ,854.0,,compensation
A,CP_MEUR,D,D1,FR,2013,11870.0 ,11870.0,,compensation
A,CP_MEUR,D,D1,HU,2013,657.6 ,657.6,,compensation
A,CP_MEUR,D,D1,IT,2013,5121.1 ,5121.1,,compensation
A,CP_MEUR,D,D1,LV,2013,187.7 ,187.7,,compensation
A,CP_MEUR,D,D1,NL,2013,2093.0 ,2093.0,,compensation
A,CP_MEUR,D,D1,NO,2013,1599.9 ,1599.9,,compensation
A,CP_MEUR,D,D1,PL,2013,3331.0 ,3331.0,,compensation
A,CP_MEUR,D,D1,PT,2013,445.1 ,445.1,,compensation
A,CP_MEUR,D,D1,RO,2013,1205.7 ,1205.7,,compensation
A,CP_MEUR,D,D1,SE,2013,1980.5 ,1980.5,,compensation
A,CP_MEUR,D,D1,SI,2013,297.7 ,297.7,,compensation
A,CP_MEUR,D,D1,SK,2013,477.4 ,477.4,,compensation
A,CP_MEUR,D,P1,AT,2013,31435.8 ,31435.8,,output
A,CP_MEUR,D,P1,BE,2013,14209.0 ,14209.0,,output
A,CP_MEUR,D,P1,BG,2013,4469.1 ,4469.1,,output
A,CP_MEUR,D,P1,CZ,2013,16490.2 ,16490.2,,output
A,CP_MEUR,D,P1,DE,2013,124550.0 ,124550.0,,output
A,CP_MEUR,D,P1,EE,2013,1516.6 ,1516.6,,output
A,CP_MEUR,D,P1,ES,2013,75695.0 ,75695.0,,output
A,CP_MEUR,D,P1,FI,2013,8784.0 ,8784.0,,output
A,CP_MEUR,D,P1,FR,2013,107961.2 ,107961.2,,output
A,CP_MEUR,D,P1,HU,2013,5051.1 ,5051.1,,output
A,CP_MEUR,D,P1,IT,2013,78179.6 ,78179.6,,output
A,CP_MEUR,D,P1,LV,2013,2502.5 ,2502.5,,output
A,CP_MEUR,D,P1,NL,2013,19030.0 ,19030.0,,output
A,CP_MEUR,D,P1,NO,2013,9236.7 ,9236.7,,output
A,CP_MEUR,D,P1,PL,2013,27575.0 ,27575.0,,output
A,CP_MEUR,D,P1,PT,2013,14293.7 ,14293.7,,output
A,CP_MEUR,D,P1,RO,2013,14803.8 ,14803.8,,output
A,CP_MEUR,D,P1,SE,2013,19985.7 ,19985.7,,output
A,CP_MEUR,D,P1,SI,2013,2027.9 ,2027.9,,output
A,CP_MEUR,D,P1,SK,2013,12219.0 ,12219.0,,output
A,CP_MEUR,E,B1G,AT,2013,3005.1 ,3005.1,,gross_value_added
A,CP_MEUR,E,B1G,BE,2013,3383.3 ,3383.3,,gross_value_added
A,CP_MEUR,E,B1G,BG,2013,382.0 ,382.0,,gross_value_added
A,CP_MEUR,E,B1G,CZ,2013,1578.9 ,1578.9,,gross_value_added
A,CP_MEUR,E,B1G,DE,2013,26205.0 ,26205.0,,gross_value_added
A,CP_MEUR,E,B1G,EE,2013,132.6 ,132.6,,gross_value_added
A,CP_MEUR,E,B1G,ES,2013,11009.0 ,11009.0,,gross_value_added
A,CP_MEUR,E,B1G,FI,2013,1611.0 ,1611.0,,gross_value_added
A,CP_MEUR,E,B1G,FR,2013,13275.5 ,13275.5,,gross_value_added
A,CP_MEUR,E,B1G,HU,2013,923.3 ,923.3,,gross_value_added
A,CP_MEUR,E,B1G,IT,2013,14176.7 ,14176.7,,gross_value_added
A,CP_MEUR,E,B1G,LV,2013,171.4 ,171.4,,gross_value_added
A,CP_MEUR,E,B1G,NL,2013,3987.0 ,3987.0,,gross_value_added
A,CP_MEUR,E,B1G,NO,2013,2018.9 ,2018.9,,gross_value_added
A,CP_MEUR,E,B1G,PL,2013,4119.6 ,4119.6,,gross_value_added
A,CP_MEUR,E,B1G,PT,2013,1763.0 ,1763.0,,gross_value_added
A,CP_MEUR,E,B1G,RO,2013,1330.0 ,1330.0,,gross_value_added
A,CP_MEUR,E,B1G,SE,2013,2421.3 ,2421.3,,gross_value_added
A,CP_MEUR,E,B1G,SI,2013,328.4 ,328.4,,gross_value_added
A,CP_MEUR,E,B1G,SK,2013,843.6 ,843.6,,gross_value_added
A,CP_MEUR,E,B2A3N,AT,2013,658.7 ,658.7,,net_operating_surplus_mixed_income
A,CP_MEUR,E,B2A3N,BE,2013,323.1 ,323.1,,net_operating_surplus_mixed_income
A,CP_MEUR,E,B2A3N,BG,2013,96.2 ,96.2,,net_operating_surplus_mixed_income
A,CP_MEUR,E,B2A3N,CZ,2013,199.0 ,199.0,,net_operating_surplus_mixed_income
A,CP_MEUR,E,B2A3N,DE,2013,2266.0 ,2266.0,,net_operating_surplus_mixed_income
A,CP_MEUR,E,B2A3N,EE,2013,14.9 ,14.9,,net_operating_surplus_mixed_income
A,CP_MEUR,E,B2A3N,ES,2013,2376.0 ,2376.0,,net_operating_surplus_mixed_income
A,CP_MEUR,E,B2A3N,FI,2013,478.0 ,478.0,,net_operating_surplus_mixed_income
A,CP_MEUR,E,B2A3N,FR,2013,1421.9 ,1421.9,,net_operating_surplus_mixed_income
A,CP_MEUR,E,B2A3N,HU,2013,-51.3 ,-51.3,,net_operating_surplus_mixed_income
A,CP_MEUR,E,B2A3N,IT,2013,782.3 ,782.3,,net_operating_surplus_mixed_income
A,CP_MEUR,E,B2A3N,LV,2013,-20.0 ,-20.0,,net_operating_surplus_mixed_income
A,CP_MEUR,E,B2A3N,NL,2013,852.0 ,852.0,,net_operating_surplus_mixed_income
A,CP_MEUR,E,B2A3N,NO,2013,79.9 ,79.9,,net_operating_surplus_mixed_income
A,CP_MEUR,E,B2A3N,PL,2013,811.4 ,811.4,,net_operating_surplus_mixed_income
A,CP_MEUR,E,B2A3N,PT,2013,524.1 ,524.1,,net_operating_surplus_mixed_income
A,CP_MEUR,E,B2A3N,RO,2013,296.2 ,296.2,,net_operating_surplus_mixed_income
A,CP_MEUR,E,B2A3N,SE,2013,-186.0 ,-186.0,,net_operating_surplus_mixed_income
A,CP_MEUR,E,B2A3N,SI,2013,-47.2 ,-47.2,,net_operating_surplus_mixed_income
A,CP_MEUR,E,B2A3N,SK,2013,4.3 ,4.3,,net_operating_surplus_mixed_income
A,CP_MEUR,E,D1,AT,2013,995.9 ,995.9,,compensation
A,CP_MEUR,E,D1,BE,2013,1927.5 ,1927.5,,compensation
A,CP_MEUR,E,D1,BG,2013,207.2 ,207.2,,compensation
A,CP_MEUR,E,D1,CZ,2013,825.6 ,825.6,,compensation
A,CP_MEUR,E,D1,DE,2013,10883.0 ,10883.0,,compensation
A,CP_MEUR,E,D1,EE,2013,53.6 ,53.6,,compensation
A,CP_MEUR,E,D1,ES,2013,5974.0 ,5974.0,,compensation
A,CP_MEUR,E,D1,FI,2013,537.0 ,537.0,,compensation
A,CP_MEUR,E,D1,FR,2013,6563.0 ,6563.0,,compensation
A,CP_MEUR,E,D1,HU,2013,602.4 ,602.4,,compensation
A,CP_MEUR,E,D1,IT,2013,8188.3 ,8188.3,,compensation
A,CP_MEUR,E,D1,LV,2013,80.0 ,80.0,,compensation
A,CP_MEUR,E,D1,NL,2013,1819.0 ,1819.0,,compensation
A,CP_MEUR,E,D1,NO,2013,1045.6 ,1045.6,,compensation
A,CP_MEUR,E,D1,PL,2013,1848.0 ,1848.0,,compensation
A,CP_MEUR,E,D1,PT,2013,758.2 ,758.2,,compensation
A,CP_MEUR,E,D1,RO,2013,678.6 ,678.6,,compensation
A,CP_MEUR,E,D1,SE,2013,1405.0 ,1405.0,,compensation
A,CP_MEUR,E,D1,SI,2013,237.4 ,237.4,,compensation
A,CP_MEUR,E,D1,SK,2013,340.8 ,340.8,,compensation
A,CP_MEUR,E,P1,AT,2013,7206.0 ,7206.0,,output
A,CP_MEUR,E,P1,BE,2013,10423.2 ,10423.2,,output
A,CP_MEUR,E,P1,BG,2013,747.9 ,747.9,,output
A,CP_MEUR,E,P1,CZ,2013,4376.4 ,4376.4,,output
A,CP_MEUR,E,P1,DE,2013,56459.0 ,56459.0,,output
A,CP_MEUR,E,P1,EE,2013,394.3 ,394.3,,output
A,CP_MEUR,E,P1,ES,2013,25796.0 ,25796.0,,output
A,CP_MEUR,E,P1,FI,2013,3417.0 ,3417.0,,output
A,CP_MEUR,E,P1,FR,2013,36100.7 ,36100.7,,output
A,CP_MEUR,E,P1,HU,2013,2070.1 ,2070.1,,output
A,CP_MEUR,E,P1,IT,2013,38079.3 ,38079.3,,output
A,CP_MEUR,E,P1,LV,2013,357.5 ,357.5,,output
A,CP_MEUR,E,P1,NL,2013,9790.0 ,9790.0,,output
A,CP_MEUR,E,P1,NO,2013,5413.9 ,5413.9,,output
A,CP_MEUR,E,P1,PL,2013,8189.4 ,8189.4,,output
A,CP_MEUR,E,P1,PT,2013,4002.0 ,4002.0,,output
A,CP_MEUR,E,P1,RO,2013,3528.9 ,3528.9,,output
A,CP_MEUR,E,P1,SE,2013,6967.1 ,6967.1,,output
A,CP_MEUR,E,P1,SI,2013,1059.6 ,1059.6,,output
A,CP_MEUR,E,P1,SK,2013,1320.8 ,1320.8,,output
A,CP_MEUR,F,B1G,AT,2013,18080.9 ,18080.9,,gross_value_added
A,CP_MEUR,F,B1G,BE,2013,18601.1 ,18601.1,,gross_value_added
A,CP_MEUR,F,B1G,BG,2013,1725.5 ,1725.5,,gross_value_added
A,CP_MEUR,F,B1G,CZ,2013,8207.0 ,8207.0,,gross_value_added
A,CP_MEUR,F,B1G,DE,2013,107802.0 ,107802.0,,gross_value_added
A,CP_MEUR,F,B1G,EE,2013,1163.6 ,1163.6,,gross_value_added
A,CP_MEUR,F,B1G,ES,2013,55533.0 ,55533.0,,gross_value_added
A,CP_MEUR,F,B1G,FI,2013,11327.0 ,11327.0,,gross_value_added
A,CP_MEUR,F,B1G,FR,2013,112095.3 ,112095.3,,gross_value_added
A,CP_MEUR,F,B1G,HU,2013,3492.2 ,3492.2,,gross_value_added
A,CP_MEUR,F,B1G,IT,2013,70392.4 ,70392.4,,gross_value_added
A,CP_MEUR,F,B1G,LV,2013,1245.4 ,1245.4,,gross_value_added
A,CP_MEUR,F,B1G,NL,2013,25598.0 ,25598.0,,gross_value_added
A,CP_MEUR,F,B1G,NO,2013,20129.9 ,20129.9,,gross_value_added
A,CP_MEUR,F,B1G,PL,2013,27294.8 ,27294.8,,gross_value_added
A,CP_MEUR,F,B1G,PT,2013,6773.0 ,6773.0,,gross_value_added
A,CP_MEUR,F,B1G,RO,2013,9820.7 ,9820.7,,gross_value_added
A,CP_MEUR,F,B1G,SE,2013,22311.0 ,22311.0,,gross_value_added
A,CP_MEUR,F,B1G,SI,2013,1612.6 ,1612.6,,gross_value_added
A,CP_MEUR,F,B1G,SK,2013,5144.2 ,5144.2,,gross_value_added
A,CP_MEUR,F,B2A3N,AT,2013,5163.7 ,5163.7,,net_operating_surplus_mixed_income
A,CP_MEUR,F,B2A3N,BE,2013,5671.5 ,5671.5,,net_operating_surplus_mixed_income
A,CP_MEUR,F,B2A3N,BG,2013,764.2 ,764.2,,net_operating_surplus_mixed_income
A,CP_MEUR,F,B2A3N,CZ,2013,3307.8 ,3307.8,,net_operating_surplus_mixed_income
A,CP_MEUR,F,B2A3N,DE,2013,34923.0 ,34923.0,,net_operating_surplus_mixed_income
A,CP_MEUR,F,B2A3N,EE,2013,347.1 ,347.1,,net_operating_surplus_mixed_income
A,CP_MEUR,F,B2A3N,ES,2013,17881.0 ,17881.0,,net_operating_surplus_mixed_income
A,CP_MEUR,F,B2A3N,FI,2013,2737.0 ,2737.0,,net_operating_surplus_mixed_income
A,CP_MEUR,F,B2A3N,FR,2013,29960.3 ,29960.3,,net_operating_surplus_mixed_income
A,CP_MEUR,F,B2A3N,HU,2013,1081.8 ,1081.8,,net_operating_surplus_mixed_income
A,CP_MEUR,F,B2A3N,IT,2013,29077.4 ,29077.4,,net_operating_surplus_mixed_income
A,CP_MEUR,F,B2A3N,LV,2013,288.9 ,288.9,,net_operating_surplus_mixed_income
A,CP_MEUR,F,B2A3N,NL,2013,6101.0 ,6101.0,,net_operating_surplus_mixed_income
A,CP_MEUR,F,B2A3N,NO,2013,5950.0 ,5950.0,,net_operating_surplus_mixed_income
A,CP_MEUR,F,B2A3N,PL,2013,15918.3 ,15918.3,,net_operating_surplus_mixed_income
A,CP_MEUR,F,B2A3N,PT,2013,1614.5 ,1614.5,,net_operating_surplus_mixed_income
A,CP_MEUR,F,B2A3N,RO,2013,4559.9 ,4559.9,,net_operating_surplus_mixed_income
A,CP_MEUR,F,B2A3N,SE,2013,1445.3 ,1445.3,,net_operating_surplus_mixed_income
A,CP_MEUR,F,B2A3N,SI,2013,465.5 ,465.5,,net_operating_surplus_mixed_income
A,CP_MEUR,F,B2A3N,SK,2013,3531.2 ,3531.2,,net_operating_surplus_mixed_income
A,CP_MEUR,F,D1,AT,2013,10559.7 ,10559.7,,compensation
A,CP_MEUR,F,D1,BE,2013,10343.2 ,10343.2,,compensation
A,CP_MEUR,F,D1,BG,2013,768.7 ,768.7,,compensation
A,CP_MEUR,F,D1,CZ,2013,3726.5 ,3726.5,,compensation
A,CP_MEUR,F,D1,DE,2013,67719.0 ,67719.0,,compensation
A,CP_MEUR,F,D1,EE,2013,701.3 ,701.3,,compensation
A,CP_MEUR,F,D1,ES,2013,24815.0 ,24815.0,,compensation
A,CP_MEUR,F,D1,FI,2013,7800.0 ,7800.0,,compensation
A,CP_MEUR,F,D1,FR,2013,70764.1 ,70764.1,,compensation
A,CP_MEUR,F,D1,HU,2013,1972.8 ,1972.8,,compensation
A,CP_MEUR,F,D1,IT,2013,30723.4 ,30723.4,,compensation
A,CP_MEUR,F,D1,LV,2013,750.3 ,750.3,,compensation
A,CP_MEUR,F,D1,NL,2013,17065.0 ,17065.0,,compensation
A,CP_MEUR,F,D1,NO,2013,13100.4 ,13100.4,,compensation
A,CP_MEUR,F,D1,PL,2013,10119.1 ,10119.1,,compensation
A,CP_MEUR,F,D1,PT,2013,4180.7 ,4180.7,,compensation
A,CP_MEUR,F,D1,RO,2013,2912.2 ,2912.2,,compensation
A,CP_MEUR,F,D1,SE,2013,15905.8 ,15905.8,,compensation
A,CP_MEUR,F,D1,SI,2013,932.0 ,932.0,,compensation
A,CP_MEUR,F,D1,SK,2013,1378.0 ,1378.0,,compensation
A,CP_MEUR,F,P1,AT,2013,46490.6 ,46490.6,,output
A,CP_MEUR,F,P1,BE,2013,66143.7 ,66143.7,,output
A,CP_MEUR,F,P1,BG,2013,6458.7 ,6458.7,,output
A,CP_MEUR,F,P1,CZ,2013,27131.9 ,27131.9,,output
A,CP_MEUR,F,P1,DE,2013,266909.0 ,266909.0,,output
A,CP_MEUR,F,P1,EE,2013,3112.4 ,3112.4,,output
A,CP_MEUR,F,P1,ES,2013,119053.0 ,119053.0,,output
A,CP_MEUR,F,P1,FI,2013,29801.0 ,29801.0,,output
A,CP_MEUR,F,P1,FR,2013,300094.1 ,300094.1,,output
A,CP_MEUR,F,P1,HU,2013,8853.7 ,8853.7,,output
A,CP_MEUR,F,P1,IT,2013,207008.6 ,207008.6,,output
A,CP_MEUR,F,P1,LV,2013,5113.3 ,5113.3,,output
A,CP_MEUR,F,P1,NL,2013,79645.0 ,79645.0,,output
A,CP_MEUR,F,P1,NO,2013,54628.5 ,54628.5,,output
A,CP_MEUR,F,P1,PL,2013,78002.9 ,78002.9,,output
A,CP_MEUR,F,P1,PT,2013,18290.0 ,18290.0,,output
A,CP_MEUR,F,P1,RO,2013,27801.8 ,27801.8,,output
A,CP_MEUR,F,P1,SE,2013,50808.5 ,50808.5,,output
A,CP_MEUR,F,P1,SI,2013,5280.4 ,5280.4,,output
A,CP_MEUR,F,P1,SK,2013,9834.4 ,9834.4,,output
A,CP_MEUR,G,B1G,AT,2013,35253.7 ,35253.7,,gross_value_added
A,CP_MEUR,G,B1G,BE,2013,43045.7 ,43045.7,,gross_value_added
A,CP_MEUR,G,B1G,BG,2013,4857.1 ,4857.1,,gross_value_added
A,CP_MEUR,G,B1G,CZ,2013,14779.0 ,14779.0,,gross_value_added
A,CP_MEUR,G,B1G,DE,2013,241328.0 ,241328.0,,gross_value_added
A,CP_MEUR,G,B1G,EE,2013,2022.2 ,2022.2,,gross_value_added
A,CP_MEUR,G,B1G,ES,2013,120581.0 ,120581.0,,gross_value_added
A,CP_MEUR,G,B1G,FI,2013,17306.0 ,17306.0,,gross_value_added
A,CP_MEUR,G,B1G,FR,2013,194641.5 ,194641.5,,gross_value_added
A,CP_MEUR,G,B1G,HU,2013,9084.6 ,9084.6,,gross_value_added
A,CP_MEUR,G,B1G,IT,2013,161593.4 ,161593.4,,gross_value_added
A,CP_MEUR,G,B1G,LV,2013,2889.4 ,2889.4,,gross_value_added
A,CP_MEUR,G,B1G,NL,2013,78857.0 ,78857.0,,gross_value_added
A,CP_MEUR,G,B1G,NO,2013,24342.3 ,24342.3,,gross_value_added
A,CP_MEUR,G,B1G,PL,2013,63390.4 ,63390.4,,gross_value_added
A,CP_MEUR,G,B1G,PT,2013,22266.2 ,22266.2,,gross_value_added
A,CP_MEUR,G,B1G,RO,2013,8573.2 ,8573.2,,gross_value_added
A,CP_MEUR,G,B1G,SE,2013,44292.3 ,44292.3,,gross_value_added
A,CP_MEUR,G,B1G,SI,2013,3715.8 ,3715.8,,gross_value_added
A,CP_MEUR,G,B1G,SK,2013,7850.2 ,7850.2,,gross_value_added
A,CP_MEUR,G,B2A3N,AT,2013,9957.0 ,9957.0,,net_operating_surplus_mixed_income
A,CP_MEUR,G,B2A3N,BE,2013,11986.4 ,11986.4,,net_operating_surplus_mixed_income
A,CP_MEUR,G,B2A3N,BG,2013,2147.4 ,2147.4,,net_operating_surplus_mixed_income
A,CP_MEUR,G,B2A3N,CZ,2013,4054.3 ,4054.3,,net_operating_surplus_mixed_income
A,CP_MEUR,G,B2A3N,DE,2013,54742.0 ,54742.0,,net_operating_surplus_mixed_income
A,CP_MEUR,G,B2A3N,EE,2013,678.2 ,678.2,,net_operating_surplus_mixed_income
A,CP_MEUR,G,B2A3N,ES,2013,43985.0 ,43985.0,,net_operating_surplus_mixed_income
A,CP_MEUR,G,B2A3N,FI,2013,4854.0 ,4854.0,,net_operating_surplus_mixed_income
A,CP_MEUR,G,B2A3N,FR,2013,49745.6 ,49745.6,,net_operating_surplus_mixed_income
A,CP_MEUR,G,B2A3N,HU,2013,2361.3 ,2361.3,,net_operating_surplus_mixed_income
A,CP_MEUR,G,B2A3N,IT,2013,72677.3 ,72677.3,,net_operating_surplus_mixed_income
A,CP_MEUR,G,B2A3N,LV,2013,1108.7 ,1108.7,,net_operating_surplus_mixed_income
A,CP_MEUR,G,B2A3N,NL,2013,29388.0 ,29388.0,,net_operating_surplus_mixed_income
A,CP_MEUR,G,B2A3N,NO,2013,2759.6 ,2759.6,,net_operating_surplus_mixed_income
A,CP_MEUR,G,B2A3N,PL,2013,42077.7 ,42077.7,,net_operating_surplus_mixed_income
A,CP_MEUR,G,B2A3N,PT,2013,10140.4 ,10140.4,,net_operating_surplus_mixed_income
A,CP_MEUR,G,B2A3N,RO,2013,503.9 ,503.9,,net_operating_surplus_mixed_income
A,CP_MEUR,G,B2A3N,SE,2013,8421.9 ,8421.9,,net_operating_surplus_mixed_income
A,CP_MEUR,G,B2A3N,SI,2013,837.0 ,837.0,,net_operating_surplus_mixed_income
A,CP_MEUR,G,B2A3N,SK,2013,2954.1 ,2954.1,,net_operating_surplus_mixed_income
A,CP_MEUR,G,D1,AT,2013,20516.4 ,20516.4,,compensation
A,CP_MEUR,G,D1,BE,2013,25611.5 ,25611.5,,compensation
A,CP_MEUR,G,D1,BG,2013,2183.2 ,2183.2,,compensation
A,CP_MEUR,G,D1,CZ,2013,8308.4 ,8308.4,,compensation
A,CP_MEUR,G,D1,DE,2013,165354.0 ,165354.0,,compensation
A,CP_MEUR,G,D1,EE,2013,1111.8 ,1111.8,,compensation
A,CP_MEUR,G,D1,ES,2013,64327.0 ,64327.0,,compensation
A,CP_MEUR,G,D1,FI,2013,10744.0 ,10744.0,,compensation
A,CP_MEUR,G,D1,FR,2013,124080.8 ,124080.8,,compensation
A,CP_MEUR,G,D1,HU,2013,5411.9 ,5411.9,,compensation
A,CP_MEUR,G,D1,IT,2013,67268.5 ,67268.5,,compensation
A,CP_MEUR,G,D1,LV,2013,1396.0 ,1396.0,,compensation
A,CP_MEUR,G,D1,NL,2013,41368.0 ,41368.0,,compensation
A,CP_MEUR,G,D1,NO,2013,19448.8 ,19448.8,,compensation
A,CP_MEUR,G,D1,PL,2013,18055.0 ,18055.0,,compensation
A,CP_MEUR,G,D1,PT,2013,10248.4 ,10248.4,,compensation
A,CP_MEUR,G,D1,RO,2013,6058.7 ,6058.7,,compensation
A,CP_MEUR,G,D1,SE,2013,26284.8 ,26284.8,,compensation
A,CP_MEUR,G,D1,SI,2013,2317.3 ,2317.3,,compensation
A,CP_MEUR,G,D1,SK,2013,4157.9 ,4157.9,,compensation
A,CP_MEUR,G,P1,AT,2013,61857.2 ,61857.2,,output
A,CP_MEUR,G,P1,BE,2013,88294.4 ,88294.4,,output
A,CP_MEUR,G,P1,BG,2013,9030.3 ,9030.3,,output
A,CP_MEUR,G,P1,CZ,2013,31903.7 ,31903.7,,output
A,CP_MEUR,G,P1,DE,2013,437889.0 ,437889.0,,output
A,CP_MEUR,G,P1,EE,2013,3865.6 ,3865.6,,output
A,CP_MEUR,G,P1,ES,2013,203897.0 ,203897.0,,output
A,CP_MEUR,G,P1,FI,2013,31961.0 ,31961.0,,output
A,CP_MEUR,G,P1,FR,2013,370331.5 ,370331.5,,output
A,CP_MEUR,G,P1,HU,2013,18900.1 ,18900.1,,output
A,CP_MEUR,G,P1,IT,2013,320526.6 ,320526.6,,output
A,CP_MEUR,G,P1,LV,2013,5421.1 ,5421.1,,output
A,CP_MEUR,G,P1,NL,2013,140639.0 ,140639.0,,output
A,CP_MEUR,G,P1,NO,2013,47525.3 ,47525.3,,output
A,CP_MEUR,G,P1,PL,2013,100743.5 ,100743.5,,output
A,CP_MEUR,G,P1,PT,2013,34953.0 ,34953.0,,output
A,CP_MEUR,G,P1,RO,2013,29767.2 ,29767.2,,output
A,CP_MEUR,G,P1,SE,2013,77526.7 ,77526.7,,output
A,CP_MEUR,G,P1,SI,2013,7285.8 ,7285.8,,output
A,CP_MEUR,G,P1,SK,2013,14223.0 ,14223.0,,output
A,CP_MEUR,H,B1G,AT,2013,16195.2 ,16195.2,,gross_value_added
A,CP_MEUR,H,B1G,BE,2013,19818.9 ,19818.9,,gross_value_added
A,CP_MEUR,H,B1G,BG,2013,2153.6 ,2153.6,,gross_value_added
A,CP_MEUR,H,B1G,CZ,2013,8176.9 ,8176.9,,gross_value_added
A,CP_MEUR,H,B1G,DE,2013,119808.0 ,119808.0,,gross_value_added
A,CP_MEUR,H,B1G,EE,2013,1517.9 ,1517.9,,gross_value_added
A,CP_MEUR,H,B1G,ES,2013,42149.0 ,42149.0,,gross_value_added
A,CP_MEUR,H,B1G,FI,2013,8943.0 ,8943.0,,gross_value_added
A,CP_MEUR,H,B1G,FR,2013,82743.1 ,82743.1,,gross_value_added
A,CP_MEUR,H,B1G,HU,2013,5631.7 ,5631.7,,gross_value_added
A,CP_MEUR,H,B1G,IT,2013,72613.6 ,72613.6,,gross_value_added
A,CP_MEUR,H,B1G,LV,2013,2022.3 ,2022.3,,gross_value_added
A,CP_MEUR,H,B1G,NL,2013,27247.0 ,27247.0,,gross_value_added
A,CP_MEUR,H,B1G,NO,2013,21132.4 ,21132.4,,gross_value_added
A,CP_MEUR,H,B1G,PL,2013,22032.9 ,22032.9,,gross_value_added
A,CP_MEUR,H,B1G,PT,2013,7211.2 ,7211.2,,gross_value_added
A,CP_MEUR,H,B1G,RO,2013,9482.2 ,9482.2,,gross_value_added
A,CP_MEUR,H,B1G,SE,2013,21487.5 ,21487.5,,gross_value_added
A,CP_MEUR,H,B1G,SI,2013,1846.5 ,1846.5,,gross_value_added
A,CP_MEUR,H,B1G,SK,2013,3729.0 ,3729.0,,gross_value_added
A,CP_MEUR,H,B2A3N,AT,2013,1935.9 ,1935.9,,net_operating_surplus_mixed_income
A,CP_MEUR,H,B2A3N,BE,2013,381.8 ,381.8,,net_operating_surplus_mixed_income
A,CP_MEUR,H,B2A3N,BG,2013,742.3 ,742.3,,net_operating_surplus_mixed_income
A,CP_MEUR,H,B2A3N,CZ,2013,988.2 ,988.2,,net_operating_surplus_mixed_income
A,CP_MEUR,H,B2A3N,DE,2013,22496.0 ,22496.0,,net_operating_surplus_mixed_income
A,CP_MEUR,H,B2A3N,EE,2013,501.5 ,501.5,,net_operating_surplus_mixed_income
A,CP_MEUR,H,B2A3N,ES,2013,6804.0 ,6804.0,,net_operating_surplus_mixed_income
A,CP_MEUR,H,B2A3N,FI,2013,1622.0 ,1622.0,,net_operating_surplus_mixed_income
A,CP_MEUR,H,B2A3N,FR,2013,2927.1 ,2927.1,,net_operating_surplus_mixed_income
A,CP_MEUR,H,B2A3N,HU,2013,1298.4 ,1298.4,,net_operating_surplus_mixed_income
A,CP_MEUR,H,B2A3N,IT,2013,14025.6 ,14025.6,,net_operating_surplus_mixed_income
A,CP_MEUR,H,B2A3N,LV,2013,583.4 ,583.4,,net_operating_surplus_mixed_income
A,CP_MEUR,H,B2A3N,NL,2013,5150.0 ,5150.0,,net_operating_surplus_mixed_income
A,CP_MEUR,H,B2A3N,NO,2013,6965.3 ,6965.3,,net_operating_surplus_mixed_income
A,CP_MEUR,H,B2A3N,PL,2013,8097.7 ,8097.7,,net_operating_surplus_mixed_income
A,CP_MEUR,H,B2A3N,PT,2013,1206.7 ,1206.7,,net_operating_surplus_mixed_income
A,CP_MEUR,H,B2A3N,RO,2013,2629.2 ,2629.2,,net_operating_surplus_mixed_income
A,CP_MEUR,H,B2A3N,SE,2013,1619.3 ,1619.3,,net_operating_surplus_mixed_income
A,CP_MEUR,H,B2A3N,SI,2013,317.3 ,317.3,,net_operating_surplus_mixed_income
A,CP_MEUR,H,B2A3N,SK,2013,1307.7 ,1307.7,,net_operating_surplus_mixed_income
A,CP_MEUR,H,D1,AT,2013,8661.0 ,8661.0,,compensation
A,CP_MEUR,H,D1,BE,2013,13024.1 ,13024.1,,compensation
A,CP_MEUR,H,D1,BG,2013,993.4 ,993.4,,compensation
A,CP_MEUR,H,D1,CZ,2013,4078.8 ,4078.8,,compensation
A,CP_MEUR,H,D1,DE,2013,70663.0 ,70663.0,,compensation
A,CP_MEUR,H,D1,EE,2013,692.0 ,692.0,,compensation
A,CP_MEUR,H,D1,ES,2013,21137.0 ,21137.0,,compensation
A,CP_MEUR,H,D1,FI,2013,5789.0 ,5789.0,,compensation
A,CP_MEUR,H,D1,FR,2013,60996.1 ,60996.1,,compensation
A,CP_MEUR,H,D1,HU,2013,3032.9 ,3032.9,,compensation
A,CP_MEUR,H,D1,IT,2013,35952.9 ,35952.9,,compensation
A,CP_MEUR,H,D1,LV,2013,945.0 ,945.0,,compensation
A,CP_MEUR,H,D1,NL,2013,16946.0 ,16946.0,,compensation
A,CP_MEUR,H,D1,NO,2013,10281.2 ,10281.2,,compensation
A,CP_MEUR,H,D1,PL,2013,8218.5 ,8218.5,,compensation
A,CP_MEUR,H,D1,PT,2013,3839.1 ,3839.1,,compensation
A,CP_MEUR,H,D1,RO,2013,3227.0 ,3227.0,,compensation
A,CP_MEUR,H,D1,SE,2013,11488.9 ,11488.9,,compensation
A,CP_MEUR,H,D1,SI,2013,1001.7 ,1001.7,,compensation
A,CP_MEUR,H,D1,SK,2013,1747.8 ,1747.8,,compensation
A,CP_MEUR,H,P1,AT,2013,32682.4 ,32682.4,,output
A,CP_MEUR,H,P1,BE,2013,52325.9 ,52325.9,,output
A,CP_MEUR,H,P1,BG,2013,6415.8 ,6415.8,,output
A,CP_MEUR,H,P1,CZ,2013,21744.1 ,21744.1,,output
A,CP_MEUR,H,P1,DE,2013,317409.0 ,317409.0,,output
A,CP_MEUR,H,P1,EE,2013,4568.6 ,4568.6,,output
A,CP_MEUR,H,P1,ES,2013,102236.0 ,102236.0,,output
A,CP_MEUR,H,P1,FI,2013,23264.0 ,23264.0,,output
A,CP_MEUR,H,P1,FR,2013,190595.3 ,190595.3,,output
A,CP_MEUR,H,P1,HU,2013,12024.6 ,12024.6,,output
A,CP_MEUR,H,P1,IT,2013,177811.6 ,177811.6,,output
A,CP_MEUR,H,P1,LV,2013,6303.5 ,6303.5,,output
A,CP_MEUR,H,P1,NL,2013,70686.0 ,70686.0,,output
A,CP_MEUR,H,P1,NO,2013,47757.7 ,47757.7,,output
A,CP_MEUR,H,P1,PL,2013,52164.6 ,52164.6,,output
A,CP_MEUR,H,P1,PT,2013,17690.4 ,17690.4,,output
A,CP_MEUR,H,P1,RO,2013,22530.8 ,22530.8,,output
A,CP_MEUR,H,P1,SE,2013,58719.2 ,58719.2,,output
A,CP_MEUR,H,P1,SI,2013,4790.9 ,4790.9,,output
A,CP_MEUR,H,P1,SK,2013,8606.4 ,8606.4,,output
A,CP_MEUR,I,B1G,AT,2013,11202.7 ,11202.7,,gross_value_added
A,CP_MEUR,I,B1G,BE,2013,6336.5 ,6336.5,,gross_value_added
A,CP_MEUR,I,B1G,BG,2013,877.0 ,877.0,,gross_value_added
A,CP_MEUR,I,B1G,CZ,2013,2793.4 ,2793.4,,gross_value_added
A,CP_MEUR,I,B1G,DE,2013,38946.0 ,38946.0,,gross_value_added
A,CP_MEUR,I,B1G,EE,2013,306.5 ,306.5,,gross_value_added
A,CP_MEUR,I,B1G,ES,2013,56585.0 ,56585.0,,gross_value_added
A,CP_MEUR,I,B1G,FI,2013,2754.0 ,2754.0,,gross_value_added
A,CP_MEUR,I,B1G,FR,2013,41568.7 ,41568.7,,gross_value_added
A,CP_MEUR,I,B1G,HU,2013,1281.4 ,1281.4,,gross_value_added
A,CP_MEUR,I,B1G,IT,2013,52383.4 ,52383.4,,gross_value_added
A,CP_MEUR,I,B1G,LV,2013,343.0 ,343.0,,gross_value_added
A,CP_MEUR,I,B1G,NL,2013,10143.0 ,10143.0,,gross_value_added
A,CP_MEUR,I,B1G,NO,2013,4533.8 ,4533.8,,gross_value_added
A,CP_MEUR,I,B1G,PL,2013,3706.7 ,3706.7,,gross_value_added
A,CP_MEUR,I,B1G,PT,2013,7471.3 ,7471.3,,gross_value_added
A,CP_MEUR,I,B1G,RO,2013,2147.3 ,2147.3,,gross_value_added
A,CP_MEUR,I,B1G,SE,2013,6611.8 ,6611.8,,gross_value_added
A,CP_MEUR,I,B1G,SI,2013,696.0 ,696.0,,gross_value_added
A,CP_MEUR,I,B1G,SK,2013,1023.7 ,1023.7,,gross_value_added
A,CP_MEUR,I,B2A3N,AT,2013,3370.3 ,3370.3,,net_operating_surplus_mixed_income
A,CP_MEUR,I,B2A3N,BE,2013,1298.5 ,1298.5,,net_operating_surplus_mixed_income
A,CP_MEUR,I,B2A3N,BG,2013,106.3 ,106.3,,net_operating_surplus_mixed_income
A,CP_MEUR,I,B2A3N,CZ,2013,1107.2 ,1107.2,,net_operating_surplus_mixed_income
A,CP_MEUR,I,B2A3N,DE,2013,9060.0 ,9060.0,,net_operating_surplus_mixed_income
A,CP_MEUR,I,B2A3N,EE,2013,61.3 ,61.3,,net_operating_surplus_mixed_income
A,CP_MEUR,I,B2A3N,ES,2013,25558.0 ,25558.0,,net_operating_surplus_mixed_income
A,CP_MEUR,I,B2A3N,FI,2013,528.0 ,528.0,,net_operating_surplus_mixed_income
A,CP_MEUR,I,B2A3N,FR,2013,5756.9 ,5756.9,,net_operating_surplus_mixed_income
A,CP_MEUR,I,B2A3N,HU,2013,219.4 ,219.4,,net_operating_surplus_mixed_income
A,CP_MEUR,I,B2A3N,IT,2013,19049.6 ,19049.6,,net_operating_surplus_mixed_income
A,CP_MEUR,I,B2A3N,LV,2013,71.6 ,71.6,,net_operating_surplus_mixed_income
A,CP_MEUR,I,B2A3N,NL,2013,3379.0 ,3379.0,,net_operating_surplus_mixed_income
A,CP_MEUR,I,B2A3N,NO,2013,948.2 ,948.2,,net_operating_surplus_mixed_income
A,CP_MEUR,I,B2A3N,PL,2013,1343.7 ,1343.7,,net_operating_surplus_mixed_income
A,CP_MEUR,I,B2A3N,PT,2013,3159.7 ,3159.7,,net_operating_surplus_mixed_income
A,CP_MEUR,I,B2A3N,RO,2013,1311.0 ,1311.0,,net_operating_surplus_mixed_income
A,CP_MEUR,I,B2A3N,SE,2013,236.6 ,236.6,,net_operating_surplus_mixed_income
A,CP_MEUR,I,B2A3N,SI,2013,78.0 ,78.0,,net_operating_surplus_mixed_income
A,CP_MEUR,I,B2A3N,SK,2013,400.2 ,400.2,,net_operating_surplus_mixed_income
A,CP_MEUR,I,D1,AT,2013,6500.3 ,6500.3,,compensation
A,CP_MEUR,I,D1,BE,2013,3826.4 ,3826.4,,compensation
A,CP_MEUR,I,D1,BG,2013,617.5 ,617.5,,compensation
A,CP_MEUR,I,D1,CZ,2013,1342.6 ,1342.6,,compensation
A,CP_MEUR,I,D1,DE,2013,26512.0 ,26512.0,,compensation
A,CP_MEUR,I,D1,EE,2013,207.4 ,207.4,,compensation
A,CP_MEUR,I,D1,ES,2013,27713.0 ,27713.0,,compensation
A,CP_MEUR,I,D1,FI,2013,2028.0 ,2028.0,,compensation
A,CP_MEUR,I,D1,FR,2013,30503.4 ,30503.4,,compensation
A,CP_MEUR,I,D1,HU,2013,885.3 ,885.3,,compensation
A,CP_MEUR,I,D1,IT,2013,24094.3 ,24094.3,,compensation
A,CP_MEUR,I,D1,LV,2013,203.8 ,203.8,,compensation
A,CP_MEUR,I,D1,NL,2013,5754.0 ,5754.0,,compensation
A,CP_MEUR,I,D1,NO,2013,3224.0 ,3224.0,,compensation
A,CP_MEUR,I,D1,PL,2013,1922.1 ,1922.1,,compensation
A,CP_MEUR,I,D1,PT,2013,3537.5 ,3537.5,,compensation
A,CP_MEUR,I,D1,RO,2013,581.7 ,581.7,,compensation
A,CP_MEUR,I,D1,SE,2013,4921.5 ,4921.5,,compensation
A,CP_MEUR,I,D1,SI,2013,463.6 ,463.6,,compensation
A,CP_MEUR,I,D1,SK,2013,536.6 ,536.6,,compensation
A,CP_MEUR,I,P1,AT,2013,20403.3 ,20403.3,,output
A,CP_MEUR,I,P1,BE,2013,15751.1 ,15751.1,,output
A,CP_MEUR,I,P1,BG,2013,1713.5 ,1713.5,,output
A,CP_MEUR,I,P1,CZ,2013,6020.0 ,6020.0,,output
A,CP_MEUR,I,P1,DE,2013,82818.0 ,82818.0,,output
A,CP_MEUR,I,P1,EE,2013,758.9 ,758.9,,output
A,CP_MEUR,I,P1,ES,2013,99749.0 ,99749.0,,output
A,CP_MEUR,I,P1,FI,2013,7143.0 ,7143.0,,output
A,CP_MEUR,I,P1,FR,2013,92811.9 ,92811.9,,output
A,CP_MEUR,I,P1,HU,2013,3796.8 ,3796.8,,output
A,CP_MEUR,I,P1,IT,2013,101368.5 ,101368.5,,output
A,CP_MEUR,I,P1,LV,2013,733.9 ,733.9,,output
A,CP_MEUR,I,P1,NL,2013,21188.0 ,21188.0,,output
A,CP_MEUR,I,P1,NO,2013,9706.5 ,9706.5,,output
A,CP_MEUR,I,P1,PL,2013,9501.8 ,9501.8,,output
A,CP_MEUR,I,P1,PT,2013,13188.9 ,13188.9,,output
A,CP_MEUR,I,P1,RO,2013,4419.0 ,4419.0,,output
A,CP_MEUR,I,P1,SE,2013,15292.1 ,15292.1,,output
A,CP_MEUR,I,P1,SI,2013,1517.0 ,1517.0,,output
A,CP_MEUR,I,P1,SK,2013,1665.9 ,1665.9,,output
A,CP_MEUR,J,B1G,AT,2013,9906.7 ,9906.7,,gross_value_added
A,CP_MEUR,J,B1G,BE,2013,14504.8 ,14504.8,,gross_value_added
A,CP_MEUR,J,B1G,BG,2013,2035.6 ,2035.6,,gross_value_added
A,CP_MEUR,J,B1G,CZ,2013,6972.8 ,6972.8,,gross_value_added
A,CP_MEUR,J,B1G,DE,2013,120799.0 ,120799.0,,gross_value_added
A,CP_MEUR,J,B1G,EE,2013,849.0 ,849.0,,gross_value_added
A,CP_MEUR,J,B1G,ES,2013,36647.0 ,36647.0,,gross_value_added
A,CP_MEUR,J,B1G,FI,2013,9295.0 ,9295.0,,gross_value_added
A,CP_MEUR,J,B1G,FR,2013,94506.3 ,94506.3,,gross_value_added
A,CP_MEUR,J,B1G,HU,2013,4533.3 ,4533.3,,gross_value_added
A,CP_MEUR,J,B1G,IT,2013,53126.7 ,53126.7,,gross_value_added
A,CP_MEUR,J,B1G,LV,2013,915.7 ,915.7,,gross_value_added
A,CP_MEUR,J,B1G,NL,2013,27602.0 ,27602.0,,gross_value_added
A,CP_MEUR,J,B1G,NO,2013,14034.0 ,14034.0,,gross_value_added
A,CP_MEUR,J,B1G,PL,2013,12360.7 ,12360.7,,gross_value_added
A,CP_MEUR,J,B1G,PT,2013,5197.8 ,5197.8,,gross_value_added
A,CP_MEUR,J,B1G,RO,2013,7340.6 ,7340.6,,gross_value_added
A,CP_MEUR,J,B1G,SE,2013,26680.6 ,26680.6,,gross_value_added
A,CP_MEUR,J,B1G,SI,2013,1297.8 ,1297.8,,gross_value_added
A,CP_MEUR,J,B1G,SK,2013,3468.4 ,3468.4,,gross_value_added
A,CP_MEUR,J,B2A3N,AT,2013,1253.2 ,1253.2,,net_operating_surplus_mixed_income
A,CP_MEUR,J,B2A3N,BE,2013,2772.6 ,2772.6,,net_operating_surplus_mixed_income
A,CP_MEUR,J,B2A3N,BG,2013,532.9 ,532.9,,net_operating_surplus_mixed_income
A,CP_MEUR,J,B2A3N,CZ,2013,1802.9 ,1802.9,,net_operating_surplus_mixed_income
A,CP_MEUR,J,B2A3N,DE,2013,34299.0 ,34299.0,,net_operating_surplus_mixed_income
A,CP_MEUR,J,B2A3N,EE,2013,243.7 ,243.7,,net_operating_surplus_mixed_income
A,CP_MEUR,J,B2A3N,ES,2013,6974.0 ,6974.0,,net_operating_surplus_mixed_income
A,CP_MEUR,J,B2A3N,FI,2013,1907.0 ,1907.0,,net_operating_surplus_mixed_income
A,CP_MEUR,J,B2A3N,FR,2013,12904.5 ,12904.5,,net_operating_surplus_mixed_income
A,CP_MEUR,J,B2A3N,HU,2013,823.6 ,823.6,,net_operating_surplus_mixed_income
A,CP_MEUR,J,B2A3N,IT,2013,14708.7 ,14708.7,,net_operating_surplus_mixed_income
A,CP_MEUR,J,B2A3N,LV,2013,227.4 ,227.4,,net_operating_surplus_mixed_income
A,CP_MEUR,J,B2A3N,NL,2013,7391.0 ,7391.0,,net_operating_surplus_mixed_income
A,CP_MEUR,J,B2A3N,NO,2013,3511.0 ,3511.0,,net_operating_surplus_mixed_income
A,CP_MEUR,J,B2A3N,PL,2013,4054.3 ,4054.3,,net_operating_surplus_mixed_income
A,CP_MEUR,J,B2A3N,PT,2013,905.0 ,905.0,,net_operating_surplus_mixed_income
A,CP_MEUR,J,B2A3N,RO,2013,3696.0 ,3696.0,,net_operating_surplus_mixed_income
A,CP_MEUR,J,B2A3N,SE,2013,5902.8 ,5902.8,,net_operating_surplus_mixed_income
A,CP_MEUR,J,B2A3N,SI,2013,262.3 ,262.3,,net_operating_surplus_mixed_income
A,CP_MEUR,J,B2A3N,SK,2013,1159.6 ,1159.6,,net_operating_surplus_mixed_income
A,CP_MEUR,J,D1,AT,2013,5513.5 ,5513.5,,compensation
A,CP_MEUR,J,D1,BE,2013,7798.3 ,7798.3,,compensation
A,CP_MEUR,J,D1,BG,2013,1132.9 ,1132.9,,compensation
A,CP_MEUR,J,D1,CZ,2013,3126.8 ,3126.8,,compensation
A,CP_MEUR,J,D1,DE,2013,63191.0 ,63191.0,,compensation
A,CP_MEUR,J,D1,EE,2013,433.6 ,433.6,,compensation
A,CP_MEUR,J,D1,ES,2013,18785.0 ,18785.0,,compensation
A,CP_MEUR,J,D1,FI,2013,5477.0 ,5477.0,,compensation
A,CP_MEUR,J,D1,FR,2013,58421.3 ,58421.3,,compensation
A,CP_MEUR,J,D1,HU,2013,2318.4 ,2318.4,,compensation
A,CP_MEUR,J,D1,IT,2013,23201.2 ,23201.2,,compensation
A,CP_MEUR,J,D1,LV,2013,464.1 ,464.1,,compensation
A,CP_MEUR,J,D1,NL,2013,14545.0 ,14545.0,,compensation
A,CP_MEUR,J,D1,NO,2013,8339.1 ,8339.1,,compensation
A,CP_MEUR,J,D1,PL,2013,4959.1 ,4959.1,,compensation
A,CP_MEUR,J,D1,PT,2013,2623.4 ,2623.4,,compensation
A,CP_MEUR,J,D1,RO,2013,2085.2 ,2085.2,,compensation
A,CP_MEUR,J,D1,SE,2013,12552.6 ,12552.6,,compensation
A,CP_MEUR,J,D1,SI,2013,720.6 ,720.6,,compensation
A,CP_MEUR,J,D1,SK,2013,1184.2 ,1184.2,,compensation
A,CP_MEUR,J,P1,AT,2013,21863.6 ,21863.6,,output
A,CP_MEUR,J,P1,BE,2013,33473.9 ,33473.9,,output
A,CP_MEUR,J,P1,BG,2013,3701.1 ,3701.1,,output
A,CP_MEUR,J,P1,CZ,2013,13686.6 ,13686.6,,output
A,CP_MEUR,J,P1,DE,2013,240714.0 ,240714.0,,output
A,CP_MEUR,J,P1,EE,2013,1615.5 ,1615.5,,output
A,CP_MEUR,J,P1,ES,2013,77665.0 ,77665.0,,output
A,CP_MEUR,J,P1,FI,2013,17693.0 ,17693.0,,output
A,CP_MEUR,J,P1,FR,2013,181952.3 ,181952.3,,output
A,CP_MEUR,J,P1,HU,2013,7959.9 ,7959.9,,output
A,CP_MEUR,J,P1,IT,2013,117744.2 ,117744.2,,output
A,CP_MEUR,J,P1,LV,2013,1789.8 ,1789.8,,output
A,CP_MEUR,J,P1,NL,2013,52002.0 ,52002.0,,output
A,CP_MEUR,J,P1,NO,2013,27638.8 ,27638.8,,output
A,CP_MEUR,J,P1,PL,2013,27024.9 ,27024.9,,output
A,CP_MEUR,J,P1,PT,2013,11684.4 ,11684.4,,output
A,CP_MEUR,J,P1,RO,2013,13198.8 ,13198.8,,output
A,CP_MEUR,J,P1,SE,2013,53717.6 ,53717.6,,output
A,CP_MEUR,J,P1,SI,2013,2823.0 ,2823.0,,output
A,CP_MEUR,J,P1,SK,2013,5804.0 ,5804.0,,output
A,CP_MEUR,L,B1G,AT,2013,26676.5 ,26676.5,,gross_value_added
A,CP_MEUR,L,B1G,BE,2013,33008.6 ,33008.6,,gross_value_added
A,CP_MEUR,L,B1G,BG,2013,4124.6 ,4124.6,,gross_value_added
A,CP_MEUR,L,B1G,CZ,2013,14406.2 ,14406.2,,gross_value_added
A,CP_MEUR,L,B1G,DE,2013,290704.0 ,290704.0,,gross_value_added
A,CP_MEUR,L,B1G,EE,2013,1844.7 ,1844.7,,gross_value_added
A,CP_MEUR,L,B1G,ES,2013,122453.0 ,122453.0,,gross_value_added
A,CP_MEUR,L,B1G,FI,2013,20896.0 ,20896.0,,gross_value_added
A,CP_MEUR,L,B1G,FR,2013,262301.8 ,262301.8,,gross_value_added
A,CP_MEUR,L,B1G,HU,2013,7663.4 ,7663.4,,gross_value_added
A,CP_MEUR,L,B1G,IT,2013,197968.8 ,197968.8,,gross_value_added
A,CP_MEUR,L,B1G,LV,2013,1861.6 ,1861.6,,gross_value_added
A,CP_MEUR,L,B1G,NL,2013,33630.0 ,33630.0,,gross_value_added
A,CP_MEUR,L,B1G,NO,2013,29672.7 ,29672.7,,gross_value_added
A,CP_MEUR,L,B1G,PL,2013,20061.9 ,20061.9,,gross_value_added
A,CP_MEUR,L,B1G,PT,2013,18578.3 ,18578.3,,gross_value_added
A,CP_MEUR,L,B1G,RO,2013,11590.9 ,11590.9,,gross_value_added
A,CP_MEUR,L,B1G,SE,2013,34521.6 ,34521.6,,gross_value_added
A,CP_MEUR,L,B1G,SI,2013,2498.5 ,2498.5,,gross_value_added
A,CP_MEUR,L,B1G,SK,2013,8145.2 ,8145.2,,gross_value_added
A,CP_MEUR,L,B2A3N,AT,2013,9654.8 ,9654.8,,net_operating_surplus_mixed_income
A,CP_MEUR,L,B2A3N,BE,2013,13121.6 ,13121.6,,net_operating_surplus_mixed_income
A,CP_MEUR,L,B2A3N,BG,2013,3295.4 ,3295.4,,net_operating_surplus_mixed_income
A,CP_MEUR,L,B2A3N,CZ,2013,8321.8 ,8321.8,,net_operating_surplus_mixed_income
A,CP_MEUR,L,B2A3N,DE,2013,132040.0 ,132040.0,,net_operating_surplus_mixed_income
A,CP_MEUR,L,B2A3N,EE,2013,1152.0 ,1152.0,,net_operating_surplus_mixed_income
A,CP_MEUR,L,B2A3N,ES,2013,84250.0 ,84250.0,,net_operating_surplus_mixed_income
A,CP_MEUR,L,B2A3N,FI,2013,8271.0 ,8271.0,,net_operating_surplus_mixed_income
A,CP_MEUR,L,B2A3N,FR,2013,132289.0 ,132289.0,,net_operating_surplus_mixed_income
A,CP_MEUR,L,B2A3N,HU,2013,4299.8 ,4299.8,,net_operating_surplus_mixed_income
A,CP_MEUR,L,B2A3N,IT,2013,103592.6 ,103592.6,,net_operating_surplus_mixed_income
A,CP_MEUR,L,B2A3N,LV,2013,857.5 ,857.5,,net_operating_surplus_mixed_income
A,CP_MEUR,L,B2A3N,NL,2013,1635.0 ,1635.0,,net_operating_surplus_mixed_income
A,CP_MEUR,L,B2A3N,NO,2013,15548.6 ,15548.6,,net_operating_surplus_mixed_income
A,CP_MEUR,L,B2A3N,PL,2013,13813.5 ,13813.5,,net_operating_surplus_mixed_income
A,CP_MEUR,L,B2A3N,PT,2013,9185.6 ,9185.6,,net_operating_surplus_mixed_income
A,CP_MEUR,L,B2A3N,RO,2013,8490.6 ,8490.6,,net_operating_surplus_mixed_income
A,CP_MEUR,L,B2A3N,SE,2013,16980.8 ,16980.8,,net_operating_surplus_mixed_income
A,CP_MEUR,L,B2A3N,SI,2013,965.2 ,965.2,,net_operating_surplus_mixed_income
A,CP_MEUR,L,B2A3N,SK,2013,5070.4 ,5070.4,,net_operating_surplus_mixed_income
A,CP_MEUR,L,D1,AT,2013,1785.6 ,1785.6,,compensation
A,CP_MEUR,L,D1,BE,2013,934.8 ,934.8,,compensation
A,CP_MEUR,L,D1,BG,2013,202.5 ,202.5,,compensation
A,CP_MEUR,L,D1,CZ,2013,859.0 ,859.0,,compensation
A,CP_MEUR,L,D1,DE,2013,13454.0 ,13454.0,,compensation
A,CP_MEUR,L,D1,EE,2013,126.2 ,126.2,,compensation
A,CP_MEUR,L,D1,ES,2013,3349.0 ,3349.0,,compensation
A,CP_MEUR,L,D1,FI,2013,912.0 ,912.0,,compensation
A,CP_MEUR,L,D1,FR,2013,17206.2 ,17206.2,,compensation
A,CP_MEUR,L,D1,HU,2013,663.5 ,663.5,,compensation
A,CP_MEUR,L,D1,IT,2013,2078.5 ,2078.5,,compensation
A,CP_MEUR,L,D1,LV,2013,275.6 ,275.6,,compensation
A,CP_MEUR,L,D1,NL,2013,3587.0 ,3587.0,,compensation
A,CP_MEUR,L,D1,NO,2013,1912.2 ,1912.2,,compensation
A,CP_MEUR,L,D1,PL,2013,1952.8 ,1952.8,,compensation
A,CP_MEUR,L,D1,PT,2013,418.2 ,418.2,,compensation
A,CP_MEUR,L,D1,RO,2013,252.5 ,252.5,,compensation
A,CP_MEUR,L,D1,SE,2013,3520.4 ,3520.4,,compensation
A,CP_MEUR,L,D1,SI,2013,109.3 ,109.3,,compensation
A,CP_MEUR,L,D1,SK,2013,288.9 ,288.9,,compensation
A,CP_MEUR,L,P1,AT,2013,40442.5 ,40442.5,,output
A,CP_MEUR,L,P1,BE,2013,44540.3 ,44540.3,,output
A,CP_MEUR,L,P1,BG,2013,5166.8 ,5166.8,,output
A,CP_MEUR,L,P1,CZ,2013,26992.3 ,26992.3,,output
A,CP_MEUR,L,P1,DE,2013,382727.0 ,382727.0,,output
A,CP_MEUR,L,P1,EE,2013,2542.7 ,2542.7,,output
A,CP_MEUR,L,P1,ES,2013,138464.0 ,138464.0,,output
A,CP_MEUR,L,P1,FI,2013,28562.0 ,28562.0,,output
A,CP_MEUR,L,P1,FR,2013,317643.4 ,317643.4,,output
A,CP_MEUR,L,P1,HU,2013,10700.1 ,10700.1,,output
A,CP_MEUR,L,P1,IT,2013,226477.8 ,226477.8,,output
A,CP_MEUR,L,P1,LV,2013,2951.6 ,2951.6,,output
A,CP_MEUR,L,P1,NL,2013,75179.0 ,75179.0,,output
A,CP_MEUR,L,P1,NO,2013,46219.5 ,46219.5,,output
A,CP_MEUR,L,P1,PL,2013,32377.4 ,32377.4,,output
A,CP_MEUR,L,P1,PT,2013,19952.7 ,19952.7,,output
A,CP_MEUR,L,P1,RO,2013,14720.9 ,14720.9,,output
A,CP_MEUR,L,P1,SE,2013,64294.4 ,64294.4,,output
A,CP_MEUR,L,P1,SI,2013,2907.9 ,2907.9,,output
A,CP_MEUR,L,P1,SK,2013,10116.4 ,10116.4,,output
A,CP_MEUR,M,B1G,AT,2013,14567.6 ,14567.6,,gross_value_added
A,CP_MEUR,M,B1G,BE,2013,34134.3 ,34134.3,,gross_value_added
A,CP_MEUR,M,B1G,BG,2013,1348.4 ,1348.4,,gross_value_added
A,CP_MEUR,M,B1G,CZ,2013,7320.3 ,7320.3,,gross_value_added
A,CP_MEUR,M,B1G,DE,2013,165270.0 ,165270.0,,gross_value_added
A,CP_MEUR,M,B1G,EE,2013,831.4 ,831.4,,gross_value_added
A,CP_MEUR,M,B1G,ES,2013,40456.0 ,40456.0,,gross_value_added
A,CP_MEUR,M,B1G,FI,2013,8950.0 ,8950.0,,gross_value_added
A,CP_MEUR,M,B1G,FR,2013,152816.6 ,152816.6,,gross_value_added
A,CP_MEUR,M,B1G,HU,2013,4873.7 ,4873.7,,gross_value_added
A,CP_MEUR,M,B1G,IT,2013,94029.3 ,94029.3,,gross_value_added
A,CP_MEUR,M,B1G,LV,2013,846.1 ,846.1,,gross_value_added
A,CP_MEUR,M,B1G,NL,2013,49251.0 ,49251.0,,gross_value_added
A,CP_MEUR,M,B1G,NO,2013,16062.9 ,16062.9,,gross_value_added
A,CP_MEUR,M,B1G,PL,2013,18267.3 ,18267.3,,gross_value_added
A,CP_MEUR,M,B1G,PT,2013,5435.3 ,5435.3,,gross_value_added
A,CP_MEUR,M,B1G,RO,2013,6393.1 ,6393.1,,gross_value_added
A,CP_MEUR,M,B1G,SE,2013,28954.6 ,28954.6,,gross_value_added
A,CP_MEUR,M,B1G,SI,2013,2149.1 ,2149.1,,gross_value_added
A,CP_MEUR,M,B1G,SK,2013,3984.7 ,3984.7,,gross_value_added
A,CP_MEUR,M,B2A3N,AT,2013,3719.1 ,3719.1,,net_operating_surplus_mixed_income
A,CP_MEUR,M,B2A3N,BE,2013,19596.9 ,19596.9,,net_operating_surplus_mixed_income
A,CP_MEUR,M,B2A3N,BG,2013,480.4 ,480.4,,net_operating_surplus_mixed_income
A,CP_MEUR,M,B2A3N,CZ,2013,2262.7 ,2262.7,,net_operating_surplus_mixed_income
A,CP_MEUR,M,B2A3N,DE,2013,51410.0 ,51410.0,,net_operating_surplus_mixed_income
A,CP_MEUR,M,B2A3N,EE,2013,203.8 ,203.8,,net_operating_surplus_mixed_income
A,CP_MEUR,M,B2A3N,ES,2013,9221.0 ,9221.0,,net_operating_surplus_mixed_income
A,CP_MEUR,M,B2A3N,FI,2013,1560.0 ,1560.0,,net_operating_surplus_mixed_income
A,CP_MEUR,M,B2A3N,FR,2013,21696.4 ,21696.4,,net_operating_surplus_mixed_income
A,CP_MEUR,M,B2A3N,HU,2013,1227.7 ,1227.7,,net_operating_surplus_mixed_income
A,CP_MEUR,M,B2A3N,IT,2013,55809.2 ,55809.2,,net_operating_surplus_mixed_income
A,CP_MEUR,M,B2A3N,LV,2013,257.4 ,257.4,,net_operating_surplus_mixed_income
A,CP_MEUR,M,B2A3N,NL,2013,13490.0 ,13490.0,,net_operating_surplus_mixed_income
A,CP_MEUR,M,B2A3N,NO,2013,4258.4 ,4258.4,,net_operating_surplus_mixed_income
A,CP_MEUR,M,B2A3N,PL,2013,10520.3 ,10520.3,,net_operating_surplus_mixed_income
A,CP_MEUR,M,B2A3N,PT,2013,917.6 ,917.6,,net_operating_surplus_mixed_income
A,CP_MEUR,M,B2A3N,RO,2013,3675.4 ,3675.4,,net_operating_surplus_mixed_income
A,CP_MEUR,M,B2A3N,SE,2013,3622.4 ,3622.4,,net_operating_surplus_mixed_income
A,CP_MEUR,M,B2A3N,SI,2013,640.0 ,640.0,,net_operating_surplus_mixed_income
A,CP_MEUR,M,B2A3N,SK,2013,2126.8 ,2126.8,,net_operating_surplus_mixed_income
A,CP_MEUR,M,D1,AT,2013,8570.1 ,8570.1,,compensation
A,CP_MEUR,M,D1,BE,2013,10741.3 ,10741.3,,compensation
A,CP_MEUR,M,D1,BG,2013,756.4 ,756.4,,compensation
A,CP_MEUR,M,D1,CZ,2013,3654.0 ,3654.0,,compensation
A,CP_MEUR,M,D1,DE,2013,99068.0 ,99068.0,,compensation
A,CP_MEUR,M,D1,EE,2013,474.3 ,474.3,,compensation
A,CP_MEUR,M,D1,ES,2013,23741.0 ,23741.0,,compensation
A,CP_MEUR,M,D1,FI,2013,6126.0 ,6126.0,,compensation
A,CP_MEUR,M,D1,FR,2013,99554.3 ,99554.3,,compensation
A,CP_MEUR,M,D1,HU,2013,2974.6 ,2974.6,,compensation
A,CP_MEUR,M,D1,IT,2013,24574.2 ,24574.2,,compensation
A,CP_MEUR,M,D1,LV,2013,459.2 ,459.2,,compensation
A,CP_MEUR,M,D1,NL,2013,32258.0 ,32258.0,,compensation
A,CP_MEUR,M,D1,NO,2013,10589.9 ,10589.9,,compensation
A,CP_MEUR,M,D1,PL,2013,6446.5 ,6446.5,,compensation
A,CP_MEUR,M,D1,PT,2013,3588.2 ,3588.2,,compensation
A,CP_MEUR,M,D1,RO,2013,2212.2 ,2212.2,,compensation
A,CP_MEUR,M,D1,SE,2013,17420.2 ,17420.2,,compensation
A,CP_MEUR,M,D1,SI,2013,1197.6 ,1197.6,,compensation
A,CP_MEUR,M,D1,SK,2013,1638.1 ,1638.1,,compensation
A,CP_MEUR,M,P1,AT,2013,30625.4 ,30625.4,,output
A,CP_MEUR,M,P1,BE,2013,69526.9 ,69526.9,,output
A,CP_MEUR,M,P1,BG,2013,2895.2 ,2895.2,,output
A,CP_MEUR,M,P1,CZ,2013,17948.6 ,17948.6,,output
A,CP_MEUR,M,P1,DE,2013,285429.0 ,285429.0,,output
A,CP_MEUR,M,P1,EE,2013,1534.7 ,1534.7,,output
A,CP_MEUR,M,P1,ES,2013,72872.0 ,72872.0,,output
A,CP_MEUR,M,P1,FI,2013,15827.0 ,15827.0,,output
A,CP_MEUR,M,P1,FR,2013,278357.7 ,278357.7,,output
A,CP_MEUR,M,P1,HU,2013,7792.3 ,7792.3,,output
A,CP_MEUR,M,P1,IT,2013,156768.0 ,156768.0,,output
A,CP_MEUR,M,P1,LV,2013,1710.5 ,1710.5,,output
A,CP_MEUR,M,P1,NL,2013,97379.0 ,97379.0,,output
A,CP_MEUR,M,P1,NO,2013,29916.6 ,29916.6,,output
A,CP_MEUR,M,P1,PL,2013,31868.0 ,31868.0,,output
A,CP_MEUR,M,P1,PT,2013,11041.9 ,11041.9,,output
A,CP_MEUR,M,P1,RO,2013,14165.5 ,14165.5,,output
A,CP_MEUR,M,P1,SE,2013,52790.4 ,52790.4,,output
A,CP_MEUR,M,P1,SI,2013,4053.8 ,4053.8,,output
A,CP_MEUR,M,P1,SK,2013,6377.4 ,6377.4,,output
A,CP_MEUR,N,B1G,AT,2013,12122.1 ,12122.1,,gross_value_added
A,CP_MEUR,N,B1G,BE,2013,14635.7 ,14635.7,,gross_value_added
A,CP_MEUR,N,B1G,BG,2013,678.0 ,678.0,,gross_value_added
A,CP_MEUR,N,B1G,CZ,2013,2656.9 ,2656.9,,gross_value_added
A,CP_MEUR,N,B1G,DE,2013,121031.0 ,121031.0,,gross_value_added
A,CP_MEUR,N,B1G,EE,2013,603.9 ,603.9,,gross_value_added
A,CP_MEUR,N,B1G,ES,2013,33027.0 ,33027.0,,gross_value_added
A,CP_MEUR,N,B1G,FI,2013,5849.0 ,5849.0,,gross_value_added
A,CP_MEUR,N,B1G,FR,2013,99036.6 ,99036.6,,gross_value_added
A,CP_MEUR,N,B1G,HU,2013,2896.7 ,2896.7,,gross_value_added
A,CP_MEUR,N,B1G,IT,2013,46161.2 ,46161.2,,gross_value_added
A,CP_MEUR,N,B1G,LV,2013,593.2 ,593.2,,gross_value_added
A,CP_MEUR,N,B1G,NL,2013,34960.0 ,34960.0,,gross_value_added
A,CP_MEUR,N,B1G,NO,2013,9912.0 ,9912.0,,gross_value_added
A,CP_MEUR,N,B1G,PL,2013,8144.4 ,8144.4,,gross_value_added
A,CP_MEUR,N,B1G,PT,2013,4880.4 ,4880.4,,gross_value_added
A,CP_MEUR,N,B1G,RO,2013,2671.6 ,2671.6,,gross_value_added
A,CP_MEUR,N,B1G,SE,2013,13065.4 ,13065.4,,gross_value_added
A,CP_MEUR,N,B1G,SI,2013,804.2 ,804.2,,gross_value_added
A,CP_MEUR,N,B1G,SK,2013,2459.3 ,2459.3,,gross_value_added
A,CP_MEUR,N,B2A3N,AT,2013,1590.4 ,1590.4,,net_operating_surplus_mixed_income
A,CP_MEUR,N,B2A3N,BE,2013,1160.0 ,1160.0,,net_operating_surplus_mixed_income
A,CP_MEUR,N,B2A3N,BG,2013,91.7 ,91.7,,net_operating_surplus_mixed_income
A,CP_MEUR,N,B2A3N,CZ,2013,571.6 ,571.6,,net_operating_surplus_mixed_income
A,CP_MEUR,N,B2A3N,DE,2013,14077.0 ,14077.0,,net_operating_surplus_mixed_income
A,CP_MEUR,N,B2A3N,EE,2013,148.7 ,148.7,,net_operating_surplus_mixed_income
A,CP_MEUR,N,B2A3N,ES,2013,4818.0 ,4818.0,,net_operating_surplus_mixed_income
A,CP_MEUR,N,B2A3N,FI,2013,899.0 ,899.0,,net_operating_surplus_mixed_income
A,CP_MEUR,N,B2A3N,FR,2013,11708.5 ,11708.5,,net_operating_surplus_mixed_income
A,CP_MEUR,N,B2A3N,HU,2013,596.4 ,596.4,,net_operating_surplus_mixed_income
A,CP_MEUR,N,B2A3N,IT,2013,12988.3 ,12988.3,,net_operating_surplus_mixed_income
A,CP_MEUR,N,B2A3N,LV,2013,188.9 ,188.9,,net_operating_surplus_mixed_income
A,CP_MEUR,N,B2A3N,NL,2013,7917.0 ,7917.0,,net_operating_surplus_mixed_income
A,CP_MEUR,N,B2A3N,NO,2013,2347.7 ,2347.7,,net_operating_surplus_mixed_income
A,CP_MEUR,N,B2A3N,PL,2013,3440.6 ,3440.6,,net_operating_surplus_mixed_income
A,CP_MEUR,N,B2A3N,PT,2013,915.3 ,915.3,,net_operating_surplus_mixed_income
A,CP_MEUR,N,B2A3N,RO,2013,815.3 ,815.3,,net_operating_surplus_mixed_income
A,CP_MEUR,N,B2A3N,SE,2013,801.0 ,801.0,,net_operating_surplus_mixed_income
A,CP_MEUR,N,B2A3N,SI,2013,63.0 ,63.0,,net_operating_surplus_mixed_income
A,CP_MEUR,N,B2A3N,SK,2013,1543.3 ,1543.3,,net_operating_surplus_mixed_income
A,CP_MEUR,N,D1,AT,2013,6465.4 ,6465.4,,compensation
A,CP_MEUR,N,D1,BE,2013,11935.1 ,11935.1,,compensation
A,CP_MEUR,N,D1,BG,2013,485.1 ,485.1,,compensation
A,CP_MEUR,N,D1,CZ,2013,1538.4 ,1538.4,,compensation
A,CP_MEUR,N,D1,DE,2013,62749.0 ,62749.0,,compensation
A,CP_MEUR,N,D1,EE,2013,340.3 ,340.3,,compensation
A,CP_MEUR,N,D1,ES,2013,22985.0 ,22985.0,,compensation
A,CP_MEUR,N,D1,FI,2013,4405.0 ,4405.0,,compensation
A,CP_MEUR,N,D1,FR,2013,68289.7 ,68289.7,,compensation
A,CP_MEUR,N,D1,HU,2013,1929.1 ,1929.1,,compensation
A,CP_MEUR,N,D1,IT,2013,25241.1 ,25241.1,,compensation
A,CP_MEUR,N,D1,LV,2013,304.1 ,304.1,,compensation
A,CP_MEUR,N,D1,NL,2013,21539.0 ,21539.0,,compensation
A,CP_MEUR,N,D1,NO,2013,6613.7 ,6613.7,,compensation
A,CP_MEUR,N,D1,PL,2013,4551.3 ,4551.3,,compensation
A,CP_MEUR,N,D1,PT,2013,3201.9 ,3201.9,,compensation
A,CP_MEUR,N,D1,RO,2013,1389.4 ,1389.4,,compensation
A,CP_MEUR,N,D1,SE,2013,9786.4 ,9786.4,,compensation
A,CP_MEUR,N,D1,SI,2013,649.2 ,649.2,,compensation
A,CP_MEUR,N,D1,SK,2013,781.4 ,781.4,,compensation
A,CP_MEUR,N,P1,AT,2013,19153.0 ,19153.0,,output
A,CP_MEUR,N,P1,BE,2013,30059.7 ,30059.7,,output
A,CP_MEUR,N,P1,BG,2013,1485.4 ,1485.4,,output
A,CP_MEUR,N,P1,CZ,2013,7146.3 ,7146.3,,output
A,CP_MEUR,N,P1,DE,2013,206295.0 ,206295.0,,output
A,CP_MEUR,N,P1,EE,2013,1097.2 ,1097.2,,output
A,CP_MEUR,N,P1,ES,2013,58714.0 ,58714.0,,output
A,CP_MEUR,N,P1,FI,2013,10082.0 ,10082.0,,output
A,CP_MEUR,N,P1,FR,2013,184445.2 ,184445.2,,output
A,CP_MEUR,N,P1,HU,2013,4923.1 ,4923.1,,output
A,CP_MEUR,N,P1,IT,2013,104173.4 ,104173.4,,output
A,CP_MEUR,N,P1,LV,2013,1254.6 ,1254.6,,output
A,CP_MEUR,N,P1,NL,2013,56955.0 ,56955.0,,output
A,CP_MEUR,N,P1,NO,2013,19917.9 ,19917.9,,output
A,CP_MEUR,N,P1,PL,2013,15201.0 ,15201.0,,output
A,CP_MEUR,N,P1,PT,2013,7868.9 ,7868.9,,output
A,CP_MEUR,N,P1,RO,2013,5486.3 ,5486.3,,output
A,CP_MEUR,N,P1,SE,2013,24898.5 ,24898.5,,output
A,CP_MEUR,N,P1,SI,2013,1427.4 ,1427.4,,output
A,CP_MEUR,N,P1,SK,2013,3785.9 ,3785.9,,output
A,CP_MEUR,B,B1G,AT,2014,1398.3 ,1398.3,,gross_value_added
A,CP_MEUR,B,B1G,BE,2014,281.2 ,281.2,,gross_value_added
A,CP_MEUR,B,B1G,BG,2014,973.4 ,973.4,,gross_value_added
A,CP_MEUR,B,B1G,CZ,2014,1423.2 ,1423.2,,gross_value_added
A,CP_MEUR,B,B1G,DE,2014,4945.0 ,4945.0,,gross_value_added
A,CP_MEUR,B,B1G,EE,2014,270.6 ,270.6,,gross_value_added
A,CP_MEUR,B,B1G,ES,2014,1636.0 ,1636.0,,gross_value_added
A,CP_MEUR,B,B1G,FI,2014,504.0 ,504.0,,gross_value_added
A,CP_MEUR,B,B1G,FR,2014,2443.2 ,2443.2,,gross_value_added
A,CP_MEUR,B,B1G,HU,2014,180.1 ,180.1,,gross_value_added
A,CP_MEUR,B,B1G,IT,2014,5344.0 ,5344.0,,gross_value_added
A,CP_MEUR,B,B1G,LV,2014,91.4 ,91.4,,gross_value_added
A,CP_MEUR,B,B1G,NL,2014,17022.0 ,17022.0,,gross_value_added
A,CP_MEUR,B,B1G,NO,2014,77238.5 ,77238.5,,gross_value_added
A,CP_MEUR,B,B1G,PL,2014,6639.3 ,6639.3,,gross_value_added
A,CP_MEUR,B,B1G,PT,2014,529.7 ,529.7,,gross_value_added
A,CP_MEUR,B,B1G,RO,2014,1220.0 ,1220.0,,gross_value_added
A,CP_MEUR,B,B1G,SE,2014,1918.4 ,1918.4,,gross_value_added
A,CP_MEUR,B,B1G,SI,2014,127.7 ,127.7,,gross_value_added
A,CP_MEUR,B,B1G,SK,2014,150.3 ,150.3,,gross_value_added
A,CP_MEUR,B,B2A3N,AT,2014,764.7 ,764.7,,net_operating_surplus_mixed_income
A,CP_MEUR,B,B2A3N,BE,2014,14.3 ,14.3,,net_operating_surplus_mixed_income
A,CP_MEUR,B,B2A3N,BG,2014,420.3 ,420.3,,net_operating_surplus_mixed_income
A,CP_MEUR,B,B2A3N,CZ,2014,266.2 ,266.2,,net_operating_surplus_mixed_income
A,CP_MEUR,B,B2A3N,DE,2014,1179.0 ,1179.0,,net_operating_surplus_mixed_income
A,CP_MEUR,B,B2A3N,EE,2014,118.1 ,118.1,,net_operating_surplus_mixed_income
A,CP_MEUR,B,B2A3N,ES,2014,162.0 ,162.0,,net_operating_surplus_mixed_income
A,CP_MEUR,B,B2A3N,FI,2014,-79.0 ,-79.0,,net_operating_surplus_mixed_income
A,CP_MEUR,B,B2A3N,FR,2014,-243.4 ,-243.4,,net_operating_surplus_mixed_income
A,CP_MEUR,B,B2A3N,HU,2014,21.6 ,21.6,,net_operating_surplus_mixed_income
A,CP_MEUR,B,B2A3N,IT,2014,1763.5 ,1763.5,,net_operating_surplus_mixed_income
A,CP_MEUR,B,B2A3N,LV,2014,31.3 ,31.3,,net_operating_surplus_mixed_income
A,CP_MEUR,B,B2A3N,NL,2014,13727.0 ,13727.0,,net_operating_surplus_mixed_income
A,CP_MEUR,B,B2A3N,NO,2014,49714.6 ,49714.6,,net_operating_surplus_mixed_income
A,CP_MEUR,B,B2A3N,PL,2014,683.5 ,683.5,,net_operating_surplus_mixed_income
A,CP_MEUR,B,B2A3N,PT,2014,158.8 ,158.8,,net_operating_surplus_mixed_income
A,CP_MEUR,B,B2A3N,RO,2014,-842.0 ,-842.0,,net_operating_surplus_mixed_income
A,CP_MEUR,B,B2A3N,SE,2014,339.3 ,339.3,,net_operating_surplus_mixed_income
A,CP_MEUR,B,B2A3N,SI,2014,-3.6 ,-3.6,,net_operating_surplus_mixed_income
A,CP_MEUR,B,B2A3N,SK,2014,5.9 ,5.9,,net_operating_surplus_mixed_income
A,CP_MEUR,B,D1,AT,2014,347.9 ,347.9,,compensation
A,CP_MEUR,B,D1,BE,2014,166.8 ,166.8,,compensation
A,CP_MEUR,B,D1,BG,2014,393.6 ,393.6,,compensation
A,CP_MEUR,B,D1,CZ,2014,724.4 ,724.4,,compensation
A,CP_MEUR,B,D1,DE,2014,3759.0 ,3759.0,,compensation
A,CP_MEUR,B,D1,EE,2014,104.8 ,104.8,,compensation
A,CP_MEUR,B,D1,ES,2014,862.0 ,862.0,,compensation
A,CP_MEUR,B,D1,FI,2014,309.0 ,309.0,,compensation
A,CP_MEUR,B,D1,FR,2014,1199.9 ,1199.9,,compensation
A,CP_MEUR,B,D1,HU,2014,77.5 ,77.5,,compensation
A,CP_MEUR,B,D1,IT,2014,1130.1 ,1130.1,,compensation
A,CP_MEUR,B,D1,LV,2014,38.2 ,38.2,,compensation
A,CP_MEUR,B,D1,NL,2014,1284.0 ,1284.0,,compensation
A,CP_MEUR,B,D1,NO,2014,10023.9 ,10023.9,,compensation
A,CP_MEUR,B,D1,PL,2014,4372.5 ,4372.5,,compensation
A,CP_MEUR,B,D1,PT,2014,218.6 ,218.6,,compensation
A,CP_MEUR,B,D1,RO,2014,992.7 ,992.7,,compensation
A,CP_MEUR,B,D1,SE,2014,579.0 ,579.0,,compensation
A,CP_MEUR,B,D1,SI,2014,92.5 ,92.5,,compensation
A,CP_MEUR,B,D1,SK,2014,98.0 ,98.0,,compensation
A,CP_MEUR,B,P1,AT,2014,2392.3 ,2392.3,,output
A,CP_MEUR,B,P1,BE,2014,798.4 ,798.4,,output
A,CP_MEUR,B,P1,BG,2014,1534.6 ,1534.6,,output
A,CP_MEUR,B,P1,CZ,2014,2691.0 ,2691.0,,output
A,CP_MEUR,B,P1,DE,2014,11999.0 ,11999.0,,output
A,CP_MEUR,B,P1,EE,2014,469.2 ,469.2,,output
A,CP_MEUR,B,P1,ES,2014,3860.0 ,3860.0,,output
A,CP_MEUR,B,P1,FI,2014,1740.0 ,1740.0,,output
A,CP_MEUR,B,P1,FR,2014,6117.7 ,6117.7,,output
A,CP_MEUR,B,P1,HU,2014,386.3 ,386.3,,output
A,CP_MEUR,B,P1,IT,2014,9980.6 ,9980.6,,output
A,CP_MEUR,B,P1,LV,2014,230.2 ,230.2,,output
A,CP_MEUR,B,P1,NL,2014,23176.0 ,23176.0,,output
A,CP_MEUR,B,P1,NO,2014,96869.4 ,96869.4,,output
A,CP_MEUR,B,P1,PL,2014,12328.2 ,12328.2,,output
A,CP_MEUR,B,P1,PT,2014,1113.1 ,1113.1,,output
A,CP_MEUR,B,P1,RO,2014,3063.8 ,3063.8,,output
A,CP_MEUR,B,P1,SE,2014,4385.1 ,4385.1,,output
A,CP_MEUR,B,P1,SI,2014,278.2 ,278.2,,output
A,CP_MEUR,B,P1,SK,2014,333.0 ,333.0,,output
A,CP_MEUR,C,B1G,AT,2014,56735.9 ,56735.9,,gross_value_added
A,CP_MEUR,C,B1G,BE,2014,50959.1 ,50959.1,,gross_value_added
A,CP_MEUR,C,B1G,BG,2014,5605.0 ,5605.0,,gross_value_added
A,CP_MEUR,C,B1G,CZ,2014,37314.0 ,37314.0,,gross_value_added
A,CP_MEUR,C,B1G,DE,2014,599831.0 ,599831.0,,gross_value_added
A,CP_MEUR,C,B1G,EE,2014,2843.3 ,2843.3,,gross_value_added
A,CP_MEUR,C,B1G,ES,2014,114259.0 ,114259.0,,gross_value_added
A,CP_MEUR,C,B1G,FI,2014,30060.0 ,30060.0,,gross_value_added
A,CP_MEUR,C,B1G,FR,2014,219282.3 ,219282.3,,gross_value_added
A,CP_MEUR,C,B1G,HU,2014,20654.0 ,20654.0,,gross_value_added
A,CP_MEUR,C,B1G,IT,2014,225658.5 ,225658.5,,gross_value_added
A,CP_MEUR,C,B1G,LV,2014,2484.1 ,2484.1,,gross_value_added
A,CP_MEUR,C,B1G,NL,2014,65571.0 ,65571.0,,gross_value_added
A,CP_MEUR,C,B1G,NO,2014,26346.8 ,26346.8,,gross_value_added
A,CP_MEUR,C,B1G,PL,2014,69105.9 ,69105.9,,gross_value_added
A,CP_MEUR,C,B1G,PT,2014,20507.9 ,20507.9,,gross_value_added
A,CP_MEUR,C,B1G,RO,2014,32383.7 ,32383.7,,gross_value_added
A,CP_MEUR,C,B1G,SE,2014,56824.5 ,56824.5,,gross_value_added
A,CP_MEUR,C,B1G,SI,2014,7321.0 ,7321.0,,gross_value_added
A,CP_MEUR,C,B1G,SK,2014,14190.2 ,14190.2,,gross_value_added
A,CP_MEUR,C,B2A3N,AT,2014,12514.9 ,12514.9,,net_operating_surplus_mixed_income
A,CP_MEUR,C,B2A3N,BE,2014,7484.1 ,7484.1,,net_operating_surplus_mixed_income
A,CP_MEUR,C,B2A3N,BG,2014,1699.0 ,1699.0,,net_operating_surplus_mixed_income
A,CP_MEUR,C,B2A3N,CZ,2014,12181.4 ,12181.4,,net_operating_surplus_mixed_income
A,CP_MEUR,C,B2A3N,DE,2014,110602.0 ,110602.0,,net_operating_surplus_mixed_income
A,CP_MEUR,C,B2A3N,EE,2014,700.3 ,700.3,,net_operating_surplus_mixed_income
A,CP_MEUR,C,B2A3N,ES,2014,31381.0 ,31381.0,,net_operating_surplus_mixed_income
A,CP_MEUR,C,B2A3N,FI,2014,4882.0 ,4882.0,,net_operating_surplus_mixed_income
A,CP_MEUR,C,B2A3N,FR,2014,29630.2 ,29630.2,,net_operating_surplus_mixed_income
A,CP_MEUR,C,B2A3N,HU,2014,6967.9 ,6967.9,,net_operating_surplus_mixed_income
A,CP_MEUR,C,B2A3N,IT,2014,31650.1 ,31650.1,,net_operating_surplus_mixed_income
A,CP_MEUR,C,B2A3N,LV,2014,692.3 ,692.3,,net_operating_surplus_mixed_income
A,CP_MEUR,C,B2A3N,NL,2014,15812.0 ,15812.0,,net_operating_surplus_mixed_income
A,CP_MEUR,C,B2A3N,NO,2014,3911.0 ,3911.0,,net_operating_surplus_mixed_income
A,CP_MEUR,C,B2A3N,PL,2014,27472.0 ,27472.0,,net_operating_surplus_mixed_income
A,CP_MEUR,C,B2A3N,PT,2014,5618.4 ,5618.4,,net_operating_surplus_mixed_income
A,CP_MEUR,C,B2A3N,RO,2014,15413.5 ,15413.5,,net_operating_surplus_mixed_income
A,CP_MEUR,C,B2A3N,SE,2014,9015.2 ,9015.2,,net_operating_surplus_mixed_income
A,CP_MEUR,C,B2A3N,SI,2014,1249.5 ,1249.5,,net_operating_surplus_mixed_income
A,CP_MEUR,C,B2A3N,SK,2014,4246.6 ,4246.6,,net_operating_surplus_mixed_income
A,CP_MEUR,C,D1,AT,2014,31557.1 ,31557.1,,compensation
A,CP_MEUR,C,D1,BE,2014,31122.5 ,31122.5,,compensation
A,CP_MEUR,C,D1,BG,2014,2838.4 ,2838.4,,compensation
A,CP_MEUR,C,D1,CZ,2014,17562.9 ,17562.9,,compensation
A,CP_MEUR,C,D1,DE,2014,384349.0 ,384349.0,,compensation
A,CP_MEUR,C,D1,EE,2014,1712.5 ,1712.5,,compensation
A,CP_MEUR,C,D1,ES,2014,63098.0 ,63098.0,,compensation
A,CP_MEUR,C,D1,FI,2014,16921.0 ,16921.0,,compensation
A,CP_MEUR,C,D1,FR,2014,135793.9 ,135793.9,,compensation
A,CP_MEUR,C,D1,HU,2014,9211.3 ,9211.3,,compensation
A,CP_MEUR,C,D1,IT,2014,131534.4 ,131534.4,,compensation
A,CP_MEUR,C,D1,LV,2014,1266.7 ,1266.7,,compensation
A,CP_MEUR,C,D1,NL,2014,36363.0 ,36363.0,,compensation
A,CP_MEUR,C,D1,NO,2014,17705.9 ,17705.9,,compensation
A,CP_MEUR,C,D1,PL,2014,31727.6 ,31727.6,,compensation
A,CP_MEUR,C,D1,PT,2014,11180.2 ,11180.2,,compensation
A,CP_MEUR,C,D1,RO,2014,10167.8 ,10167.8,,compensation
A,CP_MEUR,C,D1,SE,2014,29208.1 ,29208.1,,compensation
A,CP_MEUR,C,D1,SI,2014,4303.9 ,4303.9,,compensation
A,CP_MEUR,C,D1,SK,2014,6523.6 ,6523.6,,compensation
A,CP_MEUR,C,P1,AT,2014,173950.0 ,173950.0,,output
A,CP_MEUR,C,P1,BE,2014,219554.2 ,219554.2,,output
A,CP_MEUR,C,P1,BG,2014,26344.5 ,26344.5,,output
A,CP_MEUR,C,P1,CZ,2014,144179.7 ,144179.7,,output
A,CP_MEUR,C,P1,DE,2014,1789760.0 ,1789760.0,,output
A,CP_MEUR,C,P1,EE,2014,11216.0 ,11216.0,,output
A,CP_MEUR,C,P1,ES,2014,461510.0 ,461510.0,,output
A,CP_MEUR,C,P1,FI,2014,109929.0 ,109929.0,,output
A,CP_MEUR,C,P1,FR,2014,764645.8 ,764645.8,,output
A,CP_MEUR,C,P1,HU,2014,85266.3 ,85266.3,,output
A,CP_MEUR,C,P1,IT,2014,902552.0 ,902552.0,,output
A,CP_MEUR,C,P1,LV,2014,8150.5 ,8150.5,,output
A,CP_MEUR,C,P1,NL,2014,298951.0 ,298951.0,,output
A,CP_MEUR,C,P1,NO,2014,97587.0 ,97587.0,,output
A,CP_MEUR,C,P1,PL,2014,262965.4 ,262965.4,,output
A,CP_MEUR,C,P1,PT,2014,80534.0 ,80534.0,,output
A,CP_MEUR,C,P1,RO,2014,90252.7 ,90252.7,,output
A,CP_MEUR,C,P1,SE,2014,181936.8 ,181936.8,,output
A,CP_MEUR,C,P1,SI,2014,22886.0 ,22886.0,,output
A,CP_MEUR,C,P1,SK,2014,65233.3 ,65233.3,,output
A,CP_MEUR,D,B1G,AT,2014,5357.4 ,5357.4,,gross_value_added
A,CP_MEUR,D,B1G,BE,2014,5870.7 ,5870.7,,gross_value_added
A,CP_MEUR,D,B1G,BG,2014,1444.2 ,1444.2,,gross_value_added
A,CP_MEUR,D,B1G,CZ,2014,4955.2 ,4955.2,,gross_value_added
A,CP_MEUR,D,B1G,DE,2014,30545.0 ,30545.0,,gross_value_added
A,CP_MEUR,D,B1G,EE,2014,573.1 ,573.1,,gross_value_added
A,CP_MEUR,D,B1G,ES,2014,24465.0 ,24465.0,,gross_value_added
A,CP_MEUR,D,B1G,FI,2014,4144.0 ,4144.0,,gross_value_added
A,CP_MEUR,D,B1G,FR,2014,28136.6 ,28136.6,,gross_value_added
A,CP_MEUR,D,B1G,HU,2014,1879.8 ,1879.8,,gross_value_added
A,CP_MEUR,D,B1G,IT,2014,19310.1 ,19310.1,,gross_value_added
A,CP_MEUR,D,B1G,LV,2014,423.2 ,423.2,,gross_value_added
A,CP_MEUR,D,B1G,NL,2014,7424.0 ,7424.0,,gross_value_added
A,CP_MEUR,D,B1G,NO,2014,6646.2 ,6646.2,,gross_value_added
A,CP_MEUR,D,B1G,PL,2014,11965.7 ,11965.7,,gross_value_added
A,CP_MEUR,D,B1G,PT,2014,3790.1 ,3790.1,,gross_value_added
A,CP_MEUR,D,B1G,RO,2014,4508.7 ,4508.7,,gross_value_added
A,CP_MEUR,D,B1G,SE,2014,10451.9 ,10451.9,,gross_value_added
A,CP_MEUR,D,B1G,SI,2014,756.4 ,756.4,,gross_value_added
A,CP_MEUR,D,B1G,SK,2014,2400.7 ,2400.7,,gross_value_added
A,CP_MEUR,D,B2A3N,AT,2014,1025.3 ,1025.3,,net_operating_surplus_mixed_income
A,CP_MEUR,D,B2A3N,BE,2014,1354.0 ,1354.0,,net_operating_surplus_mixed_income
A,CP_MEUR,D,B2A3N,BG,2014,255.2 ,255.2,,net_operating_surplus_mixed_income
A,CP_MEUR,D,B2A3N,CZ,2014,2113.2 ,2113.2,,net_operating_surplus_mixed_income
A,CP_MEUR,D,B2A3N,DE,2014,21993.0 ,21993.0,,net_operating_surplus_mixed_income
A,CP_MEUR,D,B2A3N,EE,2014,267.7 ,267.7,,net_operating_surplus_mixed_income
A,CP_MEUR,D,B2A3N,ES,2014,12545.0 ,12545.0,,net_operating_surplus_mixed_income
A,CP_MEUR,D,B2A3N,FI,2014,1764.0 ,1764.0,,net_operating_surplus_mixed_income
A,CP_MEUR,D,B2A3N,FR,2014,8290.9 ,8290.9,,net_operating_surplus_mixed_income
A,CP_MEUR,D,B2A3N,HU,2014,361.7 ,361.7,,net_operating_surplus_mixed_income
A,CP_MEUR,D,B2A3N,IT,2014,4567.1 ,4567.1,,net_operating_surplus_mixed_income
A,CP_MEUR,D,B2A3N,LV,2014,136.9 ,136.9,,net_operating_surplus_mixed_income
A,CP_MEUR,D,B2A3N,NL,2014,1842.0 ,1842.0,,net_operating_surplus_mixed_income
A,CP_MEUR,D,B2A3N,NO,2014,3039.5 ,3039.5,,net_operating_surplus_mixed_income
A,CP_MEUR,D,B2A3N,PL,2014,3154.4 ,3154.4,,net_operating_surplus_mixed_income
A,CP_MEUR,D,B2A3N,PT,2014,2014.5 ,2014.5,,net_operating_surplus_mixed_income
A,CP_MEUR,D,B2A3N,RO,2014,2336.6 ,2336.6,,net_operating_surplus_mixed_income
A,CP_MEUR,D,B2A3N,SE,2014,4065.4 ,4065.4,,net_operating_surplus_mixed_income
A,CP_MEUR,D,B2A3N,SI,2014,115.3 ,115.3,,net_operating_surplus_mixed_income
A,CP_MEUR,D,B2A3N,SK,2014,165.9 ,165.9,,net_operating_surplus_mixed_income
A,CP_MEUR,D,D1,AT,2014,2239.5 ,2239.5,,compensation
A,CP_MEUR,D,D1,BE,2014,2035.6 ,2035.6,,compensation
A,CP_MEUR,D,D1,BG,2014,491.6 ,491.6,,compensation
A,CP_MEUR,D,D1,CZ,2014,808.1 ,808.1,,compensation
A,CP_MEUR,D,D1,DE,2014,17389.0 ,17389.0,,compensation
A,CP_MEUR,D,D1,EE,2014,125.4 ,125.4,,compensation
A,CP_MEUR,D,D1,ES,2014,2976.0 ,2976.0,,compensation
A,CP_MEUR,D,D1,FI,2014,817.0 ,817.0,,compensation
A,CP_MEUR,D,D1,FR,2014,12166.3 ,12166.3,,compensation
A,CP_MEUR,D,D1,HU,2014,654.4 ,654.4,,compensation
A,CP_MEUR,D,D1,IT,2014,5201.5 ,5201.5,,compensation
A,CP_MEUR,D,D1,LV,2014,180.8 ,180.8,,compensation
A,CP_MEUR,D,D1,NL,2014,2055.0 ,2055.0,,compensation
A,CP_MEUR,D,D1,NO,2014,1594.1 ,1594.1,,compensation
A,CP_MEUR,D,D1,PL,2014,3279.6 ,3279.6,,compensation
A,CP_MEUR,D,D1,PT,2014,422.2 ,422.2,,compensation
A,CP_MEUR,D,D1,RO,2014,1133.0 ,1133.0,,compensation
A,CP_MEUR,D,D1,SE,2014,1920.6 ,1920.6,,compensation
A,CP_MEUR,D,D1,SI,2014,304.3 ,304.3,,compensation
A,CP_MEUR,D,D1,SK,2014,501.9 ,501.9,,compensation
A,CP_MEUR,D,P1,AT,2014,27475.0 ,27475.0,,output
A,CP_MEUR,D,P1,BE,2014,12825.8 ,12825.8,,output
A,CP_MEUR,D,P1,BG,2014,3751.1 ,3751.1,,output
A,CP_MEUR,D,P1,CZ,2014,13451.8 ,13451.8,,output
A,CP_MEUR,D,P1,DE,2014,115038.0 ,115038.0,,output
A,CP_MEUR,D,P1,EE,2014,1470.9 ,1470.9,,output
A,CP_MEUR,D,P1,ES,2014,75487.0 ,75487.0,,output
A,CP_MEUR,D,P1,FI,2014,8905.0 ,8905.0,,output
A,CP_MEUR,D,P1,FR,2014,100751.4 ,100751.4,,output
A,CP_MEUR,D,P1,HU,2014,4555.5 ,4555.5,,output
A,CP_MEUR,D,P1,IT,2014,74664.9 ,74664.9,,output
A,CP_MEUR,D,P1,LV,2014,2072.6 ,2072.6,,output
A,CP_MEUR,D,P1,NL,2014,18379.0 ,18379.0,,output
A,CP_MEUR,D,P1,NO,2014,8556.8 ,8556.8,,output
A,CP_MEUR,D,P1,PL,2014,26007.0 ,26007.0,,output
A,CP_MEUR,D,P1,PT,2014,13989.1 ,13989.1,,output
A,CP_MEUR,D,P1,RO,2014,14068.7 ,14068.7,,output
A,CP_MEUR,D,P1,SE,2014,18677.9 ,18677.9,,output
A,CP_MEUR,D,P1,SI,2014,1865.7 ,1865.7,,output
A,CP_MEUR,D,P1,SK,2014,10355.3 ,10355.3,,output
A,CP_MEUR,E,B1G,AT,2014,3129.6 ,3129.6,,gross_value_added
A,CP_MEUR,E,B1G,BE,2014,3502.7 ,3502.7,,gross_value_added
A,CP_MEUR,E,B1G,BG,2014,412.8 ,412.8,,gross_value_added
A,CP_MEUR,E,B1G,CZ,2014,1569.6 ,1569.6,,gross_value_added
A,CP_MEUR,E,B1G,DE,2014,28004.0 ,28004.0,,gross_value_added
A,CP_MEUR,E,B1G,EE,2014,143.3 ,143.3,,gross_value_added
A,CP_MEUR,E,B1G,ES,2014,10685.0 ,10685.0,,gross_value_added
A,CP_MEUR,E,B1G,FI,2014,1681.0 ,1681.0,,gross_value_added
A,CP_MEUR,E,B1G,FR,2014,13021.9 ,13021.9,,gross_value_added
A,CP_MEUR,E,B1G,HU,2014,841.6 ,841.6,,gross_value_added
A,CP_MEUR,E,B1G,IT,2014,14763.9 ,14763.9,,gross_value_added
A,CP_MEUR,E,B1G,LV,2014,177.0 ,177.0,,gross_value_added
A,CP_MEUR,E,B1G,NL,2014,4149.0 ,4149.0,,gross_value_added
A,CP_MEUR,E,B1G,NO,2014,1997.9 ,1997.9,,gross_value_added
A,CP_MEUR,E,B1G,PL,2014,4404.8 ,4404.8,,gross_value_added
A,CP_MEUR,E,B1G,PT,2014,1747.4 ,1747.4,,gross_value_added
A,CP_MEUR,E,B1G,RO,2014,1317.5 ,1317.5,,gross_value_added
A,CP_MEUR,E,B1G,SE,2014,2263.7 ,2263.7,,gross_value_added
A,CP_MEUR,E,B1G,SI,2014,338.9 ,338.9,,gross_value_added
A,CP_MEUR,E,B1G,SK,2014,709.5 ,709.5,,gross_value_added
A,CP_MEUR,E,B2A3N,AT,2014,730.9 ,730.9,,net_operating_surplus_mixed_income
A,CP_MEUR,E,B2A3N,BE,2014,369.7 ,369.7,,net_operating_surplus_mixed_income
A,CP_MEUR,E,B2A3N,BG,2014,93.1 ,93.1,,net_operating_surplus_mixed_income
A,CP_MEUR,E,B2A3N,CZ,2014,206.7 ,206.7,,net_operating_surplus_mixed_income
A,CP_MEUR,E,B2A3N,DE,2014,3506.0 ,3506.0,,net_operating_surplus_mixed_income
A,CP_MEUR,E,B2A3N,EE,2014,17.5 ,17.5,,net_operating_surplus_mixed_income
A,CP_MEUR,E,B2A3N,ES,2014,1965.0 ,1965.0,,net_operating_surplus_mixed_income
A,CP_MEUR,E,B2A3N,FI,2014,538.0 ,538.0,,net_operating_surplus_mixed_income
A,CP_MEUR,E,B2A3N,FR,2014,1083.6 ,1083.6,,net_operating_surplus_mixed_income
A,CP_MEUR,E,B2A3N,HU,2014,-135.0 ,-135.0,,net_operating_surplus_mixed_income
A,CP_MEUR,E,B2A3N,IT,2014,1206.5 ,1206.5,,net_operating_surplus_mixed_income
A,CP_MEUR,E,B2A3N,LV,2014,-21.8 ,-21.8,,net_operating_surplus_mixed_income
A,CP_MEUR,E,B2A3N,NL,2014,1020.0 ,1020.0,,net_operating_surplus_mixed_income
A,CP_MEUR,E,B2A3N,NO,2014,105.1 ,105.1,,net_operating_surplus_mixed_income
A,CP_MEUR,E,B2A3N,PL,2014,899.3 ,899.3,,net_operating_surplus_mixed_income
A,CP_MEUR,E,B2A3N,PT,2014,539.0 ,539.0,,net_operating_surplus_mixed_income
A,CP_MEUR,E,B2A3N,RO,2014,269.6 ,269.6,,net_operating_surplus_mixed_income
A,CP_MEUR,E,B2A3N,SE,2014,-376.7 ,-376.7,,net_operating_surplus_mixed_income
A,CP_MEUR,E,B2A3N,SI,2014,-31.2 ,-31.2,,net_operating_surplus_mixed_income
A,CP_MEUR,E,B2A3N,SK,2014,-151.0 ,-151.0,,net_operating_surplus_mixed_income
A,CP_MEUR,E,D1,AT,2014,1032.1 ,1032.1,,compensation
A,CP_MEUR,E,D1,BE,2014,1986.6 ,1986.6,,compensation
A,CP_MEUR,E,D1,BG,2014,233.7 ,233.7,,compensation
A,CP_MEUR,E,D1,CZ,2014,820.3 ,820.3,,compensation
A,CP_MEUR,E,D1,DE,2014,11287.0 ,11287.0,,compensation
A,CP_MEUR,E,D1,EE,2014,56.6 ,56.6,,compensation
A,CP_MEUR,E,D1,ES,2014,5987.0 ,5987.0,,compensation
A,CP_MEUR,E,D1,FI,2014,550.0 ,550.0,,compensation
A,CP_MEUR,E,D1,FR,2014,6601.3 ,6601.3,,compensation
A,CP_MEUR,E,D1,HU,2014,578.6 ,578.6,,compensation
A,CP_MEUR,E,D1,IT,2014,8275.7 ,8275.7,,compensation
A,CP_MEUR,E,D1,LV,2014,82.5 ,82.5,,compensation
A,CP_MEUR,E,D1,NL,2014,1832.0 ,1832.0,,compensation
A,CP_MEUR,E,D1,NO,2014,1039.2 ,1039.2,,compensation
A,CP_MEUR,E,D1,PL,2014,1983.4 ,1983.4,,compensation
A,CP_MEUR,E,D1,PT,2014,725.8 ,725.8,,compensation
A,CP_MEUR,E,D1,RO,2014,651.9 ,651.9,,compensation
A,CP_MEUR,E,D1,SE,2014,1427.7 ,1427.7,,compensation
A,CP_MEUR,E,D1,SI,2014,236.1 ,236.1,,compensation
A,CP_MEUR,E,D1,SK,2014,325.9 ,325.9,,compensation
A,CP_MEUR,E,P1,AT,2014,7398.5 ,7398.5,,output
A,CP_MEUR,E,P1,BE,2014,10660.6 ,10660.6,,output
A,CP_MEUR,E,P1,BG,2014,823.2 ,823.2,,output
A,CP_MEUR,E,P1,CZ,2014,4268.2 ,4268.2,,output
A,CP_MEUR,E,P1,DE,2014,61900.0 ,61900.0,,output
A,CP_MEUR,E,P1,EE,2014,428.9 ,428.9,,output
A,CP_MEUR,E,P1,ES,2014,25668.0 ,25668.0,,output
A,CP_MEUR,E,P1,FI,2014,3551.0 ,3551.0,,output
A,CP_MEUR,E,P1,FR,2014,35858.0 ,35858.0,,output
A,CP_MEUR,E,P1,HU,2014,2010.7 ,2010.7,,output
A,CP_MEUR,E,P1,IT,2014,37977.2 ,37977.2,,output
A,CP_MEUR,E,P1,LV,2014,353.8 ,353.8,,output
A,CP_MEUR,E,P1,NL,2014,10080.0 ,10080.0,,output
A,CP_MEUR,E,P1,NO,2014,5303.6 ,5303.6,,output
A,CP_MEUR,E,P1,PL,2014,8787.4 ,8787.4,,output
A,CP_MEUR,E,P1,PT,2014,3875.7 ,3875.7,,output
A,CP_MEUR,E,P1,RO,2014,3545.3 ,3545.3,,output
A,CP_MEUR,E,P1,SE,2014,6875.4 ,6875.4,,output
A,CP_MEUR,E,P1,SI,2014,1100.7 ,1100.7,,output
A,CP_MEUR,E,P1,SK,2014,1357.8 ,1357.8,,output
A,CP_MEUR,F,B1G,AT,2014,18500.9 ,18500.9,,gross_value_added
A,CP_MEUR,F,B1G,BE,2014,18835.3 ,18835.3,,gross_value_added
A,CP_MEUR,F,B1G,BG,2014,1651.3 ,1651.3,,gross_value_added
A,CP_MEUR,F,B1G,CZ,2014,8040.9 ,8040.9,,gross_value_added
A,CP_MEUR,F,B1G,DE,2014,111755.0 ,111755.0,,gross_value_added
A,CP_MEUR,F,B1G,EE,2014,1079.1 ,1079.1,,gross_value_added
A,CP_MEUR,F,B1G,ES,2014,55390.0 ,55390.0,,gross_value_added
A,CP_MEUR,F,B1G,FI,2014,11085.0 ,11085.0,,gross_value_added
A,CP_MEUR,F,B1G,FR,2014,110608.2 ,110608.2,,gross_value_added
A,CP_MEUR,F,B1G,HU,2014,3761.1 ,3761.1,,gross_value_added
A,CP_MEUR,F,B1G,IT,2014,64341.6 ,64341.6,,gross_value_added
A,CP_MEUR,F,B1G,LV,2014,1295.5 ,1295.5,,gross_value_added
A,CP_MEUR,F,B1G,NL,2014,25828.0 ,25828.0,,gross_value_added
A,CP_MEUR,F,B1G,NO,2014,19822.1 ,19822.1,,gross_value_added
A,CP_MEUR,F,B1G,PL,2014,30233.5 ,30233.5,,gross_value_added
A,CP_MEUR,F,B1G,PT,2014,6304.4 ,6304.4,,gross_value_added
A,CP_MEUR,F,B1G,RO,2014,9597.4 ,9597.4,,gross_value_added
A,CP_MEUR,F,B1G,SE,2014,22676.4 ,22676.4,,gross_value_added
A,CP_MEUR,F,B1G,SI,2014,1807.4 ,1807.4,,gross_value_added
A,CP_MEUR,F,B1G,SK,2014,5437.6 ,5437.6,,gross_value_added
A,CP_MEUR,F,B2A3N,AT,2014,5070.8 ,5070.8,,net_operating_surplus_mixed_income
A,CP_MEUR,F,B2A3N,BE,2014,5726.1 ,5726.1,,net_operating_surplus_mixed_income
A,CP_MEUR,F,B2A3N,BG,2014,620.1 ,620.1,,net_operating_surplus_mixed_income
A,CP_MEUR,F,B2A3N,CZ,2014,3409.7 ,3409.7,,net_operating_surplus_mixed_income
A,CP_MEUR,F,B2A3N,DE,2014,36494.0 ,36494.0,,net_operating_surplus_mixed_income
A,CP_MEUR,F,B2A3N,EE,2014,263.1 ,263.1,,net_operating_surplus_mixed_income
A,CP_MEUR,F,B2A3N,ES,2014,18476.0 ,18476.0,,net_operating_surplus_mixed_income
A,CP_MEUR,F,B2A3N,FI,2014,2590.0 ,2590.0,,net_operating_surplus_mixed_income
A,CP_MEUR,F,B2A3N,FR,2014,29630.5 ,29630.5,,net_operating_surplus_mixed_income
A,CP_MEUR,F,B2A3N,HU,2014,1473.1 ,1473.1,,net_operating_surplus_mixed_income
A,CP_MEUR,F,B2A3N,IT,2014,24795.1 ,24795.1,,net_operating_surplus_mixed_income
A,CP_MEUR,F,B2A3N,LV,2014,274.6 ,274.6,,net_operating_surplus_mixed_income
A,CP_MEUR,F,B2A3N,NL,2014,6893.0 ,6893.0,,net_operating_surplus_mixed_income
A,CP_MEUR,F,B2A3N,NO,2014,5866.3 ,5866.3,,net_operating_surplus_mixed_income
A,CP_MEUR,F,B2A3N,PL,2014,18448.5 ,18448.5,,net_operating_surplus_mixed_income
A,CP_MEUR,F,B2A3N,PT,2014,1461.3 ,1461.3,,net_operating_surplus_mixed_income
A,CP_MEUR,F,B2A3N,RO,2014,4563.7 ,4563.7,,net_operating_surplus_mixed_income
A,CP_MEUR,F,B2A3N,SE,2014,1924.2 ,1924.2,,net_operating_surplus_mixed_income
A,CP_MEUR,F,B2A3N,SI,2014,626.5 ,626.5,,net_operating_surplus_mixed_income
A,CP_MEUR,F,B2A3N,SK,2014,3839.6 ,3839.6,,net_operating_surplus_mixed_income
A,CP_MEUR,F,D1,AT,2014,10990.5 ,10990.5,,compensation
A,CP_MEUR,F,D1,BE,2014,10434.8 ,10434.8,,compensation
A,CP_MEUR,F,D1,BG,2014,842.4 ,842.4,,compensation
A,CP_MEUR,F,D1,CZ,2014,3464.2 ,3464.2,,compensation
A,CP_MEUR,F,D1,DE,2014,69929.0 ,69929.0,,compensation
A,CP_MEUR,F,D1,EE,2014,696.8 ,696.8,,compensation
A,CP_MEUR,F,D1,ES,2014,24129.0 ,24129.0,,compensation
A,CP_MEUR,F,D1,FI,2014,7695.0 ,7695.0,,compensation
A,CP_MEUR,F,D1,FR,2014,70419.2 ,70419.2,,compensation
A,CP_MEUR,F,D1,HU,2014,1851.4 ,1851.4,,compensation
A,CP_MEUR,F,D1,IT,2014,29168.9 ,29168.9,,compensation
A,CP_MEUR,F,D1,LV,2014,816.5 ,816.5,,compensation
A,CP_MEUR,F,D1,NL,2014,16475.0 ,16475.0,,compensation
A,CP_MEUR,F,D1,NO,2014,12896.2 ,12896.2,,compensation
A,CP_MEUR,F,D1,PL,2014,10424.7 ,10424.7,,compensation
A,CP_MEUR,F,D1,PT,2014,3916.7 ,3916.7,,compensation
A,CP_MEUR,F,D1,RO,2014,2647.0 ,2647.0,,compensation
A,CP_MEUR,F,D1,SE,2014,15870.0 ,15870.0,,compensation
A,CP_MEUR,F,D1,SI,2014,967.4 ,967.4,,compensation
A,CP_MEUR,F,D1,SK,2014,1336.3 ,1336.3,,compensation
A,CP_MEUR,F,P1,AT,2014,47501.6 ,47501.6,,output
A,CP_MEUR,F,P1,BE,2014,67351.6 ,67351.6,,output
A,CP_MEUR,F,P1,BG,2014,7742.5 ,7742.5,,output
A,CP_MEUR,F,P1,CZ,2014,26446.9 ,26446.9,,output
A,CP_MEUR,F,P1,DE,2014,274038.0 ,274038.0,,output
A,CP_MEUR,F,P1,EE,2014,3043.9 ,3043.9,,output
A,CP_MEUR,F,P1,ES,2014,121644.0 ,121644.0,,output
A,CP_MEUR,F,P1,FI,2014,28910.0 ,28910.0,,output
A,CP_MEUR,F,P1,FR,2014,294978.7 ,294978.7,,output
A,CP_MEUR,F,P1,HU,2014,9862.6 ,9862.6,,output
A,CP_MEUR,F,P1,IT,2014,191868.4 ,191868.4,,output
A,CP_MEUR,F,P1,LV,2014,5234.4 ,5234.4,,output
A,CP_MEUR,F,P1,NL,2014,80975.0 ,80975.0,,output
A,CP_MEUR,F,P1,NO,2014,53912.7 ,53912.7,,output
A,CP_MEUR,F,P1,PL,2014,82170.5 ,82170.5,,output
A,CP_MEUR,F,P1,PT,2014,16884.4 ,16884.4,,output
A,CP_MEUR,F,P1,RO,2014,23744.5 ,23744.5,,output
A,CP_MEUR,F,P1,SE,2014,51377.8 ,51377.8,,output
A,CP_MEUR,F,P1,SI,2014,5525.4 ,5525.4,,output
A,CP_MEUR,F,P1,SK,2014,11005.6 ,11005.6,,output
A,CP_MEUR,G,B1G,AT,2014,36507.6 ,36507.6,,gross_value_added
A,CP_MEUR,G,B1G,BE,2014,43667.8 ,43667.8,,gross_value_added
A,CP_MEUR,G,B1G,BG,2014,4885.8 ,4885.8,,gross_value_added
A,CP_MEUR,G,B1G,CZ,2014,14891.2 ,14891.2,,gross_value_added
A,CP_MEUR,G,B1G,DE,2014,260827.0 ,260827.0,,gross_value_added
A,CP_MEUR,G,B1G,EE,2014,2189.0 ,2189.0,,gross_value_added
A,CP_MEUR,G,B1G,ES,2014,120318.0 ,120318.0,,gross_value_added
A,CP_MEUR,G,B1G,FI,2014,16805.0 ,16805.0,,gross_value_added
A,CP_MEUR,G,B1G,FR,2014,195157.0 ,195157.0,,gross_value_added
A,CP_MEUR,G,B1G,HU,2014,9551.6 ,9551.6,,gross_value_added
A,CP_MEUR,G,B1G,IT,2014,164168.8 ,164168.8,,gross_value_added
A,CP_MEUR,G,B1G,LV,2014,3038.3 ,3038.3,,gross_value_added
A,CP_MEUR,G,B1G,NL,2014,79917.0 ,79917.0,,gross_value_added
A,CP_MEUR,G,B1G,NO,2014,24488.5 ,24488.5,,gross_value_added
A,CP_MEUR,G,B1G,PL,2014,58770.4 ,58770.4,,gross_value_added
A,CP_MEUR,G,B1G,PT,2014,22431.1 ,22431.1,,gross_value_added
A,CP_MEUR,G,B1G,RO,2014,10346.0 ,10346.0,,gross_value_added
A,CP_MEUR,G,B1G,SE,2014,44884.0 ,44884.0,,gross_value_added
A,CP_MEUR,G,B1G,SI,2014,3766.6 ,3766.6,,gross_value_added
A,CP_MEUR,G,B1G,SK,2014,7724.2 ,7724.2,,gross_value_added
A,CP_MEUR,G,B2A3N,AT,2014,10468.8 ,10468.8,,net_operating_surplus_mixed_income
A,CP_MEUR,G,B2A3N,BE,2014,12311.8 ,12311.8,,net_operating_surplus_mixed_income
A,CP_MEUR,G,B2A3N,BG,2014,2110.3 ,2110.3,,net_operating_surplus_mixed_income
A,CP_MEUR,G,B2A3N,CZ,2014,4499.2 ,4499.2,,net_operating_surplus_mixed_income
A,CP_MEUR,G,B2A3N,DE,2014,68016.0 ,68016.0,,net_operating_surplus_mixed_income
A,CP_MEUR,G,B2A3N,EE,2014,735.3 ,735.3,,net_operating_surplus_mixed_income
A,CP_MEUR,G,B2A3N,ES,2014,42434.0 ,42434.0,,net_operating_surplus_mixed_income
A,CP_MEUR,G,B2A3N,FI,2014,4332.0 ,4332.0,,net_operating_surplus_mixed_income
A,CP_MEUR,G,B2A3N,FR,2014,49514.9 ,49514.9,,net_operating_surplus_mixed_income
A,CP_MEUR,G,B2A3N,HU,2014,2892.8 ,2892.8,,net_operating_surplus_mixed_income
A,CP_MEUR,G,B2A3N,IT,2014,74531.0 ,74531.0,,net_operating_surplus_mixed_income
A,CP_MEUR,G,B2A3N,LV,2014,1141.7 ,1141.7,,net_operating_surplus_mixed_income
A,CP_MEUR,G,B2A3N,NL,2014,30057.0 ,30057.0,,net_operating_surplus_mixed_income
A,CP_MEUR,G,B2A3N,NO,2014,3775.5 ,3775.5,,net_operating_surplus_mixed_income
A,CP_MEUR,G,B2A3N,PL,2014,36184.1 ,36184.1,,net_operating_surplus_mixed_income
A,CP_MEUR,G,B2A3N,PT,2014,10003.9 ,10003.9,,net_operating_surplus_mixed_income
A,CP_MEUR,G,B2A3N,RO,2014,1642.0 ,1642.0,,net_operating_surplus_mixed_income
A,CP_MEUR,G,B2A3N,SE,2014,9356.4 ,9356.4,,net_operating_surplus_mixed_income
A,CP_MEUR,G,B2A3N,SI,2014,886.1 ,886.1,,net_operating_surplus_mixed_income
A,CP_MEUR,G,B2A3N,SK,2014,2535.2 ,2535.2,,net_operating_surplus_mixed_income
A,CP_MEUR,G,D1,AT,2014,21088.5 ,21088.5,,compensation
A,CP_MEUR,G,D1,BE,2014,25692.5 ,25692.5,,compensation
A,CP_MEUR,G,D1,BG,2014,2249.8 ,2249.8,,compensation
A,CP_MEUR,G,D1,CZ,2014,8078.8 ,8078.8,,compensation
A,CP_MEUR,G,D1,DE,2014,171018.0 ,171018.0,,compensation
A,CP_MEUR,G,D1,EE,2014,1209.8 ,1209.8,,compensation
A,CP_MEUR,G,D1,ES,2014,65066.0 ,65066.0,,compensation
A,CP_MEUR,G,D1,FI,2014,10752.0 ,10752.0,,compensation
A,CP_MEUR,G,D1,FR,2014,125920.7 ,125920.7,,compensation
A,CP_MEUR,G,D1,HU,2014,5355.6 ,5355.6,,compensation
A,CP_MEUR,G,D1,IT,2014,67727.5 ,67727.5,,compensation
A,CP_MEUR,G,D1,LV,2014,1508.7 ,1508.7,,compensation
A,CP_MEUR,G,D1,NL,2014,41653.0 ,41653.0,,compensation
A,CP_MEUR,G,D1,NO,2014,18600.1 ,18600.1,,compensation
A,CP_MEUR,G,D1,PL,2014,19181.9 ,19181.9,,compensation
A,CP_MEUR,G,D1,PT,2014,10600.2 ,10600.2,,compensation
A,CP_MEUR,G,D1,RO,2014,6478.1 ,6478.1,,compensation
A,CP_MEUR,G,D1,SE,2014,26093.1 ,26093.1,,compensation
A,CP_MEUR,G,D1,SI,2014,2323.0 ,2323.0,,compensation
A,CP_MEUR,G,D1,SK,2014,4407.4 ,4407.4,,compensation
A,CP_MEUR,G,P1,AT,2014,63957.9 ,63957.9,,output
A,CP_MEUR,G,P1,BE,2014,88969.3 ,88969.3,,output
A,CP_MEUR,G,P1,BG,2014,9867.1 ,9867.1,,output
A,CP_MEUR,G,P1,CZ,2014,31867.3 ,31867.3,,output
A,CP_MEUR,G,P1,DE,2014,466506.0 ,466506.0,,output
A,CP_MEUR,G,P1,EE,2014,4148.7 ,4148.7,,output
A,CP_MEUR,G,P1,ES,2014,207064.0 ,207064.0,,output
A,CP_MEUR,G,P1,FI,2014,31637.0 ,31637.0,,output
A,CP_MEUR,G,P1,FR,2014,374868.2 ,374868.2,,output
A,CP_MEUR,G,P1,HU,2014,19459.5 ,19459.5,,output
A,CP_MEUR,G,P1,IT,2014,327880.4 ,327880.4,,output
A,CP_MEUR,G,P1,LV,2014,5405.3 ,5405.3,,output
A,CP_MEUR,G,P1,NL,2014,143928.0 ,143928.0,,output
A,CP_MEUR,G,P1,NO,2014,46334.3 ,46334.3,,output
A,CP_MEUR,G,P1,PL,2014,99604.7 ,99604.7,,output
A,CP_MEUR,G,P1,PT,2014,36105.6 ,36105.6,,output
A,CP_MEUR,G,P1,RO,2014,33370.3 ,33370.3,,output
A,CP_MEUR,G,P1,SE,2014,78041.7 ,78041.7,,output
A,CP_MEUR,G,P1,SI,2014,7257.2 ,7257.2,,output
A,CP_MEUR,G,P1,SK,2014,13877.3 ,13877.3,,output
A,CP_MEUR,H,B1G,AT,2014,16876.3 ,16876.3,,gross_value_added
A,CP_MEUR,H,B1G,BE,2014,20532.5 ,20532.5,,gross_value_added
A,CP_MEUR,H,B1G,BG,2014,2328.3 ,2328.3,,gross_value_added
A,CP_MEUR,H,B1G,CZ,2014,8050.4 ,8050.4,,gross_value_added
A,CP_MEUR,H,B1G,DE,2014,120657.0 ,120657.0,,gross_value_added
A,CP_MEUR,H,B1G,EE,2014,1593.5 ,1593.5,,gross_value_added
A,CP_MEUR,H,B1G,ES,2014,44350.0 ,44350.0,,gross_value_added
A,CP_MEUR,H,B1G,FI,2014,8885.0 ,8885.0,,gross_value_added
A,CP_MEUR,H,B1G,FR,2014,86055.0 ,86055.0,,gross_value_added
A,CP_MEUR,H,B1G,HU,2014,5874.9 ,5874.9,,gross_value_added
A,CP_MEUR,H,B1G,IT,2014,74124.2 ,74124.2,,gross_value_added
A,CP_MEUR,H,B1G,LV,2014,2018.0 ,2018.0,,gross_value_added
A,CP_MEUR,H,B1G,NL,2014,28688.0 ,28688.0,,gross_value_added
A,CP_MEUR,H,B1G,NO,2014,20224.3 ,20224.3,,gross_value_added
A,CP_MEUR,H,B1G,PL,2014,23618.0 ,23618.0,,gross_value_added
A,CP_MEUR,H,B1G,PT,2014,7152.2 ,7152.2,,gross_value_added
A,CP_MEUR,H,B1G,RO,2014,9236.7 ,9236.7,,gross_value_added
A,CP_MEUR,H,B1G,SE,2014,21030.4 ,21030.4,,gross_value_added
A,CP_MEUR,H,B1G,SI,2014,1967.6 ,1967.6,,gross_value_added
A,CP_MEUR,H,B1G,SK,2014,4767.1 ,4767.1,,gross_value_added
A,CP_MEUR,H,B2A3N,AT,2014,2356.5 ,2356.5,,net_operating_surplus_mixed_income
A,CP_MEUR,H,B2A3N,BE,2014,1058.3 ,1058.3,,net_operating_surplus_mixed_income
A,CP_MEUR,H,B2A3N,BG,2014,542.1 ,542.1,,net_operating_surplus_mixed_income
A,CP_MEUR,H,B2A3N,CZ,2014,1254.0 ,1254.0,,net_operating_surplus_mixed_income
A,CP_MEUR,H,B2A3N,DE,2014,19467.0 ,19467.0,,net_operating_surplus_mixed_income
A,CP_MEUR,H,B2A3N,EE,2014,530.0 ,530.0,,net_operating_surplus_mixed_income
A,CP_MEUR,H,B2A3N,ES,2014,8654.0 ,8654.0,,net_operating_surplus_mixed_income
A,CP_MEUR,H,B2A3N,FI,2014,1590.0 ,1590.0,,net_operating_surplus_mixed_income
A,CP_MEUR,H,B2A3N,FR,2014,6272.7 ,6272.7,,net_operating_surplus_mixed_income
A,CP_MEUR,H,B2A3N,HU,2014,1392.1 ,1392.1,,net_operating_surplus_mixed_income
A,CP_MEUR,H,B2A3N,IT,2014,14761.0 ,14761.0,,net_operating_surplus_mixed_income
A,CP_MEUR,H,B2A3N,LV,2014,522.0 ,522.0,,net_operating_surplus_mixed_income
A,CP_MEUR,H,B2A3N,NL,2014,6647.0 ,6647.0,,net_operating_surplus_mixed_income
A,CP_MEUR,H,B2A3N,NO,2014,7282.7 ,7282.7,,net_operating_surplus_mixed_income
A,CP_MEUR,H,B2A3N,PL,2014,8566.1 ,8566.1,,net_operating_surplus_mixed_income
A,CP_MEUR,H,B2A3N,PT,2014,1089.4 ,1089.4,,net_operating_surplus_mixed_income
A,CP_MEUR,H,B2A3N,RO,2014,1878.6 ,1878.6,,net_operating_surplus_mixed_income
A,CP_MEUR,H,B2A3N,SE,2014,1773.5 ,1773.5,,net_operating_surplus_mixed_income
A,CP_MEUR,H,B2A3N,SI,2014,395.5 ,395.5,,net_operating_surplus_mixed_income
A,CP_MEUR,H,B2A3N,SK,2014,1566.8 ,1566.8,,net_operating_surplus_mixed_income
A,CP_MEUR,H,D1,AT,2014,8857.5 ,8857.5,,compensation
A,CP_MEUR,H,D1,BE,2014,12966.1 ,12966.1,,compensation
A,CP_MEUR,H,D1,BG,2014,1268.3 ,1268.3,,compensation
A,CP_MEUR,H,D1,CZ,2014,3951.8 ,3951.8,,compensation
A,CP_MEUR,H,D1,DE,2014,73633.0 ,73633.0,,compensation
A,CP_MEUR,H,D1,EE,2014,741.6 ,741.6,,compensation
A,CP_MEUR,H,D1,ES,2014,21395.0 ,21395.0,,compensation
A,CP_MEUR,H,D1,FI,2014,5769.0 ,5769.0,,compensation
A,CP_MEUR,H,D1,FR,2014,61431.1 ,61431.1,,compensation
A,CP_MEUR,H,D1,HU,2014,3102.9 ,3102.9,,compensation
A,CP_MEUR,H,D1,IT,2014,36195.3 ,36195.3,,compensation
A,CP_MEUR,H,D1,LV,2014,1000.0 ,1000.0,,compensation
A,CP_MEUR,H,D1,NL,2014,16780.0 ,16780.0,,compensation
A,CP_MEUR,H,D1,NO,2014,9368.4 ,9368.4,,compensation
A,CP_MEUR,H,D1,PL,2014,8889.7 ,8889.7,,compensation
A,CP_MEUR,H,D1,PT,2014,3913.0 ,3913.0,,compensation
A,CP_MEUR,H,D1,RO,2014,3265.8 ,3265.8,,compensation
A,CP_MEUR,H,D1,SE,2014,11118.0 ,11118.0,,compensation
A,CP_MEUR,H,D1,SI,2014,1037.3 ,1037.3,,compensation
A,CP_MEUR,H,D1,SK,2014,1797.4 ,1797.4,,compensation
A,CP_MEUR,H,P1,AT,2014,33251.9 ,33251.9,,output
A,CP_MEUR,H,P1,BE,2014,54387.3 ,54387.3,,output
A,CP_MEUR,H,P1,BG,2014,7393.1 ,7393.1,,output
A,CP_MEUR,H,P1,CZ,2014,21693.7 ,21693.7,,output
A,CP_MEUR,H,P1,DE,2014,328769.0 ,328769.0,,output
A,CP_MEUR,H,P1,EE,2014,4432.2 ,4432.2,,output
A,CP_MEUR,H,P1,ES,2014,107531.0 ,107531.0,,output
A,CP_MEUR,H,P1,FI,2014,23401.0 ,23401.0,,output
A,CP_MEUR,H,P1,FR,2014,195030.7 ,195030.7,,output
A,CP_MEUR,H,P1,HU,2014,12585.3 ,12585.3,,output
A,CP_MEUR,H,P1,IT,2014,180145.4 ,180145.4,,output
A,CP_MEUR,H,P1,LV,2014,6283.0 ,6283.0,,output
A,CP_MEUR,H,P1,NL,2014,73442.0 ,73442.0,,output
A,CP_MEUR,H,P1,NO,2014,48261.3 ,48261.3,,output
A,CP_MEUR,H,P1,PL,2014,56449.1 ,56449.1,,output
A,CP_MEUR,H,P1,PT,2014,17899.6 ,17899.6,,output
A,CP_MEUR,H,P1,RO,2014,22771.0 ,22771.0,,output
A,CP_MEUR,H,P1,SE,2014,56498.1 ,56498.1,,output
A,CP_MEUR,H,P1,SI,2014,5011.5 ,5011.5,,output
A,CP_MEUR,H,P1,SK,2014,10145.0 ,10145.0,,output
A,CP_MEUR,I,B1G,AT,2014,11443.6 ,11443.6,,gross_value_added
A,CP_MEUR,I,B1G,BE,2014,6679.6 ,6679.6,,gross_value_added
A,CP_MEUR,I,B1G,BG,2014,873.1 ,873.1,,gross_value_added
A,CP_MEUR,I,B1G,CZ,2014,2674.2 ,2674.2,,gross_value_added
A,CP_MEUR,I,B1G,DE,2014,41773.0 ,41773.0,,gross_value_added
A,CP_MEUR,I,B1G,EE,2014,329.7 ,329.7,,gross_value_added
A,CP_MEUR,I,B1G,ES,2014,57793.0 ,57793.0,,gross_value_added
A,CP_MEUR,I,B1G,FI,2014,2799.0 ,2799.0,,gross_value_added
A,CP_MEUR,I,B1G,FR,2014,41287.3 ,41287.3,,gross_value_added
A,CP_MEUR,I,B1G,HU,2014,1484.6 ,1484.6,,gross_value_added
A,CP_MEUR,I,B1G,IT,2014,53653.9 ,53653.9,,gross_value_added
A,CP_MEUR,I,B1G,LV,2014,349.2 ,349.2,,gross_value_added
A,CP_MEUR,I,B1G,NL,2014,10897.0 ,10897.0,,gross_value_added
A,CP_MEUR,I,B1G,NO,2014,4462.9 ,4462.9,,gross_value_added
A,CP_MEUR,I,B1G,PL,2014,4692.5 ,4692.5,,gross_value_added
A,CP_MEUR,I,B1G,PT,2014,7718.8 ,7718.8,,gross_value_added
A,CP_MEUR,I,B1G,RO,2014,1614.3 ,1614.3,,gross_value_added
A,CP_MEUR,I,B1G,SE,2014,6674.2 ,6674.2,,gross_value_added
A,CP_MEUR,I,B1G,SI,2014,714.2 ,714.2,,gross_value_added
A,CP_MEUR,I,B1G,SK,2014,944.1 ,944.1,,gross_value_added
A,CP_MEUR,I,B2A3N,AT,2014,3338.0 ,3338.0,,net_operating_surplus_mixed_income
A,CP_MEUR,I,B2A3N,BE,2014,1421.4 ,1421.4,,net_operating_surplus_mixed_income
A,CP_MEUR,I,B2A3N,BG,2014,85.3 ,85.3,,net_operating_surplus_mixed_income
A,CP_MEUR,I,B2A3N,CZ,2014,1019.8 ,1019.8,,net_operating_surplus_mixed_income
A,CP_MEUR,I,B2A3N,DE,2014,10533.0 ,10533.0,,net_operating_surplus_mixed_income
A,CP_MEUR,I,B2A3N,EE,2014,56.5 ,56.5,,net_operating_surplus_mixed_income
A,CP_MEUR,I,B2A3N,ES,2014,25681.0 ,25681.0,,net_operating_surplus_mixed_income
A,CP_MEUR,I,B2A3N,FI,2014,537.0 ,537.0,,net_operating_surplus_mixed_income
A,CP_MEUR,I,B2A3N,FR,2014,4917.7 ,4917.7,,net_operating_surplus_mixed_income
A,CP_MEUR,I,B2A3N,HU,2014,360.1 ,360.1,,net_operating_surplus_mixed_income
A,CP_MEUR,I,B2A3N,IT,2014,19768.8 ,19768.8,,net_operating_surplus_mixed_income
A,CP_MEUR,I,B2A3N,LV,2014,45.6 ,45.6,,net_operating_surplus_mixed_income
A,CP_MEUR,I,B2A3N,NL,2014,3828.0 ,3828.0,,net_operating_surplus_mixed_income
A,CP_MEUR,I,B2A3N,NO,2014,899.5 ,899.5,,net_operating_surplus_mixed_income
A,CP_MEUR,I,B2A3N,PL,2014,2164.0 ,2164.0,,net_operating_surplus_mixed_income
A,CP_MEUR,I,B2A3N,PT,2014,3365.1 ,3365.1,,net_operating_surplus_mixed_income
A,CP_MEUR,I,B2A3N,RO,2014,690.1 ,690.1,,net_operating_surplus_mixed_income
A,CP_MEUR,I,B2A3N,SE,2014,238.4 ,238.4,,net_operating_surplus_mixed_income
A,CP_MEUR,I,B2A3N,SI,2014,88.6 ,88.6,,net_operating_surplus_mixed_income
A,CP_MEUR,I,B2A3N,SK,2014,291.1 ,291.1,,net_operating_surplus_mixed_income
A,CP_MEUR,I,D1,AT,2014,6725.6 ,6725.6,,compensation
A,CP_MEUR,I,D1,BE,2014,4012.5 ,4012.5,,compensation
A,CP_MEUR,I,D1,BG,2014,634.4 ,634.4,,compensation
A,CP_MEUR,I,D1,CZ,2014,1319.0 ,1319.0,,compensation
A,CP_MEUR,I,D1,DE,2014,27769.0 ,27769.0,,compensation
A,CP_MEUR,I,D1,EE,2014,232.6 ,232.6,,compensation
A,CP_MEUR,I,D1,ES,2014,28721.0 ,28721.0,,compensation
A,CP_MEUR,I,D1,FI,2014,2066.0 ,2066.0,,compensation
A,CP_MEUR,I,D1,FR,2014,30971.4 ,30971.4,,compensation
A,CP_MEUR,I,D1,HU,2014,959.0 ,959.0,,compensation
A,CP_MEUR,I,D1,IT,2014,24590.0 ,24590.0,,compensation
A,CP_MEUR,I,D1,LV,2014,234.1 ,234.1,,compensation
A,CP_MEUR,I,D1,NL,2014,6044.0 ,6044.0,,compensation
A,CP_MEUR,I,D1,NO,2014,3207.9 ,3207.9,,compensation
A,CP_MEUR,I,D1,PL,2014,2063.9 ,2063.9,,compensation
A,CP_MEUR,I,D1,PT,2014,3601.4 ,3601.4,,compensation
A,CP_MEUR,I,D1,RO,2014,640.4 ,640.4,,compensation
A,CP_MEUR,I,D1,SE,2014,4978.2 ,4978.2,,compensation
A,CP_MEUR,I,D1,SI,2014,469.9 ,469.9,,compensation
A,CP_MEUR,I,D1,SK,2014,551.5 ,551.5,,compensation
A,CP_MEUR,I,P1,AT,2014,21016.0 ,21016.0,,output
A,CP_MEUR,I,P1,BE,2014,16681.5 ,16681.5,,output
A,CP_MEUR,I,P1,BG,2014,1770.5 ,1770.5,,output
A,CP_MEUR,I,P1,CZ,2014,5685.4 ,5685.4,,output
A,CP_MEUR,I,P1,DE,2014,86828.0 ,86828.0,,output
A,CP_MEUR,I,P1,EE,2014,808.6 ,808.6,,output
A,CP_MEUR,I,P1,ES,2014,101866.0 ,101866.0,,output
A,CP_MEUR,I,P1,FI,2014,7142.0 ,7142.0,,output
A,CP_MEUR,I,P1,FR,2014,94990.0 ,94990.0,,output
A,CP_MEUR,I,P1,HU,2014,4002.6 ,4002.6,,output
A,CP_MEUR,I,P1,IT,2014,103629.2 ,103629.2,,output
A,CP_MEUR,I,P1,LV,2014,788.3 ,788.3,,output
A,CP_MEUR,I,P1,NL,2014,22372.0 ,22372.0,,output
A,CP_MEUR,I,P1,NO,2014,9485.2 ,9485.2,,output
A,CP_MEUR,I,P1,PL,2014,10330.5 ,10330.5,,output
A,CP_MEUR,I,P1,PT,2014,13949.3 ,13949.3,,output
A,CP_MEUR,I,P1,RO,2014,4379.1 ,4379.1,,output
A,CP_MEUR,I,P1,SE,2014,15298.9 ,15298.9,,output
A,CP_MEUR,I,P1,SI,2014,1566.8 ,1566.8,,output
A,CP_MEUR,I,P1,SK,2014,1645.2 ,1645.2,,output
A,CP_MEUR,J,B1G,AT,2014,10467.4 ,10467.4,,gross_value_added
A,CP_MEUR,J,B1G,BE,2014,14555.4 ,14555.4,,gross_value_added
A,CP_MEUR,J,B1G,BG,2014,2064.8 ,2064.8,,gross_value_added
A,CP_MEUR,J,B1G,CZ,2014,6943.7 ,6943.7,,gross_value_added
A,CP_MEUR,J,B1G,DE,2014,125351.0 ,125351.0,,gross_value_added
A,CP_MEUR,J,B1G,EE,2014,906.0 ,906.0,,gross_value_added
A,CP_MEUR,J,B1G,ES,2014,35981.0 ,35981.0,,gross_value_added
A,CP_MEUR,J,B1G,FI,2014,9820.0 ,9820.0,,gross_value_added
A,CP_MEUR,J,B1G,FR,2014,94762.0 ,94762.0,,gross_value_added
A,CP_MEUR,J,B1G,HU,2014,4626.5 ,4626.5,,gross_value_added
A,CP_MEUR,J,B1G,IT,2014,51896.7 ,51896.7,,gross_value_added
A,CP_MEUR,J,B1G,LV,2014,951.0 ,951.0,,gross_value_added
A,CP_MEUR,J,B1G,NL,2014,27924.0 ,27924.0,,gross_value_added
A,CP_MEUR,J,B1G,NO,2014,13400.5 ,13400.5,,gross_value_added
A,CP_MEUR,J,B1G,PL,2014,13400.3 ,13400.3,,gross_value_added
A,CP_MEUR,J,B1G,PT,2014,5160.8 ,5160.8,,gross_value_added
A,CP_MEUR,J,B1G,RO,2014,7323.3 ,7323.3,,gross_value_added
A,CP_MEUR,J,B1G,SE,2014,26759.5 ,26759.5,,gross_value_added
A,CP_MEUR,J,B1G,SI,2014,1365.5 ,1365.5,,gross_value_added
A,CP_MEUR,J,B1G,SK,2014,3362.8 ,3362.8,,gross_value_added
A,CP_MEUR,J,B2A3N,AT,2014,1519.9 ,1519.9,,net_operating_surplus_mixed_income
A,CP_MEUR,J,B2A3N,BE,2014,2562.0 ,2562.0,,net_operating_surplus_mixed_income
A,CP_MEUR,J,B2A3N,BG,2014,396.2 ,396.2,,net_operating_surplus_mixed_income
A,CP_MEUR,J,B2A3N,CZ,2014,1820.1 ,1820.1,,net_operating_surplus_mixed_income
A,CP_MEUR,J,B2A3N,DE,2014,34318.0 ,34318.0,,net_operating_surplus_mixed_income
A,CP_MEUR,J,B2A3N,EE,2014,242.2 ,242.2,,net_operating_surplus_mixed_income
A,CP_MEUR,J,B2A3N,ES,2014,5981.0 ,5981.0,,net_operating_surplus_mixed_income
A,CP_MEUR,J,B2A3N,FI,2014,2347.0 ,2347.0,,net_operating_surplus_mixed_income
A,CP_MEUR,J,B2A3N,FR,2014,10999.8 ,10999.8,,net_operating_surplus_mixed_income
A,CP_MEUR,J,B2A3N,HU,2014,906.8 ,906.8,,net_operating_surplus_mixed_income
A,CP_MEUR,J,B2A3N,IT,2014,13103.0 ,13103.0,,net_operating_surplus_mixed_income
A,CP_MEUR,J,B2A3N,LV,2014,206.1 ,206.1,,net_operating_surplus_mixed_income
A,CP_MEUR,J,B2A3N,NL,2014,7506.0 ,7506.0,,net_operating_surplus_mixed_income
A,CP_MEUR,J,B2A3N,NO,2014,3032.7 ,3032.7,,net_operating_surplus_mixed_income
A,CP_MEUR,J,B2A3N,PL,2014,5024.5 ,5024.5,,net_operating_surplus_mixed_income
A,CP_MEUR,J,B2A3N,PT,2014,904.9 ,904.9,,net_operating_surplus_mixed_income
A,CP_MEUR,J,B2A3N,RO,2014,3262.0 ,3262.0,,net_operating_surplus_mixed_income
A,CP_MEUR,J,B2A3N,SE,2014,5847.4 ,5847.4,,net_operating_surplus_mixed_income
A,CP_MEUR,J,B2A3N,SI,2014,297.1 ,297.1,,net_operating_surplus_mixed_income
A,CP_MEUR,J,B2A3N,SK,2014,1060.7 ,1060.7,,net_operating_surplus_mixed_income
A,CP_MEUR,J,D1,AT,2014,5710.8 ,5710.8,,compensation
A,CP_MEUR,J,D1,BE,2014,7814.8 ,7814.8,,compensation
A,CP_MEUR,J,D1,BG,2014,1126.4 ,1126.4,,compensation
A,CP_MEUR,J,D1,CZ,2014,3119.1 ,3119.1,,compensation
A,CP_MEUR,J,D1,DE,2014,67223.0 ,67223.0,,compensation
A,CP_MEUR,J,D1,EE,2014,478.3 ,478.3,,compensation
A,CP_MEUR,J,D1,ES,2014,18865.0 ,18865.0,,compensation
A,CP_MEUR,J,D1,FI,2014,5497.0 ,5497.0,,compensation
A,CP_MEUR,J,D1,FR,2014,60209.6 ,60209.6,,compensation
A,CP_MEUR,J,D1,HU,2014,2403.1 ,2403.1,,compensation
A,CP_MEUR,J,D1,IT,2014,23007.2 ,23007.2,,compensation
A,CP_MEUR,J,D1,LV,2014,510.2 ,510.2,,compensation
A,CP_MEUR,J,D1,NL,2014,14700.0 ,14700.0,,compensation
A,CP_MEUR,J,D1,NO,2014,8210.4 ,8210.4,,compensation
A,CP_MEUR,J,D1,PL,2014,4955.7 ,4955.7,,compensation
A,CP_MEUR,J,D1,PT,2014,2608.3 ,2608.3,,compensation
A,CP_MEUR,J,D1,RO,2014,2555.7 ,2555.7,,compensation
A,CP_MEUR,J,D1,SE,2014,12704.4 ,12704.4,,compensation
A,CP_MEUR,J,D1,SI,2014,753.0 ,753.0,,compensation
A,CP_MEUR,J,D1,SK,2014,1231.7 ,1231.7,,compensation
A,CP_MEUR,J,P1,AT,2014,22499.9 ,22499.9,,output
A,CP_MEUR,J,P1,BE,2014,33726.2 ,33726.2,,output
A,CP_MEUR,J,P1,BG,2014,3822.3 ,3822.3,,output
A,CP_MEUR,J,P1,CZ,2014,13243.4 ,13243.4,,output
A,CP_MEUR,J,P1,DE,2014,249582.0 ,249582.0,,output
A,CP_MEUR,J,P1,EE,2014,1693.9 ,1693.9,,output
A,CP_MEUR,J,P1,ES,2014,77865.0 ,77865.0,,output
A,CP_MEUR,J,P1,FI,2014,19144.0 ,19144.0,,output
A,CP_MEUR,J,P1,FR,2014,181990.8 ,181990.8,,output
A,CP_MEUR,J,P1,HU,2014,7959.0 ,7959.0,,output
A,CP_MEUR,J,P1,IT,2014,114864.6 ,114864.6,,output
A,CP_MEUR,J,P1,LV,2014,1793.2 ,1793.2,,output
A,CP_MEUR,J,P1,NL,2014,54117.0 ,54117.0,,output
A,CP_MEUR,J,P1,NO,2014,27271.6 ,27271.6,,output
A,CP_MEUR,J,P1,PL,2014,28427.5 ,28427.5,,output
A,CP_MEUR,J,P1,PT,2014,11386.6 ,11386.6,,output
A,CP_MEUR,J,P1,RO,2014,14174.7 ,14174.7,,output
A,CP_MEUR,J,P1,SE,2014,53930.5 ,53930.5,,output
A,CP_MEUR,J,P1,SI,2014,2912.6 ,2912.6,,output
A,CP_MEUR,J,P1,SK,2014,5862.6 ,5862.6,,output
A,CP_MEUR,L,B1G,AT,2014,27715.8 ,27715.8,,gross_value_added
A,CP_MEUR,L,B1G,BE,2014,33746.5 ,33746.5,,gross_value_added
A,CP_MEUR,L,B1G,BG,2014,3894.6 ,3894.6,,gross_value_added
A,CP_MEUR,L,B1G,CZ,2014,14358.1 ,14358.1,,gross_value_added
A,CP_MEUR,L,B1G,DE,2014,299111.0 ,299111.0,,gross_value_added
A,CP_MEUR,L,B1G,EE,2014,1975.0 ,1975.0,,gross_value_added
A,CP_MEUR,L,B1G,ES,2014,121851.0 ,121851.0,,gross_value_added
A,CP_MEUR,L,B1G,FI,2014,21714.0 ,21714.0,,gross_value_added
A,CP_MEUR,L,B1G,FR,2014,266766.0 ,266766.0,,gross_value_added
A,CP_MEUR,L,B1G,HU,2014,7610.5 ,7610.5,,gross_value_added
A,CP_MEUR,L,B1G,IT,2014,200021.6 ,200021.6,,gross_value_added
A,CP_MEUR,L,B1G,LV,2014,2082.2 ,2082.2,,gross_value_added
A,CP_MEUR,L,B1G,NL,2014,35816.0 ,35816.0,,gross_value_added
A,CP_MEUR,L,B1G,NO,2014,30006.7 ,30006.7,,gross_value_added
A,CP_MEUR,L,B1G,PL,2014,21211.0 ,21211.0,,gross_value_added
A,CP_MEUR,L,B1G,PT,2014,18862.5 ,18862.5,,gross_value_added
A,CP_MEUR,L,B1G,RO,2014,12424.7 ,12424.7,,gross_value_added
A,CP_MEUR,L,B1G,SE,2014,34374.2 ,34374.2,,gross_value_added
A,CP_MEUR,L,B1G,SI,2014,2524.9 ,2524.9,,gross_value_added
A,CP_MEUR,L,B1G,SK,2014,6108.0 ,6108.0,,gross_value_added
A,CP_MEUR,L,B2A3N,AT,2014,10212.6 ,10212.6,,net_operating_surplus_mixed_income
A,CP_MEUR,L,B2A3N,BE,2014,13299.5 ,13299.5,,net_operating_surplus_mixed_income
A,CP_MEUR,L,B2A3N,BG,2014,3106.7 ,3106.7,,net_operating_surplus_mixed_income
A,CP_MEUR,L,B2A3N,CZ,2014,8350.8 ,8350.8,,net_operating_surplus_mixed_income
A,CP_MEUR,L,B2A3N,DE,2014,132998.0 ,132998.0,,net_operating_surplus_mixed_income
A,CP_MEUR,L,B2A3N,EE,2014,1251.2 ,1251.2,,net_operating_surplus_mixed_income
A,CP_MEUR,L,B2A3N,ES,2014,83450.0 ,83450.0,,net_operating_surplus_mixed_income
A,CP_MEUR,L,B2A3N,FI,2014,8654.0 ,8654.0,,net_operating_surplus_mixed_income
A,CP_MEUR,L,B2A3N,FR,2014,133863.9 ,133863.9,,net_operating_surplus_mixed_income
A,CP_MEUR,L,B2A3N,HU,2014,4345.9 ,4345.9,,net_operating_surplus_mixed_income
A,CP_MEUR,L,B2A3N,IT,2014,101612.6 ,101612.6,,net_operating_surplus_mixed_income
A,CP_MEUR,L,B2A3N,LV,2014,979.5 ,979.5,,net_operating_surplus_mixed_income
A,CP_MEUR,L,B2A3N,NL,2014,2984.0 ,2984.0,,net_operating_surplus_mixed_income
A,CP_MEUR,L,B2A3N,NO,2014,15892.7 ,15892.7,,net_operating_surplus_mixed_income
A,CP_MEUR,L,B2A3N,PL,2014,14630.9 ,14630.9,,net_operating_surplus_mixed_income
A,CP_MEUR,L,B2A3N,PT,2014,9183.3 ,9183.3,,net_operating_surplus_mixed_income
A,CP_MEUR,L,B2A3N,RO,2014,9241.4 ,9241.4,,net_operating_surplus_mixed_income
A,CP_MEUR,L,B2A3N,SE,2014,16914.9 ,16914.9,,net_operating_surplus_mixed_income
A,CP_MEUR,L,B2A3N,SI,2014,954.2 ,954.2,,net_operating_surplus_mixed_income
A,CP_MEUR,L,B2A3N,SK,2014,3027.9 ,3027.9,,net_operating_surplus_mixed_income
A,CP_MEUR,L,D1,AT,2014,1759.1 ,1759.1,,compensation
A,CP_MEUR,L,D1,BE,2014,941.9 ,941.9,,compensation
A,CP_MEUR,L,D1,BG,2014,205.6 ,205.6,,compensation
A,CP_MEUR,L,D1,CZ,2014,819.4 ,819.4,,compensation
A,CP_MEUR,L,D1,DE,2014,14205.0 ,14205.0,,compensation
A,CP_MEUR,L,D1,EE,2014,138.4 ,138.4,,compensation
A,CP_MEUR,L,D1,ES,2014,3457.0 ,3457.0,,compensation
A,CP_MEUR,L,D1,FI,2014,914.0 ,914.0,,compensation
A,CP_MEUR,L,D1,FR,2014,16907.8 ,16907.8,,compensation
A,CP_MEUR,L,D1,HU,2014,628.4 ,628.4,,compensation
A,CP_MEUR,L,D1,IT,2014,2036.7 ,2036.7,,compensation
A,CP_MEUR,L,D1,LV,2014,312.9 ,312.9,,compensation
A,CP_MEUR,L,D1,NL,2014,3537.0 ,3537.0,,compensation
A,CP_MEUR,L,D1,NO,2014,1870.9 ,1870.9,,compensation
A,CP_MEUR,L,D1,PL,2014,2096.6 ,2096.6,,compensation
A,CP_MEUR,L,D1,PT,2014,435.0 ,435.0,,compensation
A,CP_MEUR,L,D1,RO,2014,281.9 ,281.9,,compensation
A,CP_MEUR,L,D1,SE,2014,3457.5 ,3457.5,,compensation
A,CP_MEUR,L,D1,SI,2014,119.1 ,119.1,,compensation
A,CP_MEUR,L,D1,SK,2014,280.4 ,280.4,,compensation
A,CP_MEUR,L,P1,AT,2014,41343.4 ,41343.4,,output
A,CP_MEUR,L,P1,BE,2014,45913.6 ,45913.6,,output
A,CP_MEUR,L,P1,BG,2014,5082.9 ,5082.9,,output
A,CP_MEUR,L,P1,CZ,2014,26169.2 ,26169.2,,output
A,CP_MEUR,L,P1,DE,2014,393362.0 ,393362.0,,output
A,CP_MEUR,L,P1,EE,2014,2724.5 ,2724.5,,output
A,CP_MEUR,L,P1,ES,2014,137931.0 ,137931.0,,output
A,CP_MEUR,L,P1,FI,2014,29790.0 ,29790.0,,output
A,CP_MEUR,L,P1,FR,2014,322689.4 ,322689.4,,output
A,CP_MEUR,L,P1,HU,2014,10653.2 ,10653.2,,output
A,CP_MEUR,L,P1,IT,2014,229222.4 ,229222.4,,output
A,CP_MEUR,L,P1,LV,2014,3226.0 ,3226.0,,output
A,CP_MEUR,L,P1,NL,2014,77928.0 ,77928.0,,output
A,CP_MEUR,L,P1,NO,2014,45922.1 ,45922.1,,output
A,CP_MEUR,L,P1,PL,2014,35080.9 ,35080.9,,output
A,CP_MEUR,L,P1,PT,2014,20789.4 ,20789.4,,output
A,CP_MEUR,L,P1,RO,2014,15610.8 ,15610.8,,output
A,CP_MEUR,L,P1,SE,2014,62988.5 ,62988.5,,output
A,CP_MEUR,L,P1,SI,2014,2935.5 ,2935.5,,output
A,CP_MEUR,L,P1,SK,2014,8717.5 ,8717.5,,output
A,CP_MEUR,M,B1G,AT,2014,15031.1 ,15031.1,,gross_value_added
A,CP_MEUR,M,B1G,BE,2014,35386.6 ,35386.6,,gross_value_added
A,CP_MEUR,M,B1G,BG,2014,1294.1 ,1294.1,,gross_value_added
A,CP_MEUR,M,B1G,CZ,2014,7154.6 ,7154.6,,gross_value_added
A,CP_MEUR,M,B1G,DE,2014,167917.0 ,167917.0,,gross_value_added
A,CP_MEUR,M,B1G,EE,2014,886.2 ,886.2,,gross_value_added
A,CP_MEUR,M,B1G,ES,2014,42375.0 ,42375.0,,gross_value_added
A,CP_MEUR,M,B1G,FI,2014,8893.0 ,8893.0,,gross_value_added
A,CP_MEUR,M,B1G,FR,2014,155743.3 ,155743.3,,gross_value_added
A,CP_MEUR,M,B1G,HU,2014,4960.5 ,4960.5,,gross_value_added
A,CP_MEUR,M,B1G,IT,2014,94913.9 ,94913.9,,gross_value_added
A,CP_MEUR,M,B1G,LV,2014,898.2 ,898.2,,gross_value_added
A,CP_MEUR,M,B1G,NL,2014,51591.0 ,51591.0,,gross_value_added
A,CP_MEUR,M,B1G,NO,2014,15657.3 ,15657.3,,gross_value_added
A,CP_MEUR,M,B1G,PL,2014,19452.5 ,19452.5,,gross_value_added
A,CP_MEUR,M,B1G,PT,2014,5878.0 ,5878.0,,gross_value_added
A,CP_MEUR,M,B1G,RO,2014,6390.2 ,6390.2,,gross_value_added
A,CP_MEUR,M,B1G,SE,2014,28978.2 ,28978.2,,gross_value_added
A,CP_MEUR,M,B1G,SI,2014,2250.6 ,2250.6,,gross_value_added
A,CP_MEUR,M,B1G,SK,2014,4545.9 ,4545.9,,gross_value_added
A,CP_MEUR,M,B2A3N,AT,2014,3958.6 ,3958.6,,net_operating_surplus_mixed_income
A,CP_MEUR,M,B2A3N,BE,2014,20511.2 ,20511.2,,net_operating_surplus_mixed_income
A,CP_MEUR,M,B2A3N,BG,2014,382.8 ,382.8,,net_operating_surplus_mixed_income
A,CP_MEUR,M,B2A3N,CZ,2014,2203.8 ,2203.8,,net_operating_surplus_mixed_income
A,CP_MEUR,M,B2A3N,DE,2014,46539.0 ,46539.0,,net_operating_surplus_mixed_income
A,CP_MEUR,M,B2A3N,EE,2014,211.6 ,211.6,,net_operating_surplus_mixed_income
A,CP_MEUR,M,B2A3N,ES,2014,7916.0 ,7916.0,,net_operating_surplus_mixed_income
A,CP_MEUR,M,B2A3N,FI,2014,1413.0 ,1413.0,,net_operating_surplus_mixed_income
A,CP_MEUR,M,B2A3N,FR,2014,20853.5 ,20853.5,,net_operating_surplus_mixed_income
A,CP_MEUR,M,B2A3N,HU,2014,1397.8 ,1397.8,,net_operating_surplus_mixed_income
A,CP_MEUR,M,B2A3N,IT,2014,55677.6 ,55677.6,,net_operating_surplus_mixed_income
A,CP_MEUR,M,B2A3N,LV,2014,259.4 ,259.4,,net_operating_surplus_mixed_income
A,CP_MEUR,M,B2A3N,NL,2014,15003.0 ,15003.0,,net_operating_surplus_mixed_income
A,CP_MEUR,M,B2A3N,NO,2014,4024.5 ,4024.5,,net_operating_surplus_mixed_income
A,CP_MEUR,M,B2A3N,PL,2014,11218.8 ,11218.8,,net_operating_surplus_mixed_income
A,CP_MEUR,M,B2A3N,PT,2014,1177.2 ,1177.2,,net_operating_surplus_mixed_income
A,CP_MEUR,M,B2A3N,RO,2014,3457.9 ,3457.9,,net_operating_surplus_mixed_income
A,CP_MEUR,M,B2A3N,SE,2014,3910.1 ,3910.1,,net_operating_surplus_mixed_income
A,CP_MEUR,M,B2A3N,SI,2014,701.8 ,701.8,,net_operating_surplus_mixed_income
A,CP_MEUR,M,B2A3N,SK,2014,2802.1 ,2802.1,,net_operating_surplus_mixed_income
A,CP_MEUR,M,D1,AT,2014,8686.6 ,8686.6,,compensation
A,CP_MEUR,M,D1,BE,2014,10910.1 ,10910.1,,compensation
A,CP_MEUR,M,D1,BG,2014,811.1 ,811.1,,compensation
A,CP_MEUR,M,D1,CZ,2014,3603.8 ,3603.8,,compensation
A,CP_MEUR,M,D1,DE,2014,105898.0 ,105898.0,,compensation
A,CP_MEUR,M,D1,EE,2014,507.6 ,507.6,,compensation
A,CP_MEUR,M,D1,ES,2014,26366.0 ,26366.0,,compensation
A,CP_MEUR,M,D1,FI,2014,6227.0 ,6227.0,,compensation
A,CP_MEUR,M,D1,FR,2014,103035.7 ,103035.7,,compensation
A,CP_MEUR,M,D1,HU,2014,2881.3 ,2881.3,,compensation
A,CP_MEUR,M,D1,IT,2014,25155.0 ,25155.0,,compensation
A,CP_MEUR,M,D1,LV,2014,500.9 ,500.9,,compensation
A,CP_MEUR,M,D1,NL,2014,32947.0 ,32947.0,,compensation
A,CP_MEUR,M,D1,NO,2014,10373.7 ,10373.7,,compensation
A,CP_MEUR,M,D1,PL,2014,6831.7 ,6831.7,,compensation
A,CP_MEUR,M,D1,PT,2014,3781.2 ,3781.2,,compensation
A,CP_MEUR,M,D1,RO,2014,2358.3 ,2358.3,,compensation
A,CP_MEUR,M,D1,SE,2014,17148.9 ,17148.9,,compensation
A,CP_MEUR,M,D1,SI,2014,1213.8 ,1213.8,,compensation
A,CP_MEUR,M,D1,SK,2014,1523.6 ,1523.6,,compensation
A,CP_MEUR,M,P1,AT,2014,31235.5 ,31235.5,,output
A,CP_MEUR,M,P1,BE,2014,72682.0 ,72682.0,,output
A,CP_MEUR,M,P1,BG,2014,2971.2 ,2971.2,,output
A,CP_MEUR,M,P1,CZ,2014,17704.1 ,17704.1,,output
A,CP_MEUR,M,P1,DE,2014,306678.0 ,306678.0,,output
A,CP_MEUR,M,P1,EE,2014,1644.5 ,1644.5,,output
A,CP_MEUR,M,P1,ES,2014,79292.0 ,79292.0,,output
A,CP_MEUR,M,P1,FI,2014,15798.0 ,15798.0,,output
A,CP_MEUR,M,P1,FR,2014,286983.3 ,286983.3,,output
A,CP_MEUR,M,P1,HU,2014,7993.2 ,7993.2,,output
A,CP_MEUR,M,P1,IT,2014,158772.8 ,158772.8,,output
A,CP_MEUR,M,P1,LV,2014,1579.4 ,1579.4,,output
A,CP_MEUR,M,P1,NL,2014,101726.0 ,101726.0,,output
A,CP_MEUR,M,P1,NO,2014,28828.6 ,28828.6,,output
A,CP_MEUR,M,P1,PL,2014,32752.9 ,32752.9,,output
A,CP_MEUR,M,P1,PT,2014,11852.3 ,11852.3,,output
A,CP_MEUR,M,P1,RO,2014,14807.0 ,14807.0,,output
A,CP_MEUR,M,P1,SE,2014,52693.3 ,52693.3,,output
A,CP_MEUR,M,P1,SI,2014,4422.0 ,4422.0,,output
A,CP_MEUR,M,P1,SK,2014,7816.4 ,7816.4,,output
A,CP_MEUR,N,B1G,AT,2014,12615.6 ,12615.6,,gross_value_added
A,CP_MEUR,N,B1G,BE,2014,16065.0 ,16065.0,,gross_value_added
A,CP_MEUR,N,B1G,BG,2014,800.3 ,800.3,,gross_value_added
A,CP_MEUR,N,B1G,CZ,2014,2586.3 ,2586.3,,gross_value_added
A,CP_MEUR,N,B1G,DE,2014,132100.0 ,132100.0,,gross_value_added
A,CP_MEUR,N,B1G,EE,2014,612.1 ,612.1,,gross_value_added
A,CP_MEUR,N,B1G,ES,2014,34946.0 ,34946.0,,gross_value_added
A,CP_MEUR,N,B1G,FI,2014,5970.0 ,5970.0,,gross_value_added
A,CP_MEUR,N,B1G,FR,2014,101228.4 ,101228.4,,gross_value_added
A,CP_MEUR,N,B1G,HU,2014,3002.0 ,3002.0,,gross_value_added
A,CP_MEUR,N,B1G,IT,2014,47522.8 ,47522.8,,gross_value_added
A,CP_MEUR,N,B1G,LV,2014,589.6 ,589.6,,gross_value_added
A,CP_MEUR,N,B1G,NL,2014,36930.0 ,36930.0,,gross_value_added
A,CP_MEUR,N,B1G,NO,2014,9641.5 ,9641.5,,gross_value_added
A,CP_MEUR,N,B1G,PL,2014,8697.5 ,8697.5,,gross_value_added
A,CP_MEUR,N,B1G,PT,2014,5195.1 ,5195.1,,gross_value_added
A,CP_MEUR,N,B1G,RO,2014,2972.7 ,2972.7,,gross_value_added
A,CP_MEUR,N,B1G,SE,2014,12972.6 ,12972.6,,gross_value_added
A,CP_MEUR,N,B1G,SI,2014,915.3 ,915.3,,gross_value_added
A,CP_MEUR,N,B1G,SK,2014,2364.4 ,2364.4,,gross_value_added
A,CP_MEUR,N,B2A3N,AT,2014,1670.7 ,1670.7,,net_operating_surplus_mixed_income
A,CP_MEUR,N,B2A3N,BE,2014,2063.6 ,2063.6,,net_operating_surplus_mixed_income
A,CP_MEUR,N,B2A3N,BG,2014,146.4 ,146.4,,net_operating_surplus_mixed_income
A,CP_MEUR,N,B2A3N,CZ,2014,592.7 ,592.7,,net_operating_surplus_mixed_income
A,CP_MEUR,N,B2A3N,DE,2014,20720.0 ,20720.0,,net_operating_surplus_mixed_income
A,CP_MEUR,N,B2A3N,EE,2014,154.4 ,154.4,,net_operating_surplus_mixed_income
A,CP_MEUR,N,B2A3N,ES,2014,5647.0 ,5647.0,,net_operating_surplus_mixed_income
A,CP_MEUR,N,B2A3N,FI,2014,763.0 ,763.0,,net_operating_surplus_mixed_income
A,CP_MEUR,N,B2A3N,FR,2014,12479.2 ,12479.2,,net_operating_surplus_mixed_income
A,CP_MEUR,N,B2A3N,HU,2014,612.5 ,612.5,,net_operating_surplus_mixed_income
A,CP_MEUR,N,B2A3N,IT,2014,13716.4 ,13716.4,,net_operating_surplus_mixed_income
A,CP_MEUR,N,B2A3N,LV,2014,161.2 ,161.2,,net_operating_surplus_mixed_income
A,CP_MEUR,N,B2A3N,NL,2014,8390.0 ,8390.0,,net_operating_surplus_mixed_income
A,CP_MEUR,N,B2A3N,NO,2014,2306.7 ,2306.7,,net_operating_surplus_mixed_income
A,CP_MEUR,N,B2A3N,PL,2014,3550.9 ,3550.9,,net_operating_surplus_mixed_income
A,CP_MEUR,N,B2A3N,PT,2014,1103.4 ,1103.4,,net_operating_surplus_mixed_income
A,CP_MEUR,N,B2A3N,RO,2014,702.2 ,702.2,,net_operating_surplus_mixed_income
A,CP_MEUR,N,B2A3N,SE,2014,798.0 ,798.0,,net_operating_surplus_mixed_income
A,CP_MEUR,N,B2A3N,SI,2014,75.0 ,75.0,,net_operating_surplus_mixed_income
A,CP_MEUR,N,B2A3N,SK,2014,1390.6 ,1390.6,,net_operating_surplus_mixed_income
A,CP_MEUR,N,D1,AT,2014,6733.3 ,6733.3,,compensation
A,CP_MEUR,N,D1,BE,2014,12617.8 ,12617.8,,compensation
A,CP_MEUR,N,D1,BG,2014,550.0 ,550.0,,compensation
A,CP_MEUR,N,D1,CZ,2014,1469.2 ,1469.2,,compensation
A,CP_MEUR,N,D1,DE,2014,66597.0 ,66597.0,,compensation
A,CP_MEUR,N,D1,EE,2014,372.8 ,372.8,,compensation
A,CP_MEUR,N,D1,ES,2014,24186.0 ,24186.0,,compensation
A,CP_MEUR,N,D1,FI,2014,4651.0 ,4651.0,,compensation
A,CP_MEUR,N,D1,FR,2014,70172.9 ,70172.9,,compensation
A,CP_MEUR,N,D1,HU,2014,1973.1 ,1973.1,,compensation
A,CP_MEUR,N,D1,IT,2014,25994.4 ,25994.4,,compensation
A,CP_MEUR,N,D1,LV,2014,330.6 ,330.6,,compensation
A,CP_MEUR,N,D1,NL,2014,22680.0 ,22680.0,,compensation
A,CP_MEUR,N,D1,NO,2014,6392.4 ,6392.4,,compensation
A,CP_MEUR,N,D1,PL,2014,5010.2 ,5010.2,,compensation
A,CP_MEUR,N,D1,PT,2014,3389.7 ,3389.7,,compensation
A,CP_MEUR,N,D1,RO,2014,1672.1 ,1672.1,,compensation
A,CP_MEUR,N,D1,SE,2014,9735.0 ,9735.0,,compensation
A,CP_MEUR,N,D1,SI,2014,742.7 ,742.7,,compensation
A,CP_MEUR,N,D1,SK,2014,835.1 ,835.1,,compensation
A,CP_MEUR,N,P1,AT,2014,19596.3 ,19596.3,,output
A,CP_MEUR,N,P1,BE,2014,32623.9 ,32623.9,,output
A,CP_MEUR,N,P1,BG,2014,1961.5 ,1961.5,,output
A,CP_MEUR,N,P1,CZ,2014,6873.8 ,6873.8,,output
A,CP_MEUR,N,P1,DE,2014,219529.0 ,219529.0,,output
A,CP_MEUR,N,P1,EE,2014,1124.1 ,1124.1,,output
A,CP_MEUR,N,P1,ES,2014,62593.0 ,62593.0,,output
A,CP_MEUR,N,P1,FI,2014,10358.0 ,10358.0,,output
A,CP_MEUR,N,P1,FR,2014,188574.7 ,188574.7,,output
A,CP_MEUR,N,P1,HU,2014,5177.7 ,5177.7,,output
A,CP_MEUR,N,P1,IT,2014,106833.1 ,106833.1,,output
A,CP_MEUR,N,P1,LV,2014,1232.8 ,1232.8,,output
A,CP_MEUR,N,P1,NL,2014,61055.0 ,61055.0,,output
A,CP_MEUR,N,P1,NO,2014,19371.7 ,19371.7,,output
A,CP_MEUR,N,P1,PL,2014,16382.0 ,16382.0,,output
A,CP_MEUR,N,P1,PT,2014,8205.9 ,8205.9,,output
A,CP_MEUR,N,P1,RO,2014,6244.9 ,6244.9,,output
A,CP_MEUR,N,P1,SE,2014,24478.3 ,24478.3,,output
A,CP_MEUR,N,P1,SI,2014,1598.2 ,1598.2,,output
A,CP_MEUR,N,P1,SK,2014,4737.2 ,4737.2,,output
A,CP_MEUR,B,B1G,AT,2015,1186.8 ,1186.8,,gross_value_added
A,CP_MEUR,B,B1G,BE,2015,219.3 ,219.3,,gross_value_added
A,CP_MEUR,B,B1G,BG,2015,983.4 ,983.4,,gross_value_added
A,CP_MEUR,B,B1G,CZ,2015,1376.4 ,1376.4,,gross_value_added
A,CP_MEUR,B,B1G,DE,2015,4654.0 ,4654.0,,gross_value_added
A,CP_MEUR,B,B1G,EE,2015,247.9 ,247.9,,gross_value_added
A,CP_MEUR,B,B1G,ES,2015,1496.0 ,1496.0,,gross_value_added
A,CP_MEUR,B,B1G,FI,2015,602.0 ,602.0,,gross_value_added
A,CP_MEUR,B,B1G,FR,2015,2123.3 ,2123.3,,gross_value_added
A,CP_MEUR,B,B1G,HU,2015,152.7 ,152.7,,gross_value_added
A,CP_MEUR,B,B1G,IT,2015,4085.7 ,4085.7,,gross_value_added
A,CP_MEUR,B,B1G,LV,2015,108.5 ,108.5,,gross_value_added
A,CP_MEUR,B,B1G,NL,2015,12746.0 ,12746.0,,gross_value_added
A,CP_MEUR,B,B1G,NO,2015,59261.3 ,59261.3,,gross_value_added
A,CP_MEUR,B,B1G,PL,2015,6650.7 ,6650.7,,gross_value_added
A,CP_MEUR,B,B1G,PT,2015,500.5 ,500.5,,gross_value_added
A,CP_MEUR,B,B1G,RO,2015,1478.0 ,1478.0,,gross_value_added
A,CP_MEUR,B,B1G,SE,2015,1674.1 ,1674.1,,gross_value_added
A,CP_MEUR,B,B1G,SI,2015,124.3 ,124.3,,gross_value_added
A,CP_MEUR,B,B1G,SK,2015,166.4 ,166.4,,gross_value_added
A,CP_MEUR,B,B2A3N,AT,2015,541.1 ,541.1,,net_operating_surplus_mixed_income
A,CP_MEUR,B,B2A3N,BE,2015,-14.6 ,-14.6,,net_operating_surplus_mixed_income
A,CP_MEUR,B,B2A3N,BG,2015,553.4 ,553.4,,net_operating_surplus_mixed_income
A,CP_MEUR,B,B2A3N,CZ,2015,236.0 ,236.0,,net_operating_surplus_mixed_income
A,CP_MEUR,B,B2A3N,DE,2015,807.0 ,807.0,,net_operating_surplus_mixed_income
A,CP_MEUR,B,B2A3N,EE,2015,94.2 ,94.2,,net_operating_surplus_mixed_income
A,CP_MEUR,B,B2A3N,ES,2015,7.0 ,7.0,,net_operating_surplus_mixed_income
A,CP_MEUR,B,B2A3N,FI,2015,22.0 ,22.0,,net_operating_surplus_mixed_income
A,CP_MEUR,B,B2A3N,FR,2015,-381.0 ,-381.0,,net_operating_surplus_mixed_income
A,CP_MEUR,B,B2A3N,HU,2015,-0.5 ,-0.5,,net_operating_surplus_mixed_income
A,CP_MEUR,B,B2A3N,IT,2015,441.6 ,441.6,,net_operating_surplus_mixed_income
A,CP_MEUR,B,B2A3N,LV,2015,44.7 ,44.7,,net_operating_surplus_mixed_income
A,CP_MEUR,B,B2A3N,NL,2015,9343.0 ,9343.0,,net_operating_surplus_mixed_income
A,CP_MEUR,B,B2A3N,NO,2015,32639.8 ,32639.8,,net_operating_surplus_mixed_income
A,CP_MEUR,B,B2A3N,PL,2015,1232.8 ,1232.8,,net_operating_surplus_mixed_income
A,CP_MEUR,B,B2A3N,PT,2015,127.5 ,127.5,,net_operating_surplus_mixed_income
A,CP_MEUR,B,B2A3N,RO,2015,-987.3 ,-987.3,,net_operating_surplus_mixed_income
A,CP_MEUR,B,B2A3N,SE,2015,72.8 ,72.8,,net_operating_surplus_mixed_income
A,CP_MEUR,B,B2A3N,SI,2015,3.6 ,3.6,,net_operating_surplus_mixed_income
A,CP_MEUR,B,B2A3N,SK,2015,23.6 ,23.6,,net_operating_surplus_mixed_income
A,CP_MEUR,B,D1,AT,2015,351.4 ,351.4,,compensation
A,CP_MEUR,B,D1,BE,2015,144.9 ,144.9,,compensation
A,CP_MEUR,B,D1,BG,2015,292.2 ,292.2,,compensation
A,CP_MEUR,B,D1,CZ,2015,722.7 ,722.7,,compensation
A,CP_MEUR,B,D1,DE,2015,3795.0 ,3795.0,,compensation
A,CP_MEUR,B,D1,EE,2015,103.6 ,103.6,,compensation
A,CP_MEUR,B,D1,ES,2015,824.0 ,824.0,,compensation
A,CP_MEUR,B,D1,FI,2015,301.0 ,301.0,,compensation
A,CP_MEUR,B,D1,FR,2015,1091.5 ,1091.5,,compensation
A,CP_MEUR,B,D1,HU,2015,73.7 ,73.7,,compensation
A,CP_MEUR,B,D1,IT,2015,1179.2 ,1179.2,,compensation
A,CP_MEUR,B,D1,LV,2015,41.0 ,41.0,,compensation
A,CP_MEUR,B,D1,NL,2015,1327.0 ,1327.0,,compensation
A,CP_MEUR,B,D1,NO,2015,8854.3 ,8854.3,,compensation
A,CP_MEUR,B,D1,PL,2015,3693.0 ,3693.0,,compensation
A,CP_MEUR,B,D1,PT,2015,222.4 ,222.4,,compensation
A,CP_MEUR,B,D1,RO,2015,1023.8 ,1023.8,,compensation
A,CP_MEUR,B,D1,SE,2015,546.2 ,546.2,,compensation
A,CP_MEUR,B,D1,SI,2015,82.5 ,82.5,,compensation
A,CP_MEUR,B,D1,SK,2015,98.6 ,98.6,,compensation
A,CP_MEUR,B,P1,AT,2015,2109.6 ,2109.6,,output
A,CP_MEUR,B,P1,BE,2015,638.8 ,638.8,,output
A,CP_MEUR,B,P1,BG,2015,1514.6 ,1514.6,,output
A,CP_MEUR,B,P1,CZ,2015,2611.8 ,2611.8,,output
A,CP_MEUR,B,P1,DE,2015,11750.0 ,11750.0,,output
A,CP_MEUR,B,P1,EE,2015,432.4 ,432.4,,output
A,CP_MEUR,B,P1,ES,2015,3742.0 ,3742.0,,output
A,CP_MEUR,B,P1,FI,2015,1817.0 ,1817.0,,output
A,CP_MEUR,B,P1,FR,2015,5173.4 ,5173.4,,output
A,CP_MEUR,B,P1,HU,2015,330.9 ,330.9,,output
A,CP_MEUR,B,P1,IT,2015,8837.7 ,8837.7,,output
A,CP_MEUR,B,P1,LV,2015,239.4 ,239.4,,output
A,CP_MEUR,B,P1,NL,2015,18990.0 ,18990.0,,output
A,CP_MEUR,B,P1,NO,2015,76001.5 ,76001.5,,output
A,CP_MEUR,B,P1,PL,2015,11802.3 ,11802.3,,output
A,CP_MEUR,B,P1,PT,2015,1116.4 ,1116.4,,output
A,CP_MEUR,B,P1,RO,2015,2967.3 ,2967.3,,output
A,CP_MEUR,B,P1,SE,2015,3829.8 ,3829.8,,output
A,CP_MEUR,B,P1,SI,2015,283.0 ,283.0,,output
A,CP_MEUR,B,P1,SK,2015,364.6 ,364.6,,output
A,CP_MEUR,C,B1G,AT,2015,58985.2 ,58985.2,,gross_value_added
A,CP_MEUR,C,B1G,BE,2015,52223.7 ,52223.7,,gross_value_added
A,CP_MEUR,C,B1G,BG,2015,6241.9 ,6241.9,,gross_value_added
A,CP_MEUR,C,B1G,CZ,2015,40472.9 ,40472.9,,gross_value_added
A,CP_MEUR,C,B1G,DE,2015,621546.0 ,621546.0,,gross_value_added
A,CP_MEUR,C,B1G,EE,2015,2869.0 ,2869.0,,gross_value_added
A,CP_MEUR,C,B1G,ES,2015,119732.0 ,119732.0,,gross_value_added
A,CP_MEUR,C,B1G,FI,2015,31195.0 ,31195.0,,gross_value_added
A,CP_MEUR,C,B1G,FR,2015,227182.7 ,227182.7,,gross_value_added
A,CP_MEUR,C,B1G,HU,2015,22805.2 ,22805.2,,gross_value_added
A,CP_MEUR,C,B1G,IT,2015,236494.8 ,236494.8,,gross_value_added
A,CP_MEUR,C,B1G,LV,2015,2575.3 ,2575.3,,gross_value_added
A,CP_MEUR,C,B1G,NL,2015,70958.0 ,70958.0,,gross_value_added
A,CP_MEUR,C,B1G,NO,2015,24801.2 ,24801.2,,gross_value_added
A,CP_MEUR,C,B1G,PL,2015,76417.4 ,76417.4,,gross_value_added
A,CP_MEUR,C,B1G,PT,2015,21978.0 ,21978.0,,gross_value_added
A,CP_MEUR,C,B1G,RO,2015,32391.2 ,32391.2,,gross_value_added
A,CP_MEUR,C,B1G,SE,2015,62230.3 ,62230.3,,gross_value_added
A,CP_MEUR,C,B1G,SI,2015,7692.5 ,7692.5,,gross_value_added
A,CP_MEUR,C,B1G,SK,2015,15133.9 ,15133.9,,gross_value_added
A,CP_MEUR,C,B2A3N,AT,2015,13679.4 ,13679.4,,net_operating_surplus_mixed_income
A,CP_MEUR,C,B2A3N,BE,2015,9288.1 ,9288.1,,net_operating_surplus_mixed_income
A,CP_MEUR,C,B2A3N,BG,2015,1879.7 ,1879.7,,net_operating_surplus_mixed_income
A,CP_MEUR,C,B2A3N,CZ,2015,13409.3 ,13409.3,,net_operating_surplus_mixed_income
A,CP_MEUR,C,B2A3N,DE,2015,118506.0 ,118506.0,,net_operating_surplus_mixed_income
A,CP_MEUR,C,B2A3N,EE,2015,591.3 ,591.3,,net_operating_surplus_mixed_income
A,CP_MEUR,C,B2A3N,ES,2015,35822.0 ,35822.0,,net_operating_surplus_mixed_income
A,CP_MEUR,C,B2A3N,FI,2015,6065.0 ,6065.0,,net_operating_surplus_mixed_income
A,CP_MEUR,C,B2A3N,FR,2015,36039.5 ,36039.5,,net_operating_surplus_mixed_income
A,CP_MEUR,C,B2A3N,HU,2015,8280.1 ,8280.1,,net_operating_surplus_mixed_income
A,CP_MEUR,C,B2A3N,IT,2015,38559.8 ,38559.8,,net_operating_surplus_mixed_income
A,CP_MEUR,C,B2A3N,LV,2015,685.1 ,685.1,,net_operating_surplus_mixed_income
A,CP_MEUR,C,B2A3N,NL,2015,21193.0 ,21193.0,,net_operating_surplus_mixed_income
A,CP_MEUR,C,B2A3N,NO,2015,4036.4 ,4036.4,,net_operating_surplus_mixed_income
A,CP_MEUR,C,B2A3N,PL,2015,32224.4 ,32224.4,,net_operating_surplus_mixed_income
A,CP_MEUR,C,B2A3N,PT,2015,6495.5 ,6495.5,,net_operating_surplus_mixed_income
A,CP_MEUR,C,B2A3N,RO,2015,14388.2 ,14388.2,,net_operating_surplus_mixed_income
A,CP_MEUR,C,B2A3N,SE,2015,14524.2 ,14524.2,,net_operating_surplus_mixed_income
A,CP_MEUR,C,B2A3N,SI,2015,1361.8 ,1361.8,,net_operating_surplus_mixed_income
A,CP_MEUR,C,B2A3N,SK,2015,4703.0 ,4703.0,,net_operating_surplus_mixed_income
A,CP_MEUR,C,D1,AT,2015,32270.1 ,32270.1,,compensation
A,CP_MEUR,C,D1,BE,2015,30449.6 ,30449.6,,compensation
A,CP_MEUR,C,D1,BG,2015,3142.4 ,3142.4,,compensation
A,CP_MEUR,C,D1,CZ,2015,19026.4 ,19026.4,,compensation
A,CP_MEUR,C,D1,DE,2015,396140.0 ,396140.0,,compensation
A,CP_MEUR,C,D1,EE,2015,1815.4 ,1815.4,,compensation
A,CP_MEUR,C,D1,ES,2015,64208.0 ,64208.0,,compensation
A,CP_MEUR,C,D1,FI,2015,17108.0 ,17108.0,,compensation
A,CP_MEUR,C,D1,FR,2015,137200.2 ,137200.2,,compensation
A,CP_MEUR,C,D1,HU,2015,9805.1 ,9805.1,,compensation
A,CP_MEUR,C,D1,IT,2015,134536.4 ,134536.4,,compensation
A,CP_MEUR,C,D1,LV,2015,1342.9 ,1342.9,,compensation
A,CP_MEUR,C,D1,NL,2015,36311.0 ,36311.0,,compensation
A,CP_MEUR,C,D1,NO,2015,16363.2 ,16363.2,,compensation
A,CP_MEUR,C,D1,PL,2015,33609.1 ,33609.1,,compensation
A,CP_MEUR,C,D1,PT,2015,11632.2 ,11632.2,,compensation
A,CP_MEUR,C,D1,RO,2015,10860.2 ,10860.2,,compensation
A,CP_MEUR,C,D1,SE,2015,28721.1 ,28721.1,,compensation
A,CP_MEUR,C,D1,SI,2015,4496.3 ,4496.3,,compensation
A,CP_MEUR,C,D1,SK,2015,7032.5 ,7032.5,,compensation
A,CP_MEUR,C,P1,AT,2015,175599.6 ,175599.6,,output
A,CP_MEUR,C,P1,BE,2015,214638.6 ,214638.6,,output
A,CP_MEUR,C,P1,BG,2015,27303.3 ,27303.3,,output
A,CP_MEUR,C,P1,CZ,2015,151763.4 ,151763.4,,output
A,CP_MEUR,C,P1,DE,2015,1808573.0 ,1808573.0,,output
A,CP_MEUR,C,P1,EE,2015,11081.4 ,11081.4,,output
A,CP_MEUR,C,P1,ES,2015,469315.0 ,469315.0,,output
A,CP_MEUR,C,P1,FI,2015,105136.0 ,105136.0,,output
A,CP_MEUR,C,P1,FR,2015,763688.5 ,763688.5,,output
A,CP_MEUR,C,P1,HU,2015,90355.1 ,90355.1,,output
A,CP_MEUR,C,P1,IT,2015,907377.1 ,907377.1,,output
A,CP_MEUR,C,P1,LV,2015,8065.7 ,8065.7,,output
A,CP_MEUR,C,P1,NL,2015,304667.0 ,304667.0,,output
A,CP_MEUR,C,P1,NO,2015,89936.9 ,89936.9,,output
A,CP_MEUR,C,P1,PL,2015,274984.6 ,274984.6,,output
A,CP_MEUR,C,P1,PT,2015,82229.2 ,82229.2,,output
A,CP_MEUR,C,P1,RO,2015,91210.9 ,91210.9,,output
A,CP_MEUR,C,P1,SE,2015,184577.0 ,184577.0,,output
A,CP_MEUR,C,P1,SI,2015,23782.6 ,23782.6,,output
A,CP_MEUR,C,P1,SK,2015,69051.8 ,69051.8,,output
A,CP_MEUR,D,B1G,AT,2015,5123.1 ,5123.1,,gross_value_added
A,CP_MEUR,D,B1G,BE,2015,5938.1 ,5938.1,,gross_value_added
A,CP_MEUR,D,B1G,BG,2015,1597.3 ,1597.3,,gross_value_added
A,CP_MEUR,D,B1G,CZ,2015,5126.2 ,5126.2,,gross_value_added
A,CP_MEUR,D,B1G,DE,2015,29180.0 ,29180.0,,gross_value_added
A,CP_MEUR,D,B1G,EE,2015,497.3 ,497.3,,gross_value_added
A,CP_MEUR,D,B1G,ES,2015,25447.0 ,25447.0,,gross_value_added
A,CP_MEUR,D,B1G,FI,2015,3993.0 ,3993.0,,gross_value_added
A,CP_MEUR,D,B1G,FR,2015,28711.4 ,28711.4,,gross_value_added
A,CP_MEUR,D,B1G,HU,2015,1928.1 ,1928.1,,gross_value_added
A,CP_MEUR,D,B1G,IT,2015,17888.8 ,17888.8,,gross_value_added
A,CP_MEUR,D,B1G,LV,2015,510.4 ,510.4,,gross_value_added
A,CP_MEUR,D,B1G,NL,2015,7708.0 ,7708.0,,gross_value_added
A,CP_MEUR,D,B1G,NO,2015,5916.1 ,5916.1,,gross_value_added
A,CP_MEUR,D,B1G,PL,2015,12396.5 ,12396.5,,gross_value_added
A,CP_MEUR,D,B1G,PT,2015,4553.2 ,4553.2,,gross_value_added
A,CP_MEUR,D,B1G,RO,2015,4660.0 ,4660.0,,gross_value_added
A,CP_MEUR,D,B1G,SE,2015,9638.2 ,9638.2,,gross_value_added
A,CP_MEUR,D,B1G,SI,2015,724.4 ,724.4,,gross_value_added
A,CP_MEUR,D,B1G,SK,2015,2128.9 ,2128.9,,gross_value_added
A,CP_MEUR,D,B2A3N,AT,2015,911.3 ,911.3,,net_operating_surplus_mixed_income
A,CP_MEUR,D,B2A3N,BE,2015,1740.3 ,1740.3,,net_operating_surplus_mixed_income
A,CP_MEUR,D,B2A3N,BG,2015,407.4 ,407.4,,net_operating_surplus_mixed_income
A,CP_MEUR,D,B2A3N,CZ,2015,2194.1 ,2194.1,,net_operating_surplus_mixed_income
A,CP_MEUR,D,B2A3N,DE,2015,20793.0 ,20793.0,,net_operating_surplus_mixed_income
A,CP_MEUR,D,B2A3N,EE,2015,202.0 ,202.0,,net_operating_surplus_mixed_income
A,CP_MEUR,D,B2A3N,ES,2015,13385.0 ,13385.0,,net_operating_surplus_mixed_income
A,CP_MEUR,D,B2A3N,FI,2015,1596.0 ,1596.0,,net_operating_surplus_mixed_income
A,CP_MEUR,D,B2A3N,FR,2015,8467.9 ,8467.9,,net_operating_surplus_mixed_income
A,CP_MEUR,D,B2A3N,HU,2015,390.5 ,390.5,,net_operating_surplus_mixed_income
A,CP_MEUR,D,B2A3N,IT,2015,2935.5 ,2935.5,,net_operating_surplus_mixed_income
A,CP_MEUR,D,B2A3N,LV,2015,200.2 ,200.2,,net_operating_surplus_mixed_income
A,CP_MEUR,D,B2A3N,NL,2015,2044.0 ,2044.0,,net_operating_surplus_mixed_income
A,CP_MEUR,D,B2A3N,NO,2015,2383.6 ,2383.6,,net_operating_surplus_mixed_income
A,CP_MEUR,D,B2A3N,PL,2015,3390.7 ,3390.7,,net_operating_surplus_mixed_income
A,CP_MEUR,D,B2A3N,PT,2015,2819.2 ,2819.2,,net_operating_surplus_mixed_income
A,CP_MEUR,D,B2A3N,RO,2015,2553.5 ,2553.5,,net_operating_surplus_mixed_income
A,CP_MEUR,D,B2A3N,SE,2015,3268.4 ,3268.4,,net_operating_surplus_mixed_income
A,CP_MEUR,D,B2A3N,SI,2015,78.3 ,78.3,,net_operating_surplus_mixed_income
A,CP_MEUR,D,B2A3N,SK,2015,-109.3 ,-109.3,,net_operating_surplus_mixed_income
A,CP_MEUR,D,D1,AT,2015,2194.2 ,2194.2,,compensation
A,CP_MEUR,D,D1,BE,2015,1982.4 ,1982.4,,compensation
A,CP_MEUR,D,D1,BG,2015,502.2 ,502.2,,compensation
A,CP_MEUR,D,D1,CZ,2015,821.7 ,821.7,,compensation
A,CP_MEUR,D,D1,DE,2015,18367.0 ,18367.0,,compensation
A,CP_MEUR,D,D1,EE,2015,123.2 ,123.2,,compensation
A,CP_MEUR,D,D1,ES,2015,2715.0 ,2715.0,,compensation
A,CP_MEUR,D,D1,FI,2015,805.0 ,805.0,,compensation
A,CP_MEUR,D,D1,FR,2015,12777.3 ,12777.3,,compensation
A,CP_MEUR,D,D1,HU,2015,653.4 ,653.4,,compensation
A,CP_MEUR,D,D1,IT,2015,5241.7 ,5241.7,,compensation
A,CP_MEUR,D,D1,LV,2015,198.5 ,198.5,,compensation
A,CP_MEUR,D,D1,NL,2015,1998.0 ,1998.0,,compensation
A,CP_MEUR,D,D1,NO,2015,1572.7 ,1572.7,,compensation
A,CP_MEUR,D,D1,PL,2015,3174.6 ,3174.6,,compensation
A,CP_MEUR,D,D1,PT,2015,419.7 ,419.7,,compensation
A,CP_MEUR,D,D1,RO,2015,1020.7 ,1020.7,,compensation
A,CP_MEUR,D,D1,SE,2015,1914.0 ,1914.0,,compensation
A,CP_MEUR,D,D1,SI,2015,305.1 ,305.1,,compensation
A,CP_MEUR,D,D1,SK,2015,498.7 ,498.7,,compensation
A,CP_MEUR,D,P1,AT,2015,26871.4 ,26871.4,,output
A,CP_MEUR,D,P1,BE,2015,12643.9 ,12643.9,,output
A,CP_MEUR,D,P1,BG,2015,3861.8 ,3861.8,,output
A,CP_MEUR,D,P1,CZ,2015,13820.0 ,13820.0,,output
A,CP_MEUR,D,P1,DE,2015,116550.0 ,116550.0,,output
A,CP_MEUR,D,P1,EE,2015,1273.3 ,1273.3,,output
A,CP_MEUR,D,P1,ES,2015,68816.0 ,68816.0,,output
A,CP_MEUR,D,P1,FI,2015,8647.0 ,8647.0,,output
A,CP_MEUR,D,P1,FR,2015,99941.0 ,99941.0,,output
A,CP_MEUR,D,P1,HU,2015,4555.6 ,4555.6,,output
A,CP_MEUR,D,P1,IT,2015,75319.8 ,75319.8,,output
A,CP_MEUR,D,P1,LV,2015,1876.0 ,1876.0,,output
A,CP_MEUR,D,P1,NL,2015,17695.0 ,17695.0,,output
A,CP_MEUR,D,P1,NO,2015,7612.7 ,7612.7,,output
A,CP_MEUR,D,P1,PL,2015,28410.6 ,28410.6,,output
A,CP_MEUR,D,P1,PT,2015,14699.9 ,14699.9,,output
A,CP_MEUR,D,P1,RO,2015,14413.3 ,14413.3,,output
A,CP_MEUR,D,P1,SE,2015,18150.4 ,18150.4,,output
A,CP_MEUR,D,P1,SI,2015,1749.5 ,1749.5,,output
A,CP_MEUR,D,P1,SK,2015,10238.6 ,10238.6,,output
A,CP_MEUR,E,B1G,AT,2015,3142.1 ,3142.1,,gross_value_added
A,CP_MEUR,E,B1G,BE,2015,3534.4 ,3534.4,,gross_value_added
A,CP_MEUR,E,B1G,BG,2015,456.1 ,456.1,,gross_value_added
A,CP_MEUR,E,B1G,CZ,2015,1597.6 ,1597.6,,gross_value_added
A,CP_MEUR,E,B1G,DE,2015,29235.0 ,29235.0,,gross_value_added
A,CP_MEUR,E,B1G,EE,2015,144.1 ,144.1,,gross_value_added
A,CP_MEUR,E,B1G,ES,2015,10987.0 ,10987.0,,gross_value_added
A,CP_MEUR,E,B1G,FI,2015,1721.0 ,1721.0,,gross_value_added
A,CP_MEUR,E,B1G,FR,2015,12983.7 ,12983.7,,gross_value_added
A,CP_MEUR,E,B1G,HU,2015,895.7 ,895.7,,gross_value_added
A,CP_MEUR,E,B1G,IT,2015,14829.8 ,14829.8,,gross_value_added
A,CP_MEUR,E,B1G,LV,2015,194.1 ,194.1,,gross_value_added
A,CP_MEUR,E,B1G,NL,2015,4220.0 ,4220.0,,gross_value_added
A,CP_MEUR,E,B1G,NO,2015,2015.4 ,2015.4,,gross_value_added
A,CP_MEUR,E,B1G,PL,2015,4726.9 ,4726.9,,gross_value_added
A,CP_MEUR,E,B1G,PT,2015,1720.1 ,1720.1,,gross_value_added
A,CP_MEUR,E,B1G,RO,2015,1366.0 ,1366.0,,gross_value_added
A,CP_MEUR,E,B1G,SE,2015,2582.2 ,2582.2,,gross_value_added
A,CP_MEUR,E,B1G,SI,2015,337.3 ,337.3,,gross_value_added
A,CP_MEUR,E,B1G,SK,2015,760.1 ,760.1,,gross_value_added
A,CP_MEUR,E,B2A3N,AT,2015,721.4 ,721.4,,net_operating_surplus_mixed_income
A,CP_MEUR,E,B2A3N,BE,2015,327.1 ,327.1,,net_operating_surplus_mixed_income
A,CP_MEUR,E,B2A3N,BG,2015,135.8 ,135.8,,net_operating_surplus_mixed_income
A,CP_MEUR,E,B2A3N,CZ,2015,214.9 ,214.9,,net_operating_surplus_mixed_income
A,CP_MEUR,E,B2A3N,DE,2015,4664.0 ,4664.0,,net_operating_surplus_mixed_income
A,CP_MEUR,E,B2A3N,EE,2015,14.2 ,14.2,,net_operating_surplus_mixed_income
A,CP_MEUR,E,B2A3N,ES,2015,1750.0 ,1750.0,,net_operating_surplus_mixed_income
A,CP_MEUR,E,B2A3N,FI,2015,566.0 ,566.0,,net_operating_surplus_mixed_income
A,CP_MEUR,E,B2A3N,FR,2015,828.6 ,828.6,,net_operating_surplus_mixed_income
A,CP_MEUR,E,B2A3N,HU,2015,-98.7 ,-98.7,,net_operating_surplus_mixed_income
A,CP_MEUR,E,B2A3N,IT,2015,1094.7 ,1094.7,,net_operating_surplus_mixed_income
A,CP_MEUR,E,B2A3N,LV,2015,-13.7 ,-13.7,,net_operating_surplus_mixed_income
A,CP_MEUR,E,B2A3N,NL,2015,1154.0 ,1154.0,,net_operating_surplus_mixed_income
A,CP_MEUR,E,B2A3N,NO,2015,139.4 ,139.4,,net_operating_surplus_mixed_income
A,CP_MEUR,E,B2A3N,PL,2015,1076.9 ,1076.9,,net_operating_surplus_mixed_income
A,CP_MEUR,E,B2A3N,PT,2015,480.4 ,480.4,,net_operating_surplus_mixed_income
A,CP_MEUR,E,B2A3N,RO,2015,246.1 ,246.1,,net_operating_surplus_mixed_income
A,CP_MEUR,E,B2A3N,SE,2015,119.8 ,119.8,,net_operating_surplus_mixed_income
A,CP_MEUR,E,B2A3N,SI,2015,-41.9 ,-41.9,,net_operating_surplus_mixed_income
A,CP_MEUR,E,B2A3N,SK,2015,-72.1 ,-72.1,,net_operating_surplus_mixed_income
A,CP_MEUR,E,D1,AT,2015,1051.7 ,1051.7,,compensation
A,CP_MEUR,E,D1,BE,2015,1984.1 ,1984.1,,compensation
A,CP_MEUR,E,D1,BG,2015,223.1 ,223.1,,compensation
A,CP_MEUR,E,D1,CZ,2015,841.2 ,841.2,,compensation
A,CP_MEUR,E,D1,DE,2015,11410.0 ,11410.0,,compensation
A,CP_MEUR,E,D1,EE,2015,57.2 ,57.2,,compensation
A,CP_MEUR,E,D1,ES,2015,6496.0 ,6496.0,,compensation
A,CP_MEUR,E,D1,FI,2015,577.0 ,577.0,,compensation
A,CP_MEUR,E,D1,FR,2015,6686.2 ,6686.2,,compensation
A,CP_MEUR,E,D1,HU,2015,591.9 ,591.9,,compensation
A,CP_MEUR,E,D1,IT,2015,8440.1 ,8440.1,,compensation
A,CP_MEUR,E,D1,LV,2015,86.9 ,86.9,,compensation
A,CP_MEUR,E,D1,NL,2015,1806.0 ,1806.0,,compensation
A,CP_MEUR,E,D1,NO,2015,1027.5 ,1027.5,,compensation
A,CP_MEUR,E,D1,PL,2015,2034.4 ,2034.4,,compensation
A,CP_MEUR,E,D1,PT,2015,749.8 ,749.8,,compensation
A,CP_MEUR,E,D1,RO,2015,696.9 ,696.9,,compensation
A,CP_MEUR,E,D1,SE,2015,1221.8 ,1221.8,,compensation
A,CP_MEUR,E,D1,SI,2015,242.2 ,242.2,,compensation
A,CP_MEUR,E,D1,SK,2015,331.4 ,331.4,,compensation
A,CP_MEUR,E,P1,AT,2015,7237.2 ,7237.2,,output
A,CP_MEUR,E,P1,BE,2015,10213.5 ,10213.5,,output
A,CP_MEUR,E,P1,BG,2015,841.8 ,841.8,,output
A,CP_MEUR,E,P1,CZ,2015,4260.9 ,4260.9,,output
A,CP_MEUR,E,P1,DE,2015,62712.0 ,62712.0,,output
A,CP_MEUR,E,P1,EE,2015,404.2 ,404.2,,output
A,CP_MEUR,E,P1,ES,2015,26483.0 ,26483.0,,output
A,CP_MEUR,E,P1,FI,2015,3672.0 ,3672.0,,output
A,CP_MEUR,E,P1,FR,2015,36101.5 ,36101.5,,output
A,CP_MEUR,E,P1,HU,2015,2052.6 ,2052.6,,output
A,CP_MEUR,E,P1,IT,2015,38315.2 ,38315.2,,output
A,CP_MEUR,E,P1,LV,2015,389.0 ,389.0,,output
A,CP_MEUR,E,P1,NL,2015,10203.0 ,10203.0,,output
A,CP_MEUR,E,P1,NO,2015,5281.7 ,5281.7,,output
A,CP_MEUR,E,P1,PL,2015,9343.5 ,9343.5,,output
A,CP_MEUR,E,P1,PT,2015,3997.7 ,3997.7,,output
A,CP_MEUR,E,P1,RO,2015,3096.2 ,3096.2,,output
A,CP_MEUR,E,P1,SE,2015,7281.9 ,7281.9,,output
A,CP_MEUR,E,P1,SI,2015,1048.4 ,1048.4,,output
A,CP_MEUR,E,P1,SK,2015,1312.0 ,1312.0,,output
A,CP_MEUR,F,B1G,AT,2015,18846.3 ,18846.3,,gross_value_added
A,CP_MEUR,F,B1G,BE,2015,19017.9 ,19017.9,,gross_value_added
A,CP_MEUR,F,B1G,BG,2015,1726.5 ,1726.5,,gross_value_added
A,CP_MEUR,F,B1G,CZ,2015,8579.2 ,8579.2,,gross_value_added
A,CP_MEUR,F,B1G,DE,2015,113958.0 ,113958.0,,gross_value_added
A,CP_MEUR,F,B1G,EE,2015,1098.5 ,1098.5,,gross_value_added
A,CP_MEUR,F,B1G,ES,2015,58924.0 ,58924.0,,gross_value_added
A,CP_MEUR,F,B1G,FI,2015,11472.0 ,11472.0,,gross_value_added
A,CP_MEUR,F,B1G,FR,2015,108442.2 ,108442.2,,gross_value_added
A,CP_MEUR,F,B1G,HU,2015,4006.2 ,4006.2,,gross_value_added
A,CP_MEUR,F,B1G,IT,2015,63428.0 ,63428.0,,gross_value_added
A,CP_MEUR,F,B1G,LV,2015,1309.1 ,1309.1,,gross_value_added
A,CP_MEUR,F,B1G,NL,2015,26128.0 ,26128.0,,gross_value_added
A,CP_MEUR,F,B1G,NO,2015,19391.8 ,19391.8,,gross_value_added
A,CP_MEUR,F,B1G,PL,2015,33852.9 ,33852.9,,gross_value_added
A,CP_MEUR,F,B1G,PT,2015,6398.1 ,6398.1,,gross_value_added
A,CP_MEUR,F,B1G,RO,2015,9492.7 ,9492.7,,gross_value_added
A,CP_MEUR,F,B1G,SE,2015,24630.4 ,24630.4,,gross_value_added
A,CP_MEUR,F,B1G,SI,2015,1756.3 ,1756.3,,gross_value_added
A,CP_MEUR,F,B1G,SK,2015,5869.0 ,5869.0,,gross_value_added
A,CP_MEUR,F,B2A3N,AT,2015,5112.8 ,5112.8,,net_operating_surplus_mixed_income
A,CP_MEUR,F,B2A3N,BE,2015,5862.0 ,5862.0,,net_operating_surplus_mixed_income
A,CP_MEUR,F,B2A3N,BG,2015,616.6 ,616.6,,net_operating_surplus_mixed_income
A,CP_MEUR,F,B2A3N,CZ,2015,3751.5 ,3751.5,,net_operating_surplus_mixed_income
A,CP_MEUR,F,B2A3N,DE,2015,36631.0 ,36631.0,,net_operating_surplus_mixed_income
A,CP_MEUR,F,B2A3N,EE,2015,233.3 ,233.3,,net_operating_surplus_mixed_income
A,CP_MEUR,F,B2A3N,ES,2015,19583.0 ,19583.0,,net_operating_surplus_mixed_income
A,CP_MEUR,F,B2A3N,FI,2015,2708.0 ,2708.0,,net_operating_surplus_mixed_income
A,CP_MEUR,F,B2A3N,FR,2015,28514.8 ,28514.8,,net_operating_surplus_mixed_income
A,CP_MEUR,F,B2A3N,HU,2015,1674.4 ,1674.4,,net_operating_surplus_mixed_income
A,CP_MEUR,F,B2A3N,IT,2015,23709.2 ,23709.2,,net_operating_surplus_mixed_income
A,CP_MEUR,F,B2A3N,LV,2015,255.7 ,255.7,,net_operating_surplus_mixed_income
A,CP_MEUR,F,B2A3N,NL,2015,7597.0 ,7597.0,,net_operating_surplus_mixed_income
A,CP_MEUR,F,B2A3N,NO,2015,5715.5 ,5715.5,,net_operating_surplus_mixed_income
A,CP_MEUR,F,B2A3N,PL,2015,21531.5 ,21531.5,,net_operating_surplus_mixed_income
A,CP_MEUR,F,B2A3N,PT,2015,1479.8 ,1479.8,,net_operating_surplus_mixed_income
A,CP_MEUR,F,B2A3N,RO,2015,4061.2 ,4061.2,,net_operating_surplus_mixed_income
A,CP_MEUR,F,B2A3N,SE,2015,3199.1 ,3199.1,,net_operating_surplus_mixed_income
A,CP_MEUR,F,B2A3N,SI,2015,548.0 ,548.0,,net_operating_surplus_mixed_income
A,CP_MEUR,F,B2A3N,SK,2015,4216.4 ,4216.4,,net_operating_surplus_mixed_income
A,CP_MEUR,F,D1,AT,2015,11265.3 ,11265.3,,compensation
A,CP_MEUR,F,D1,BE,2015,10344.0 ,10344.0,,compensation
A,CP_MEUR,F,D1,BG,2015,906.0 ,906.0,,compensation
A,CP_MEUR,F,D1,CZ,2015,3618.3 ,3618.3,,compensation
A,CP_MEUR,F,D1,DE,2015,71872.0 ,71872.0,,compensation
A,CP_MEUR,F,D1,EE,2015,742.7 ,742.7,,compensation
A,CP_MEUR,F,D1,ES,2015,26401.0 ,26401.0,,compensation
A,CP_MEUR,F,D1,FI,2015,7946.0 ,7946.0,,compensation
A,CP_MEUR,F,D1,FR,2015,69725.3 ,69725.3,,compensation
A,CP_MEUR,F,D1,HU,2015,1875.6 ,1875.6,,compensation
A,CP_MEUR,F,D1,IT,2015,29746.9 ,29746.9,,compensation
A,CP_MEUR,F,D1,LV,2015,854.9 ,854.9,,compensation
A,CP_MEUR,F,D1,NL,2015,16044.0 ,16044.0,,compensation
A,CP_MEUR,F,D1,NO,2015,12689.1 ,12689.1,,compensation
A,CP_MEUR,F,D1,PL,2015,10918.7 ,10918.7,,compensation
A,CP_MEUR,F,D1,PT,2015,4012.1 ,4012.1,,compensation
A,CP_MEUR,F,D1,RO,2015,2963.0 ,2963.0,,compensation
A,CP_MEUR,F,D1,SE,2015,16345.1 ,16345.1,,compensation
A,CP_MEUR,F,D1,SI,2015,992.8 ,992.8,,compensation
A,CP_MEUR,F,D1,SK,2015,1383.9 ,1383.9,,compensation
A,CP_MEUR,F,P1,AT,2015,49535.8 ,49535.8,,output
A,CP_MEUR,F,P1,BE,2015,68851.1 ,68851.1,,output
A,CP_MEUR,F,P1,BG,2015,9181.3 ,9181.3,,output
A,CP_MEUR,F,P1,CZ,2015,28633.5 ,28633.5,,output
A,CP_MEUR,F,P1,DE,2015,277947.0 ,277947.0,,output
A,CP_MEUR,F,P1,EE,2015,3024.3 ,3024.3,,output
A,CP_MEUR,F,P1,ES,2015,126605.0 ,126605.0,,output
A,CP_MEUR,F,P1,FI,2015,29602.0 ,29602.0,,output
A,CP_MEUR,F,P1,FR,2015,289025.3 ,289025.3,,output
A,CP_MEUR,F,P1,HU,2015,10396.6 ,10396.6,,output
A,CP_MEUR,F,P1,IT,2015,186644.1 ,186644.1,,output
A,CP_MEUR,F,P1,LV,2015,5032.1 ,5032.1,,output
A,CP_MEUR,F,P1,NL,2015,84872.0 ,84872.0,,output
A,CP_MEUR,F,P1,NO,2015,52658.7 ,52658.7,,output
A,CP_MEUR,F,P1,PL,2015,86780.2 ,86780.2,,output
A,CP_MEUR,F,P1,PT,2015,17021.2 ,17021.2,,output
A,CP_MEUR,F,P1,RO,2015,27538.2 ,27538.2,,output
A,CP_MEUR,F,P1,SE,2015,56257.6 ,56257.6,,output
A,CP_MEUR,F,P1,SI,2015,5434.6 ,5434.6,,output
A,CP_MEUR,F,P1,SK,2015,13350.1 ,13350.1,,output
A,CP_MEUR,G,B1G,AT,2015,37643.9 ,37643.9,,gross_value_added
A,CP_MEUR,G,B1G,BE,2015,44218.1 ,44218.1,,gross_value_added
A,CP_MEUR,G,B1G,BG,2015,5492.8 ,5492.8,,gross_value_added
A,CP_MEUR,G,B1G,CZ,2015,16550.8 ,16550.8,,gross_value_added
A,CP_MEUR,G,B1G,DE,2015,272433.0 ,272433.0,,gross_value_added
A,CP_MEUR,G,B1G,EE,2015,2143.1 ,2143.1,,gross_value_added
A,CP_MEUR,G,B1G,ES,2015,126859.0 ,126859.0,,gross_value_added
A,CP_MEUR,G,B1G,FI,2015,16857.0 ,16857.0,,gross_value_added
A,CP_MEUR,G,B1G,FR,2015,201891.4 ,201891.4,,gross_value_added
A,CP_MEUR,G,B1G,HU,2015,9865.4 ,9865.4,,gross_value_added
A,CP_MEUR,G,B1G,IT,2015,170640.1 ,170640.1,,gross_value_added
A,CP_MEUR,G,B1G,LV,2015,3195.5 ,3195.5,,gross_value_added
A,CP_MEUR,G,B1G,NL,2015,83548.0 ,83548.0,,gross_value_added
A,CP_MEUR,G,B1G,NO,2015,23550.9 ,23550.9,,gross_value_added
A,CP_MEUR,G,B1G,PL,2015,62652.7 ,62652.7,,gross_value_added
A,CP_MEUR,G,B1G,PT,2015,23004.4 ,23004.4,,gross_value_added
A,CP_MEUR,G,B1G,RO,2015,12829.3 ,12829.3,,gross_value_added
A,CP_MEUR,G,B1G,SE,2015,45413.6 ,45413.6,,gross_value_added
A,CP_MEUR,G,B1G,SI,2015,3940.8 ,3940.8,,gross_value_added
A,CP_MEUR,G,B1G,SK,2015,7605.8 ,7605.8,,gross_value_added
A,CP_MEUR,G,B2A3N,AT,2015,11102.6 ,11102.6,,net_operating_surplus_mixed_income
A,CP_MEUR,G,B2A3N,BE,2015,12015.7 ,12015.7,,net_operating_surplus_mixed_income
A,CP_MEUR,G,B2A3N,BG,2015,2349.5 ,2349.5,,net_operating_surplus_mixed_income
A,CP_MEUR,G,B2A3N,CZ,2015,5657.1 ,5657.1,,net_operating_surplus_mixed_income
A,CP_MEUR,G,B2A3N,DE,2015,74046.0 ,74046.0,,net_operating_surplus_mixed_income
A,CP_MEUR,G,B2A3N,EE,2015,585.2 ,585.2,,net_operating_surplus_mixed_income
A,CP_MEUR,G,B2A3N,ES,2015,45881.0 ,45881.0,,net_operating_surplus_mixed_income
A,CP_MEUR,G,B2A3N,FI,2015,4363.0 ,4363.0,,net_operating_surplus_mixed_income
A,CP_MEUR,G,B2A3N,FR,2015,54154.9 ,54154.9,,net_operating_surplus_mixed_income
A,CP_MEUR,G,B2A3N,HU,2015,3160.7 ,3160.7,,net_operating_surplus_mixed_income
A,CP_MEUR,G,B2A3N,IT,2015,79536.7 ,79536.7,,net_operating_surplus_mixed_income
A,CP_MEUR,G,B2A3N,LV,2015,1161.2 ,1161.2,,net_operating_surplus_mixed_income
A,CP_MEUR,G,B2A3N,NL,2015,32853.0 ,32853.0,,net_operating_surplus_mixed_income
A,CP_MEUR,G,B2A3N,NO,2015,3569.8 ,3569.8,,net_operating_surplus_mixed_income
A,CP_MEUR,G,B2A3N,PL,2015,38535.4 ,38535.4,,net_operating_surplus_mixed_income
A,CP_MEUR,G,B2A3N,PT,2015,10015.2 ,10015.2,,net_operating_surplus_mixed_income
A,CP_MEUR,G,B2A3N,RO,2015,3581.8 ,3581.8,,net_operating_surplus_mixed_income
A,CP_MEUR,G,B2A3N,SE,2015,9508.6 ,9508.6,,net_operating_surplus_mixed_income
A,CP_MEUR,G,B2A3N,SI,2015,955.1 ,955.1,,net_operating_surplus_mixed_income
A,CP_MEUR,G,B2A3N,SK,2015,2174.8 ,2174.8,,net_operating_surplus_mixed_income
A,CP_MEUR,G,D1,AT,2015,21444.6 ,21444.6,,compensation
A,CP_MEUR,G,D1,BE,2015,26304.4 ,26304.4,,compensation
A,CP_MEUR,G,D1,BG,2015,2510.9 ,2510.9,,compensation
A,CP_MEUR,G,D1,CZ,2015,8558.7 ,8558.7,,compensation
A,CP_MEUR,G,D1,DE,2015,175853.0 ,175853.0,,compensation
A,CP_MEUR,G,D1,EE,2015,1300.0 ,1300.0,,compensation
A,CP_MEUR,G,D1,ES,2015,67991.0 ,67991.0,,compensation
A,CP_MEUR,G,D1,FI,2015,10747.0 ,10747.0,,compensation
A,CP_MEUR,G,D1,FR,2015,127893.1 ,127893.1,,compensation
A,CP_MEUR,G,D1,HU,2015,5356.3 ,5356.3,,compensation
A,CP_MEUR,G,D1,IT,2015,69651.9 ,69651.9,,compensation
A,CP_MEUR,G,D1,LV,2015,1652.9 ,1652.9,,compensation
A,CP_MEUR,G,D1,NL,2015,42405.0 ,42405.0,,compensation
A,CP_MEUR,G,D1,NO,2015,17975.4 ,17975.4,,compensation
A,CP_MEUR,G,D1,PL,2015,20408.2 ,20408.2,,compensation
A,CP_MEUR,G,D1,PT,2015,11120.0 ,11120.0,,compensation
A,CP_MEUR,G,D1,RO,2015,6894.6 ,6894.6,,compensation
A,CP_MEUR,G,D1,SE,2015,26185.2 ,26185.2,,compensation
A,CP_MEUR,G,D1,SI,2015,2420.1 ,2420.1,,compensation
A,CP_MEUR,G,D1,SK,2015,4638.1 ,4638.1,,compensation
A,CP_MEUR,G,P1,AT,2015,66014.6 ,66014.6,,output
A,CP_MEUR,G,P1,BE,2015,87142.8 ,87142.8,,output
A,CP_MEUR,G,P1,BG,2015,10430.6 ,10430.6,,output
A,CP_MEUR,G,P1,CZ,2015,33650.0 ,33650.0,,output
A,CP_MEUR,G,P1,DE,2015,479700.0 ,479700.0,,output
A,CP_MEUR,G,P1,EE,2015,4098.8 ,4098.8,,output
A,CP_MEUR,G,P1,ES,2015,215742.0 ,215742.0,,output
A,CP_MEUR,G,P1,FI,2015,31912.0 ,31912.0,,output
A,CP_MEUR,G,P1,FR,2015,384978.1 ,384978.1,,output
A,CP_MEUR,G,P1,HU,2015,20084.4 ,20084.4,,output
A,CP_MEUR,G,P1,IT,2015,334222.8 ,334222.8,,output
A,CP_MEUR,G,P1,LV,2015,5632.3 ,5632.3,,output
A,CP_MEUR,G,P1,NL,2015,152787.0 ,152787.0,,output
A,CP_MEUR,G,P1,NO,2015,44044.3 ,44044.3,,output
A,CP_MEUR,G,P1,PL,2015,106365.0 ,106365.0,,output
A,CP_MEUR,G,P1,PT,2015,37375.8 ,37375.8,,output
A,CP_MEUR,G,P1,RO,2015,34218.0 ,34218.0,,output
A,CP_MEUR,G,P1,SE,2015,79832.5 ,79832.5,,output
A,CP_MEUR,G,P1,SI,2015,7554.4 ,7554.4,,output
A,CP_MEUR,G,P1,SK,2015,14026.8 ,14026.8,,output
A,CP_MEUR,H,B1G,AT,2015,17444.8 ,17444.8,,gross_value_added
A,CP_MEUR,H,B1G,BE,2015,21537.3 ,21537.3,,gross_value_added
A,CP_MEUR,H,B1G,BG,2015,2389.6 ,2389.6,,gross_value_added
A,CP_MEUR,H,B1G,CZ,2015,8605.7 ,8605.7,,gross_value_added
A,CP_MEUR,H,B1G,DE,2015,127736.0 ,127736.0,,gross_value_added
A,CP_MEUR,H,B1G,EE,2015,1563.5 ,1563.5,,gross_value_added
A,CP_MEUR,H,B1G,ES,2015,47420.0 ,47420.0,,gross_value_added
A,CP_MEUR,H,B1G,FI,2015,8983.0 ,8983.0,,gross_value_added
A,CP_MEUR,H,B1G,FR,2015,88809.6 ,88809.6,,gross_value_added
A,CP_MEUR,H,B1G,HU,2015,6165.7 ,6165.7,,gross_value_added
A,CP_MEUR,H,B1G,IT,2015,75138.9 ,75138.9,,gross_value_added
A,CP_MEUR,H,B1G,LV,2015,2047.7 ,2047.7,,gross_value_added
A,CP_MEUR,H,B1G,NL,2015,30824.0 ,30824.0,,gross_value_added
A,CP_MEUR,H,B1G,NO,2015,19305.4 ,19305.4,,gross_value_added
A,CP_MEUR,H,B1G,PL,2015,25489.1 ,25489.1,,gross_value_added
A,CP_MEUR,H,B1G,PT,2015,7666.6 ,7666.6,,gross_value_added
A,CP_MEUR,H,B1G,RO,2015,10337.2 ,10337.2,,gross_value_added
A,CP_MEUR,H,B1G,SE,2015,21046.1 ,21046.1,,gross_value_added
A,CP_MEUR,H,B1G,SI,2015,2125.0 ,2125.0,,gross_value_added
A,CP_MEUR,H,B1G,SK,2015,5079.4 ,5079.4,,gross_value_added
A,CP_MEUR,H,B2A3N,AT,2015,2654.7 ,2654.7,,net_operating_surplus_mixed_income
A,CP_MEUR,H,B2A3N,BE,2015,1893.6 ,1893.6,,net_operating_surplus_mixed_income
A,CP_MEUR,H,B2A3N,BG,2015,820.5 ,820.5,,net_operating_surplus_mixed_income
A,CP_MEUR,H,B2A3N,CZ,2015,1401.6 ,1401.6,,net_operating_surplus_mixed_income
A,CP_MEUR,H,B2A3N,DE,2015,21453.0 ,21453.0,,net_operating_surplus_mixed_income
A,CP_MEUR,H,B2A3N,EE,2015,451.0 ,451.0,,net_operating_surplus_mixed_income
A,CP_MEUR,H,B2A3N,ES,2015,10706.0 ,10706.0,,net_operating_surplus_mixed_income
A,CP_MEUR,H,B2A3N,FI,2015,1693.0 ,1693.0,,net_operating_surplus_mixed_income
A,CP_MEUR,H,B2A3N,FR,2015,7690.8 ,7690.8,,net_operating_surplus_mixed_income
A,CP_MEUR,H,B2A3N,HU,2015,1545.8 ,1545.8,,net_operating_surplus_mixed_income
A,CP_MEUR,H,B2A3N,IT,2015,14956.6 ,14956.6,,net_operating_surplus_mixed_income
A,CP_MEUR,H,B2A3N,LV,2015,431.3 ,431.3,,net_operating_surplus_mixed_income
A,CP_MEUR,H,B2A3N,NL,2015,8220.0 ,8220.0,,net_operating_surplus_mixed_income
A,CP_MEUR,H,B2A3N,NO,2015,6796.2 ,6796.2,,net_operating_surplus_mixed_income
A,CP_MEUR,H,B2A3N,PL,2015,9657.3 ,9657.3,,net_operating_surplus_mixed_income
A,CP_MEUR,H,B2A3N,PT,2015,1452.7 ,1452.7,,net_operating_surplus_mixed_income
A,CP_MEUR,H,B2A3N,RO,2015,2761.2 ,2761.2,,net_operating_surplus_mixed_income
A,CP_MEUR,H,B2A3N,SE,2015,1763.5 ,1763.5,,net_operating_surplus_mixed_income
A,CP_MEUR,H,B2A3N,SI,2015,492.4 ,492.4,,net_operating_surplus_mixed_income
A,CP_MEUR,H,B2A3N,SK,2015,1547.1 ,1547.1,,net_operating_surplus_mixed_income
A,CP_MEUR,H,D1,AT,2015,9068.6 ,9068.6,,compensation
A,CP_MEUR,H,D1,BE,2015,13167.2 ,13167.2,,compensation
A,CP_MEUR,H,D1,BG,2015,1120.1 ,1120.1,,compensation
A,CP_MEUR,H,D1,CZ,2015,4227.7 ,4227.7,,compensation
A,CP_MEUR,H,D1,DE,2015,77123.0 ,77123.0,,compensation
A,CP_MEUR,H,D1,EE,2015,769.5 ,769.5,,compensation
A,CP_MEUR,H,D1,ES,2015,22247.0 ,22247.0,,compensation
A,CP_MEUR,H,D1,FI,2015,5718.0 ,5718.0,,compensation
A,CP_MEUR,H,D1,FR,2015,62017.6 ,62017.6,,compensation
A,CP_MEUR,H,D1,HU,2015,3201.0 ,3201.0,,compensation
A,CP_MEUR,H,D1,IT,2015,37277.4 ,37277.4,,compensation
A,CP_MEUR,H,D1,LV,2015,1054.4 ,1054.4,,compensation
A,CP_MEUR,H,D1,NL,2015,17059.0 ,17059.0,,compensation
A,CP_MEUR,H,D1,NO,2015,9040.7 ,9040.7,,compensation
A,CP_MEUR,H,D1,PL,2015,9284.0 ,9284.0,,compensation
A,CP_MEUR,H,D1,PT,2015,4076.4 ,4076.4,,compensation
A,CP_MEUR,H,D1,RO,2015,3393.0 ,3393.0,,compensation
A,CP_MEUR,H,D1,SE,2015,11059.6 ,11059.6,,compensation
A,CP_MEUR,H,D1,SI,2015,1097.2 ,1097.2,,compensation
A,CP_MEUR,H,D1,SK,2015,1936.1 ,1936.1,,compensation
A,CP_MEUR,H,P1,AT,2015,33062.3 ,33062.3,,output
A,CP_MEUR,H,P1,BE,2015,57083.4 ,57083.4,,output
A,CP_MEUR,H,P1,BG,2015,7405.7 ,7405.7,,output
A,CP_MEUR,H,P1,CZ,2015,23224.1 ,23224.1,,output
A,CP_MEUR,H,P1,DE,2015,344004.0 ,344004.0,,output
A,CP_MEUR,H,P1,EE,2015,4483.0 ,4483.0,,output
A,CP_MEUR,H,P1,ES,2015,111829.0 ,111829.0,,output
A,CP_MEUR,H,P1,FI,2015,22723.0 ,22723.0,,output
A,CP_MEUR,H,P1,FR,2015,198627.8 ,198627.8,,output
A,CP_MEUR,H,P1,HU,2015,12935.0 ,12935.0,,output
A,CP_MEUR,H,P1,IT,2015,183615.4 ,183615.4,,output
A,CP_MEUR,H,P1,LV,2015,6171.8 ,6171.8,,output
A,CP_MEUR,H,P1,NL,2015,76507.0 ,76507.0,,output
A,CP_MEUR,H,P1,NO,2015,46767.2 ,46767.2,,output
A,CP_MEUR,H,P1,PL,2015,59203.7 ,59203.7,,output
A,CP_MEUR,H,P1,PT,2015,19516.4 ,19516.4,,output
A,CP_MEUR,H,P1,RO,2015,24285.8 ,24285.8,,output
A,CP_MEUR,H,P1,SE,2015,56885.0 ,56885.0,,output
A,CP_MEUR,H,P1,SI,2015,5311.5 ,5311.5,,output
A,CP_MEUR,H,P1,SK,2015,10741.1 ,10741.1,,output
A,CP_MEUR,I,B1G,AT,2015,12292.6 ,12292.6,,gross_value_added
A,CP_MEUR,I,B1G,BE,2015,6877.2 ,6877.2,,gross_value_added
A,CP_MEUR,I,B1G,BG,2015,946.1 ,946.1,,gross_value_added
A,CP_MEUR,I,B1G,CZ,2015,2812.5 ,2812.5,,gross_value_added
A,CP_MEUR,I,B1G,DE,2015,44904.0 ,44904.0,,gross_value_added
A,CP_MEUR,I,B1G,EE,2015,338.6 ,338.6,,gross_value_added
A,CP_MEUR,I,B1G,ES,2015,61440.0 ,61440.0,,gross_value_added
A,CP_MEUR,I,B1G,FI,2015,2915.0 ,2915.0,,gross_value_added
A,CP_MEUR,I,B1G,FR,2015,42281.2 ,42281.2,,gross_value_added
A,CP_MEUR,I,B1G,HU,2015,1563.1 ,1563.1,,gross_value_added
A,CP_MEUR,I,B1G,IT,2015,54304.3 ,54304.3,,gross_value_added
A,CP_MEUR,I,B1G,LV,2015,387.9 ,387.9,,gross_value_added
A,CP_MEUR,I,B1G,NL,2015,11885.0 ,11885.0,,gross_value_added
A,CP_MEUR,I,B1G,NO,2015,4392.9 ,4392.9,,gross_value_added
A,CP_MEUR,I,B1G,PL,2015,4831.9 ,4831.9,,gross_value_added
A,CP_MEUR,I,B1G,PT,2015,8088.0 ,8088.0,,gross_value_added
A,CP_MEUR,I,B1G,RO,2015,2330.2 ,2330.2,,gross_value_added
A,CP_MEUR,I,B1G,SE,2015,7165.9 ,7165.9,,gross_value_added
A,CP_MEUR,I,B1G,SI,2015,736.9 ,736.9,,gross_value_added
A,CP_MEUR,I,B1G,SK,2015,1005.7 ,1005.7,,gross_value_added
A,CP_MEUR,I,B2A3N,AT,2015,3766.8 ,3766.8,,net_operating_surplus_mixed_income
A,CP_MEUR,I,B2A3N,BE,2015,1506.4 ,1506.4,,net_operating_surplus_mixed_income
A,CP_MEUR,I,B2A3N,BG,2015,97.9 ,97.9,,net_operating_surplus_mixed_income
A,CP_MEUR,I,B2A3N,CZ,2015,1033.5 ,1033.5,,net_operating_surplus_mixed_income
A,CP_MEUR,I,B2A3N,DE,2015,11543.0 ,11543.0,,net_operating_surplus_mixed_income
A,CP_MEUR,I,B2A3N,EE,2015,38.0 ,38.0,,net_operating_surplus_mixed_income
A,CP_MEUR,I,B2A3N,ES,2015,26539.0 ,26539.0,,net_operating_surplus_mixed_income
A,CP_MEUR,I,B2A3N,FI,2015,630.0 ,630.0,,net_operating_surplus_mixed_income
A,CP_MEUR,I,B2A3N,FR,2015,5589.2 ,5589.2,,net_operating_surplus_mixed_income
A,CP_MEUR,I,B2A3N,HU,2015,392.9 ,392.9,,net_operating_surplus_mixed_income
A,CP_MEUR,I,B2A3N,IT,2015,19237.2 ,19237.2,,net_operating_surplus_mixed_income
A,CP_MEUR,I,B2A3N,LV,2015,39.6 ,39.6,,net_operating_surplus_mixed_income
A,CP_MEUR,I,B2A3N,NL,2015,4532.0 ,4532.0,,net_operating_surplus_mixed_income
A,CP_MEUR,I,B2A3N,NO,2015,863.1 ,863.1,,net_operating_surplus_mixed_income
A,CP_MEUR,I,B2A3N,PL,2015,2251.6 ,2251.6,,net_operating_surplus_mixed_income
A,CP_MEUR,I,B2A3N,PT,2015,3509.0 ,3509.0,,net_operating_surplus_mixed_income
A,CP_MEUR,I,B2A3N,RO,2015,1277.0 ,1277.0,,net_operating_surplus_mixed_income
A,CP_MEUR,I,B2A3N,SE,2015,451.4 ,451.4,,net_operating_surplus_mixed_income
A,CP_MEUR,I,B2A3N,SI,2015,91.8 ,91.8,,net_operating_surplus_mixed_income
A,CP_MEUR,I,B2A3N,SK,2015,297.6 ,297.6,,net_operating_surplus_mixed_income
A,CP_MEUR,I,D1,AT,2015,7095.7 ,7095.7,,compensation
A,CP_MEUR,I,D1,BE,2015,4155.2 ,4155.2,,compensation
A,CP_MEUR,I,D1,BG,2015,661.5 ,661.5,,compensation
A,CP_MEUR,I,D1,CZ,2015,1424.0 ,1424.0,,compensation
A,CP_MEUR,I,D1,DE,2015,29803.0 ,29803.0,,compensation
A,CP_MEUR,I,D1,EE,2015,256.4 ,256.4,,compensation
A,CP_MEUR,I,D1,ES,2015,31428.0 ,31428.0,,compensation
A,CP_MEUR,I,D1,FI,2015,2094.0 ,2094.0,,compensation
A,CP_MEUR,I,D1,FR,2015,31296.4 ,31296.4,,compensation
A,CP_MEUR,I,D1,HU,2015,987.8 ,987.8,,compensation
A,CP_MEUR,I,D1,IT,2015,25918.3 ,25918.3,,compensation
A,CP_MEUR,I,D1,LV,2015,278.1 ,278.1,,compensation
A,CP_MEUR,I,D1,NL,2015,6320.0 ,6320.0,,compensation
A,CP_MEUR,I,D1,NO,2015,3164.4 ,3164.4,,compensation
A,CP_MEUR,I,D1,PL,2015,2109.9 ,2109.9,,compensation
A,CP_MEUR,I,D1,PT,2015,3811.9 ,3811.9,,compensation
A,CP_MEUR,I,D1,RO,2015,758.7 ,758.7,,compensation
A,CP_MEUR,I,D1,SE,2015,5168.4 ,5168.4,,compensation
A,CP_MEUR,I,D1,SI,2015,486.9 ,486.9,,compensation
A,CP_MEUR,I,D1,SK,2015,601.5 ,601.5,,compensation
A,CP_MEUR,I,P1,AT,2015,22170.9 ,22170.9,,output
A,CP_MEUR,I,P1,BE,2015,17187.2 ,17187.2,,output
A,CP_MEUR,I,P1,BG,2015,1833.0 ,1833.0,,output
A,CP_MEUR,I,P1,CZ,2015,6185.2 ,6185.2,,output
A,CP_MEUR,I,P1,DE,2015,90480.0 ,90480.0,,output
A,CP_MEUR,I,P1,EE,2015,832.8 ,832.8,,output
A,CP_MEUR,I,P1,ES,2015,107377.0 ,107377.0,,output
A,CP_MEUR,I,P1,FI,2015,7337.0 ,7337.0,,output
A,CP_MEUR,I,P1,FR,2015,95999.5 ,95999.5,,output
A,CP_MEUR,I,P1,HU,2015,4354.8 ,4354.8,,output
A,CP_MEUR,I,P1,IT,2015,106551.8 ,106551.8,,output
A,CP_MEUR,I,P1,LV,2015,854.7 ,854.7,,output
A,CP_MEUR,I,P1,NL,2015,24095.0 ,24095.0,,output
A,CP_MEUR,I,P1,NO,2015,9422.9 ,9422.9,,output
A,CP_MEUR,I,P1,PL,2015,10663.9 ,10663.9,,output
A,CP_MEUR,I,P1,PT,2015,14789.7 ,14789.7,,output
A,CP_MEUR,I,P1,RO,2015,5129.6 ,5129.6,,output
A,CP_MEUR,I,P1,SE,2015,16132.5 ,16132.5,,output
A,CP_MEUR,I,P1,SI,2015,1632.3 ,1632.3,,output
A,CP_MEUR,I,P1,SK,2015,1760.6 ,1760.6,,output
A,CP_MEUR,J,B1G,AT,2015,10827.7 ,10827.7,,gross_value_added
A,CP_MEUR,J,B1G,BE,2015,15198.5 ,15198.5,,gross_value_added
A,CP_MEUR,J,B1G,BG,2015,2092.0 ,2092.0,,gross_value_added
A,CP_MEUR,J,B1G,CZ,2015,7550.5 ,7550.5,,gross_value_added
A,CP_MEUR,J,B1G,DE,2015,128303.0 ,128303.0,,gross_value_added
A,CP_MEUR,J,B1G,EE,2015,978.2 ,978.2,,gross_value_added
A,CP_MEUR,J,B1G,ES,2015,36794.0 ,36794.0,,gross_value_added
A,CP_MEUR,J,B1G,FI,2015,10285.0 ,10285.0,,gross_value_added
A,CP_MEUR,J,B1G,FR,2015,97967.4 ,97967.4,,gross_value_added
A,CP_MEUR,J,B1G,HU,2015,4614.1 ,4614.1,,gross_value_added
A,CP_MEUR,J,B1G,IT,2015,52909.2 ,52909.2,,gross_value_added
A,CP_MEUR,J,B1G,LV,2015,1016.4 ,1016.4,,gross_value_added
A,CP_MEUR,J,B1G,NL,2015,28817.0 ,28817.0,,gross_value_added
A,CP_MEUR,J,B1G,NO,2015,12925.5 ,12925.5,,gross_value_added
A,CP_MEUR,J,B1G,PL,2015,14677.9 ,14677.9,,gross_value_added
A,CP_MEUR,J,B1G,PT,2015,5317.1 ,5317.1,,gross_value_added
A,CP_MEUR,J,B1G,RO,2015,8081.3 ,8081.3,,gross_value_added
A,CP_MEUR,J,B1G,SE,2015,29744.8 ,29744.8,,gross_value_added
A,CP_MEUR,J,B1G,SI,2015,1328.0 ,1328.0,,gross_value_added
A,CP_MEUR,J,B1G,SK,2015,3577.0 ,3577.0,,gross_value_added
A,CP_MEUR,J,B2A3N,AT,2015,1519.3 ,1519.3,,net_operating_surplus_mixed_income
A,CP_MEUR,J,B2A3N,BE,2015,2777.6 ,2777.6,,net_operating_surplus_mixed_income
A,CP_MEUR,J,B2A3N,BG,2015,260.2 ,260.2,,net_operating_surplus_mixed_income
A,CP_MEUR,J,B2A3N,CZ,2015,2147.5 ,2147.5,,net_operating_surplus_mixed_income
A,CP_MEUR,J,B2A3N,DE,2015,33526.0 ,33526.0,,net_operating_surplus_mixed_income
A,CP_MEUR,J,B2A3N,EE,2015,232.5 ,232.5,,net_operating_surplus_mixed_income
A,CP_MEUR,J,B2A3N,ES,2015,6031.0 ,6031.0,,net_operating_surplus_mixed_income
A,CP_MEUR,J,B2A3N,FI,2015,2517.0 ,2517.0,,net_operating_surplus_mixed_income
A,CP_MEUR,J,B2A3N,FR,2015,11277.8 ,11277.8,,net_operating_surplus_mixed_income
A,CP_MEUR,J,B2A3N,HU,2015,845.1 ,845.1,,net_operating_surplus_mixed_income
A,CP_MEUR,J,B2A3N,IT,2015,12170.4 ,12170.4,,net_operating_surplus_mixed_income
A,CP_MEUR,J,B2A3N,LV,2015,192.6 ,192.6,,net_operating_surplus_mixed_income
A,CP_MEUR,J,B2A3N,NL,2015,7618.0 ,7618.0,,net_operating_surplus_mixed_income
A,CP_MEUR,J,B2A3N,NO,2015,2869.0 ,2869.0,,net_operating_surplus_mixed_income
A,CP_MEUR,J,B2A3N,PL,2015,5217.6 ,5217.6,,net_operating_surplus_mixed_income
A,CP_MEUR,J,B2A3N,PT,2015,886.5 ,886.5,,net_operating_surplus_mixed_income
A,CP_MEUR,J,B2A3N,RO,2015,3705.5 ,3705.5,,net_operating_surplus_mixed_income
A,CP_MEUR,J,B2A3N,SE,2015,8036.8 ,8036.8,,net_operating_surplus_mixed_income
A,CP_MEUR,J,B2A3N,SI,2015,278.2 ,278.2,,net_operating_surplus_mixed_income
A,CP_MEUR,J,B2A3N,SK,2015,1216.3 ,1216.3,,net_operating_surplus_mixed_income
A,CP_MEUR,J,D1,AT,2015,5936.1 ,5936.1,,compensation
A,CP_MEUR,J,D1,BE,2015,7967.8 ,7967.8,,compensation
A,CP_MEUR,J,D1,BG,2015,1416.1 ,1416.1,,compensation
A,CP_MEUR,J,D1,CZ,2015,3306.2 ,3306.2,,compensation
A,CP_MEUR,J,D1,DE,2015,70159.0 ,70159.0,,compensation
A,CP_MEUR,J,D1,EE,2015,534.7 ,534.7,,compensation
A,CP_MEUR,J,D1,ES,2015,19691.0 ,19691.0,,compensation
A,CP_MEUR,J,D1,FI,2015,5736.0 ,5736.0,,compensation
A,CP_MEUR,J,D1,FR,2015,62426.7 ,62426.7,,compensation
A,CP_MEUR,J,D1,HU,2015,2421.7 ,2421.7,,compensation
A,CP_MEUR,J,D1,IT,2015,24434.3 ,24434.3,,compensation
A,CP_MEUR,J,D1,LV,2015,586.0 ,586.0,,compensation
A,CP_MEUR,J,D1,NL,2015,15427.0 ,15427.0,,compensation
A,CP_MEUR,J,D1,NO,2015,8015.3 ,8015.3,,compensation
A,CP_MEUR,J,D1,PL,2015,5692.7 ,5692.7,,compensation
A,CP_MEUR,J,D1,PT,2015,2734.4 ,2734.4,,compensation
A,CP_MEUR,J,D1,RO,2015,2810.7 ,2810.7,,compensation
A,CP_MEUR,J,D1,SE,2015,13117.7 ,13117.7,,compensation
A,CP_MEUR,J,D1,SI,2015,731.2 ,731.2,,compensation
A,CP_MEUR,J,D1,SK,2015,1334.9 ,1334.9,,compensation
A,CP_MEUR,J,P1,AT,2015,23165.5 ,23165.5,,output
A,CP_MEUR,J,P1,BE,2015,34553.4 ,34553.4,,output
A,CP_MEUR,J,P1,BG,2015,4265.8 ,4265.8,,output
A,CP_MEUR,J,P1,CZ,2015,14752.3 ,14752.3,,output
A,CP_MEUR,J,P1,DE,2015,254889.0 ,254889.0,,output
A,CP_MEUR,J,P1,EE,2015,1772.6 ,1772.6,,output
A,CP_MEUR,J,P1,ES,2015,78356.0 ,78356.0,,output
A,CP_MEUR,J,P1,FI,2015,20146.0 ,20146.0,,output
A,CP_MEUR,J,P1,FR,2015,187930.4 ,187930.4,,output
A,CP_MEUR,J,P1,HU,2015,8109.0 ,8109.0,,output
A,CP_MEUR,J,P1,IT,2015,118753.5 ,118753.5,,output
A,CP_MEUR,J,P1,LV,2015,1884.1 ,1884.1,,output
A,CP_MEUR,J,P1,NL,2015,61319.0 ,61319.0,,output
A,CP_MEUR,J,P1,NO,2015,26386.9 ,26386.9,,output
A,CP_MEUR,J,P1,PL,2015,31208.1 ,31208.1,,output
A,CP_MEUR,J,P1,PT,2015,11495.9 ,11495.9,,output
A,CP_MEUR,J,P1,RO,2015,14544.5 ,14544.5,,output
A,CP_MEUR,J,P1,SE,2015,59077.8 ,59077.8,,output
A,CP_MEUR,J,P1,SI,2015,2934.3 ,2934.3,,output
A,CP_MEUR,J,P1,SK,2015,6456.9 ,6456.9,,output
A,CP_MEUR,L,B1G,AT,2015,28934.9 ,28934.9,,gross_value_added
A,CP_MEUR,L,B1G,BE,2015,34645.4 ,34645.4,,gross_value_added
A,CP_MEUR,L,B1G,BG,2015,3857.4 ,3857.4,,gross_value_added
A,CP_MEUR,L,B1G,CZ,2015,15161.2 ,15161.2,,gross_value_added
A,CP_MEUR,L,B1G,DE,2015,312125.0 ,312125.0,,gross_value_added
A,CP_MEUR,L,B1G,EE,2015,2202.9 ,2202.9,,gross_value_added
A,CP_MEUR,L,B1G,ES,2015,119749.0 ,119749.0,,gross_value_added
A,CP_MEUR,L,B1G,FI,2015,22961.0 ,22961.0,,gross_value_added
A,CP_MEUR,L,B1G,FR,2015,272056.9 ,272056.9,,gross_value_added
A,CP_MEUR,L,B1G,HU,2015,7992.9 ,7992.9,,gross_value_added
A,CP_MEUR,L,B1G,IT,2015,206256.8 ,206256.8,,gross_value_added
A,CP_MEUR,L,B1G,LV,2015,1926.1 ,1926.1,,gross_value_added
A,CP_MEUR,L,B1G,NL,2015,36277.0 ,36277.0,,gross_value_added
A,CP_MEUR,L,B1G,NO,2015,31014.2 ,31014.2,,gross_value_added
A,CP_MEUR,L,B1G,PL,2015,21841.3 ,21841.3,,gross_value_added
A,CP_MEUR,L,B1G,PT,2015,19100.2 ,19100.2,,gross_value_added
A,CP_MEUR,L,B1G,RO,2015,13739.5 ,13739.5,,gross_value_added
A,CP_MEUR,L,B1G,SE,2015,33247.8 ,33247.8,,gross_value_added
A,CP_MEUR,L,B1G,SI,2015,2600.8 ,2600.8,,gross_value_added
A,CP_MEUR,L,B1G,SK,2015,6334.2 ,6334.2,,gross_value_added
A,CP_MEUR,L,B2A3N,AT,2015,10809.0 ,10809.0,,net_operating_surplus_mixed_income
A,CP_MEUR,L,B2A3N,BE,2015,13600.9 ,13600.9,,net_operating_surplus_mixed_income
A,CP_MEUR,L,B2A3N,BG,2015,2986.7 ,2986.7,,net_operating_surplus_mixed_income
A,CP_MEUR,L,B2A3N,CZ,2015,8680.3 ,8680.3,,net_operating_surplus_mixed_income
A,CP_MEUR,L,B2A3N,DE,2015,139486.0 ,139486.0,,net_operating_surplus_mixed_income
A,CP_MEUR,L,B2A3N,EE,2015,1442.2 ,1442.2,,net_operating_surplus_mixed_income
A,CP_MEUR,L,B2A3N,ES,2015,78541.0 ,78541.0,,net_operating_surplus_mixed_income
A,CP_MEUR,L,B2A3N,FI,2015,9501.0 ,9501.0,,net_operating_surplus_mixed_income
A,CP_MEUR,L,B2A3N,FR,2015,137419.0 ,137419.0,,net_operating_surplus_mixed_income
A,CP_MEUR,L,B2A3N,HU,2015,4719.8 ,4719.8,,net_operating_surplus_mixed_income
A,CP_MEUR,L,B2A3N,IT,2015,107280.3 ,107280.3,,net_operating_surplus_mixed_income
A,CP_MEUR,L,B2A3N,LV,2015,810.0 ,810.0,,net_operating_surplus_mixed_income
A,CP_MEUR,L,B2A3N,NL,2015,3977.0 ,3977.0,,net_operating_surplus_mixed_income
A,CP_MEUR,L,B2A3N,NO,2015,16628.5 ,16628.5,,net_operating_surplus_mixed_income
A,CP_MEUR,L,B2A3N,PL,2015,15125.4 ,15125.4,,net_operating_surplus_mixed_income
A,CP_MEUR,L,B2A3N,PT,2015,9099.8 ,9099.8,,net_operating_surplus_mixed_income
A,CP_MEUR,L,B2A3N,RO,2015,10504.2 ,10504.2,,net_operating_surplus_mixed_income
A,CP_MEUR,L,B2A3N,SE,2015,15205.6 ,15205.6,,net_operating_surplus_mixed_income
A,CP_MEUR,L,B2A3N,SI,2015,991.8 ,991.8,,net_operating_surplus_mixed_income
A,CP_MEUR,L,B2A3N,SK,2015,3186.0 ,3186.0,,net_operating_surplus_mixed_income
A,CP_MEUR,L,D1,AT,2015,1885.6 ,1885.6,,compensation
A,CP_MEUR,L,D1,BE,2015,994.0 ,994.0,,compensation
A,CP_MEUR,L,D1,BG,2015,224.0 ,224.0,,compensation
A,CP_MEUR,L,D1,CZ,2015,845.4 ,845.4,,compensation
A,CP_MEUR,L,D1,DE,2015,14892.0 ,14892.0,,compensation
A,CP_MEUR,L,D1,EE,2015,150.3 ,150.3,,compensation
A,CP_MEUR,L,D1,ES,2015,3724.0 ,3724.0,,compensation
A,CP_MEUR,L,D1,FI,2015,963.0 ,963.0,,compensation
A,CP_MEUR,L,D1,FR,2015,16875.9 ,16875.9,,compensation
A,CP_MEUR,L,D1,HU,2015,586.1 ,586.1,,compensation
A,CP_MEUR,L,D1,IT,2015,2132.6 ,2132.6,,compensation
A,CP_MEUR,L,D1,LV,2015,317.2 ,317.2,,compensation
A,CP_MEUR,L,D1,NL,2015,3471.0 ,3471.0,,compensation
A,CP_MEUR,L,D1,NO,2015,1857.1 ,1857.1,,compensation
A,CP_MEUR,L,D1,PL,2015,2205.3 ,2205.3,,compensation
A,CP_MEUR,L,D1,PT,2015,462.9 ,462.9,,compensation
A,CP_MEUR,L,D1,RO,2015,305.6 ,305.6,,compensation
A,CP_MEUR,L,D1,SE,2015,3573.1 ,3573.1,,compensation
A,CP_MEUR,L,D1,SI,2015,115.6 ,115.6,,compensation
A,CP_MEUR,L,D1,SK,2015,289.7 ,289.7,,compensation
A,CP_MEUR,L,P1,AT,2015,43531.2 ,43531.2,,output
A,CP_MEUR,L,P1,BE,2015,47166.5 ,47166.5,,output
A,CP_MEUR,L,P1,BG,2015,5115.8 ,5115.8,,output
A,CP_MEUR,L,P1,CZ,2015,27389.8 ,27389.8,,output
A,CP_MEUR,L,P1,DE,2015,403633.0 ,403633.0,,output
A,CP_MEUR,L,P1,EE,2015,3001.9 ,3001.9,,output
A,CP_MEUR,L,P1,ES,2015,137033.0 ,137033.0,,output
A,CP_MEUR,L,P1,FI,2015,31332.0 ,31332.0,,output
A,CP_MEUR,L,P1,FR,2015,329660.7 ,329660.7,,output
A,CP_MEUR,L,P1,HU,2015,11227.8 ,11227.8,,output
A,CP_MEUR,L,P1,IT,2015,234604.6 ,234604.6,,output
A,CP_MEUR,L,P1,LV,2015,2934.2 ,2934.2,,output
A,CP_MEUR,L,P1,NL,2015,80626.0 ,80626.0,,output
A,CP_MEUR,L,P1,NO,2015,46380.6 ,46380.6,,output
A,CP_MEUR,L,P1,PL,2015,36932.7 ,36932.7,,output
A,CP_MEUR,L,P1,PT,2015,21509.7 ,21509.7,,output
A,CP_MEUR,L,P1,RO,2015,17364.2 ,17364.2,,output
A,CP_MEUR,L,P1,SE,2015,63564.9 ,63564.9,,output
A,CP_MEUR,L,P1,SI,2015,3044.4 ,3044.4,,output
A,CP_MEUR,L,P1,SK,2015,9112.3 ,9112.3,,output
A,CP_MEUR,M,B1G,AT,2015,16029.9 ,16029.9,,gross_value_added
A,CP_MEUR,M,B1G,BE,2015,36380.5 ,36380.5,,gross_value_added
A,CP_MEUR,M,B1G,BG,2015,1623.2 ,1623.2,,gross_value_added
A,CP_MEUR,M,B1G,CZ,2015,7543.5 ,7543.5,,gross_value_added
A,CP_MEUR,M,B1G,DE,2015,177754.0 ,177754.0,,gross_value_added
A,CP_MEUR,M,B1G,EE,2015,901.8 ,901.8,,gross_value_added
A,CP_MEUR,M,B1G,ES,2015,45368.0 ,45368.0,,gross_value_added
A,CP_MEUR,M,B1G,FI,2015,9164.0 ,9164.0,,gross_value_added
A,CP_MEUR,M,B1G,FR,2015,160030.6 ,160030.6,,gross_value_added
A,CP_MEUR,M,B1G,HU,2015,5395.0 ,5395.0,,gross_value_added
A,CP_MEUR,M,B1G,IT,2015,96562.7 ,96562.7,,gross_value_added
A,CP_MEUR,M,B1G,LV,2015,962.1 ,962.1,,gross_value_added
A,CP_MEUR,M,B1G,NL,2015,54992.0 ,54992.0,,gross_value_added
A,CP_MEUR,M,B1G,NO,2015,14332.8 ,14332.8,,gross_value_added
A,CP_MEUR,M,B1G,PL,2015,21954.8 ,21954.8,,gross_value_added
A,CP_MEUR,M,B1G,PT,2015,5780.5 ,5780.5,,gross_value_added
A,CP_MEUR,M,B1G,RO,2015,7959.8 ,7959.8,,gross_value_added
A,CP_MEUR,M,B1G,SE,2015,29865.0 ,29865.0,,gross_value_added
A,CP_MEUR,M,B1G,SI,2015,2303.0 ,2303.0,,gross_value_added
A,CP_MEUR,M,B1G,SK,2015,5053.3 ,5053.3,,gross_value_added
A,CP_MEUR,M,B2A3N,AT,2015,4502.0 ,4502.0,,net_operating_surplus_mixed_income
A,CP_MEUR,M,B2A3N,BE,2015,20773.9 ,20773.9,,net_operating_surplus_mixed_income
A,CP_MEUR,M,B2A3N,BG,2015,562.3 ,562.3,,net_operating_surplus_mixed_income
A,CP_MEUR,M,B2A3N,CZ,2015,2289.9 ,2289.9,,net_operating_surplus_mixed_income
A,CP_MEUR,M,B2A3N,DE,2015,46930.0 ,46930.0,,net_operating_surplus_mixed_income
A,CP_MEUR,M,B2A3N,EE,2015,202.4 ,202.4,,net_operating_surplus_mixed_income
A,CP_MEUR,M,B2A3N,ES,2015,8795.0 ,8795.0,,net_operating_surplus_mixed_income
A,CP_MEUR,M,B2A3N,FI,2015,1522.0 ,1522.0,,net_operating_surplus_mixed_income
A,CP_MEUR,M,B2A3N,FR,2015,21502.6 ,21502.6,,net_operating_surplus_mixed_income
A,CP_MEUR,M,B2A3N,HU,2015,1608.4 ,1608.4,,net_operating_surplus_mixed_income
A,CP_MEUR,M,B2A3N,IT,2015,55893.9 ,55893.9,,net_operating_surplus_mixed_income
A,CP_MEUR,M,B2A3N,LV,2015,254.5 ,254.5,,net_operating_surplus_mixed_income
A,CP_MEUR,M,B2A3N,NL,2015,18753.0 ,18753.0,,net_operating_surplus_mixed_income
A,CP_MEUR,M,B2A3N,NO,2015,3092.3 ,3092.3,,net_operating_surplus_mixed_income
A,CP_MEUR,M,B2A3N,PL,2015,13178.9 ,13178.9,,net_operating_surplus_mixed_income
A,CP_MEUR,M,B2A3N,PT,2015,899.8 ,899.8,,net_operating_surplus_mixed_income
A,CP_MEUR,M,B2A3N,RO,2015,4791.4 ,4791.4,,net_operating_surplus_mixed_income
A,CP_MEUR,M,B2A3N,SE,2015,4125.5 ,4125.5,,net_operating_surplus_mixed_income
A,CP_MEUR,M,B2A3N,SI,2015,669.3 ,669.3,,net_operating_surplus_mixed_income
A,CP_MEUR,M,B2A3N,SK,2015,3152.6 ,3152.6,,net_operating_surplus_mixed_income
A,CP_MEUR,M,D1,AT,2015,9044.8 ,9044.8,,compensation
A,CP_MEUR,M,D1,BE,2015,11223.2 ,11223.2,,compensation
A,CP_MEUR,M,D1,BG,2015,923.0 ,923.0,,compensation
A,CP_MEUR,M,D1,CZ,2015,3863.3 ,3863.3,,compensation
A,CP_MEUR,M,D1,DE,2015,114897.0 ,114897.0,,compensation
A,CP_MEUR,M,D1,EE,2015,511.4 ,511.4,,compensation
A,CP_MEUR,M,D1,ES,2015,27947.0 ,27947.0,,compensation
A,CP_MEUR,M,D1,FI,2015,6401.0 ,6401.0,,compensation
A,CP_MEUR,M,D1,FR,2015,105823.5 ,105823.5,,compensation
A,CP_MEUR,M,D1,HU,2015,3033.9 ,3033.9,,compensation
A,CP_MEUR,M,D1,IT,2015,26504.3 ,26504.3,,compensation
A,CP_MEUR,M,D1,LV,2015,560.1 ,560.1,,compensation
A,CP_MEUR,M,D1,NL,2015,32640.0 ,32640.0,,compensation
A,CP_MEUR,M,D1,NO,2015,10004.6 ,10004.6,,compensation
A,CP_MEUR,M,D1,PL,2015,7202.3 ,7202.3,,compensation
A,CP_MEUR,M,D1,PT,2015,3919.5 ,3919.5,,compensation
A,CP_MEUR,M,D1,RO,2015,2546.0 ,2546.0,,compensation
A,CP_MEUR,M,D1,SE,2015,17527.0 ,17527.0,,compensation
A,CP_MEUR,M,D1,SI,2015,1265.2 ,1265.2,,compensation
A,CP_MEUR,M,D1,SK,2015,1641.7 ,1641.7,,compensation
A,CP_MEUR,M,P1,AT,2015,32370.3 ,32370.3,,output
A,CP_MEUR,M,P1,BE,2015,75257.9 ,75257.9,,output
A,CP_MEUR,M,P1,BG,2015,3493.3 ,3493.3,,output
A,CP_MEUR,M,P1,CZ,2015,18377.1 ,18377.1,,output
A,CP_MEUR,M,P1,DE,2015,327893.0 ,327893.0,,output
A,CP_MEUR,M,P1,EE,2015,1692.8 ,1692.8,,output
A,CP_MEUR,M,P1,ES,2015,86146.0 ,86146.0,,output
A,CP_MEUR,M,P1,FI,2015,16251.0 ,16251.0,,output
A,CP_MEUR,M,P1,FR,2015,298072.9 ,298072.9,,output
A,CP_MEUR,M,P1,HU,2015,8687.5 ,8687.5,,output
A,CP_MEUR,M,P1,IT,2015,165051.7 ,165051.7,,output
A,CP_MEUR,M,P1,LV,2015,1652.0 ,1652.0,,output
A,CP_MEUR,M,P1,NL,2015,106986.0 ,106986.0,,output
A,CP_MEUR,M,P1,NO,2015,26239.6 ,26239.6,,output
A,CP_MEUR,M,P1,PL,2015,36133.7 ,36133.7,,output
A,CP_MEUR,M,P1,PT,2015,12114.5 ,12114.5,,output
A,CP_MEUR,M,P1,RO,2015,16633.5 ,16633.5,,output
A,CP_MEUR,M,P1,SE,2015,54222.6 ,54222.6,,output
A,CP_MEUR,M,P1,SI,2015,4503.8 ,4503.8,,output
A,CP_MEUR,M,P1,SK,2015,9085.9 ,9085.9,,output
A,CP_MEUR,N,B1G,AT,2015,12923.7 ,12923.7,,gross_value_added
A,CP_MEUR,N,B1G,BE,2015,17530.2 ,17530.2,,gross_value_added
A,CP_MEUR,N,B1G,BG,2015,861.7 ,861.7,,gross_value_added
A,CP_MEUR,N,B1G,CZ,2015,2621.6 ,2621.6,,gross_value_added
A,CP_MEUR,N,B1G,DE,2015,135987.0 ,135987.0,,gross_value_added
A,CP_MEUR,N,B1G,EE,2015,637.9 ,637.9,,gross_value_added
A,CP_MEUR,N,B1G,ES,2015,38919.0 ,38919.0,,gross_value_added
A,CP_MEUR,N,B1G,FI,2015,5927.0 ,5927.0,,gross_value_added
A,CP_MEUR,N,B1G,FR,2015,104566.5 ,104566.5,,gross_value_added
A,CP_MEUR,N,B1G,HU,2015,3262.3 ,3262.3,,gross_value_added
A,CP_MEUR,N,B1G,IT,2015,48620.3 ,48620.3,,gross_value_added
A,CP_MEUR,N,B1G,LV,2015,609.8 ,609.8,,gross_value_added
A,CP_MEUR,N,B1G,NL,2015,40896.0 ,40896.0,,gross_value_added
A,CP_MEUR,N,B1G,NO,2015,8731.0 ,8731.0,,gross_value_added
A,CP_MEUR,N,B1G,PL,2015,9582.0 ,9582.0,,gross_value_added
A,CP_MEUR,N,B1G,PT,2015,5422.9 ,5422.9,,gross_value_added
A,CP_MEUR,N,B1G,RO,2015,3356.3 ,3356.3,,gross_value_added
A,CP_MEUR,N,B1G,SE,2015,13840.6 ,13840.6,,gross_value_added
A,CP_MEUR,N,B1G,SI,2015,982.6 ,982.6,,gross_value_added
A,CP_MEUR,N,B1G,SK,2015,2759.2 ,2759.2,,gross_value_added
A,CP_MEUR,N,B2A3N,AT,2015,1587.8 ,1587.8,,net_operating_surplus_mixed_income
A,CP_MEUR,N,B2A3N,BE,2015,2606.6 ,2606.6,,net_operating_surplus_mixed_income
A,CP_MEUR,N,B2A3N,BG,2015,102.5 ,102.5,,net_operating_surplus_mixed_income
A,CP_MEUR,N,B2A3N,CZ,2015,531.5 ,531.5,,net_operating_surplus_mixed_income
A,CP_MEUR,N,B2A3N,DE,2015,18534.0 ,18534.0,,net_operating_surplus_mixed_income
A,CP_MEUR,N,B2A3N,EE,2015,161.9 ,161.9,,net_operating_surplus_mixed_income
A,CP_MEUR,N,B2A3N,ES,2015,7814.0 ,7814.0,,net_operating_surplus_mixed_income
A,CP_MEUR,N,B2A3N,FI,2015,829.0 ,829.0,,net_operating_surplus_mixed_income
A,CP_MEUR,N,B2A3N,FR,2015,13004.3 ,13004.3,,net_operating_surplus_mixed_income
A,CP_MEUR,N,B2A3N,HU,2015,686.3 ,686.3,,net_operating_surplus_mixed_income
A,CP_MEUR,N,B2A3N,IT,2015,13583.1 ,13583.1,,net_operating_surplus_mixed_income
A,CP_MEUR,N,B2A3N,LV,2015,138.3 ,138.3,,net_operating_surplus_mixed_income
A,CP_MEUR,N,B2A3N,NL,2015,10279.0 ,10279.0,,net_operating_surplus_mixed_income
A,CP_MEUR,N,B2A3N,NO,2015,1899.4 ,1899.4,,net_operating_surplus_mixed_income
A,CP_MEUR,N,B2A3N,PL,2015,3656.2 ,3656.2,,net_operating_surplus_mixed_income
A,CP_MEUR,N,B2A3N,PT,2015,1144.8 ,1144.8,,net_operating_surplus_mixed_income
A,CP_MEUR,N,B2A3N,RO,2015,914.2 ,914.2,,net_operating_surplus_mixed_income
A,CP_MEUR,N,B2A3N,SE,2015,1045.2 ,1045.2,,net_operating_surplus_mixed_income
A,CP_MEUR,N,B2A3N,SI,2015,63.4 ,63.4,,net_operating_surplus_mixed_income
A,CP_MEUR,N,B2A3N,SK,2015,1671.6 ,1671.6,,net_operating_surplus_mixed_income
A,CP_MEUR,N,D1,AT,2015,6989.6 ,6989.6,,compensation
A,CP_MEUR,N,D1,BE,2015,13383.5 ,13383.5,,compensation
A,CP_MEUR,N,D1,BG,2015,597.5 ,597.5,,compensation
A,CP_MEUR,N,D1,CZ,2015,1575.0 ,1575.0,,compensation
A,CP_MEUR,N,D1,DE,2015,71562.0 ,71562.0,,compensation
A,CP_MEUR,N,D1,EE,2015,385.8 ,385.8,,compensation
A,CP_MEUR,N,D1,ES,2015,25957.0 ,25957.0,,compensation
A,CP_MEUR,N,D1,FI,2015,4550.0 ,4550.0,,compensation
A,CP_MEUR,N,D1,FR,2015,72784.5 ,72784.5,,compensation
A,CP_MEUR,N,D1,HU,2015,2120.1 ,2120.1,,compensation
A,CP_MEUR,N,D1,IT,2015,27325.9 ,27325.9,,compensation
A,CP_MEUR,N,D1,LV,2015,370.8 ,370.8,,compensation
A,CP_MEUR,N,D1,NL,2015,24654.0 ,24654.0,,compensation
A,CP_MEUR,N,D1,NO,2015,5901.9 ,5901.9,,compensation
A,CP_MEUR,N,D1,PL,2015,5547.0 ,5547.0,,compensation
A,CP_MEUR,N,D1,PT,2015,3570.0 ,3570.0,,compensation
A,CP_MEUR,N,D1,RO,2015,1896.0 ,1896.0,,compensation
A,CP_MEUR,N,D1,SE,2015,10162.1 ,10162.1,,compensation
A,CP_MEUR,N,D1,SI,2015,824.1 ,824.1,,compensation
A,CP_MEUR,N,D1,SK,2015,926.7 ,926.7,,compensation
A,CP_MEUR,N,P1,AT,2015,19964.0 ,19964.0,,output
A,CP_MEUR,N,P1,BE,2015,35593.6 ,35593.6,,output
A,CP_MEUR,N,P1,BG,2015,2049.9 ,2049.9,,output
A,CP_MEUR,N,P1,CZ,2015,7277.7 ,7277.7,,output
A,CP_MEUR,N,P1,DE,2015,229129.0 ,229129.0,,output
A,CP_MEUR,N,P1,EE,2015,1173.3 ,1173.3,,output
A,CP_MEUR,N,P1,ES,2015,69927.0 ,69927.0,,output
A,CP_MEUR,N,P1,FI,2015,10006.0 ,10006.0,,output
A,CP_MEUR,N,P1,FR,2015,193318.1 ,193318.1,,output
A,CP_MEUR,N,P1,HU,2015,5671.3 ,5671.3,,output
A,CP_MEUR,N,P1,IT,2015,109197.0 ,109197.0,,output
A,CP_MEUR,N,P1,LV,2015,1278.9 ,1278.9,,output
A,CP_MEUR,N,P1,NL,2015,67684.0 ,67684.0,,output
A,CP_MEUR,N,P1,NO,2015,17896.1 ,17896.1,,output
A,CP_MEUR,N,P1,PL,2015,18347.3 ,18347.3,,output
A,CP_MEUR,N,P1,PT,2015,8656.3 ,8656.3,,output
A,CP_MEUR,N,P1,RO,2015,6683.3 ,6683.3,,output
A,CP_MEUR,N,P1,SE,2015,25465.1 ,25465.1,,output
A,CP_MEUR,N,P1,SI,2015,1695.2 ,1695.2,,output
A,CP_MEUR,N,P1,SK,2015,5275.2 ,5275.2,,output
A,CP_MEUR,B,B1G,AT,2016,1068.2 ,1068.2,,gross_value_added
A,CP_MEUR,B,B1G,BE,2016,238.1 ,238.1,,gross_value_added
A,CP_MEUR,B,B1G,BG,2016,951.5 ,951.5,,gross_value_added
A,CP_MEUR,B,B1G,CZ,2016,1167.1 ,1167.1,,gross_value_added
A,CP_MEUR,B,B1G,DE,2016,4101.0 ,4101.0,,gross_value_added
A,CP_MEUR,B,B1G,EE,2016,204.2 ,204.2,,gross_value_added
A,CP_MEUR,B,B1G,ES,2016,1486.0 ,1486.0,,gross_value_added
A,CP_MEUR,B,B1G,FI,2016,636.0 ,636.0,,gross_value_added
A,CP_MEUR,B,B1G,FR,2016,2042.6 ,2042.6,,gross_value_added
A,CP_MEUR,B,B1G,HU,2016,143.0 ,143.0,,gross_value_added
A,CP_MEUR,B,B1G,IT,2016,3452.0 ,3452.0,,gross_value_added
A,CP_MEUR,B,B1G,LV,2016,107.8 ,107.8,,gross_value_added
A,CP_MEUR,B,B1G,NL,2016,8128.0 ,8128.0,,gross_value_added
A,CP_MEUR,B,B1G,NO,2016,45752.5 ,45752.5,,gross_value_added
A,CP_MEUR,B,B1G,PL,2016,6209.7 ,6209.7,,gross_value_added
A,CP_MEUR,B,B1G,PT,2016,533.4 ,533.4,,gross_value_added
A,CP_MEUR,B,B1G,RO,2016,1119.3 ,1119.3,,gross_value_added
A,CP_MEUR,B,B1G,SE,2016,1766.7 ,1766.7,,gross_value_added
A,CP_MEUR,B,B1G,SI,2016,130.1 ,130.1,,gross_value_added
A,CP_MEUR,B,B1G,SK,2016,174.6 ,174.6,,gross_value_added
A,CP_MEUR,B,B2A3N,AT,2016,421.4 ,421.4,,net_operating_surplus_mixed_income
A,CP_MEUR,B,B2A3N,BE,2016,5.1 ,5.1,,net_operating_surplus_mixed_income
A,CP_MEUR,B,B2A3N,BG,2016,371.1 ,371.1,,net_operating_surplus_mixed_income
A,CP_MEUR,B,B2A3N,CZ,2016,69.8 ,69.8,,net_operating_surplus_mixed_income
A,CP_MEUR,B,B2A3N,DE,2016,630.0 ,630.0,,net_operating_surplus_mixed_income
A,CP_MEUR,B,B2A3N,EE,2016,58.6 ,58.6,,net_operating_surplus_mixed_income
A,CP_MEUR,B,B2A3N,ES,2016,-11.0 ,-11.0,,net_operating_surplus_mixed_income
A,CP_MEUR,B,B2A3N,FI,2016,44.0 ,44.0,,net_operating_surplus_mixed_income
A,CP_MEUR,B,B2A3N,FR,2016,-376.6 ,-376.6,,net_operating_surplus_mixed_income
A,CP_MEUR,B,B2A3N,HU,2016,0.5 ,0.5,,net_operating_surplus_mixed_income
A,CP_MEUR,B,B2A3N,IT,2016,-135.1 ,-135.1,,net_operating_surplus_mixed_income
A,CP_MEUR,B,B2A3N,LV,2016,42.3 ,42.3,,net_operating_surplus_mixed_income
A,CP_MEUR,B,B2A3N,NL,2016,4718.0 ,4718.0,,net_operating_surplus_mixed_income
A,CP_MEUR,B,B2A3N,NO,2016,20940.6 ,20940.6,,net_operating_surplus_mixed_income
A,CP_MEUR,B,B2A3N,PL,2016,1318.5 ,1318.5,,net_operating_surplus_mixed_income
A,CP_MEUR,B,B2A3N,PT,2016,173.5 ,173.5,,net_operating_surplus_mixed_income
A,CP_MEUR,B,B2A3N,RO,2016,-1034.4 ,-1034.4,,net_operating_surplus_mixed_income
A,CP_MEUR,B,B2A3N,SE,2016,156.5 ,156.5,,net_operating_surplus_mixed_income
A,CP_MEUR,B,B2A3N,SI,2016,6.9 ,6.9,,net_operating_surplus_mixed_income
A,CP_MEUR,B,B2A3N,SK,2016,30.9 ,30.9,,net_operating_surplus_mixed_income
A,CP_MEUR,B,D1,AT,2016,355.7 ,355.7,,compensation
A,CP_MEUR,B,D1,BE,2016,146.6 ,146.6,,compensation
A,CP_MEUR,B,D1,BG,2016,410.4 ,410.4,,compensation
A,CP_MEUR,B,D1,CZ,2016,667.6 ,667.6,,compensation
A,CP_MEUR,B,D1,DE,2016,3361.0 ,3361.0,,compensation
A,CP_MEUR,B,D1,EE,2016,94.5 ,94.5,,compensation
A,CP_MEUR,B,D1,ES,2016,816.0 ,816.0,,compensation
A,CP_MEUR,B,D1,FI,2016,318.0 ,318.0,,compensation
A,CP_MEUR,B,D1,FR,2016,1050.7 ,1050.7,,compensation
A,CP_MEUR,B,D1,HU,2016,64.3 ,64.3,,compensation
A,CP_MEUR,B,D1,IT,2016,1165.3 ,1165.3,,compensation
A,CP_MEUR,B,D1,LV,2016,43.0 ,43.0,,compensation
A,CP_MEUR,B,D1,NL,2016,1260.0 ,1260.0,,compensation
A,CP_MEUR,B,D1,NO,2016,7679.2 ,7679.2,,compensation
A,CP_MEUR,B,D1,PL,2016,3319.6 ,3319.6,,compensation
A,CP_MEUR,B,D1,PT,2016,215.0 ,215.0,,compensation
A,CP_MEUR,B,D1,RO,2016,881.4 ,881.4,,compensation
A,CP_MEUR,B,D1,SE,2016,539.0 ,539.0,,compensation
A,CP_MEUR,B,D1,SI,2016,82.8 ,82.8,,compensation
A,CP_MEUR,B,D1,SK,2016,99.3 ,99.3,,compensation
A,CP_MEUR,B,P1,AT,2016,2403.7 ,2403.7,,output
A,CP_MEUR,B,P1,BE,2016,666.8 ,666.8,,output
A,CP_MEUR,B,P1,BG,2016,1594.5 ,1594.5,,output
A,CP_MEUR,B,P1,CZ,2016,2332.0 ,2332.0,,output
A,CP_MEUR,B,P1,DE,2016,10698.0 ,10698.0,,output
A,CP_MEUR,B,P1,EE,2016,384.2 ,384.2,,output
A,CP_MEUR,B,P1,ES,2016,3694.0 ,3694.0,,output
A,CP_MEUR,B,P1,FI,2016,1973.0 ,1973.0,,output
A,CP_MEUR,B,P1,FR,2016,5055.6 ,5055.6,,output
A,CP_MEUR,B,P1,HU,2016,281.9 ,281.9,,output
A,CP_MEUR,B,P1,IT,2016,7651.2 ,7651.2,,output
A,CP_MEUR,B,P1,LV,2016,234.7 ,234.7,,output
A,CP_MEUR,B,P1,NL,2016,13565.0 ,13565.0,,output
A,CP_MEUR,B,P1,NO,2016,60219.9 ,60219.9,,output
A,CP_MEUR,B,P1,PL,2016,11051.8 ,11051.8,,output
A,CP_MEUR,B,P1,PT,2016,1121.1 ,1121.1,,output
A,CP_MEUR,B,P1,RO,2016,2332.2 ,2332.2,,output
A,CP_MEUR,B,P1,SE,2016,4238.6 ,4238.6,,output
A,CP_MEUR,B,P1,SI,2016,280.7 ,280.7,,output
A,CP_MEUR,B,P1,SK,2016,345.2 ,345.2,,output
A,CP_MEUR,C,B1G,AT,2016,62839.8 ,62839.8,,gross_value_added
A,CP_MEUR,C,B1G,BE,2016,52480.4 ,52480.4,,gross_value_added
A,CP_MEUR,C,B1G,BG,2016,7021.2 ,7021.2,,gross_value_added
A,CP_MEUR,C,B1G,CZ,2016,42567.0 ,42567.0,,gross_value_added
A,CP_MEUR,C,B1G,DE,2016,652210.0 ,652210.0,,gross_value_added
A,CP_MEUR,C,B1G,EE,2016,3020.0 ,3020.0,,gross_value_added
A,CP_MEUR,C,B1G,ES,2016,122996.0 ,122996.0,,gross_value_added
A,CP_MEUR,C,B1G,FI,2016,31813.0 ,31813.0,,gross_value_added
A,CP_MEUR,C,B1G,FR,2016,226869.6 ,226869.6,,gross_value_added
A,CP_MEUR,C,B1G,HU,2016,22802.8 ,22802.8,,gross_value_added
A,CP_MEUR,C,B1G,IT,2016,249329.6 ,249329.6,,gross_value_added
A,CP_MEUR,C,B1G,LV,2016,2581.9 ,2581.9,,gross_value_added
A,CP_MEUR,C,B1G,NL,2016,73940.0 ,73940.0,,gross_value_added
A,CP_MEUR,C,B1G,NO,2016,22659.0 ,22659.0,,gross_value_added
A,CP_MEUR,C,B1G,PL,2016,78155.5 ,78155.5,,gross_value_added
A,CP_MEUR,C,B1G,PT,2016,22819.6 ,22819.6,,gross_value_added
A,CP_MEUR,C,B1G,RO,2016,33707.6 ,33707.6,,gross_value_added
A,CP_MEUR,C,B1G,SE,2016,62685.3 ,62685.3,,gross_value_added
A,CP_MEUR,C,B1G,SI,2016,8095.0 ,8095.0,,gross_value_added
A,CP_MEUR,C,B1G,SK,2016,14502.1 ,14502.1,,gross_value_added
A,CP_MEUR,C,B2A3N,AT,2016,15936.5 ,15936.5,,net_operating_surplus_mixed_income
A,CP_MEUR,C,B2A3N,BE,2016,9044.7 ,9044.7,,net_operating_surplus_mixed_income
A,CP_MEUR,C,B2A3N,BG,2016,2238.7 ,2238.7,,net_operating_surplus_mixed_income
A,CP_MEUR,C,B2A3N,CZ,2016,13522.3 ,13522.3,,net_operating_surplus_mixed_income
A,CP_MEUR,C,B2A3N,DE,2016,135388.0 ,135388.0,,net_operating_surplus_mixed_income
A,CP_MEUR,C,B2A3N,EE,2016,640.6 ,640.6,,net_operating_surplus_mixed_income
A,CP_MEUR,C,B2A3N,ES,2016,36302.0 ,36302.0,,net_operating_surplus_mixed_income
A,CP_MEUR,C,B2A3N,FI,2016,6826.0 ,6826.0,,net_operating_surplus_mixed_income
A,CP_MEUR,C,B2A3N,FR,2016,34543.4 ,34543.4,,net_operating_surplus_mixed_income
A,CP_MEUR,C,B2A3N,HU,2016,7405.6 ,7405.6,,net_operating_surplus_mixed_income
A,CP_MEUR,C,B2A3N,IT,2016,51021.4 ,51021.4,,net_operating_surplus_mixed_income
A,CP_MEUR,C,B2A3N,LV,2016,607.2 ,607.2,,net_operating_surplus_mixed_income
A,CP_MEUR,C,B2A3N,NL,2016,22771.0 ,22771.0,,net_operating_surplus_mixed_income
A,CP_MEUR,C,B2A3N,NO,2016,3117.3 ,3117.3,,net_operating_surplus_mixed_income
A,CP_MEUR,C,B2A3N,PL,2016,30825.1 ,30825.1,,net_operating_surplus_mixed_income
A,CP_MEUR,C,B2A3N,PT,2016,6909.4 ,6909.4,,net_operating_surplus_mixed_income
A,CP_MEUR,C,B2A3N,RO,2016,13645.4 ,13645.4,,net_operating_surplus_mixed_income
A,CP_MEUR,C,B2A3N,SE,2016,14067.2 ,14067.2,,net_operating_surplus_mixed_income
A,CP_MEUR,C,B2A3N,SI,2016,1467.4 ,1467.4,,net_operating_surplus_mixed_income
A,CP_MEUR,C,B2A3N,SK,2016,3555.5 ,3555.5,,net_operating_surplus_mixed_income
A,CP_MEUR,C,D1,AT,2016,33397.6 ,33397.6,,compensation
A,CP_MEUR,C,D1,BE,2016,30729.5 ,30729.5,,compensation
A,CP_MEUR,C,D1,BG,2016,3451.4 ,3451.4,,compensation
A,CP_MEUR,C,D1,CZ,2016,20543.3 ,20543.3,,compensation
A,CP_MEUR,C,D1,DE,2016,406928.0 ,406928.0,,compensation
A,CP_MEUR,C,D1,EE,2016,1900.5 ,1900.5,,compensation
A,CP_MEUR,C,D1,ES,2016,66493.0 ,66493.0,,compensation
A,CP_MEUR,C,D1,FI,2016,17156.0 ,17156.0,,compensation
A,CP_MEUR,C,D1,FR,2016,137874.5 ,137874.5,,compensation
A,CP_MEUR,C,D1,HU,2016,10522.5 ,10522.5,,compensation
A,CP_MEUR,C,D1,IT,2016,137680.2 ,137680.2,,compensation
A,CP_MEUR,C,D1,LV,2016,1438.0 ,1438.0,,compensation
A,CP_MEUR,C,D1,NL,2016,37808.0 ,37808.0,,compensation
A,CP_MEUR,C,D1,NO,2016,15343.7 ,15343.7,,compensation
A,CP_MEUR,C,D1,PL,2016,35504.2 ,35504.2,,compensation
A,CP_MEUR,C,D1,PT,2016,11982.5 ,11982.5,,compensation
A,CP_MEUR,C,D1,RO,2016,12407.4 ,12407.4,,compensation
A,CP_MEUR,C,D1,SE,2016,28993.0 ,28993.0,,compensation
A,CP_MEUR,C,D1,SI,2016,4770.6 ,4770.6,,compensation
A,CP_MEUR,C,D1,SK,2016,7502.2 ,7502.2,,compensation
A,CP_MEUR,C,P1,AT,2016,177690.6 ,177690.6,,output
A,CP_MEUR,C,P1,BE,2016,212473.5 ,212473.5,,output
A,CP_MEUR,C,P1,BG,2016,27704.3 ,27704.3,,output
A,CP_MEUR,C,P1,CZ,2016,155262.6 ,155262.6,,output
A,CP_MEUR,C,P1,DE,2016,1829134.0 ,1829134.0,,output
A,CP_MEUR,C,P1,EE,2016,11405.2 ,11405.2,,output
A,CP_MEUR,C,P1,ES,2016,464817.0 ,464817.0,,output
A,CP_MEUR,C,P1,FI,2016,105258.0 ,105258.0,,output
A,CP_MEUR,C,P1,FR,2016,763015.7 ,763015.7,,output
A,CP_MEUR,C,P1,HU,2016,91843.7 ,91843.7,,output
A,CP_MEUR,C,P1,IT,2016,907724.4 ,907724.4,,output
A,CP_MEUR,C,P1,LV,2016,8062.5 ,8062.5,,output
A,CP_MEUR,C,P1,NL,2016,304514.0 ,304514.0,,output
A,CP_MEUR,C,P1,NO,2016,80308.8 ,80308.8,,output
A,CP_MEUR,C,P1,PL,2016,275777.4 ,275777.4,,output
A,CP_MEUR,C,P1,PT,2016,82201.1 ,82201.1,,output
A,CP_MEUR,C,P1,RO,2016,91859.1 ,91859.1,,output
A,CP_MEUR,C,P1,SE,2016,185724.3 ,185724.3,,output
A,CP_MEUR,C,P1,SI,2016,24610.3 ,24610.3,,output
A,CP_MEUR,C,P1,SK,2016,69057.7 ,69057.7,,output
A,CP_MEUR,D,B1G,AT,2016,5334.9 ,5334.9,,gross_value_added
A,CP_MEUR,D,B1G,BE,2016,6130.7 ,6130.7,,gross_value_added
A,CP_MEUR,D,B1G,BG,2016,1822.9 ,1822.9,,gross_value_added
A,CP_MEUR,D,B1G,CZ,2016,5128.0 ,5128.0,,gross_value_added
A,CP_MEUR,D,B1G,DE,2016,29276.0 ,29276.0,,gross_value_added
A,CP_MEUR,D,B1G,EE,2016,544.1 ,544.1,,gross_value_added
A,CP_MEUR,D,B1G,ES,2016,24621.0 ,24621.0,,gross_value_added
A,CP_MEUR,D,B1G,FI,2016,3892.0 ,3892.0,,gross_value_added
A,CP_MEUR,D,B1G,FR,2016,28036.7 ,28036.7,,gross_value_added
A,CP_MEUR,D,B1G,HU,2016,2229.6 ,2229.6,,gross_value_added
A,CP_MEUR,D,B1G,IT,2016,18623.8 ,18623.8,,gross_value_added
A,CP_MEUR,D,B1G,LV,2016,639.3 ,639.3,,gross_value_added
A,CP_MEUR,D,B1G,NL,2016,7735.0 ,7735.0,,gross_value_added
A,CP_MEUR,D,B1G,NO,2016,6478.6 ,6478.6,,gross_value_added
A,CP_MEUR,D,B1G,PL,2016,11740.0 ,11740.0,,gross_value_added
A,CP_MEUR,D,B1G,PT,2016,4650.7 ,4650.7,,gross_value_added
A,CP_MEUR,D,B1G,RO,2016,4122.8 ,4122.8,,gross_value_added
A,CP_MEUR,D,B1G,SE,2016,9318.4 ,9318.4,,gross_value_added
A,CP_MEUR,D,B1G,SI,2016,727.8 ,727.8,,gross_value_added
A,CP_MEUR,D,B1G,SK,2016,2145.7 ,2145.7,,gross_value_added
A,CP_MEUR,D,B2A3N,AT,2016,1002.8 ,1002.8,,net_operating_surplus_mixed_income
A,CP_MEUR,D,B2A3N,BE,2016,1902.5 ,1902.5,,net_operating_surplus_mixed_income
A,CP_MEUR,D,B2A3N,BG,2016,735.5 ,735.5,,net_operating_surplus_mixed_income
A,CP_MEUR,D,B2A3N,CZ,2016,2079.4 ,2079.4,,net_operating_surplus_mixed_income
A,CP_MEUR,D,B2A3N,DE,2016,21080.0 ,21080.0,,net_operating_surplus_mixed_income
A,CP_MEUR,D,B2A3N,EE,2016,237.6 ,237.6,,net_operating_surplus_mixed_income
A,CP_MEUR,D,B2A3N,ES,2016,12315.0 ,12315.0,,net_operating_surplus_mixed_income
A,CP_MEUR,D,B2A3N,FI,2016,1381.0 ,1381.0,,net_operating_surplus_mixed_income
A,CP_MEUR,D,B2A3N,FR,2016,7652.6 ,7652.6,,net_operating_surplus_mixed_income
A,CP_MEUR,D,B2A3N,HU,2016,673.6 ,673.6,,net_operating_surplus_mixed_income
A,CP_MEUR,D,B2A3N,IT,2016,5620.4 ,5620.4,,net_operating_surplus_mixed_income
A,CP_MEUR,D,B2A3N,LV,2016,267.5 ,267.5,,net_operating_surplus_mixed_income
A,CP_MEUR,D,B2A3N,NL,2016,1853.0 ,1853.0,,net_operating_surplus_mixed_income
A,CP_MEUR,D,B2A3N,NO,2016,2910.4 ,2910.4,,net_operating_surplus_mixed_income
A,CP_MEUR,D,B2A3N,PL,2016,2851.3 ,2851.3,,net_operating_surplus_mixed_income
A,CP_MEUR,D,B2A3N,PT,2016,2727.4 ,2727.4,,net_operating_surplus_mixed_income
A,CP_MEUR,D,B2A3N,RO,2016,1974.1 ,1974.1,,net_operating_surplus_mixed_income
A,CP_MEUR,D,B2A3N,SE,2016,2909.8 ,2909.8,,net_operating_surplus_mixed_income
A,CP_MEUR,D,B2A3N,SI,2016,79.1 ,79.1,,net_operating_surplus_mixed_income
A,CP_MEUR,D,B2A3N,SK,2016,-69.1 ,-69.1,,net_operating_surplus_mixed_income
A,CP_MEUR,D,D1,AT,2016,2272.0 ,2272.0,,compensation
A,CP_MEUR,D,D1,BE,2016,2044.2 ,2044.2,,compensation
A,CP_MEUR,D,D1,BG,2016,502.4 ,502.4,,compensation
A,CP_MEUR,D,D1,CZ,2016,860.1 ,860.1,,compensation
A,CP_MEUR,D,D1,DE,2016,18753.0 ,18753.0,,compensation
A,CP_MEUR,D,D1,EE,2016,124.0 ,124.0,,compensation
A,CP_MEUR,D,D1,ES,2016,2642.0 ,2642.0,,compensation
A,CP_MEUR,D,D1,FI,2016,822.0 ,822.0,,compensation
A,CP_MEUR,D,D1,FR,2016,12898.9 ,12898.9,,compensation
A,CP_MEUR,D,D1,HU,2016,681.1 ,681.1,,compensation
A,CP_MEUR,D,D1,IT,2016,4987.5 ,4987.5,,compensation
A,CP_MEUR,D,D1,LV,2016,217.2 ,217.2,,compensation
A,CP_MEUR,D,D1,NL,2016,1995.0 ,1995.0,,compensation
A,CP_MEUR,D,D1,NO,2016,1579.7 ,1579.7,,compensation
A,CP_MEUR,D,D1,PL,2016,2918.3 ,2918.3,,compensation
A,CP_MEUR,D,D1,PT,2016,424.2 ,424.2,,compensation
A,CP_MEUR,D,D1,RO,2016,1059.2 ,1059.2,,compensation
A,CP_MEUR,D,D1,SE,2016,1929.2 ,1929.2,,compensation
A,CP_MEUR,D,D1,SI,2016,313.6 ,313.6,,compensation
A,CP_MEUR,D,D1,SK,2016,501.6 ,501.6,,compensation
A,CP_MEUR,D,P1,AT,2016,24398.9 ,24398.9,,output
A,CP_MEUR,D,P1,BE,2016,12738.7 ,12738.7,,output
A,CP_MEUR,D,P1,BG,2016,4125.2 ,4125.2,,output
A,CP_MEUR,D,P1,CZ,2016,13662.5 ,13662.5,,output
A,CP_MEUR,D,P1,DE,2016,118737.0 ,118737.0,,output
A,CP_MEUR,D,P1,EE,2016,1283.8 ,1283.8,,output
A,CP_MEUR,D,P1,ES,2016,58733.0 ,58733.0,,output
A,CP_MEUR,D,P1,FI,2016,8821.0 ,8821.0,,output
A,CP_MEUR,D,P1,FR,2016,100073.1 ,100073.1,,output
A,CP_MEUR,D,P1,HU,2016,4748.8 ,4748.8,,output
A,CP_MEUR,D,P1,IT,2016,72843.8 ,72843.8,,output
A,CP_MEUR,D,P1,LV,2016,1830.7 ,1830.7,,output
A,CP_MEUR,D,P1,NL,2016,16386.0 ,16386.0,,output
A,CP_MEUR,D,P1,NO,2016,8345.7 ,8345.7,,output
A,CP_MEUR,D,P1,PL,2016,24214.1 ,24214.1,,output
A,CP_MEUR,D,P1,PT,2016,14980.2 ,14980.2,,output
A,CP_MEUR,D,P1,RO,2016,12859.5 ,12859.5,,output
A,CP_MEUR,D,P1,SE,2016,18056.2 ,18056.2,,output
A,CP_MEUR,D,P1,SI,2016,1674.4 ,1674.4,,output
A,CP_MEUR,D,P1,SK,2016,9891.3 ,9891.3,,output
A,CP_MEUR,E,B1G,AT,2016,3265.4 ,3265.4,,gross_value_added
A,CP_MEUR,E,B1G,BE,2016,3592.9 ,3592.9,,gross_value_added
A,CP_MEUR,E,B1G,BG,2016,482.3 ,482.3,,gross_value_added
A,CP_MEUR,E,B1G,CZ,2016,1643.7 ,1643.7,,gross_value_added
A,CP_MEUR,E,B1G,DE,2016,29915.0 ,29915.0,,gross_value_added
A,CP_MEUR,E,B1G,EE,2016,157.5 ,157.5,,gross_value_added
A,CP_MEUR,E,B1G,ES,2016,11430.0 ,11430.0,,gross_value_added
A,CP_MEUR,E,B1G,FI,2016,1768.0 ,1768.0,,gross_value_added
A,CP_MEUR,E,B1G,FR,2016,12998.7 ,12998.7,,gross_value_added
A,CP_MEUR,E,B1G,HU,2016,971.5 ,971.5,,gross_value_added
A,CP_MEUR,E,B1G,IT,2016,15836.1 ,15836.1,,gross_value_added
A,CP_MEUR,E,B1G,LV,2016,188.7 ,188.7,,gross_value_added
A,CP_MEUR,E,B1G,NL,2016,4188.0 ,4188.0,,gross_value_added
A,CP_MEUR,E,B1G,NO,2016,1987.2 ,1987.2,,gross_value_added
A,CP_MEUR,E,B1G,PL,2016,4836.1 ,4836.1,,gross_value_added
A,CP_MEUR,E,B1G,PT,2016,1720.2 ,1720.2,,gross_value_added
A,CP_MEUR,E,B1G,RO,2016,1402.5 ,1402.5,,gross_value_added
A,CP_MEUR,E,B1G,SE,2016,2479.3 ,2479.3,,gross_value_added
A,CP_MEUR,E,B1G,SI,2016,330.8 ,330.8,,gross_value_added
A,CP_MEUR,E,B1G,SK,2016,718.6 ,718.6,,gross_value_added
A,CP_MEUR,E,B2A3N,AT,2016,767.0 ,767.0,,net_operating_surplus_mixed_income
A,CP_MEUR,E,B2A3N,BE,2016,329.4 ,329.4,,net_operating_surplus_mixed_income
A,CP_MEUR,E,B2A3N,BG,2016,150.0 ,150.0,,net_operating_surplus_mixed_income
A,CP_MEUR,E,B2A3N,CZ,2016,196.2 ,196.2,,net_operating_surplus_mixed_income
A,CP_MEUR,E,B2A3N,DE,2016,4727.0 ,4727.0,,net_operating_surplus_mixed_income
A,CP_MEUR,E,B2A3N,EE,2016,20.8 ,20.8,,net_operating_surplus_mixed_income
A,CP_MEUR,E,B2A3N,ES,2016,1904.0 ,1904.0,,net_operating_surplus_mixed_income
A,CP_MEUR,E,B2A3N,FI,2016,602.0 ,602.0,,net_operating_surplus_mixed_income
A,CP_MEUR,E,B2A3N,FR,2016,658.0 ,658.0,,net_operating_surplus_mixed_income
A,CP_MEUR,E,B2A3N,HU,2016,-90.9 ,-90.9,,net_operating_surplus_mixed_income
A,CP_MEUR,E,B2A3N,IT,2016,2028.9 ,2028.9,,net_operating_surplus_mixed_income
A,CP_MEUR,E,B2A3N,LV,2016,-21.4 ,-21.4,,net_operating_surplus_mixed_income
A,CP_MEUR,E,B2A3N,NL,2016,1055.0 ,1055.0,,net_operating_surplus_mixed_income
A,CP_MEUR,E,B2A3N,NO,2016,50.5 ,50.5,,net_operating_surplus_mixed_income
A,CP_MEUR,E,B2A3N,PL,2016,1156.3 ,1156.3,,net_operating_surplus_mixed_income
A,CP_MEUR,E,B2A3N,PT,2016,458.0 ,458.0,,net_operating_surplus_mixed_income
A,CP_MEUR,E,B2A3N,RO,2016,182.3 ,182.3,,net_operating_surplus_mixed_income
A,CP_MEUR,E,B2A3N,SE,2016,-62.6 ,-62.6,,net_operating_surplus_mixed_income
A,CP_MEUR,E,B2A3N,SI,2016,-56.5 ,-56.5,,net_operating_surplus_mixed_income
A,CP_MEUR,E,B2A3N,SK,2016,-129.1 ,-129.1,,net_operating_surplus_mixed_income
A,CP_MEUR,E,D1,AT,2016,1114.5 ,1114.5,,compensation
A,CP_MEUR,E,D1,BE,2016,2022.6 ,2022.6,,compensation
A,CP_MEUR,E,D1,BG,2016,233.5 ,233.5,,compensation
A,CP_MEUR,E,D1,CZ,2016,884.6 ,884.6,,compensation
A,CP_MEUR,E,D1,DE,2016,11865.0 ,11865.0,,compensation
A,CP_MEUR,E,D1,EE,2016,61.9 ,61.9,,compensation
A,CP_MEUR,E,D1,ES,2016,6686.0 ,6686.0,,compensation
A,CP_MEUR,E,D1,FI,2016,592.0 ,592.0,,compensation
A,CP_MEUR,E,D1,FR,2016,6721.5 ,6721.5,,compensation
A,CP_MEUR,E,D1,HU,2016,623.9 ,623.9,,compensation
A,CP_MEUR,E,D1,IT,2016,8619.7 ,8619.7,,compensation
A,CP_MEUR,E,D1,LV,2016,96.1 ,96.1,,compensation
A,CP_MEUR,E,D1,NL,2016,1856.0 ,1856.0,,compensation
A,CP_MEUR,E,D1,NO,2016,1060.2 ,1060.2,,compensation
A,CP_MEUR,E,D1,PL,2016,2083.8 ,2083.8,,compensation
A,CP_MEUR,E,D1,PT,2016,757.4 ,757.4,,compensation
A,CP_MEUR,E,D1,RO,2016,758.6 ,758.6,,compensation
A,CP_MEUR,E,D1,SE,2016,1250.6 ,1250.6,,compensation
A,CP_MEUR,E,D1,SI,2016,246.1 ,246.1,,compensation
A,CP_MEUR,E,D1,SK,2016,354.2 ,354.2,,compensation
A,CP_MEUR,E,P1,AT,2016,7431.6 ,7431.6,,output
A,CP_MEUR,E,P1,BE,2016,10275.7 ,10275.7,,output
A,CP_MEUR,E,P1,BG,2016,874.8 ,874.8,,output
A,CP_MEUR,E,P1,CZ,2016,4259.5 ,4259.5,,output
A,CP_MEUR,E,P1,DE,2016,64485.0 ,64485.0,,output
A,CP_MEUR,E,P1,EE,2016,423.8 ,423.8,,output
A,CP_MEUR,E,P1,ES,2016,27368.0 ,27368.0,,output
A,CP_MEUR,E,P1,FI,2016,3691.0 ,3691.0,,output
A,CP_MEUR,E,P1,FR,2016,35387.8 ,35387.8,,output
A,CP_MEUR,E,P1,HU,2016,2191.1 ,2191.1,,output
A,CP_MEUR,E,P1,IT,2016,39327.2 ,39327.2,,output
A,CP_MEUR,E,P1,LV,2016,392.0 ,392.0,,output
A,CP_MEUR,E,P1,NL,2016,10292.0 ,10292.0,,output
A,CP_MEUR,E,P1,NO,2016,5412.7 ,5412.7,,output
A,CP_MEUR,E,P1,PL,2016,9507.5 ,9507.5,,output
A,CP_MEUR,E,P1,PT,2016,3986.9 ,3986.9,,output
A,CP_MEUR,E,P1,RO,2016,3025.5 ,3025.5,,output
A,CP_MEUR,E,P1,SE,2016,7082.9 ,7082.9,,output
A,CP_MEUR,E,P1,SI,2016,1035.1 ,1035.1,,output
A,CP_MEUR,E,P1,SK,2016,1283.2 ,1283.2,,output
A,CP_MEUR,F,B1G,AT,2016,19653.4 ,19653.4,,gross_value_added
A,CP_MEUR,F,B1G,BE,2016,19387.0 ,19387.0,,gross_value_added
A,CP_MEUR,F,B1G,BG,2016,1646.6 ,1646.6,,gross_value_added
A,CP_MEUR,F,B1G,CZ,2016,8659.1 ,8659.1,,gross_value_added
A,CP_MEUR,F,B1G,DE,2016,120751.0 ,120751.0,,gross_value_added
A,CP_MEUR,F,B1G,EE,2016,1229.5 ,1229.5,,gross_value_added
A,CP_MEUR,F,B1G,ES,2016,61744.0 ,61744.0,,gross_value_added
A,CP_MEUR,F,B1G,FI,2016,12534.0 ,12534.0,,gross_value_added
A,CP_MEUR,F,B1G,FR,2016,108197.5 ,108197.5,,gross_value_added
A,CP_MEUR,F,B1G,HU,2016,3530.2 ,3530.2,,gross_value_added
A,CP_MEUR,F,B1G,IT,2016,64464.2 ,64464.2,,gross_value_added
A,CP_MEUR,F,B1G,LV,2016,1177.5 ,1177.5,,gross_value_added
A,CP_MEUR,F,B1G,NL,2016,28180.0 ,28180.0,,gross_value_added
A,CP_MEUR,F,B1G,NO,2016,19354.3 ,19354.3,,gross_value_added
A,CP_MEUR,F,B1G,PL,2016,30236.5 ,30236.5,,gross_value_added
A,CP_MEUR,F,B1G,PT,2016,6523.8 ,6523.8,,gross_value_added
A,CP_MEUR,F,B1G,RO,2016,10100.3 ,10100.3,,gross_value_added
A,CP_MEUR,F,B1G,SE,2016,25840.6 ,25840.6,,gross_value_added
A,CP_MEUR,F,B1G,SI,2016,1759.9 ,1759.9,,gross_value_added
A,CP_MEUR,F,B1G,SK,2016,5860.3 ,5860.3,,gross_value_added
A,CP_MEUR,F,B2A3N,AT,2016,5467.0 ,5467.0,,net_operating_surplus_mixed_income
A,CP_MEUR,F,B2A3N,BE,2016,5977.2 ,5977.2,,net_operating_surplus_mixed_income
A,CP_MEUR,F,B2A3N,BG,2016,566.7 ,566.7,,net_operating_surplus_mixed_income
A,CP_MEUR,F,B2A3N,CZ,2016,3690.5 ,3690.5,,net_operating_surplus_mixed_income
A,CP_MEUR,F,B2A3N,DE,2016,40968.0 ,40968.0,,net_operating_surplus_mixed_income
A,CP_MEUR,F,B2A3N,EE,2016,315.5 ,315.5,,net_operating_surplus_mixed_income
A,CP_MEUR,F,B2A3N,ES,2016,21930.0 ,21930.0,,net_operating_surplus_mixed_income
A,CP_MEUR,F,B2A3N,FI,2016,3272.0 ,3272.0,,net_operating_surplus_mixed_income
A,CP_MEUR,F,B2A3N,FR,2016,28435.8 ,28435.8,,net_operating_surplus_mixed_income
A,CP_MEUR,F,B2A3N,HU,2016,1247.0 ,1247.0,,net_operating_surplus_mixed_income
A,CP_MEUR,F,B2A3N,IT,2016,24751.9 ,24751.9,,net_operating_surplus_mixed_income
A,CP_MEUR,F,B2A3N,LV,2016,154.6 ,154.6,,net_operating_surplus_mixed_income
A,CP_MEUR,F,B2A3N,NL,2016,9297.0 ,9297.0,,net_operating_surplus_mixed_income
A,CP_MEUR,F,B2A3N,NO,2016,5403.0 ,5403.0,,net_operating_surplus_mixed_income
A,CP_MEUR,F,B2A3N,PL,2016,17799.3 ,17799.3,,net_operating_surplus_mixed_income
A,CP_MEUR,F,B2A3N,PT,2016,1461.6 ,1461.6,,net_operating_surplus_mixed_income
A,CP_MEUR,F,B2A3N,RO,2016,4432.3 ,4432.3,,net_operating_surplus_mixed_income
A,CP_MEUR,F,B2A3N,SE,2016,2995.6 ,2995.6,,net_operating_surplus_mixed_income
A,CP_MEUR,F,B2A3N,SI,2016,530.8 ,530.8,,net_operating_surplus_mixed_income
A,CP_MEUR,F,B2A3N,SK,2016,4171.1 ,4171.1,,net_operating_surplus_mixed_income
A,CP_MEUR,F,D1,AT,2016,11690.7 ,11690.7,,compensation
A,CP_MEUR,F,D1,BE,2016,10478.2 ,10478.2,,compensation
A,CP_MEUR,F,D1,BG,2016,866.7 ,866.7,,compensation
A,CP_MEUR,F,D1,CZ,2016,3712.4 ,3712.4,,compensation
A,CP_MEUR,F,D1,DE,2016,74141.0 ,74141.0,,compensation
A,CP_MEUR,F,D1,EE,2016,791.8 ,791.8,,compensation
A,CP_MEUR,F,D1,ES,2016,26947.0 ,26947.0,,compensation
A,CP_MEUR,F,D1,FI,2016,8431.0 ,8431.0,,compensation
A,CP_MEUR,F,D1,FR,2016,69885.9 ,69885.9,,compensation
A,CP_MEUR,F,D1,HU,2016,1829.6 ,1829.6,,compensation
A,CP_MEUR,F,D1,IT,2016,30247.3 ,30247.3,,compensation
A,CP_MEUR,F,D1,LV,2016,836.8 ,836.8,,compensation
A,CP_MEUR,F,D1,NL,2016,16367.0 ,16367.0,,compensation
A,CP_MEUR,F,D1,NO,2016,12909.7 ,12909.7,,compensation
A,CP_MEUR,F,D1,PL,2016,11000.6 ,11000.6,,compensation
A,CP_MEUR,F,D1,PT,2016,4138.4 ,4138.4,,compensation
A,CP_MEUR,F,D1,RO,2016,3147.4 ,3147.4,,compensation
A,CP_MEUR,F,D1,SE,2016,17316.3 ,17316.3,,compensation
A,CP_MEUR,F,D1,SI,2016,1009.2 ,1009.2,,compensation
A,CP_MEUR,F,D1,SK,2016,1434.3 ,1434.3,,compensation
A,CP_MEUR,F,P1,AT,2016,50760.8 ,50760.8,,output
A,CP_MEUR,F,P1,BE,2016,71657.7 ,71657.7,,output
A,CP_MEUR,F,P1,BG,2016,6345.9 ,6345.9,,output
A,CP_MEUR,F,P1,CZ,2016,27589.3 ,27589.3,,output
A,CP_MEUR,F,P1,DE,2016,288371.0 ,288371.0,,output
A,CP_MEUR,F,P1,EE,2016,3224.5 ,3224.5,,output
A,CP_MEUR,F,P1,ES,2016,128532.0 ,128532.0,,output
A,CP_MEUR,F,P1,FI,2016,32321.0 ,32321.0,,output
A,CP_MEUR,F,P1,FR,2016,289916.7 ,289916.7,,output
A,CP_MEUR,F,P1,HU,2016,9401.9 ,9401.9,,output
A,CP_MEUR,F,P1,IT,2016,184052.4 ,184052.4,,output
A,CP_MEUR,F,P1,LV,2016,3890.6 ,3890.6,,output
A,CP_MEUR,F,P1,NL,2016,92672.0 ,92672.0,,output
A,CP_MEUR,F,P1,NO,2016,54044.5 ,54044.5,,output
A,CP_MEUR,F,P1,PL,2016,82078.3 ,82078.3,,output
A,CP_MEUR,F,P1,PT,2016,16812.6 ,16812.6,,output
A,CP_MEUR,F,P1,RO,2016,27915.6 ,27915.6,,output
A,CP_MEUR,F,P1,SE,2016,57915.1 ,57915.1,,output
A,CP_MEUR,F,P1,SI,2016,5248.4 ,5248.4,,output
A,CP_MEUR,F,P1,SK,2016,12678.0 ,12678.0,,output
A,CP_MEUR,G,B1G,AT,2016,37822.7 ,37822.7,,gross_value_added
A,CP_MEUR,G,B1G,BE,2016,46553.8 ,46553.8,,gross_value_added
A,CP_MEUR,G,B1G,BG,2016,5760.1 ,5760.1,,gross_value_added
A,CP_MEUR,G,B1G,CZ,2016,17105.4 ,17105.4,,gross_value_added
A,CP_MEUR,G,B1G,DE,2016,286175.0 ,286175.0,,gross_value_added
A,CP_MEUR,G,B1G,EE,2016,2397.2 ,2397.2,,gross_value_added
A,CP_MEUR,G,B1G,ES,2016,134228.0 ,134228.0,,gross_value_added
A,CP_MEUR,G,B1G,FI,2016,16803.0 ,16803.0,,gross_value_added
A,CP_MEUR,G,B1G,FR,2016,203088.5 ,203088.5,,gross_value_added
A,CP_MEUR,G,B1G,HU,2016,10092.0 ,10092.0,,gross_value_added
A,CP_MEUR,G,B1G,IT,2016,177362.6 ,177362.6,,gross_value_added
A,CP_MEUR,G,B1G,LV,2016,3276.5 ,3276.5,,gross_value_added
A,CP_MEUR,G,B1G,NL,2016,86726.0 ,86726.0,,gross_value_added
A,CP_MEUR,G,B1G,NO,2016,23766.7 ,23766.7,,gross_value_added
A,CP_MEUR,G,B1G,PL,2016,60567.9 ,60567.9,,gross_value_added
A,CP_MEUR,G,B1G,PT,2016,23554.9 ,23554.9,,gross_value_added
A,CP_MEUR,G,B1G,RO,2016,15226.3 ,15226.3,,gross_value_added
A,CP_MEUR,G,B1G,SE,2016,45932.6 ,45932.6,,gross_value_added
A,CP_MEUR,G,B1G,SI,2016,4125.5 ,4125.5,,gross_value_added
A,CP_MEUR,G,B1G,SK,2016,7200.1 ,7200.1,,gross_value_added
A,CP_MEUR,G,B2A3N,AT,2016,10364.7 ,10364.7,,net_operating_surplus_mixed_income
A,CP_MEUR,G,B2A3N,BE,2016,14050.9 ,14050.9,,net_operating_surplus_mixed_income
A,CP_MEUR,G,B2A3N,BG,2016,2386.9 ,2386.9,,net_operating_surplus_mixed_income
A,CP_MEUR,G,B2A3N,CZ,2016,5665.9 ,5665.9,,net_operating_surplus_mixed_income
A,CP_MEUR,G,B2A3N,DE,2016,79793.0 ,79793.0,,net_operating_surplus_mixed_income
A,CP_MEUR,G,B2A3N,EE,2016,725.5 ,725.5,,net_operating_surplus_mixed_income
A,CP_MEUR,G,B2A3N,ES,2016,51712.0 ,51712.0,,net_operating_surplus_mixed_income
A,CP_MEUR,G,B2A3N,FI,2016,4155.0 ,4155.0,,net_operating_surplus_mixed_income
A,CP_MEUR,G,B2A3N,FR,2016,52530.9 ,52530.9,,net_operating_surplus_mixed_income
A,CP_MEUR,G,B2A3N,HU,2016,3133.7 ,3133.7,,net_operating_surplus_mixed_income
A,CP_MEUR,G,B2A3N,IT,2016,84968.1 ,84968.1,,net_operating_surplus_mixed_income
A,CP_MEUR,G,B2A3N,LV,2016,1154.3 ,1154.3,,net_operating_surplus_mixed_income
A,CP_MEUR,G,B2A3N,NL,2016,34590.0 ,34590.0,,net_operating_surplus_mixed_income
A,CP_MEUR,G,B2A3N,NO,2016,4101.0 ,4101.0,,net_operating_surplus_mixed_income
A,CP_MEUR,G,B2A3N,PL,2016,35806.5 ,35806.5,,net_operating_surplus_mixed_income
A,CP_MEUR,G,B2A3N,PT,2016,10131.8 ,10131.8,,net_operating_surplus_mixed_income
A,CP_MEUR,G,B2A3N,RO,2016,4037.3 ,4037.3,,net_operating_surplus_mixed_income
A,CP_MEUR,G,B2A3N,SE,2016,8666.5 ,8666.5,,net_operating_surplus_mixed_income
A,CP_MEUR,G,B2A3N,SI,2016,1009.5 ,1009.5,,net_operating_surplus_mixed_income
A,CP_MEUR,G,B2A3N,SK,2016,1741.1 ,1741.1,,net_operating_surplus_mixed_income
A,CP_MEUR,G,D1,AT,2016,22185.9 ,22185.9,,compensation
A,CP_MEUR,G,D1,BE,2016,26431.7 ,26431.7,,compensation
A,CP_MEUR,G,D1,BG,2016,2741.6 ,2741.6,,compensation
A,CP_MEUR,G,D1,CZ,2016,9020.9 ,9020.9,,compensation
A,CP_MEUR,G,D1,DE,2016,183237.0 ,183237.0,,compensation
A,CP_MEUR,G,D1,EE,2016,1409.3 ,1409.3,,compensation
A,CP_MEUR,G,D1,ES,2016,69045.0 ,69045.0,,compensation
A,CP_MEUR,G,D1,FI,2016,10909.0 ,10909.0,,compensation
A,CP_MEUR,G,D1,FR,2016,130515.5 ,130515.5,,compensation
A,CP_MEUR,G,D1,HU,2016,5574.6 ,5574.6,,compensation
A,CP_MEUR,G,D1,IT,2016,72446.3 ,72446.3,,compensation
A,CP_MEUR,G,D1,LV,2016,1754.5 ,1754.5,,compensation
A,CP_MEUR,G,D1,NL,2016,43798.0 ,43798.0,,compensation
A,CP_MEUR,G,D1,NO,2016,17746.8 ,17746.8,,compensation
A,CP_MEUR,G,D1,PL,2016,21077.9 ,21077.9,,compensation
A,CP_MEUR,G,D1,PT,2016,11463.4 ,11463.4,,compensation
A,CP_MEUR,G,D1,RO,2016,8644.6 ,8644.6,,compensation
A,CP_MEUR,G,D1,SE,2016,26975.5 ,26975.5,,compensation
A,CP_MEUR,G,D1,SI,2016,2544.8 ,2544.8,,compensation
A,CP_MEUR,G,D1,SK,2016,4645.2 ,4645.2,,compensation
A,CP_MEUR,G,P1,AT,2016,66803.7 ,66803.7,,output
A,CP_MEUR,G,P1,BE,2016,94452.5 ,94452.5,,output
A,CP_MEUR,G,P1,BG,2016,10851.3 ,10851.3,,output
A,CP_MEUR,G,P1,CZ,2016,34771.4 ,34771.4,,output
A,CP_MEUR,G,P1,DE,2016,501351.0 ,501351.0,,output
A,CP_MEUR,G,P1,EE,2016,4535.7 ,4535.7,,output
A,CP_MEUR,G,P1,ES,2016,228948.0 ,228948.0,,output
A,CP_MEUR,G,P1,FI,2016,31904.0 ,31904.0,,output
A,CP_MEUR,G,P1,FR,2016,392110.7 ,392110.7,,output
A,CP_MEUR,G,P1,HU,2016,20920.6 ,20920.6,,output
A,CP_MEUR,G,P1,IT,2016,337175.0 ,337175.0,,output
A,CP_MEUR,G,P1,LV,2016,5668.4 ,5668.4,,output
A,CP_MEUR,G,P1,NL,2016,158448.0 ,158448.0,,output
A,CP_MEUR,G,P1,NO,2016,44155.6 ,44155.6,,output
A,CP_MEUR,G,P1,PL,2016,105697.0 ,105697.0,,output
A,CP_MEUR,G,P1,PT,2016,38482.0 ,38482.0,,output
A,CP_MEUR,G,P1,RO,2016,37721.3 ,37721.3,,output
A,CP_MEUR,G,P1,SE,2016,81553.0 ,81553.0,,output
A,CP_MEUR,G,P1,SI,2016,7855.2 ,7855.2,,output
A,CP_MEUR,G,P1,SK,2016,16245.7 ,16245.7,,output
A,CP_MEUR,H,B1G,AT,2016,18073.7 ,18073.7,,gross_value_added
A,CP_MEUR,H,B1G,BE,2016,21498.6 ,21498.6,,gross_value_added
A,CP_MEUR,H,B1G,BG,2016,2554.8 ,2554.8,,gross_value_added
A,CP_MEUR,H,B1G,CZ,2016,9133.9 ,9133.9,,gross_value_added
A,CP_MEUR,H,B1G,DE,2016,126955.0 ,126955.0,,gross_value_added
A,CP_MEUR,H,B1G,EE,2016,1480.5 ,1480.5,,gross_value_added
A,CP_MEUR,H,B1G,ES,2016,46864.0 ,46864.0,,gross_value_added
A,CP_MEUR,H,B1G,FI,2016,8912.0 ,8912.0,,gross_value_added
A,CP_MEUR,H,B1G,FR,2016,88938.3 ,88938.3,,gross_value_added
A,CP_MEUR,H,B1G,HU,2016,6526.3 ,6526.3,,gross_value_added
A,CP_MEUR,H,B1G,IT,2016,77943.8 ,77943.8,,gross_value_added
A,CP_MEUR,H,B1G,LV,2016,2014.9 ,2014.9,,gross_value_added
A,CP_MEUR,H,B1G,NL,2016,31135.0 ,31135.0,,gross_value_added
A,CP_MEUR,H,B1G,NO,2016,17498.3 ,17498.3,,gross_value_added
A,CP_MEUR,H,B1G,PL,2016,25170.3 ,25170.3,,gross_value_added
A,CP_MEUR,H,B1G,PT,2016,7768.9 ,7768.9,,gross_value_added
A,CP_MEUR,H,B1G,RO,2016,10615.5 ,10615.5,,gross_value_added
A,CP_MEUR,H,B1G,SE,2016,21538.7 ,21538.7,,gross_value_added
A,CP_MEUR,H,B1G,SI,2016,2260.8 ,2260.8,,gross_value_added
A,CP_MEUR,H,B1G,SK,2016,4689.9 ,4689.9,,gross_value_added
A,CP_MEUR,H,B2A3N,AT,2016,2761.9 ,2761.9,,net_operating_surplus_mixed_income
A,CP_MEUR,H,B2A3N,BE,2016,1865.3 ,1865.3,,net_operating_surplus_mixed_income
A,CP_MEUR,H,B2A3N,BG,2016,672.9 ,672.9,,net_operating_surplus_mixed_income
A,CP_MEUR,H,B2A3N,CZ,2016,1434.4 ,1434.4,,net_operating_surplus_mixed_income
A,CP_MEUR,H,B2A3N,DE,2016,15244.0 ,15244.0,,net_operating_surplus_mixed_income
A,CP_MEUR,H,B2A3N,EE,2016,349.6 ,349.6,,net_operating_surplus_mixed_income
A,CP_MEUR,H,B2A3N,ES,2016,9220.0 ,9220.0,,net_operating_surplus_mixed_income
A,CP_MEUR,H,B2A3N,FI,2016,1550.0 ,1550.0,,net_operating_surplus_mixed_income
A,CP_MEUR,H,B2A3N,FR,2016,5421.3 ,5421.3,,net_operating_surplus_mixed_income
A,CP_MEUR,H,B2A3N,HU,2016,1669.6 ,1669.6,,net_operating_surplus_mixed_income
A,CP_MEUR,H,B2A3N,IT,2016,17081.1 ,17081.1,,net_operating_surplus_mixed_income
A,CP_MEUR,H,B2A3N,LV,2016,375.8 ,375.8,,net_operating_surplus_mixed_income
A,CP_MEUR,H,B2A3N,NL,2016,7841.0 ,7841.0,,net_operating_surplus_mixed_income
A,CP_MEUR,H,B2A3N,NO,2016,5644.4 ,5644.4,,net_operating_surplus_mixed_income
A,CP_MEUR,H,B2A3N,PL,2016,9008.8 ,9008.8,,net_operating_surplus_mixed_income
A,CP_MEUR,H,B2A3N,PT,2016,1329.8 ,1329.8,,net_operating_surplus_mixed_income
A,CP_MEUR,H,B2A3N,RO,2016,1744.8 ,1744.8,,net_operating_surplus_mixed_income
A,CP_MEUR,H,B2A3N,SE,2016,1717.4 ,1717.4,,net_operating_surplus_mixed_income
A,CP_MEUR,H,B2A3N,SI,2016,542.7 ,542.7,,net_operating_surplus_mixed_income
A,CP_MEUR,H,B2A3N,SK,2016,1269.0 ,1269.0,,net_operating_surplus_mixed_income
A,CP_MEUR,H,D1,AT,2016,9422.2 ,9422.2,,compensation
A,CP_MEUR,H,D1,BE,2016,13167.3 ,13167.3,,compensation
A,CP_MEUR,H,D1,BG,2016,1283.0 ,1283.0,,compensation
A,CP_MEUR,H,D1,CZ,2016,4533.4 ,4533.4,,compensation
A,CP_MEUR,H,D1,DE,2016,81945.0 ,81945.0,,compensation
A,CP_MEUR,H,D1,EE,2016,791.1 ,791.1,,compensation
A,CP_MEUR,H,D1,ES,2016,22879.0 ,22879.0,,compensation
A,CP_MEUR,H,D1,FI,2016,5766.0 ,5766.0,,compensation
A,CP_MEUR,H,D1,FR,2016,63213.5 ,63213.5,,compensation
A,CP_MEUR,H,D1,HU,2016,3399.0 ,3399.0,,compensation
A,CP_MEUR,H,D1,IT,2016,38272.5 ,38272.5,,compensation
A,CP_MEUR,H,D1,LV,2016,1102.3 ,1102.3,,compensation
A,CP_MEUR,H,D1,NL,2016,17752.0 ,17752.0,,compensation
A,CP_MEUR,H,D1,NO,2016,8746.5 ,8746.5,,compensation
A,CP_MEUR,H,D1,PL,2016,9477.4 ,9477.4,,compensation
A,CP_MEUR,H,D1,PT,2016,4206.7 ,4206.7,,compensation
A,CP_MEUR,H,D1,RO,2016,3966.2 ,3966.2,,compensation
A,CP_MEUR,H,D1,SE,2016,11281.6 ,11281.6,,compensation
A,CP_MEUR,H,D1,SI,2016,1171.5 ,1171.5,,compensation
A,CP_MEUR,H,D1,SK,2016,1992.5 ,1992.5,,compensation
A,CP_MEUR,H,P1,AT,2016,33864.6 ,33864.6,,output
A,CP_MEUR,H,P1,BE,2016,57074.4 ,57074.4,,output
A,CP_MEUR,H,P1,BG,2016,7625.5 ,7625.5,,output
A,CP_MEUR,H,P1,CZ,2016,24029.3 ,24029.3,,output
A,CP_MEUR,H,P1,DE,2016,337231.0 ,337231.0,,output
A,CP_MEUR,H,P1,EE,2016,4476.0 ,4476.0,,output
A,CP_MEUR,H,P1,ES,2016,112379.0 ,112379.0,,output
A,CP_MEUR,H,P1,FI,2016,22715.0 ,22715.0,,output
A,CP_MEUR,H,P1,FR,2016,198857.0 ,198857.0,,output
A,CP_MEUR,H,P1,HU,2016,13444.1 ,13444.1,,output
A,CP_MEUR,H,P1,IT,2016,183093.2 ,183093.2,,output
A,CP_MEUR,H,P1,LV,2016,5986.8 ,5986.8,,output
A,CP_MEUR,H,P1,NL,2016,76622.0 ,76622.0,,output
A,CP_MEUR,H,P1,NO,2016,43002.4 ,43002.4,,output
A,CP_MEUR,H,P1,PL,2016,60837.0 ,60837.0,,output
A,CP_MEUR,H,P1,PT,2016,19771.7 ,19771.7,,output
A,CP_MEUR,H,P1,RO,2016,25048.3 ,25048.3,,output
A,CP_MEUR,H,P1,SE,2016,57291.3 ,57291.3,,output
A,CP_MEUR,H,P1,SI,2016,5490.3 ,5490.3,,output
A,CP_MEUR,H,P1,SK,2016,10625.2 ,10625.2,,output
A,CP_MEUR,I,B1G,AT,2016,13061.1 ,13061.1,,gross_value_added
A,CP_MEUR,I,B1G,BE,2016,7040.7 ,7040.7,,gross_value_added
A,CP_MEUR,I,B1G,BG,2016,983.7 ,983.7,,gross_value_added
A,CP_MEUR,I,B1G,CZ,2016,3094.2 ,3094.2,,gross_value_added
A,CP_MEUR,I,B1G,DE,2016,47728.0 ,47728.0,,gross_value_added
A,CP_MEUR,I,B1G,EE,2016,371.4 ,371.4,,gross_value_added
A,CP_MEUR,I,B1G,ES,2016,65186.0 ,65186.0,,gross_value_added
A,CP_MEUR,I,B1G,FI,2016,3076.0 ,3076.0,,gross_value_added
A,CP_MEUR,I,B1G,FR,2016,44139.6 ,44139.6,,gross_value_added
A,CP_MEUR,I,B1G,HU,2016,1617.6 ,1617.6,,gross_value_added
A,CP_MEUR,I,B1G,IT,2016,57066.7 ,57066.7,,gross_value_added
A,CP_MEUR,I,B1G,LV,2016,408.6 ,408.6,,gross_value_added
A,CP_MEUR,I,B1G,NL,2016,12918.0 ,12918.0,,gross_value_added
A,CP_MEUR,I,B1G,NO,2016,4461.6 ,4461.6,,gross_value_added
A,CP_MEUR,I,B1G,PL,2016,4714.0 ,4714.0,,gross_value_added
A,CP_MEUR,I,B1G,PT,2016,8739.5 ,8739.5,,gross_value_added
A,CP_MEUR,I,B1G,RO,2016,2849.9 ,2849.9,,gross_value_added
A,CP_MEUR,I,B1G,SE,2016,7720.5 ,7720.5,,gross_value_added
A,CP_MEUR,I,B1G,SI,2016,816.1 ,816.1,,gross_value_added
A,CP_MEUR,I,B1G,SK,2016,1042.1 ,1042.1,,gross_value_added
A,CP_MEUR,I,B2A3N,AT,2016,4021.5 ,4021.5,,net_operating_surplus_mixed_income
A,CP_MEUR,I,B2A3N,BE,2016,1574.6 ,1574.6,,net_operating_surplus_mixed_income
A,CP_MEUR,I,B2A3N,BG,2016,52.3 ,52.3,,net_operating_surplus_mixed_income
A,CP_MEUR,I,B2A3N,CZ,2016,1164.9 ,1164.9,,net_operating_surplus_mixed_income
A,CP_MEUR,I,B2A3N,DE,2016,12290.0 ,12290.0,,net_operating_surplus_mixed_income
A,CP_MEUR,I,B2A3N,EE,2016,42.7 ,42.7,,net_operating_surplus_mixed_income
A,CP_MEUR,I,B2A3N,ES,2016,29063.0 ,29063.0,,net_operating_surplus_mixed_income
A,CP_MEUR,I,B2A3N,FI,2016,707.0 ,707.0,,net_operating_surplus_mixed_income
A,CP_MEUR,I,B2A3N,FR,2016,5763.5 ,5763.5,,net_operating_surplus_mixed_income
A,CP_MEUR,I,B2A3N,HU,2016,424.1 ,424.1,,net_operating_surplus_mixed_income
A,CP_MEUR,I,B2A3N,IT,2016,20615.4 ,20615.4,,net_operating_surplus_mixed_income
A,CP_MEUR,I,B2A3N,LV,2016,27.1 ,27.1,,net_operating_surplus_mixed_income
A,CP_MEUR,I,B2A3N,NL,2016,5120.0 ,5120.0,,net_operating_surplus_mixed_income
A,CP_MEUR,I,B2A3N,NO,2016,912.9 ,912.9,,net_operating_surplus_mixed_income
A,CP_MEUR,I,B2A3N,PL,2016,2069.6 ,2069.6,,net_operating_surplus_mixed_income
A,CP_MEUR,I,B2A3N,PT,2016,3691.9 ,3691.9,,net_operating_surplus_mixed_income
A,CP_MEUR,I,B2A3N,RO,2016,1521.5 ,1521.5,,net_operating_surplus_mixed_income
A,CP_MEUR,I,B2A3N,SE,2016,575.9 ,575.9,,net_operating_surplus_mixed_income
A,CP_MEUR,I,B2A3N,SI,2016,125.4 ,125.4,,net_operating_surplus_mixed_income
A,CP_MEUR,I,B2A3N,SK,2016,305.0 ,305.0,,net_operating_surplus_mixed_income
A,CP_MEUR,I,D1,AT,2016,7536.3 ,7536.3,,compensation
A,CP_MEUR,I,D1,BE,2016,4344.7 ,4344.7,,compensation
A,CP_MEUR,I,D1,BG,2016,743.0 ,743.0,,compensation
A,CP_MEUR,I,D1,CZ,2016,1556.6 ,1556.6,,compensation
A,CP_MEUR,I,D1,DE,2016,31729.0 ,31729.0,,compensation
A,CP_MEUR,I,D1,EE,2016,282.5 ,282.5,,compensation
A,CP_MEUR,I,D1,ES,2016,32522.0 ,32522.0,,compensation
A,CP_MEUR,I,D1,FI,2016,2172.0 ,2172.0,,compensation
A,CP_MEUR,I,D1,FR,2016,32838.9 ,32838.9,,compensation
A,CP_MEUR,I,D1,HU,2016,1005.0 ,1005.0,,compensation
A,CP_MEUR,I,D1,IT,2016,27653.6 ,27653.6,,compensation
A,CP_MEUR,I,D1,LV,2016,311.3 ,311.3,,compensation
A,CP_MEUR,I,D1,NL,2016,6768.0 ,6768.0,,compensation
A,CP_MEUR,I,D1,NO,2016,3181.0 ,3181.0,,compensation
A,CP_MEUR,I,D1,PL,2016,2160.3 ,2160.3,,compensation
A,CP_MEUR,I,D1,PT,2016,4230.2 ,4230.2,,compensation
A,CP_MEUR,I,D1,RO,2016,1022.9 ,1022.9,,compensation
A,CP_MEUR,I,D1,SE,2016,5476.2 ,5476.2,,compensation
A,CP_MEUR,I,D1,SI,2016,530.9 ,530.9,,compensation
A,CP_MEUR,I,D1,SK,2016,628.2 ,628.2,,compensation
A,CP_MEUR,I,P1,AT,2016,23382.3 ,23382.3,,output
A,CP_MEUR,I,P1,BE,2016,17698.5 ,17698.5,,output
A,CP_MEUR,I,P1,BG,2016,1995.7 ,1995.7,,output
A,CP_MEUR,I,P1,CZ,2016,6697.9 ,6697.9,,output
A,CP_MEUR,I,P1,DE,2016,94928.0 ,94928.0,,output
A,CP_MEUR,I,P1,EE,2016,913.7 ,913.7,,output
A,CP_MEUR,I,P1,ES,2016,113841.0 ,113841.0,,output
A,CP_MEUR,I,P1,FI,2016,7645.0 ,7645.0,,output
A,CP_MEUR,I,P1,FR,2016,98738.8 ,98738.8,,output
A,CP_MEUR,I,P1,HU,2016,4634.1 ,4634.1,,output
A,CP_MEUR,I,P1,IT,2016,110588.0 ,110588.0,,output
A,CP_MEUR,I,P1,LV,2016,907.2 ,907.2,,output
A,CP_MEUR,I,P1,NL,2016,25876.0 ,25876.0,,output
A,CP_MEUR,I,P1,NO,2016,9530.5 ,9530.5,,output
A,CP_MEUR,I,P1,PL,2016,11502.1 ,11502.1,,output
A,CP_MEUR,I,P1,PT,2016,15843.1 ,15843.1,,output
A,CP_MEUR,I,P1,RO,2016,5883.0 ,5883.0,,output
A,CP_MEUR,I,P1,SE,2016,17158.1 ,17158.1,,output
A,CP_MEUR,I,P1,SI,2016,1770.4 ,1770.4,,output
A,CP_MEUR,I,P1,SK,2016,1920.3 ,1920.3,,output
A,CP_MEUR,J,B1G,AT,2016,11630.0 ,11630.0,,gross_value_added
A,CP_MEUR,J,B1G,BE,2016,15764.1 ,15764.1,,gross_value_added
A,CP_MEUR,J,B1G,BG,2016,2597.0 ,2597.0,,gross_value_added
A,CP_MEUR,J,B1G,CZ,2016,8111.4 ,8111.4,,gross_value_added
A,CP_MEUR,J,B1G,DE,2016,129795.0 ,129795.0,,gross_value_added
A,CP_MEUR,J,B1G,EE,2016,1056.3 ,1056.3,,gross_value_added
A,CP_MEUR,J,B1G,ES,2016,37624.0 ,37624.0,,gross_value_added
A,CP_MEUR,J,B1G,FI,2016,10679.0 ,10679.0,,gross_value_added
A,CP_MEUR,J,B1G,FR,2016,101623.7 ,101623.7,,gross_value_added
A,CP_MEUR,J,B1G,HU,2016,4810.7 ,4810.7,,gross_value_added
A,CP_MEUR,J,B1G,IT,2016,56154.6 ,56154.6,,gross_value_added
A,CP_MEUR,J,B1G,LV,2016,1116.7 ,1116.7,,gross_value_added
A,CP_MEUR,J,B1G,NL,2016,30005.0 ,30005.0,,gross_value_added
A,CP_MEUR,J,B1G,NO,2016,12808.8 ,12808.8,,gross_value_added
A,CP_MEUR,J,B1G,PL,2016,14783.9 ,14783.9,,gross_value_added
A,CP_MEUR,J,B1G,PT,2016,5660.3 ,5660.3,,gross_value_added
A,CP_MEUR,J,B1G,RO,2016,8691.7 ,8691.7,,gross_value_added
A,CP_MEUR,J,B1G,SE,2016,28275.6 ,28275.6,,gross_value_added
A,CP_MEUR,J,B1G,SI,2016,1356.2 ,1356.2,,gross_value_added
A,CP_MEUR,J,B1G,SK,2016,3933.6 ,3933.6,,gross_value_added
A,CP_MEUR,J,B2A3N,AT,2016,1642.0 ,1642.0,,net_operating_surplus_mixed_income
A,CP_MEUR,J,B2A3N,BE,2016,3153.0 ,3153.0,,net_operating_surplus_mixed_income
A,CP_MEUR,J,B2A3N,BG,2016,473.8 ,473.8,,net_operating_surplus_mixed_income
A,CP_MEUR,J,B2A3N,CZ,2016,2285.7 ,2285.7,,net_operating_surplus_mixed_income
A,CP_MEUR,J,B2A3N,DE,2016,30612.0 ,30612.0,,net_operating_surplus_mixed_income
A,CP_MEUR,J,B2A3N,EE,2016,237.2 ,237.2,,net_operating_surplus_mixed_income
A,CP_MEUR,J,B2A3N,ES,2016,5418.0 ,5418.0,,net_operating_surplus_mixed_income
A,CP_MEUR,J,B2A3N,FI,2016,2653.0 ,2653.0,,net_operating_surplus_mixed_income
A,CP_MEUR,J,B2A3N,FR,2016,11271.4 ,11271.4,,net_operating_surplus_mixed_income
A,CP_MEUR,J,B2A3N,HU,2016,891.6 ,891.6,,net_operating_surplus_mixed_income
A,CP_MEUR,J,B2A3N,IT,2016,14369.4 ,14369.4,,net_operating_surplus_mixed_income
A,CP_MEUR,J,B2A3N,LV,2016,188.3 ,188.3,,net_operating_surplus_mixed_income
A,CP_MEUR,J,B2A3N,NL,2016,7921.0 ,7921.0,,net_operating_surplus_mixed_income
A,CP_MEUR,J,B2A3N,NO,2016,2929.6 ,2929.6,,net_operating_surplus_mixed_income
A,CP_MEUR,J,B2A3N,PL,2016,4897.8 ,4897.8,,net_operating_surplus_mixed_income
A,CP_MEUR,J,B2A3N,PT,2016,1064.7 ,1064.7,,net_operating_surplus_mixed_income
A,CP_MEUR,J,B2A3N,RO,2016,3686.8 ,3686.8,,net_operating_surplus_mixed_income
A,CP_MEUR,J,B2A3N,SE,2016,6225.0 ,6225.0,,net_operating_surplus_mixed_income
A,CP_MEUR,J,B2A3N,SI,2016,284.0 ,284.0,,net_operating_surplus_mixed_income
A,CP_MEUR,J,B2A3N,SK,2016,1460.9 ,1460.9,,net_operating_surplus_mixed_income
A,CP_MEUR,J,D1,AT,2016,6293.6 ,6293.6,,compensation
A,CP_MEUR,J,D1,BE,2016,8092.7 ,8092.7,,compensation
A,CP_MEUR,J,D1,BG,2016,1652.0 ,1652.0,,compensation
A,CP_MEUR,J,D1,CZ,2016,3625.3 ,3625.3,,compensation
A,CP_MEUR,J,D1,DE,2016,73631.0 ,73631.0,,compensation
A,CP_MEUR,J,D1,EE,2016,596.2 ,596.2,,compensation
A,CP_MEUR,J,D1,ES,2016,19981.0 ,19981.0,,compensation
A,CP_MEUR,J,D1,FI,2016,5915.0 ,5915.0,,compensation
A,CP_MEUR,J,D1,FR,2016,65125.1 ,65125.1,,compensation
A,CP_MEUR,J,D1,HU,2016,2583.9 ,2583.9,,compensation
A,CP_MEUR,J,D1,IT,2016,25219.4 ,25219.4,,compensation
A,CP_MEUR,J,D1,LV,2016,679.3 ,679.3,,compensation
A,CP_MEUR,J,D1,NL,2016,16278.0 ,16278.0,,compensation
A,CP_MEUR,J,D1,NO,2016,7851.4 ,7851.4,,compensation
A,CP_MEUR,J,D1,PL,2016,6117.8 ,6117.8,,compensation
A,CP_MEUR,J,D1,PT,2016,2804.2 ,2804.2,,compensation
A,CP_MEUR,J,D1,RO,2016,3412.5 ,3412.5,,compensation
A,CP_MEUR,J,D1,SE,2016,13180.0 ,13180.0,,compensation
A,CP_MEUR,J,D1,SI,2016,745.8 ,745.8,,compensation
A,CP_MEUR,J,D1,SK,2016,1419.5 ,1419.5,,compensation
A,CP_MEUR,J,P1,AT,2016,24446.7 ,24446.7,,output
A,CP_MEUR,J,P1,BE,2016,35848.8 ,35848.8,,output
A,CP_MEUR,J,P1,BG,2016,4708.0 ,4708.0,,output
A,CP_MEUR,J,P1,CZ,2016,15929.1 ,15929.1,,output
A,CP_MEUR,J,P1,DE,2016,264458.0 ,264458.0,,output
A,CP_MEUR,J,P1,EE,2016,1930.4 ,1930.4,,output
A,CP_MEUR,J,P1,ES,2016,81363.0 ,81363.0,,output
A,CP_MEUR,J,P1,FI,2016,21030.0 ,21030.0,,output
A,CP_MEUR,J,P1,FR,2016,195628.3 ,195628.3,,output
A,CP_MEUR,J,P1,HU,2016,8667.2 ,8667.2,,output
A,CP_MEUR,J,P1,IT,2016,122366.2 ,122366.2,,output
A,CP_MEUR,J,P1,LV,2016,2016.1 ,2016.1,,output
A,CP_MEUR,J,P1,NL,2016,66351.0 ,66351.0,,output
A,CP_MEUR,J,P1,NO,2016,25660.5 ,25660.5,,output
A,CP_MEUR,J,P1,PL,2016,31687.8 ,31687.8,,output
A,CP_MEUR,J,P1,PT,2016,12049.1 ,12049.1,,output
A,CP_MEUR,J,P1,RO,2016,15698.0 ,15698.0,,output
A,CP_MEUR,J,P1,SE,2016,59563.5 ,59563.5,,output
A,CP_MEUR,J,P1,SI,2016,2972.8 ,2972.8,,output
A,CP_MEUR,J,P1,SK,2016,7013.9 ,7013.9,,output
A,CP_MEUR,L,B1G,AT,2016,30097.2 ,30097.2,,gross_value_added
A,CP_MEUR,L,B1G,BE,2016,35844.2 ,35844.2,,gross_value_added
A,CP_MEUR,L,B1G,BG,2016,3986.8 ,3986.8,,gross_value_added
A,CP_MEUR,L,B1G,CZ,2016,16335.5 ,16335.5,,gross_value_added
A,CP_MEUR,L,B1G,DE,2016,321214.0 ,321214.0,,gross_value_added
A,CP_MEUR,L,B1G,EE,2016,2374.1 ,2374.1,,gross_value_added
A,CP_MEUR,L,B1G,ES,2016,121874.0 ,121874.0,,gross_value_added
A,CP_MEUR,L,B1G,FI,2016,23788.0 ,23788.0,,gross_value_added
A,CP_MEUR,L,B1G,FR,2016,278972.7 ,278972.7,,gross_value_added
A,CP_MEUR,L,B1G,HU,2016,8783.5 ,8783.5,,gross_value_added
A,CP_MEUR,L,B1G,IT,2016,208344.4 ,208344.4,,gross_value_added
A,CP_MEUR,L,B1G,LV,2016,2012.6 ,2012.6,,gross_value_added
A,CP_MEUR,L,B1G,NL,2016,37535.0 ,37535.0,,gross_value_added
A,CP_MEUR,L,B1G,NO,2016,31853.8 ,31853.8,,gross_value_added
A,CP_MEUR,L,B1G,PL,2016,22619.2 ,22619.2,,gross_value_added
A,CP_MEUR,L,B1G,PT,2016,20173.9 ,20173.9,,gross_value_added
A,CP_MEUR,L,B1G,RO,2016,14016.2 ,14016.2,,gross_value_added
A,CP_MEUR,L,B1G,SE,2016,34404.3 ,34404.3,,gross_value_added
A,CP_MEUR,L,B1G,SI,2016,2679.3 ,2679.3,,gross_value_added
A,CP_MEUR,L,B1G,SK,2016,7302.2 ,7302.2,,gross_value_added
A,CP_MEUR,L,B2A3N,AT,2016,11196.1 ,11196.1,,net_operating_surplus_mixed_income
A,CP_MEUR,L,B2A3N,BE,2016,14094.2 ,14094.2,,net_operating_surplus_mixed_income
A,CP_MEUR,L,B2A3N,BG,2016,3060.4 ,3060.4,,net_operating_surplus_mixed_income
A,CP_MEUR,L,B2A3N,CZ,2016,9345.4 ,9345.4,,net_operating_surplus_mixed_income
A,CP_MEUR,L,B2A3N,DE,2016,140999.0 ,140999.0,,net_operating_surplus_mixed_income
A,CP_MEUR,L,B2A3N,EE,2016,1584.1 ,1584.1,,net_operating_surplus_mixed_income
A,CP_MEUR,L,B2A3N,ES,2016,79889.0 ,79889.0,,net_operating_surplus_mixed_income
A,CP_MEUR,L,B2A3N,FI,2016,9685.0 ,9685.0,,net_operating_surplus_mixed_income
A,CP_MEUR,L,B2A3N,FR,2016,140566.1 ,140566.1,,net_operating_surplus_mixed_income
A,CP_MEUR,L,B2A3N,HU,2016,5426.8 ,5426.8,,net_operating_surplus_mixed_income
A,CP_MEUR,L,B2A3N,IT,2016,111243.2 ,111243.2,,net_operating_surplus_mixed_income
A,CP_MEUR,L,B2A3N,LV,2016,860.6 ,860.6,,net_operating_surplus_mixed_income
A,CP_MEUR,L,B2A3N,NL,2016,4550.0 ,4550.0,,net_operating_surplus_mixed_income
A,CP_MEUR,L,B2A3N,NO,2016,17062.0 ,17062.0,,net_operating_surplus_mixed_income
A,CP_MEUR,L,B2A3N,PL,2016,16006.1 ,16006.1,,net_operating_surplus_mixed_income
A,CP_MEUR,L,B2A3N,PT,2016,9699.3 ,9699.3,,net_operating_surplus_mixed_income
A,CP_MEUR,L,B2A3N,RO,2016,10662.5 ,10662.5,,net_operating_surplus_mixed_income
A,CP_MEUR,L,B2A3N,SE,2016,15594.5 ,15594.5,,net_operating_surplus_mixed_income
A,CP_MEUR,L,B2A3N,SI,2016,1027.0 ,1027.0,,net_operating_surplus_mixed_income
A,CP_MEUR,L,B2A3N,SK,2016,3979.2 ,3979.2,,net_operating_surplus_mixed_income
A,CP_MEUR,L,D1,AT,2016,2092.2 ,2092.2,,compensation
A,CP_MEUR,L,D1,BE,2016,1056.0 ,1056.0,,compensation
A,CP_MEUR,L,D1,BG,2016,243.4 ,243.4,,compensation
A,CP_MEUR,L,D1,CZ,2016,881.7 ,881.7,,compensation
A,CP_MEUR,L,D1,DE,2016,15905.0 ,15905.0,,compensation
A,CP_MEUR,L,D1,EE,2016,166.1 ,166.1,,compensation
A,CP_MEUR,L,D1,ES,2016,3890.0 ,3890.0,,compensation
A,CP_MEUR,L,D1,FI,2016,1012.0 ,1012.0,,compensation
A,CP_MEUR,L,D1,FR,2016,17566.8 ,17566.8,,compensation
A,CP_MEUR,L,D1,HU,2016,605.3 ,605.3,,compensation
A,CP_MEUR,L,D1,IT,2016,2364.4 ,2364.4,,compensation
A,CP_MEUR,L,D1,LV,2016,305.0 ,305.0,,compensation
A,CP_MEUR,L,D1,NL,2016,3505.0 ,3505.0,,compensation
A,CP_MEUR,L,D1,NO,2016,1865.9 ,1865.9,,compensation
A,CP_MEUR,L,D1,PL,2016,2290.1 ,2290.1,,compensation
A,CP_MEUR,L,D1,PT,2016,542.8 ,542.8,,compensation
A,CP_MEUR,L,D1,RO,2016,352.2 ,352.2,,compensation
A,CP_MEUR,L,D1,SE,2016,3683.4 ,3683.4,,compensation
A,CP_MEUR,L,D1,SI,2016,124.2 ,124.2,,compensation
A,CP_MEUR,L,D1,SK,2016,340.7 ,340.7,,compensation
A,CP_MEUR,L,P1,AT,2016,45454.1 ,45454.1,,output
A,CP_MEUR,L,P1,BE,2016,49057.0 ,49057.0,,output
A,CP_MEUR,L,P1,BG,2016,5493.3 ,5493.3,,output
A,CP_MEUR,L,P1,CZ,2016,29344.2 ,29344.2,,output
A,CP_MEUR,L,P1,DE,2016,418327.0 ,418327.0,,output
A,CP_MEUR,L,P1,EE,2016,3243.5 ,3243.5,,output
A,CP_MEUR,L,P1,ES,2016,139160.0 ,139160.0,,output
A,CP_MEUR,L,P1,FI,2016,32372.0 ,32372.0,,output
A,CP_MEUR,L,P1,FR,2016,336933.3 ,336933.3,,output
A,CP_MEUR,L,P1,HU,2016,12113.9 ,12113.9,,output
A,CP_MEUR,L,P1,IT,2016,237315.6 ,237315.6,,output
A,CP_MEUR,L,P1,LV,2016,3080.6 ,3080.6,,output
A,CP_MEUR,L,P1,NL,2016,82341.0 ,82341.0,,output
A,CP_MEUR,L,P1,NO,2016,47666.2 ,47666.2,,output
A,CP_MEUR,L,P1,PL,2016,38882.2 ,38882.2,,output
A,CP_MEUR,L,P1,PT,2016,22988.9 ,22988.9,,output
A,CP_MEUR,L,P1,RO,2016,17609.2 ,17609.2,,output
A,CP_MEUR,L,P1,SE,2016,64938.7 ,64938.7,,output
A,CP_MEUR,L,P1,SI,2016,3193.1 ,3193.1,,output
A,CP_MEUR,L,P1,SK,2016,10228.7 ,10228.7,,output
A,CP_MEUR,M,B1G,AT,2016,16931.0 ,16931.0,,gross_value_added
A,CP_MEUR,M,B1G,BE,2016,37478.2 ,37478.2,,gross_value_added
A,CP_MEUR,M,B1G,BG,2016,1645.7 ,1645.7,,gross_value_added
A,CP_MEUR,M,B1G,CZ,2016,8258.0 ,8258.0,,gross_value_added
A,CP_MEUR,M,B1G,DE,2016,188636.0 ,188636.0,,gross_value_added
A,CP_MEUR,M,B1G,EE,2016,950.0 ,950.0,,gross_value_added
A,CP_MEUR,M,B1G,ES,2016,46098.0 ,46098.0,,gross_value_added
A,CP_MEUR,M,B1G,FI,2016,9258.0 ,9258.0,,gross_value_added
A,CP_MEUR,M,B1G,FR,2016,164070.5 ,164070.5,,gross_value_added
A,CP_MEUR,M,B1G,HU,2016,5786.6 ,5786.6,,gross_value_added
A,CP_MEUR,M,B1G,IT,2016,98373.3 ,98373.3,,gross_value_added
A,CP_MEUR,M,B1G,LV,2016,1031.4 ,1031.4,,gross_value_added
A,CP_MEUR,M,B1G,NL,2016,56939.0 ,56939.0,,gross_value_added
A,CP_MEUR,M,B1G,NO,2016,13415.0 ,13415.0,,gross_value_added
A,CP_MEUR,M,B1G,PL,2016,20600.2 ,20600.2,,gross_value_added
A,CP_MEUR,M,B1G,PT,2016,6028.4 ,6028.4,,gross_value_added
A,CP_MEUR,M,B1G,RO,2016,8071.4 ,8071.4,,gross_value_added
A,CP_MEUR,M,B1G,SE,2016,31301.1 ,31301.1,,gross_value_added
A,CP_MEUR,M,B1G,SI,2016,2332.1 ,2332.1,,gross_value_added
A,CP_MEUR,M,B1G,SK,2016,5628.5 ,5628.5,,gross_value_added
A,CP_MEUR,M,B2A3N,AT,2016,4860.1 ,4860.1,,net_operating_surplus_mixed_income
A,CP_MEUR,M,B2A3N,BE,2016,21410.5 ,21410.5,,net_operating_surplus_mixed_income
A,CP_MEUR,M,B2A3N,BG,2016,438.5 ,438.5,,net_operating_surplus_mixed_income
A,CP_MEUR,M,B2A3N,CZ,2016,2594.0 ,2594.0,,net_operating_surplus_mixed_income
A,CP_MEUR,M,B2A3N,DE,2016,55071.0 ,55071.0,,net_operating_surplus_mixed_income
A,CP_MEUR,M,B2A3N,EE,2016,215.7 ,215.7,,net_operating_surplus_mixed_income
A,CP_MEUR,M,B2A3N,ES,2016,7952.0 ,7952.0,,net_operating_surplus_mixed_income
A,CP_MEUR,M,B2A3N,FI,2016,1481.0 ,1481.0,,net_operating_surplus_mixed_income
A,CP_MEUR,M,B2A3N,FR,2016,21275.4 ,21275.4,,net_operating_surplus_mixed_income
A,CP_MEUR,M,B2A3N,HU,2016,1767.6 ,1767.6,,net_operating_surplus_mixed_income
A,CP_MEUR,M,B2A3N,IT,2016,57278.9 ,57278.9,,net_operating_surplus_mixed_income
A,CP_MEUR,M,B2A3N,LV,2016,293.0 ,293.0,,net_operating_surplus_mixed_income
A,CP_MEUR,M,B2A3N,NL,2016,19363.0 ,19363.0,,net_operating_surplus_mixed_income
A,CP_MEUR,M,B2A3N,NO,2016,2558.3 ,2558.3,,net_operating_surplus_mixed_income
A,CP_MEUR,M,B2A3N,PL,2016,11565.8 ,11565.8,,net_operating_surplus_mixed_income
A,CP_MEUR,M,B2A3N,PT,2016,1046.2 ,1046.2,,net_operating_surplus_mixed_income
A,CP_MEUR,M,B2A3N,RO,2016,4568.1 ,4568.1,,net_operating_surplus_mixed_income
A,CP_MEUR,M,B2A3N,SE,2016,4351.7 ,4351.7,,net_operating_surplus_mixed_income
A,CP_MEUR,M,B2A3N,SI,2016,644.9 ,644.9,,net_operating_surplus_mixed_income
A,CP_MEUR,M,B2A3N,SK,2016,3589.1 ,3589.1,,net_operating_surplus_mixed_income
A,CP_MEUR,M,D1,AT,2016,9479.0 ,9479.0,,compensation
A,CP_MEUR,M,D1,BE,2016,11603.1 ,11603.1,,compensation
A,CP_MEUR,M,D1,BG,2016,1003.7 ,1003.7,,compensation
A,CP_MEUR,M,D1,CZ,2016,4184.5 ,4184.5,,compensation
A,CP_MEUR,M,D1,DE,2016,116732.0 ,116732.0,,compensation
A,CP_MEUR,M,D1,EE,2016,537.7 ,537.7,,compensation
A,CP_MEUR,M,D1,ES,2016,28757.0 ,28757.0,,compensation
A,CP_MEUR,M,D1,FI,2016,6536.0 ,6536.0,,compensation
A,CP_MEUR,M,D1,FR,2016,109015.2 ,109015.2,,compensation
A,CP_MEUR,M,D1,HU,2016,3240.7 ,3240.7,,compensation
A,CP_MEUR,M,D1,IT,2016,27327.7 ,27327.7,,compensation
A,CP_MEUR,M,D1,LV,2016,586.0 ,586.0,,compensation
A,CP_MEUR,M,D1,NL,2016,33943.0 ,33943.0,,compensation
A,CP_MEUR,M,D1,NO,2016,9544.8 ,9544.8,,compensation
A,CP_MEUR,M,D1,PL,2016,7423.2 ,7423.2,,compensation
A,CP_MEUR,M,D1,PT,2016,3953.5 ,3953.5,,compensation
A,CP_MEUR,M,D1,RO,2016,2868.0 ,2868.0,,compensation
A,CP_MEUR,M,D1,SE,2016,18371.3 ,18371.3,,compensation
A,CP_MEUR,M,D1,SI,2016,1307.3 ,1307.3,,compensation
A,CP_MEUR,M,D1,SK,2016,1710.8 ,1710.8,,compensation
A,CP_MEUR,M,P1,AT,2016,33213.2 ,33213.2,,output
A,CP_MEUR,M,P1,BE,2016,79848.2 ,79848.2,,output
A,CP_MEUR,M,P1,BG,2016,3428.2 ,3428.2,,output
A,CP_MEUR,M,P1,CZ,2016,19281.8 ,19281.8,,output
A,CP_MEUR,M,P1,DE,2016,349067.0 ,349067.0,,output
A,CP_MEUR,M,P1,EE,2016,1785.5 ,1785.5,,output
A,CP_MEUR,M,P1,ES,2016,89071.0 ,89071.0,,output
A,CP_MEUR,M,P1,FI,2016,16491.0 ,16491.0,,output
A,CP_MEUR,M,P1,FR,2016,306340.3 ,306340.3,,output
A,CP_MEUR,M,P1,HU,2016,9220.7 ,9220.7,,output
A,CP_MEUR,M,P1,IT,2016,167829.2 ,167829.2,,output
A,CP_MEUR,M,P1,LV,2016,1664.5 ,1664.5,,output
A,CP_MEUR,M,P1,NL,2016,110556.0 ,110556.0,,output
A,CP_MEUR,M,P1,NO,2016,24858.5 ,24858.5,,output
A,CP_MEUR,M,P1,PL,2016,36532.8 ,36532.8,,output
A,CP_MEUR,M,P1,PT,2016,12647.7 ,12647.7,,output
A,CP_MEUR,M,P1,RO,2016,16827.3 ,16827.3,,output
A,CP_MEUR,M,P1,SE,2016,56923.4 ,56923.4,,output
A,CP_MEUR,M,P1,SI,2016,4506.9 ,4506.9,,output
A,CP_MEUR,M,P1,SK,2016,9628.3 ,9628.3,,output
A,CP_MEUR,N,B1G,AT,2016,13580.4 ,13580.4,,gross_value_added
A,CP_MEUR,N,B1G,BE,2016,18573.4 ,18573.4,,gross_value_added
A,CP_MEUR,N,B1G,BG,2016,980.4 ,980.4,,gross_value_added
A,CP_MEUR,N,B1G,CZ,2016,2838.1 ,2838.1,,gross_value_added
A,CP_MEUR,N,B1G,DE,2016,141610.0 ,141610.0,,gross_value_added
A,CP_MEUR,N,B1G,EE,2016,685.5 ,685.5,,gross_value_added
A,CP_MEUR,N,B1G,ES,2016,40990.0 ,40990.0,,gross_value_added
A,CP_MEUR,N,B1G,FI,2016,6347.0 ,6347.0,,gross_value_added
A,CP_MEUR,N,B1G,FR,2016,109700.2 ,109700.2,,gross_value_added
A,CP_MEUR,N,B1G,HU,2016,3489.6 ,3489.6,,gross_value_added
A,CP_MEUR,N,B1G,IT,2016,50425.4 ,50425.4,,gross_value_added
A,CP_MEUR,N,B1G,LV,2016,643.7 ,643.7,,gross_value_added
A,CP_MEUR,N,B1G,NL,2016,45813.0 ,45813.0,,gross_value_added
A,CP_MEUR,N,B1G,NO,2016,8556.9 ,8556.9,,gross_value_added
A,CP_MEUR,N,B1G,PL,2016,9917.7 ,9917.7,,gross_value_added
A,CP_MEUR,N,B1G,PT,2016,5918.8 ,5918.8,,gross_value_added
A,CP_MEUR,N,B1G,RO,2016,3462.3 ,3462.3,,gross_value_added
A,CP_MEUR,N,B1G,SE,2016,14811.8 ,14811.8,,gross_value_added
A,CP_MEUR,N,B1G,SI,2016,1058.0 ,1058.0,,gross_value_added
A,CP_MEUR,N,B1G,SK,2016,2441.1 ,2441.1,,gross_value_added
A,CP_MEUR,N,B2A3N,AT,2016,1655.4 ,1655.4,,net_operating_surplus_mixed_income
A,CP_MEUR,N,B2A3N,BE,2016,2605.7 ,2605.7,,net_operating_surplus_mixed_income
A,CP_MEUR,N,B2A3N,BG,2016,77.7 ,77.7,,net_operating_surplus_mixed_income
A,CP_MEUR,N,B2A3N,CZ,2016,578.3 ,578.3,,net_operating_surplus_mixed_income
A,CP_MEUR,N,B2A3N,DE,2016,17297.0 ,17297.0,,net_operating_surplus_mixed_income
A,CP_MEUR,N,B2A3N,EE,2016,172.0 ,172.0,,net_operating_surplus_mixed_income
A,CP_MEUR,N,B2A3N,ES,2016,9554.0 ,9554.0,,net_operating_surplus_mixed_income
A,CP_MEUR,N,B2A3N,FI,2016,866.0 ,866.0,,net_operating_surplus_mixed_income
A,CP_MEUR,N,B2A3N,FR,2016,13330.1 ,13330.1,,net_operating_surplus_mixed_income
A,CP_MEUR,N,B2A3N,HU,2016,730.7 ,730.7,,net_operating_surplus_mixed_income
A,CP_MEUR,N,B2A3N,IT,2016,14422.2 ,14422.2,,net_operating_surplus_mixed_income
A,CP_MEUR,N,B2A3N,LV,2016,131.8 ,131.8,,net_operating_surplus_mixed_income
A,CP_MEUR,N,B2A3N,NL,2016,12607.0 ,12607.0,,net_operating_surplus_mixed_income
A,CP_MEUR,N,B2A3N,NO,2016,1948.4 ,1948.4,,net_operating_surplus_mixed_income
A,CP_MEUR,N,B2A3N,PL,2016,3541.2 ,3541.2,,net_operating_surplus_mixed_income
A,CP_MEUR,N,B2A3N,PT,2016,1344.9 ,1344.9,,net_operating_surplus_mixed_income
A,CP_MEUR,N,B2A3N,RO,2016,613.5 ,613.5,,net_operating_surplus_mixed_income
A,CP_MEUR,N,B2A3N,SE,2016,1094.6 ,1094.6,,net_operating_surplus_mixed_income
A,CP_MEUR,N,B2A3N,SI,2016,72.6 ,72.6,,net_operating_surplus_mixed_income
A,CP_MEUR,N,B2A3N,SK,2016,1222.1 ,1222.1,,net_operating_surplus_mixed_income
A,CP_MEUR,N,D1,AT,2016,7421.8 ,7421.8,,compensation
A,CP_MEUR,N,D1,BE,2016,14153.5 ,14153.5,,compensation
A,CP_MEUR,N,D1,BG,2016,678.4 ,678.4,,compensation
A,CP_MEUR,N,D1,CZ,2016,1704.7 ,1704.7,,compensation
A,CP_MEUR,N,D1,DE,2016,77461.0 ,77461.0,,compensation
A,CP_MEUR,N,D1,EE,2016,414.6 ,414.6,,compensation
A,CP_MEUR,N,D1,ES,2016,26151.0 ,26151.0,,compensation
A,CP_MEUR,N,D1,FI,2016,4915.0 ,4915.0,,compensation
A,CP_MEUR,N,D1,FR,2016,76930.9 ,76930.9,,compensation
A,CP_MEUR,N,D1,HU,2016,2268.7 ,2268.7,,compensation
A,CP_MEUR,N,D1,IT,2016,28614.3 ,28614.3,,compensation
A,CP_MEUR,N,D1,LV,2016,412.2 ,412.2,,compensation
A,CP_MEUR,N,D1,NL,2016,26735.0 ,26735.0,,compensation
A,CP_MEUR,N,D1,NO,2016,5706.0 ,5706.0,,compensation
A,CP_MEUR,N,D1,PL,2016,5955.7 ,5955.7,,compensation
A,CP_MEUR,N,D1,PT,2016,3850.1 ,3850.1,,compensation
A,CP_MEUR,N,D1,RO,2016,2225.2 ,2225.2,,compensation
A,CP_MEUR,N,D1,SE,2016,10759.1 ,10759.1,,compensation
A,CP_MEUR,N,D1,SI,2016,889.4 ,889.4,,compensation
A,CP_MEUR,N,D1,SK,2016,1029.7 ,1029.7,,compensation
A,CP_MEUR,N,P1,AT,2016,20821.2 ,20821.2,,output
A,CP_MEUR,N,P1,BE,2016,37163.2 ,37163.2,,output
A,CP_MEUR,N,P1,BG,2016,2173.2 ,2173.2,,output
A,CP_MEUR,N,P1,CZ,2016,8079.6 ,8079.6,,output
A,CP_MEUR,N,P1,DE,2016,241842.0 ,241842.0,,output
A,CP_MEUR,N,P1,EE,2016,1261.5 ,1261.5,,output
A,CP_MEUR,N,P1,ES,2016,73830.0 ,73830.0,,output
A,CP_MEUR,N,P1,FI,2016,10709.0 ,10709.0,,output
A,CP_MEUR,N,P1,FR,2016,199501.1 ,199501.1,,output
A,CP_MEUR,N,P1,HU,2016,6027.4 ,6027.4,,output
A,CP_MEUR,N,P1,IT,2016,108314.7 ,108314.7,,output
A,CP_MEUR,N,P1,LV,2016,1254.1 ,1254.1,,output
A,CP_MEUR,N,P1,NL,2016,75176.0 ,75176.0,,output
A,CP_MEUR,N,P1,NO,2016,17557.0 ,17557.0,,output
A,CP_MEUR,N,P1,PL,2016,18912.5 ,18912.5,,output
A,CP_MEUR,N,P1,PT,2016,9382.2 ,9382.2,,output
A,CP_MEUR,N,P1,RO,2016,7013.7 ,7013.7,,output
A,CP_MEUR,N,P1,SE,2016,27137.6 ,27137.6,,output
A,CP_MEUR,N,P1,SI,2016,1817.3 ,1817.3,,output
A,CP_MEUR,N,P1,SK,2016,5476.0 ,5476.0,,output
A,CP_MEUR,B,B1G,AT,2017,1199.7 ,1199.7,,gross_value_added
A,CP_MEUR,B,B1G,BE,2017,248.6 ,248.6,,gross_value_added
A,CP_MEUR,B,B1G,BG,2017,1013.8 ,1013.8,,gross_value_added
A,CP_MEUR,B,B1G,CZ,2017,1245.9 ,1245.9,,gross_value_added
A,CP_MEUR,B,B1G,DE,2017,4331.0 ,4331.0,,gross_value_added
A,CP_MEUR,B,B1G,EE,2017,255.7 ,255.7,,gross_value_added
A,CP_MEUR,B,B1G,ES,2017,2214.0 ,2214.0,,gross_value_added
A,CP_MEUR,B,B1G,FI,2017,902.0 ,902.0,,gross_value_added
A,CP_MEUR,B,B1G,FR,2017,2079.7 ,2079.7,,gross_value_added
A,CP_MEUR,B,B1G,HU,2017,210.3 ,210.3,,gross_value_added
A,CP_MEUR,B,B1G,IT,2017,3971.3 ,3971.3,,gross_value_added
A,CP_MEUR,B,B1G,LV,2017,118.5 ,118.5,,gross_value_added
A,CP_MEUR,B,B1G,NL,2017,7710.0 ,7710.0,,gross_value_added
A,CP_MEUR,B,B1G,NO,2017,56237.2 ,56237.2,,gross_value_added
A,CP_MEUR,B,B1G,PL,2017,7568.2 ,7568.2,,gross_value_added
A,CP_MEUR,B,B1G,PT,2017,603.9 ,603.9,,gross_value_added
A,CP_MEUR,B,B1G,RO,2017,1228.3 ,1228.3,,gross_value_added
A,CP_MEUR,B,B1G,SE,2017,2697.2 ,2697.2,,gross_value_added
A,CP_MEUR,B,B1G,SI,2017,138.1 ,138.1,,gross_value_added
A,CP_MEUR,B,B1G,SK,2017,171.6 ,171.6,,gross_value_added
A,CP_MEUR,B,B2A3N,AT,2017,551.2 ,551.2,,net_operating_surplus_mixed_income
A,CP_MEUR,B,B2A3N,BE,2017,2.0 ,2.0,,net_operating_surplus_mixed_income
A,CP_MEUR,B,B2A3N,BG,2017,404.7 ,404.7,,net_operating_surplus_mixed_income
A,CP_MEUR,B,B2A3N,CZ,2017,139.0 ,139.0,,net_operating_surplus_mixed_income
A,CP_MEUR,B,B2A3N,DE,2017,309.0 ,309.0,,net_operating_surplus_mixed_income
A,CP_MEUR,B,B2A3N,EE,2017,95.9 ,95.9,,net_operating_surplus_mixed_income
A,CP_MEUR,B,B2A3N,ES,2017,693.0 ,693.0,,net_operating_surplus_mixed_income
A,CP_MEUR,B,B2A3N,FI,2017,290.0 ,290.0,,net_operating_surplus_mixed_income
A,CP_MEUR,B,B2A3N,FR,2017,-350.4 ,-350.4,,net_operating_surplus_mixed_income
A,CP_MEUR,B,B2A3N,HU,2017,58.5 ,58.5,,net_operating_surplus_mixed_income
A,CP_MEUR,B,B2A3N,IT,2017,420.9 ,420.9,,net_operating_surplus_mixed_income
A,CP_MEUR,B,B2A3N,LV,2017,46.6 ,46.6,,net_operating_surplus_mixed_income
A,CP_MEUR,B,B2A3N,NL,2017,4551.0 ,4551.0,,net_operating_surplus_mixed_income
A,CP_MEUR,B,B2A3N,NO,2017,32732.2 ,32732.2,,net_operating_surplus_mixed_income
A,CP_MEUR,B,B2A3N,PL,2017,2207.9 ,2207.9,,net_operating_surplus_mixed_income
A,CP_MEUR,B,B2A3N,PT,2017,233.6 ,233.6,,net_operating_surplus_mixed_income
A,CP_MEUR,B,B2A3N,RO,2017,-947.2 ,-947.2,,net_operating_surplus_mixed_income
A,CP_MEUR,B,B2A3N,SE,2017,1078.3 ,1078.3,,net_operating_surplus_mixed_income
A,CP_MEUR,B,B2A3N,SI,2017,14.5 ,14.5,,net_operating_surplus_mixed_income
A,CP_MEUR,B,B2A3N,SK,2017,29.4 ,29.4,,net_operating_surplus_mixed_income
A,CP_MEUR,B,D1,AT,2017,363.1 ,363.1,,compensation
A,CP_MEUR,B,D1,BE,2017,162.6 ,162.6,,compensation
A,CP_MEUR,B,D1,BG,2017,429.9 ,429.9,,compensation
A,CP_MEUR,B,D1,CZ,2017,657.8 ,657.8,,compensation
A,CP_MEUR,B,D1,DE,2017,3682.0 ,3682.0,,compensation
A,CP_MEUR,B,D1,EE,2017,107.2 ,107.2,,compensation
A,CP_MEUR,B,D1,ES,2017,809.0 ,809.0,,compensation
A,CP_MEUR,B,D1,FI,2017,330.0 ,330.0,,compensation
A,CP_MEUR,B,D1,FR,2017,1069.6 ,1069.6,,compensation
A,CP_MEUR,B,D1,HU,2017,69.4 ,69.4,,compensation
A,CP_MEUR,B,D1,IT,2017,1134.8 ,1134.8,,compensation
A,CP_MEUR,B,D1,LV,2017,48.3 ,48.3,,compensation
A,CP_MEUR,B,D1,NL,2017,977.0 ,977.0,,compensation
A,CP_MEUR,B,D1,NO,2017,7316.8 ,7316.8,,compensation
A,CP_MEUR,B,D1,PL,2017,3648.8 ,3648.8,,compensation
A,CP_MEUR,B,D1,PT,2017,230.3 ,230.3,,compensation
A,CP_MEUR,B,D1,RO,2017,871.6 ,871.6,,compensation
A,CP_MEUR,B,D1,SE,2017,567.3 ,567.3,,compensation
A,CP_MEUR,B,D1,SI,2017,84.3 ,84.3,,compensation
A,CP_MEUR,B,D1,SK,2017,97.5 ,97.5,,compensation
A,CP_MEUR,B,P1,AT,2017,2660.7 ,2660.7,,output
A,CP_MEUR,B,P1,BE,2017,722.3 ,722.3,,output
A,CP_MEUR,B,P1,BG,2017,1777.7 ,1777.7,,output
A,CP_MEUR,B,P1,CZ,2017,2458.4 ,2458.4,,output
A,CP_MEUR,B,P1,DE,2017,10969.0 ,10969.0,,output
A,CP_MEUR,B,P1,EE,2017,474.2 ,474.2,,output
A,CP_MEUR,B,P1,ES,2017,4496.0 ,4496.0,,output
A,CP_MEUR,B,P1,FI,2017,2323.0 ,2323.0,,output
A,CP_MEUR,B,P1,FR,2017,5296.7 ,5296.7,,output
A,CP_MEUR,B,P1,HU,2017,389.2 ,389.2,,output
A,CP_MEUR,B,P1,IT,2017,8568.2 ,8568.2,,output
A,CP_MEUR,B,P1,LV,2017,266.9 ,266.9,,output
A,CP_MEUR,B,P1,NL,2017,11904.0 ,11904.0,,output
A,CP_MEUR,B,P1,NO,2017,68347.3 ,68347.3,,output
A,CP_MEUR,B,P1,PL,2017,12800.3 ,12800.3,,output
A,CP_MEUR,B,P1,PT,2017,1239.9 ,1239.9,,output
A,CP_MEUR,B,P1,RO,2017,2405.8 ,2405.8,,output
A,CP_MEUR,B,P1,SE,2017,5152.2 ,5152.2,,output
A,CP_MEUR,B,P1,SI,2017,307.2 ,307.2,,output
A,CP_MEUR,B,P1,SK,2017,358.8 ,358.8,,output
A,CP_MEUR,C,B1G,AT,2017,64066.2 ,64066.2,,gross_value_added
A,CP_MEUR,C,B1G,BE,2017,55185.7 ,55185.7,,gross_value_added
A,CP_MEUR,C,B1G,BG,2017,7360.4 ,7360.4,,gross_value_added
A,CP_MEUR,C,B1G,CZ,2017,45608.9 ,45608.9,,gross_value_added
A,CP_MEUR,C,B1G,DE,2017,669728.0 ,669728.0,,gross_value_added
A,CP_MEUR,C,B1G,EE,2017,3244.0 ,3244.0,,gross_value_added
A,CP_MEUR,C,B1G,ES,2017,130043.0 ,130043.0,,gross_value_added
A,CP_MEUR,C,B1G,FI,2017,34547.0 ,34547.0,,gross_value_added
A,CP_MEUR,C,B1G,FR,2017,229398.4 ,229398.4,,gross_value_added
A,CP_MEUR,C,B1G,HU,2017,24303.8 ,24303.8,,gross_value_added
A,CP_MEUR,C,B1G,IT,2017,257929.9 ,257929.9,,gross_value_added
A,CP_MEUR,C,B1G,LV,2017,2829.3 ,2829.3,,gross_value_added
A,CP_MEUR,C,B1G,NL,2017,79216.0 ,79216.0,,gross_value_added
A,CP_MEUR,C,B1G,NO,2017,23481.1 ,23481.1,,gross_value_added
A,CP_MEUR,C,B1G,PL,2017,79206.7 ,79206.7,,gross_value_added
A,CP_MEUR,C,B1G,PT,2017,24303.6 ,24303.6,,gross_value_added
A,CP_MEUR,C,B1G,RO,2017,36964.4 ,36964.4,,gross_value_added
A,CP_MEUR,C,B1G,SE,2017,63390.8 ,63390.8,,gross_value_added
A,CP_MEUR,C,B1G,SI,2017,8798.2 ,8798.2,,gross_value_added
A,CP_MEUR,C,B1G,SK,2017,14545.1 ,14545.1,,gross_value_added
A,CP_MEUR,C,B2A3N,AT,2017,15872.8 ,15872.8,,net_operating_surplus_mixed_income
A,CP_MEUR,C,B2A3N,BE,2017,10436.1 ,10436.1,,net_operating_surplus_mixed_income
A,CP_MEUR,C,B2A3N,BG,2017,2114.5 ,2114.5,,net_operating_surplus_mixed_income
A,CP_MEUR,C,B2A3N,CZ,2017,13483.0 ,13483.0,,net_operating_surplus_mixed_income
A,CP_MEUR,C,B2A3N,DE,2017,135623.0 ,135623.0,,net_operating_surplus_mixed_income
A,CP_MEUR,C,B2A3N,EE,2017,686.6 ,686.6,,net_operating_surplus_mixed_income
A,CP_MEUR,C,B2A3N,ES,2017,38517.0 ,38517.0,,net_operating_surplus_mixed_income
A,CP_MEUR,C,B2A3N,FI,2017,9877.0 ,9877.0,,net_operating_surplus_mixed_income
A,CP_MEUR,C,B2A3N,FR,2017,34289.7 ,34289.7,,net_operating_surplus_mixed_income
A,CP_MEUR,C,B2A3N,HU,2017,7430.1 ,7430.1,,net_operating_surplus_mixed_income
A,CP_MEUR,C,B2A3N,IT,2017,52716.2 ,52716.2,,net_operating_surplus_mixed_income
A,CP_MEUR,C,B2A3N,LV,2017,728.8 ,728.8,,net_operating_surplus_mixed_income
A,CP_MEUR,C,B2A3N,NL,2017,26618.0 ,26618.0,,net_operating_surplus_mixed_income
A,CP_MEUR,C,B2A3N,NO,2017,3926.8 ,3926.8,,net_operating_surplus_mixed_income
A,CP_MEUR,C,B2A3N,PL,2017,27514.2 ,27514.2,,net_operating_surplus_mixed_income
A,CP_MEUR,C,B2A3N,PT,2017,7481.9 ,7481.9,,net_operating_surplus_mixed_income
A,CP_MEUR,C,B2A3N,RO,2017,14652.3 ,14652.3,,net_operating_surplus_mixed_income
A,CP_MEUR,C,B2A3N,SE,2017,13442.3 ,13442.3,,net_operating_surplus_mixed_income
A,CP_MEUR,C,B2A3N,SI,2017,1805.0 ,1805.0,,net_operating_surplus_mixed_income
A,CP_MEUR,C,B2A3N,SK,2017,2596.7 ,2596.7,,net_operating_surplus_mixed_income
A,CP_MEUR,C,D1,AT,2017,34239.7 ,34239.7,,compensation
A,CP_MEUR,C,D1,BE,2017,31907.9 ,31907.9,,compensation
A,CP_MEUR,C,D1,BG,2017,3866.6 ,3866.6,,compensation
A,CP_MEUR,C,D1,CZ,2017,23111.3 ,23111.3,,compensation
A,CP_MEUR,C,D1,DE,2017,420567.0 ,420567.0,,compensation
A,CP_MEUR,C,D1,EE,2017,2058.3 ,2058.3,,compensation
A,CP_MEUR,C,D1,ES,2017,69548.0 ,69548.0,,compensation
A,CP_MEUR,C,D1,FI,2017,17021.0 ,17021.0,,compensation
A,CP_MEUR,C,D1,FR,2017,140600.2 ,140600.2,,compensation
A,CP_MEUR,C,D1,HU,2017,11625.4 ,11625.4,,compensation
A,CP_MEUR,C,D1,IT,2017,141753.6 ,141753.6,,compensation
A,CP_MEUR,C,D1,LV,2017,1553.7 ,1553.7,,compensation
A,CP_MEUR,C,D1,NL,2017,39038.0 ,39038.0,,compensation
A,CP_MEUR,C,D1,NO,2017,15227.4 ,15227.4,,compensation
A,CP_MEUR,C,D1,PL,2017,39543.3 ,39543.3,,compensation
A,CP_MEUR,C,D1,PT,2017,12746.7 ,12746.7,,compensation
A,CP_MEUR,C,D1,RO,2017,14359.3 ,14359.3,,compensation
A,CP_MEUR,C,D1,SE,2017,29688.8 ,29688.8,,compensation
A,CP_MEUR,C,D1,SI,2017,5114.8 ,5114.8,,compensation
A,CP_MEUR,C,D1,SK,2017,8387.5 ,8387.5,,compensation
A,CP_MEUR,C,P1,AT,2017,188894.9 ,188894.9,,output
A,CP_MEUR,C,P1,BE,2017,229405.3 ,229405.3,,output
A,CP_MEUR,C,P1,BG,2017,31182.8 ,31182.8,,output
A,CP_MEUR,C,P1,CZ,2017,171730.5 ,171730.5,,output
A,CP_MEUR,C,P1,DE,2017,1929027.0 ,1929027.0,,output
A,CP_MEUR,C,P1,EE,2017,12146.0 ,12146.0,,output
A,CP_MEUR,C,P1,ES,2017,503280.0 ,503280.0,,output
A,CP_MEUR,C,P1,FI,2017,114364.0 ,114364.0,,output
A,CP_MEUR,C,P1,FR,2017,807750.4 ,807750.4,,output
A,CP_MEUR,C,P1,HU,2017,97360.2 ,97360.2,,output
A,CP_MEUR,C,P1,IT,2017,966649.3 ,966649.3,,output
A,CP_MEUR,C,P1,LV,2017,8779.1 ,8779.1,,output
A,CP_MEUR,C,P1,NL,2017,329713.0 ,329713.0,,output
A,CP_MEUR,C,P1,NO,2017,84265.7 ,84265.7,,output
A,CP_MEUR,C,P1,PL,2017,306518.9 ,306518.9,,output
A,CP_MEUR,C,P1,PT,2017,90340.1 ,90340.1,,output
A,CP_MEUR,C,P1,RO,2017,101807.9 ,101807.9,,output
A,CP_MEUR,C,P1,SE,2017,196097.8 ,196097.8,,output
A,CP_MEUR,C,P1,SI,2017,27485.6 ,27485.6,,output
A,CP_MEUR,C,P1,SK,2017,71375.5 ,71375.5,,output
A,CP_MEUR,D,B1G,AT,2017,5262.7 ,5262.7,,gross_value_added
A,CP_MEUR,D,B1G,BE,2017,5941.0 ,5941.0,,gross_value_added
A,CP_MEUR,D,B1G,BG,2017,1878.6 ,1878.6,,gross_value_added
A,CP_MEUR,D,B1G,CZ,2017,5315.8 ,5315.8,,gross_value_added
A,CP_MEUR,D,B1G,DE,2017,33295.0 ,33295.0,,gross_value_added
A,CP_MEUR,D,B1G,EE,2017,580.8 ,580.8,,gross_value_added
A,CP_MEUR,D,B1G,ES,2017,24610.0 ,24610.0,,gross_value_added
A,CP_MEUR,D,B1G,FI,2017,4152.0 ,4152.0,,gross_value_added
A,CP_MEUR,D,B1G,FR,2017,25702.2 ,25702.2,,gross_value_added
A,CP_MEUR,D,B1G,HU,2017,1889.3 ,1889.3,,gross_value_added
A,CP_MEUR,D,B1G,IT,2017,18722.2 ,18722.2,,gross_value_added
A,CP_MEUR,D,B1G,LV,2017,626.8 ,626.8,,gross_value_added
A,CP_MEUR,D,B1G,NL,2017,7406.0 ,7406.0,,gross_value_added
A,CP_MEUR,D,B1G,NO,2017,6891.3 ,6891.3,,gross_value_added
A,CP_MEUR,D,B1G,PL,2017,11711.5 ,11711.5,,gross_value_added
A,CP_MEUR,D,B1G,PT,2017,4121.0 ,4121.0,,gross_value_added
A,CP_MEUR,D,B1G,RO,2017,4575.1 ,4575.1,,gross_value_added
A,CP_MEUR,D,B1G,SE,2017,9568.2 ,9568.2,,gross_value_added
A,CP_MEUR,D,B1G,SI,2017,728.6 ,728.6,,gross_value_added
A,CP_MEUR,D,B1G,SK,2017,1957.6 ,1957.6,,gross_value_added
A,CP_MEUR,D,B2A3N,AT,2017,911.5 ,911.5,,net_operating_surplus_mixed_income
A,CP_MEUR,D,B2A3N,BE,2017,1674.4 ,1674.4,,net_operating_surplus_mixed_income
A,CP_MEUR,D,B2A3N,BG,2017,815.4 ,815.4,,net_operating_surplus_mixed_income
A,CP_MEUR,D,B2A3N,CZ,2017,2087.1 ,2087.1,,net_operating_surplus_mixed_income
A,CP_MEUR,D,B2A3N,DE,2017,25919.0 ,25919.0,,net_operating_surplus_mixed_income
A,CP_MEUR,D,B2A3N,EE,2017,243.1 ,243.1,,net_operating_surplus_mixed_income
A,CP_MEUR,D,B2A3N,ES,2017,11667.0 ,11667.0,,net_operating_surplus_mixed_income
A,CP_MEUR,D,B2A3N,FI,2017,1543.0 ,1543.0,,net_operating_surplus_mixed_income
A,CP_MEUR,D,B2A3N,FR,2017,5072.9 ,5072.9,,net_operating_surplus_mixed_income
A,CP_MEUR,D,B2A3N,HU,2017,250.3 ,250.3,,net_operating_surplus_mixed_income
A,CP_MEUR,D,B2A3N,IT,2017,3607.7 ,3607.7,,net_operating_surplus_mixed_income
A,CP_MEUR,D,B2A3N,LV,2017,281.4 ,281.4,,net_operating_surplus_mixed_income
A,CP_MEUR,D,B2A3N,NL,2017,1332.0 ,1332.0,,net_operating_surplus_mixed_income
A,CP_MEUR,D,B2A3N,NO,2017,3166.8 ,3166.8,,net_operating_surplus_mixed_income
A,CP_MEUR,D,B2A3N,PL,2017,1746.8 ,1746.8,,net_operating_surplus_mixed_income
A,CP_MEUR,D,B2A3N,PT,2017,2267.8 ,2267.8,,net_operating_surplus_mixed_income
A,CP_MEUR,D,B2A3N,RO,2017,2504.2 ,2504.2,,net_operating_surplus_mixed_income
A,CP_MEUR,D,B2A3N,SE,2017,3346.4 ,3346.4,,net_operating_surplus_mixed_income
A,CP_MEUR,D,B2A3N,SI,2017,53.1 ,53.1,,net_operating_surplus_mixed_income
A,CP_MEUR,D,B2A3N,SK,2017,-281.5 ,-281.5,,net_operating_surplus_mixed_income
A,CP_MEUR,D,D1,AT,2017,2233.4 ,2233.4,,compensation
A,CP_MEUR,D,D1,BE,2017,1959.0 ,1959.0,,compensation
A,CP_MEUR,D,D1,BG,2017,560.4 ,560.4,,compensation
A,CP_MEUR,D,D1,CZ,2017,959.1 ,959.1,,compensation
A,CP_MEUR,D,D1,DE,2017,19020.0 ,19020.0,,compensation
A,CP_MEUR,D,D1,EE,2017,143.3 ,143.3,,compensation
A,CP_MEUR,D,D1,ES,2017,2915.0 ,2915.0,,compensation
A,CP_MEUR,D,D1,FI,2017,807.0 ,807.0,,compensation
A,CP_MEUR,D,D1,FR,2017,12917.9 ,12917.9,,compensation
A,CP_MEUR,D,D1,HU,2017,712.5 ,712.5,,compensation
A,CP_MEUR,D,D1,IT,2017,5104.1 ,5104.1,,compensation
A,CP_MEUR,D,D1,LV,2017,219.1 ,219.1,,compensation
A,CP_MEUR,D,D1,NL,2017,2046.0 ,2046.0,,compensation
A,CP_MEUR,D,D1,NO,2017,1624.9 ,1624.9,,compensation
A,CP_MEUR,D,D1,PL,2017,3147.5 ,3147.5,,compensation
A,CP_MEUR,D,D1,PT,2017,440.0 ,440.0,,compensation
A,CP_MEUR,D,D1,RO,2017,1082.7 ,1082.7,,compensation
A,CP_MEUR,D,D1,SE,2017,1951.7 ,1951.7,,compensation
A,CP_MEUR,D,D1,SI,2017,321.2 ,321.2,,compensation
A,CP_MEUR,D,D1,SK,2017,499.5 ,499.5,,compensation
A,CP_MEUR,D,P1,AT,2017,27564.3 ,27564.3,,output
A,CP_MEUR,D,P1,BE,2017,12980.6 ,12980.6,,output
A,CP_MEUR,D,P1,BG,2017,4207.2 ,4207.2,,output
A,CP_MEUR,D,P1,CZ,2017,14182.2 ,14182.2,,output
A,CP_MEUR,D,P1,DE,2017,126944.0 ,126944.0,,output
A,CP_MEUR,D,P1,EE,2017,1390.0 ,1390.0,,output
A,CP_MEUR,D,P1,ES,2017,60860.0 ,60860.0,,output
A,CP_MEUR,D,P1,FI,2017,8878.0 ,8878.0,,output
A,CP_MEUR,D,P1,FR,2017,107768.4 ,107768.4,,output
A,CP_MEUR,D,P1,HU,2017,4600.9 ,4600.9,,output
A,CP_MEUR,D,P1,IT,2017,74801.0 ,74801.0,,output
A,CP_MEUR,D,P1,LV,2017,1900.9 ,1900.9,,output
A,CP_MEUR,D,P1,NL,2017,16617.0 ,16617.0,,output
A,CP_MEUR,D,P1,NO,2017,8761.4 ,8761.4,,output
A,CP_MEUR,D,P1,PL,2017,26367.2 ,26367.2,,output
A,CP_MEUR,D,P1,PT,2017,15658.2 ,15658.2,,output
A,CP_MEUR,D,P1,RO,2017,12225.4 ,12225.4,,output
A,CP_MEUR,D,P1,SE,2017,17371.9 ,17371.9,,output
A,CP_MEUR,D,P1,SI,2017,1721.5 ,1721.5,,output
A,CP_MEUR,D,P1,SK,2017,10391.5 ,10391.5,,output
A,CP_MEUR,E,B1G,AT,2017,3369.0 ,3369.0,,gross_value_added
A,CP_MEUR,E,B1G,BE,2017,3863.6 ,3863.6,,gross_value_added
A,CP_MEUR,E,B1G,BG,2017,475.8 ,475.8,,gross_value_added
A,CP_MEUR,E,B1G,CZ,2017,1795.7 ,1795.7,,gross_value_added
A,CP_MEUR,E,B1G,DE,2017,31099.0 ,31099.0,,gross_value_added
A,CP_MEUR,E,B1G,EE,2017,176.5 ,176.5,,gross_value_added
A,CP_MEUR,E,B1G,ES,2017,11790.0 ,11790.0,,gross_value_added
A,CP_MEUR,E,B1G,FI,2017,1749.0 ,1749.0,,gross_value_added
A,CP_MEUR,E,B1G,FR,2017,13723.3 ,13723.3,,gross_value_added
A,CP_MEUR,E,B1G,HU,2017,1020.3 ,1020.3,,gross_value_added
A,CP_MEUR,E,B1G,IT,2017,16093.7 ,16093.7,,gross_value_added
A,CP_MEUR,E,B1G,LV,2017,191.2 ,191.2,,gross_value_added
A,CP_MEUR,E,B1G,NL,2017,4257.0 ,4257.0,,gross_value_added
A,CP_MEUR,E,B1G,NO,2017,2216.1 ,2216.1,,gross_value_added
A,CP_MEUR,E,B1G,PL,2017,5216.8 ,5216.8,,gross_value_added
A,CP_MEUR,E,B1G,PT,2017,1685.5 ,1685.5,,gross_value_added
A,CP_MEUR,E,B1G,RO,2017,1393.1 ,1393.1,,gross_value_added
A,CP_MEUR,E,B1G,SE,2017,2465.5 ,2465.5,,gross_value_added
A,CP_MEUR,E,B1G,SI,2017,337.7 ,337.7,,gross_value_added
A,CP_MEUR,E,B1G,SK,2017,756.6 ,756.6,,gross_value_added
A,CP_MEUR,E,B2A3N,AT,2017,832.2 ,832.2,,net_operating_surplus_mixed_income
A,CP_MEUR,E,B2A3N,BE,2017,495.4 ,495.4,,net_operating_surplus_mixed_income
A,CP_MEUR,E,B2A3N,BG,2017,139.1 ,139.1,,net_operating_surplus_mixed_income
A,CP_MEUR,E,B2A3N,CZ,2017,225.5 ,225.5,,net_operating_surplus_mixed_income
A,CP_MEUR,E,B2A3N,DE,2017,4953.0 ,4953.0,,net_operating_surplus_mixed_income
A,CP_MEUR,E,B2A3N,EE,2017,27.3 ,27.3,,net_operating_surplus_mixed_income
A,CP_MEUR,E,B2A3N,ES,2017,1731.0 ,1731.0,,net_operating_surplus_mixed_income
A,CP_MEUR,E,B2A3N,FI,2017,563.0 ,563.0,,net_operating_surplus_mixed_income
A,CP_MEUR,E,B2A3N,FR,2017,1154.3 ,1154.3,,net_operating_surplus_mixed_income
A,CP_MEUR,E,B2A3N,HU,2017,-111.6 ,-111.6,,net_operating_surplus_mixed_income
A,CP_MEUR,E,B2A3N,IT,2017,1654.7 ,1654.7,,net_operating_surplus_mixed_income
A,CP_MEUR,E,B2A3N,LV,2017,-28.9 ,-28.9,,net_operating_surplus_mixed_income
A,CP_MEUR,E,B2A3N,NL,2017,1038.0 ,1038.0,,net_operating_surplus_mixed_income
A,CP_MEUR,E,B2A3N,NO,2017,168.5 ,168.5,,net_operating_surplus_mixed_income
A,CP_MEUR,E,B2A3N,PL,2017,1239.8 ,1239.8,,net_operating_surplus_mixed_income
A,CP_MEUR,E,B2A3N,PT,2017,389.8 ,389.8,,net_operating_surplus_mixed_income
A,CP_MEUR,E,B2A3N,RO,2017,32.2 ,32.2,,net_operating_surplus_mixed_income
A,CP_MEUR,E,B2A3N,SE,2017,-149.5 ,-149.5,,net_operating_surplus_mixed_income
A,CP_MEUR,E,B2A3N,SI,2017,-51.8 ,-51.8,,net_operating_surplus_mixed_income
A,CP_MEUR,E,B2A3N,SK,2017,-115.4 ,-115.4,,net_operating_surplus_mixed_income
A,CP_MEUR,E,D1,AT,2017,1141.6 ,1141.6,,compensation
A,CP_MEUR,E,D1,BE,2017,2060.3 ,2060.3,,compensation
A,CP_MEUR,E,D1,BG,2017,254.6 ,254.6,,compensation
A,CP_MEUR,E,D1,CZ,2017,979.8 ,979.8,,compensation
A,CP_MEUR,E,D1,DE,2017,12427.0 ,12427.0,,compensation
A,CP_MEUR,E,D1,EE,2017,67.8 ,67.8,,compensation
A,CP_MEUR,E,D1,ES,2017,6909.0 ,6909.0,,compensation
A,CP_MEUR,E,D1,FI,2017,605.0 ,605.0,,compensation
A,CP_MEUR,E,D1,FR,2017,6858.2 ,6858.2,,compensation
A,CP_MEUR,E,D1,HU,2017,665.5 ,665.5,,compensation
A,CP_MEUR,E,D1,IT,2017,8871.5 ,8871.5,,compensation
A,CP_MEUR,E,D1,LV,2017,104.0 ,104.0,,compensation
A,CP_MEUR,E,D1,NL,2017,1926.0 ,1926.0,,compensation
A,CP_MEUR,E,D1,NO,2017,1115.7 ,1115.7,,compensation
A,CP_MEUR,E,D1,PL,2017,2306.8 ,2306.8,,compensation
A,CP_MEUR,E,D1,PT,2017,802.7 ,802.7,,compensation
A,CP_MEUR,E,D1,RO,2017,845.3 ,845.3,,compensation
A,CP_MEUR,E,D1,SE,2017,1271.5 ,1271.5,,compensation
A,CP_MEUR,E,D1,SI,2017,248.7 ,248.7,,compensation
A,CP_MEUR,E,D1,SK,2017,380.0 ,380.0,,compensation
A,CP_MEUR,E,P1,AT,2017,7914.9 ,7914.9,,output
A,CP_MEUR,E,P1,BE,2017,11265.2 ,11265.2,,output
A,CP_MEUR,E,P1,BG,2017,917.1 ,917.1,,output
A,CP_MEUR,E,P1,CZ,2017,4735.4 ,4735.4,,output
A,CP_MEUR,E,P1,DE,2017,68922.0 ,68922.0,,output
A,CP_MEUR,E,P1,EE,2017,479.7 ,479.7,,output
A,CP_MEUR,E,P1,ES,2017,28615.0 ,28615.0,,output
A,CP_MEUR,E,P1,FI,2017,3809.0 ,3809.0,,output
A,CP_MEUR,E,P1,FR,2017,37725.6 ,37725.6,,output
A,CP_MEUR,E,P1,HU,2017,2378.5 ,2378.5,,output
A,CP_MEUR,E,P1,IT,2017,41714.5 ,41714.5,,output
A,CP_MEUR,E,P1,LV,2017,416.3 ,416.3,,output
A,CP_MEUR,E,P1,NL,2017,10767.0 ,10767.0,,output
A,CP_MEUR,E,P1,NO,2017,5804.4 ,5804.4,,output
A,CP_MEUR,E,P1,PL,2017,10583.0 ,10583.0,,output
A,CP_MEUR,E,P1,PT,2017,4307.6 ,4307.6,,output
A,CP_MEUR,E,P1,RO,2017,3538.4 ,3538.4,,output
A,CP_MEUR,E,P1,SE,2017,7351.7 ,7351.7,,output
A,CP_MEUR,E,P1,SI,2017,1193.0 ,1193.0,,output
A,CP_MEUR,E,P1,SK,2017,1399.8 ,1399.8,,output
A,CP_MEUR,F,B1G,AT,2017,20873.1 ,20873.1,,gross_value_added
A,CP_MEUR,F,B1G,BE,2017,19693.8 ,19693.8,,gross_value_added
A,CP_MEUR,F,B1G,BG,2017,1866.0 ,1866.0,,gross_value_added
A,CP_MEUR,F,B1G,CZ,2017,9451.5 ,9451.5,,gross_value_added
A,CP_MEUR,F,B1G,DE,2017,127361.0 ,127361.0,,gross_value_added
A,CP_MEUR,F,B1G,EE,2017,1379.7 ,1379.7,,gross_value_added
A,CP_MEUR,F,B1G,ES,2017,64233.0 ,64233.0,,gross_value_added
A,CP_MEUR,F,B1G,FI,2017,13637.0 ,13637.0,,gross_value_added
A,CP_MEUR,F,B1G,FR,2017,112914.0 ,112914.0,,gross_value_added
A,CP_MEUR,F,B1G,HU,2017,4591.5 ,4591.5,,gross_value_added
A,CP_MEUR,F,B1G,IT,2017,65463.3 ,65463.3,,gross_value_added
A,CP_MEUR,F,B1G,LV,2017,1379.6 ,1379.6,,gross_value_added
A,CP_MEUR,F,B1G,NL,2017,29966.0 ,29966.0,,gross_value_added
A,CP_MEUR,F,B1G,NO,2017,20528.8 ,20528.8,,gross_value_added
A,CP_MEUR,F,B1G,PL,2017,31431.8 ,31431.8,,gross_value_added
A,CP_MEUR,F,B1G,PT,2017,6920.3 ,6920.3,,gross_value_added
A,CP_MEUR,F,B1G,RO,2017,10105.7 ,10105.7,,gross_value_added
A,CP_MEUR,F,B1G,SE,2017,27215.9 ,27215.9,,gross_value_added
A,CP_MEUR,F,B1G,SI,2017,1945.8 ,1945.8,,gross_value_added
A,CP_MEUR,F,B1G,SK,2017,6423.2 ,6423.2,,gross_value_added
A,CP_MEUR,F,B2A3N,AT,2017,6083.6 ,6083.6,,net_operating_surplus_mixed_income
A,CP_MEUR,F,B2A3N,BE,2017,6004.2 ,6004.2,,net_operating_surplus_mixed_income
A,CP_MEUR,F,B2A3N,BG,2017,676.7 ,676.7,,net_operating_surplus_mixed_income
A,CP_MEUR,F,B2A3N,CZ,2017,4103.9 ,4103.9,,net_operating_surplus_mixed_income
A,CP_MEUR,F,B2A3N,DE,2017,43779.0 ,43779.0,,net_operating_surplus_mixed_income
A,CP_MEUR,F,B2A3N,EE,2017,367.8 ,367.8,,net_operating_surplus_mixed_income
A,CP_MEUR,F,B2A3N,ES,2017,22474.0 ,22474.0,,net_operating_surplus_mixed_income
A,CP_MEUR,F,B2A3N,FI,2017,3875.0 ,3875.0,,net_operating_surplus_mixed_income
A,CP_MEUR,F,B2A3N,FR,2017,31128.8 ,31128.8,,net_operating_surplus_mixed_income
A,CP_MEUR,F,B2A3N,HU,2017,1979.7 ,1979.7,,net_operating_surplus_mixed_income
A,CP_MEUR,F,B2A3N,IT,2017,25305.8 ,25305.8,,net_operating_surplus_mixed_income
A,CP_MEUR,F,B2A3N,LV,2017,259.3 ,259.3,,net_operating_surplus_mixed_income
A,CP_MEUR,F,B2A3N,NL,2017,10456.0 ,10456.0,,net_operating_surplus_mixed_income
A,CP_MEUR,F,B2A3N,NO,2017,5605.9 ,5605.9,,net_operating_surplus_mixed_income
A,CP_MEUR,F,B2A3N,PL,2017,18756.4 ,18756.4,,net_operating_surplus_mixed_income
A,CP_MEUR,F,B2A3N,PT,2017,1623.4 ,1623.4,,net_operating_surplus_mixed_income
A,CP_MEUR,F,B2A3N,RO,2017,4176.0 ,4176.0,,net_operating_surplus_mixed_income
A,CP_MEUR,F,B2A3N,SE,2017,3311.8 ,3311.8,,net_operating_surplus_mixed_income
A,CP_MEUR,F,B2A3N,SI,2017,648.7 ,648.7,,net_operating_surplus_mixed_income
A,CP_MEUR,F,B2A3N,SK,2017,4636.2 ,4636.2,,net_operating_surplus_mixed_income
A,CP_MEUR,F,D1,AT,2017,12273.6 ,12273.6,,compensation
A,CP_MEUR,F,D1,BE,2017,10678.2 ,10678.2,,compensation
A,CP_MEUR,F,D1,BG,2017,981.3 ,981.3,,compensation
A,CP_MEUR,F,D1,CZ,2017,4029.3 ,4029.3,,compensation
A,CP_MEUR,F,D1,DE,2017,77585.0 ,77585.0,,compensation
A,CP_MEUR,F,D1,EE,2017,883.9 ,883.9,,compensation
A,CP_MEUR,F,D1,ES,2017,28389.0 ,28389.0,,compensation
A,CP_MEUR,F,D1,FI,2017,8885.0 ,8885.0,,compensation
A,CP_MEUR,F,D1,FR,2017,72069.0 ,72069.0,,compensation
A,CP_MEUR,F,D1,HU,2017,2110.4 ,2110.4,,compensation
A,CP_MEUR,F,D1,IT,2017,30615.7 ,30615.7,,compensation
A,CP_MEUR,F,D1,LV,2017,935.0 ,935.0,,compensation
A,CP_MEUR,F,D1,NL,2017,16973.0 ,16973.0,,compensation
A,CP_MEUR,F,D1,NO,2017,13849.5 ,13849.5,,compensation
A,CP_MEUR,F,D1,PL,2017,11435.5 ,11435.5,,compensation
A,CP_MEUR,F,D1,PT,2017,4393.2 ,4393.2,,compensation
A,CP_MEUR,F,D1,RO,2017,3456.3 ,3456.3,,compensation
A,CP_MEUR,F,D1,SE,2017,18044.4 ,18044.4,,compensation
A,CP_MEUR,F,D1,SI,2017,1078.9 ,1078.9,,compensation
A,CP_MEUR,F,D1,SK,2017,1506.3 ,1506.3,,compensation
A,CP_MEUR,F,P1,AT,2017,53882.7 ,53882.7,,output
A,CP_MEUR,F,P1,BE,2017,74687.6 ,74687.6,,output
A,CP_MEUR,F,P1,BG,2017,7339.6 ,7339.6,,output
A,CP_MEUR,F,P1,CZ,2017,30357.0 ,30357.0,,output
A,CP_MEUR,F,P1,DE,2017,306278.0 ,306278.0,,output
A,CP_MEUR,F,P1,EE,2017,3806.7 ,3806.7,,output
A,CP_MEUR,F,P1,ES,2017,140043.0 ,140043.0,,output
A,CP_MEUR,F,P1,FI,2017,35198.0 ,35198.0,,output
A,CP_MEUR,F,P1,FR,2017,304077.8 ,304077.8,,output
A,CP_MEUR,F,P1,HU,2017,12175.4 ,12175.4,,output
A,CP_MEUR,F,P1,IT,2017,184031.1 ,184031.1,,output
A,CP_MEUR,F,P1,LV,2017,4828.6 ,4828.6,,output
A,CP_MEUR,F,P1,NL,2017,98743.0 ,98743.0,,output
A,CP_MEUR,F,P1,NO,2017,57230.8 ,57230.8,,output
A,CP_MEUR,F,P1,PL,2017,84929.1 ,84929.1,,output
A,CP_MEUR,F,P1,PT,2017,18784.0 ,18784.0,,output
A,CP_MEUR,F,P1,RO,2017,27493.6 ,27493.6,,output
A,CP_MEUR,F,P1,SE,2017,63626.1 ,63626.1,,output
A,CP_MEUR,F,P1,SI,2017,5875.9 ,5875.9,,output
A,CP_MEUR,F,P1,SK,2017,13915.3 ,13915.3,,output
A,CP_MEUR,G,B1G,AT,2017,38015.4 ,38015.4,,gross_value_added
A,CP_MEUR,G,B1G,BE,2017,45302.0 ,45302.0,,gross_value_added
A,CP_MEUR,G,B1G,BG,2017,6513.5 ,6513.5,,gross_value_added
A,CP_MEUR,G,B1G,CZ,2017,19383.0 ,19383.0,,gross_value_added
A,CP_MEUR,G,B1G,DE,2017,308618.0 ,308618.0,,gross_value_added
A,CP_MEUR,G,B1G,EE,2017,2655.2 ,2655.2,,gross_value_added
A,CP_MEUR,G,B1G,ES,2017,139334.0 ,139334.0,,gross_value_added
A,CP_MEUR,G,B1G,FI,2017,17534.0 ,17534.0,,gross_value_added
A,CP_MEUR,G,B1G,FR,2017,206272.9 ,206272.9,,gross_value_added
A,CP_MEUR,G,B1G,HU,2017,11078.4 ,11078.4,,gross_value_added
A,CP_MEUR,G,B1G,IT,2017,184564.0 ,184564.0,,gross_value_added
A,CP_MEUR,G,B1G,LV,2017,3448.2 ,3448.2,,gross_value_added
A,CP_MEUR,G,B1G,NL,2017,90625.0 ,90625.0,,gross_value_added
A,CP_MEUR,G,B1G,NO,2017,24280.5 ,24280.5,,gross_value_added
A,CP_MEUR,G,B1G,PL,2017,67837.0 ,67837.0,,gross_value_added
A,CP_MEUR,G,B1G,PT,2017,23541.3 ,23541.3,,gross_value_added
A,CP_MEUR,G,B1G,RO,2017,17771.3 ,17771.3,,gross_value_added
A,CP_MEUR,G,B1G,SE,2017,47559.4 ,47559.4,,gross_value_added
A,CP_MEUR,G,B1G,SI,2017,4426.4 ,4426.4,,gross_value_added
A,CP_MEUR,G,B1G,SK,2017,7756.5 ,7756.5,,gross_value_added
A,CP_MEUR,G,B2A3N,AT,2017,9864.2 ,9864.2,,net_operating_surplus_mixed_income
A,CP_MEUR,G,B2A3N,BE,2017,12238.0 ,12238.0,,net_operating_surplus_mixed_income
A,CP_MEUR,G,B2A3N,BG,2017,2916.8 ,2916.8,,net_operating_surplus_mixed_income
A,CP_MEUR,G,B2A3N,CZ,2017,6860.1 ,6860.1,,net_operating_surplus_mixed_income
A,CP_MEUR,G,B2A3N,DE,2017,93996.0 ,93996.0,,net_operating_surplus_mixed_income
A,CP_MEUR,G,B2A3N,EE,2017,847.0 ,847.0,,net_operating_surplus_mixed_income
A,CP_MEUR,G,B2A3N,ES,2017,54599.0 ,54599.0,,net_operating_surplus_mixed_income
A,CP_MEUR,G,B2A3N,FI,2017,4870.0 ,4870.0,,net_operating_surplus_mixed_income
A,CP_MEUR,G,B2A3N,FR,2017,51452.6 ,51452.6,,net_operating_surplus_mixed_income
A,CP_MEUR,G,B2A3N,HU,2017,3485.7 ,3485.7,,net_operating_surplus_mixed_income
A,CP_MEUR,G,B2A3N,IT,2017,88402.4 ,88402.4,,net_operating_surplus_mixed_income
A,CP_MEUR,G,B2A3N,LV,2017,1196.3 ,1196.3,,net_operating_surplus_mixed_income
A,CP_MEUR,G,B2A3N,NL,2017,36810.0 ,36810.0,,net_operating_surplus_mixed_income
A,CP_MEUR,G,B2A3N,NO,2017,3866.2 ,3866.2,,net_operating_surplus_mixed_income
A,CP_MEUR,G,B2A3N,PL,2017,40362.7 ,40362.7,,net_operating_surplus_mixed_income
A,CP_MEUR,G,B2A3N,PT,2017,9489.0 ,9489.0,,net_operating_surplus_mixed_income
A,CP_MEUR,G,B2A3N,RO,2017,5107.6 ,5107.6,,net_operating_surplus_mixed_income
A,CP_MEUR,G,B2A3N,SE,2017,9571.2 ,9571.2,,net_operating_surplus_mixed_income
A,CP_MEUR,G,B2A3N,SI,2017,1161.2 ,1161.2,,net_operating_surplus_mixed_income
A,CP_MEUR,G,B2A3N,SK,2017,1778.7 ,1778.7,,net_operating_surplus_mixed_income
A,CP_MEUR,G,D1,AT,2017,22757.1 ,22757.1,,compensation
A,CP_MEUR,G,D1,BE,2017,26675.9 ,26675.9,,compensation
A,CP_MEUR,G,D1,BG,2017,2987.7 ,2987.7,,compensation
A,CP_MEUR,G,D1,CZ,2017,9984.6 ,9984.6,,compensation
A,CP_MEUR,G,D1,DE,2017,190450.0 ,190450.0,,compensation
A,CP_MEUR,G,D1,EE,2017,1526.6 ,1526.6,,compensation
A,CP_MEUR,G,D1,ES,2017,71676.0 ,71676.0,,compensation
A,CP_MEUR,G,D1,FI,2017,10925.0 ,10925.0,,compensation
A,CP_MEUR,G,D1,FR,2017,135096.8 ,135096.8,,compensation
A,CP_MEUR,G,D1,HU,2017,6079.9 ,6079.9,,compensation
A,CP_MEUR,G,D1,IT,2017,75605.7 ,75605.7,,compensation
A,CP_MEUR,G,D1,LV,2017,1875.3 ,1875.3,,compensation
A,CP_MEUR,G,D1,NL,2017,45431.0 ,45431.0,,compensation
A,CP_MEUR,G,D1,NO,2017,18301.7 ,18301.7,,compensation
A,CP_MEUR,G,D1,PL,2017,23303.0 ,23303.0,,compensation
A,CP_MEUR,G,D1,PT,2017,12023.0 ,12023.0,,compensation
A,CP_MEUR,G,D1,RO,2017,10072.6 ,10072.6,,compensation
A,CP_MEUR,G,D1,SE,2017,27322.7 ,27322.7,,compensation
A,CP_MEUR,G,D1,SI,2017,2688.7 ,2688.7,,compensation
A,CP_MEUR,G,D1,SK,2017,5089.2 ,5089.2,,compensation
A,CP_MEUR,G,P1,AT,2017,68074.6 ,68074.6,,output
A,CP_MEUR,G,P1,BE,2017,93185.0 ,93185.0,,output
A,CP_MEUR,G,P1,BG,2017,11943.8 ,11943.8,,output
A,CP_MEUR,G,P1,CZ,2017,39311.6 ,39311.6,,output
A,CP_MEUR,G,P1,DE,2017,542245.0 ,542245.0,,output
A,CP_MEUR,G,P1,EE,2017,4886.8 ,4886.8,,output
A,CP_MEUR,G,P1,ES,2017,237231.0 ,237231.0,,output
A,CP_MEUR,G,P1,FI,2017,32745.0 ,32745.0,,output
A,CP_MEUR,G,P1,FR,2017,406466.7 ,406466.7,,output
A,CP_MEUR,G,P1,HU,2017,22603.9 ,22603.9,,output
A,CP_MEUR,G,P1,IT,2017,352880.6 ,352880.6,,output
A,CP_MEUR,G,P1,LV,2017,6085.7 ,6085.7,,output
A,CP_MEUR,G,P1,NL,2017,167693.0 ,167693.0,,output
A,CP_MEUR,G,P1,NO,2017,45089.2 ,45089.2,,output
A,CP_MEUR,G,P1,PL,2017,115943.4 ,115943.4,,output
A,CP_MEUR,G,P1,PT,2017,39716.2 ,39716.2,,output
A,CP_MEUR,G,P1,RO,2017,42069.0 ,42069.0,,output
A,CP_MEUR,G,P1,SE,2017,83990.1 ,83990.1,,output
A,CP_MEUR,G,P1,SI,2017,8438.7 ,8438.7,,output
A,CP_MEUR,G,P1,SK,2017,16959.4 ,16959.4,,output
A,CP_MEUR,H,B1G,AT,2017,18656.3 ,18656.3,,gross_value_added
A,CP_MEUR,H,B1G,BE,2017,22280.7 ,22280.7,,gross_value_added
A,CP_MEUR,H,B1G,BG,2017,2495.0 ,2495.0,,gross_value_added
A,CP_MEUR,H,B1G,CZ,2017,10047.7 ,10047.7,,gross_value_added
A,CP_MEUR,H,B1G,DE,2017,132995.0 ,132995.0,,gross_value_added
A,CP_MEUR,H,B1G,EE,2017,1571.8 ,1571.8,,gross_value_added
A,CP_MEUR,H,B1G,ES,2017,48402.0 ,48402.0,,gross_value_added
A,CP_MEUR,H,B1G,FI,2017,9217.0 ,9217.0,,gross_value_added
A,CP_MEUR,H,B1G,FR,2017,92003.6 ,92003.6,,gross_value_added
A,CP_MEUR,H,B1G,HU,2017,6653.0 ,6653.0,,gross_value_added
A,CP_MEUR,H,B1G,IT,2017,79976.7 ,79976.7,,gross_value_added
A,CP_MEUR,H,B1G,LV,2017,2105.4 ,2105.4,,gross_value_added
A,CP_MEUR,H,B1G,NL,2017,32437.0 ,32437.0,,gross_value_added
A,CP_MEUR,H,B1G,NO,2017,17131.3 ,17131.3,,gross_value_added
A,CP_MEUR,H,B1G,PL,2017,28660.3 ,28660.3,,gross_value_added
A,CP_MEUR,H,B1G,PT,2017,8454.1 ,8454.1,,gross_value_added
A,CP_MEUR,H,B1G,RO,2017,11786.9 ,11786.9,,gross_value_added
A,CP_MEUR,H,B1G,SE,2017,22233.4 ,22233.4,,gross_value_added
A,CP_MEUR,H,B1G,SI,2017,2452.9 ,2452.9,,gross_value_added
A,CP_MEUR,H,B1G,SK,2017,4979.9 ,4979.9,,gross_value_added
A,CP_MEUR,H,B2A3N,AT,2017,2879.8 ,2879.8,,net_operating_surplus_mixed_income
A,CP_MEUR,H,B2A3N,BE,2017,2042.9 ,2042.9,,net_operating_surplus_mixed_income
A,CP_MEUR,H,B2A3N,BG,2017,425.9 ,425.9,,net_operating_surplus_mixed_income
A,CP_MEUR,H,B2A3N,CZ,2017,1593.5 ,1593.5,,net_operating_surplus_mixed_income
A,CP_MEUR,H,B2A3N,DE,2017,17235.0 ,17235.0,,net_operating_surplus_mixed_income
A,CP_MEUR,H,B2A3N,EE,2017,359.2 ,359.2,,net_operating_surplus_mixed_income
A,CP_MEUR,H,B2A3N,ES,2017,8712.0 ,8712.0,,net_operating_surplus_mixed_income
A,CP_MEUR,H,B2A3N,FI,2017,1785.0 ,1785.0,,net_operating_surplus_mixed_income
A,CP_MEUR,H,B2A3N,FR,2017,7895.5 ,7895.5,,net_operating_surplus_mixed_income
A,CP_MEUR,H,B2A3N,HU,2017,1396.5 ,1396.5,,net_operating_surplus_mixed_income
A,CP_MEUR,H,B2A3N,IT,2017,17702.6 ,17702.6,,net_operating_surplus_mixed_income
A,CP_MEUR,H,B2A3N,LV,2017,363.6 ,363.6,,net_operating_surplus_mixed_income
A,CP_MEUR,H,B2A3N,NL,2017,8530.0 ,8530.0,,net_operating_surplus_mixed_income
A,CP_MEUR,H,B2A3N,NO,2017,5227.7 ,5227.7,,net_operating_surplus_mixed_income
A,CP_MEUR,H,B2A3N,PL,2017,10609.8 ,10609.8,,net_operating_surplus_mixed_income
A,CP_MEUR,H,B2A3N,PT,2017,1695.2 ,1695.2,,net_operating_surplus_mixed_income
A,CP_MEUR,H,B2A3N,RO,2017,2520.5 ,2520.5,,net_operating_surplus_mixed_income
A,CP_MEUR,H,B2A3N,SE,2017,1706.7 ,1706.7,,net_operating_surplus_mixed_income
A,CP_MEUR,H,B2A3N,SI,2017,626.8 ,626.8,,net_operating_surplus_mixed_income
A,CP_MEUR,H,B2A3N,SK,2017,1371.9 ,1371.9,,net_operating_surplus_mixed_income
A,CP_MEUR,H,D1,AT,2017,9718.1 ,9718.1,,compensation
A,CP_MEUR,H,D1,BE,2017,13635.3 ,13635.3,,compensation
A,CP_MEUR,H,D1,BG,2017,1411.1 ,1411.1,,compensation
A,CP_MEUR,H,D1,CZ,2017,5140.6 ,5140.6,,compensation
A,CP_MEUR,H,D1,DE,2017,84277.0 ,84277.0,,compensation
A,CP_MEUR,H,D1,EE,2017,831.9 ,831.9,,compensation
A,CP_MEUR,H,D1,ES,2017,24453.0 ,24453.0,,compensation
A,CP_MEUR,H,D1,FI,2017,5781.0 ,5781.0,,compensation
A,CP_MEUR,H,D1,FR,2017,64493.2 ,64493.2,,compensation
A,CP_MEUR,H,D1,HU,2017,3703.6 ,3703.6,,compensation
A,CP_MEUR,H,D1,IT,2017,39442.1 ,39442.1,,compensation
A,CP_MEUR,H,D1,LV,2017,1178.1 ,1178.1,,compensation
A,CP_MEUR,H,D1,NL,2017,18133.0 ,18133.0,,compensation
A,CP_MEUR,H,D1,NO,2017,8642.9 ,8642.9,,compensation
A,CP_MEUR,H,D1,PL,2017,10891.0 ,10891.0,,compensation
A,CP_MEUR,H,D1,PT,2017,4494.2 ,4494.2,,compensation
A,CP_MEUR,H,D1,RO,2017,4381.4 ,4381.4,,compensation
A,CP_MEUR,H,D1,SE,2017,11537.5 ,11537.5,,compensation
A,CP_MEUR,H,D1,SI,2017,1264.5 ,1264.5,,compensation
A,CP_MEUR,H,D1,SK,2017,2162.9 ,2162.9,,compensation
A,CP_MEUR,H,P1,AT,2017,35123.9 ,35123.9,,output
A,CP_MEUR,H,P1,BE,2017,60075.2 ,60075.2,,output
A,CP_MEUR,H,P1,BG,2017,8023.6 ,8023.6,,output
A,CP_MEUR,H,P1,CZ,2017,25834.5 ,25834.5,,output
A,CP_MEUR,H,P1,DE,2017,351783.0 ,351783.0,,output
A,CP_MEUR,H,P1,EE,2017,4990.6 ,4990.6,,output
A,CP_MEUR,H,P1,ES,2017,116060.0 ,116060.0,,output
A,CP_MEUR,H,P1,FI,2017,23870.0 ,23870.0,,output
A,CP_MEUR,H,P1,FR,2017,209888.0 ,209888.0,,output
A,CP_MEUR,H,P1,HU,2017,14160.0 ,14160.0,,output
A,CP_MEUR,H,P1,IT,2017,189367.5 ,189367.5,,output
A,CP_MEUR,H,P1,LV,2017,6343.4 ,6343.4,,output
A,CP_MEUR,H,P1,NL,2017,80947.0 ,80947.0,,output
A,CP_MEUR,H,P1,NO,2017,43894.8 ,43894.8,,output
A,CP_MEUR,H,P1,PL,2017,68558.6 ,68558.6,,output
A,CP_MEUR,H,P1,PT,2017,21357.3 ,21357.3,,output
A,CP_MEUR,H,P1,RO,2017,27683.6 ,27683.6,,output
A,CP_MEUR,H,P1,SE,2017,59015.4 ,59015.4,,output
A,CP_MEUR,H,P1,SI,2017,5997.7 ,5997.7,,output
A,CP_MEUR,H,P1,SK,2017,11303.6 ,11303.6,,output
A,CP_MEUR,I,B1G,AT,2017,13507.2 ,13507.2,,gross_value_added
A,CP_MEUR,I,B1G,BE,2017,7438.2 ,7438.2,,gross_value_added
A,CP_MEUR,I,B1G,BG,2017,1116.4 ,1116.4,,gross_value_added
A,CP_MEUR,I,B1G,CZ,2017,3588.5 ,3588.5,,gross_value_added
A,CP_MEUR,I,B1G,DE,2017,50642.0 ,50642.0,,gross_value_added
A,CP_MEUR,I,B1G,EE,2017,414.4 ,414.4,,gross_value_added
A,CP_MEUR,I,B1G,ES,2017,69747.0 ,69747.0,,gross_value_added
A,CP_MEUR,I,B1G,FI,2017,3350.0 ,3350.0,,gross_value_added
A,CP_MEUR,I,B1G,FR,2017,44754.3 ,44754.3,,gross_value_added
A,CP_MEUR,I,B1G,HU,2017,1949.7 ,1949.7,,gross_value_added
A,CP_MEUR,I,B1G,IT,2017,60370.7 ,60370.7,,gross_value_added
A,CP_MEUR,I,B1G,LV,2017,458.4 ,458.4,,gross_value_added
A,CP_MEUR,I,B1G,NL,2017,13761.0 ,13761.0,,gross_value_added
A,CP_MEUR,I,B1G,NO,2017,4690.7 ,4690.7,,gross_value_added
A,CP_MEUR,I,B1G,PL,2017,6065.8 ,6065.8,,gross_value_added
A,CP_MEUR,I,B1G,PT,2017,9998.8 ,9998.8,,gross_value_added
A,CP_MEUR,I,B1G,RO,2017,3237.2 ,3237.2,,gross_value_added
A,CP_MEUR,I,B1G,SE,2017,7903.5 ,7903.5,,gross_value_added
A,CP_MEUR,I,B1G,SI,2017,886.4 ,886.4,,gross_value_added
A,CP_MEUR,I,B1G,SK,2017,1078.1 ,1078.1,,gross_value_added
A,CP_MEUR,I,B2A3N,AT,2017,4090.8 ,4090.8,,net_operating_surplus_mixed_income
A,CP_MEUR,I,B2A3N,BE,2017,1642.7 ,1642.7,,net_operating_surplus_mixed_income
A,CP_MEUR,I,B2A3N,BG,2017,108.7 ,108.7,,net_operating_surplus_mixed_income
A,CP_MEUR,I,B2A3N,CZ,2017,1400.1 ,1400.1,,net_operating_surplus_mixed_income
A,CP_MEUR,I,B2A3N,DE,2017,13442.0 ,13442.0,,net_operating_surplus_mixed_income
A,CP_MEUR,I,B2A3N,EE,2017,49.6 ,49.6,,net_operating_surplus_mixed_income
A,CP_MEUR,I,B2A3N,ES,2017,30462.0 ,30462.0,,net_operating_surplus_mixed_income
A,CP_MEUR,I,B2A3N,FI,2017,886.0 ,886.0,,net_operating_surplus_mixed_income
A,CP_MEUR,I,B2A3N,FR,2017,5337.3 ,5337.3,,net_operating_surplus_mixed_income
A,CP_MEUR,I,B2A3N,HU,2017,561.7 ,561.7,,net_operating_surplus_mixed_income
A,CP_MEUR,I,B2A3N,IT,2017,21989.1 ,21989.1,,net_operating_surplus_mixed_income
A,CP_MEUR,I,B2A3N,LV,2017,56.4 ,56.4,,net_operating_surplus_mixed_income
A,CP_MEUR,I,B2A3N,NL,2017,5563.0 ,5563.0,,net_operating_surplus_mixed_income
A,CP_MEUR,I,B2A3N,NO,2017,964.4 ,964.4,,net_operating_surplus_mixed_income
A,CP_MEUR,I,B2A3N,PL,2017,3066.7 ,3066.7,,net_operating_surplus_mixed_income
A,CP_MEUR,I,B2A3N,PT,2017,4420.5 ,4420.5,,net_operating_surplus_mixed_income
A,CP_MEUR,I,B2A3N,RO,2017,1668.4 ,1668.4,,net_operating_surplus_mixed_income
A,CP_MEUR,I,B2A3N,SE,2017,454.0 ,454.0,,net_operating_surplus_mixed_income
A,CP_MEUR,I,B2A3N,SI,2017,143.0 ,143.0,,net_operating_surplus_mixed_income
A,CP_MEUR,I,B2A3N,SK,2017,280.9 ,280.9,,net_operating_surplus_mixed_income
A,CP_MEUR,I,D1,AT,2017,7885.2 ,7885.2,,compensation
A,CP_MEUR,I,D1,BE,2017,4618.6 ,4618.6,,compensation
A,CP_MEUR,I,D1,BG,2017,816.3 ,816.3,,compensation
A,CP_MEUR,I,D1,CZ,2017,1788.1 ,1788.1,,compensation
A,CP_MEUR,I,D1,DE,2017,33349.0 ,33349.0,,compensation
A,CP_MEUR,I,D1,EE,2017,314.7 ,314.7,,compensation
A,CP_MEUR,I,D1,ES,2017,35492.0 ,35492.0,,compensation
A,CP_MEUR,I,D1,FI,2017,2257.0 ,2257.0,,compensation
A,CP_MEUR,I,D1,FR,2017,33797.1 ,33797.1,,compensation
A,CP_MEUR,I,D1,HU,2017,1200.4 ,1200.4,,compensation
A,CP_MEUR,I,D1,IT,2017,29659.3 ,29659.3,,compensation
A,CP_MEUR,I,D1,LV,2017,330.7 ,330.7,,compensation
A,CP_MEUR,I,D1,NL,2017,7193.0 ,7193.0,,compensation
A,CP_MEUR,I,D1,NO,2017,3330.1 ,3330.1,,compensation
A,CP_MEUR,I,D1,PL,2017,2538.9 ,2538.9,,compensation
A,CP_MEUR,I,D1,PT,2017,4721.2 ,4721.2,,compensation
A,CP_MEUR,I,D1,RO,2017,1251.4 ,1251.4,,compensation
A,CP_MEUR,I,D1,SE,2017,5700.9 ,5700.9,,compensation
A,CP_MEUR,I,D1,SI,2017,583.2 ,583.2,,compensation
A,CP_MEUR,I,D1,SK,2017,678.0 ,678.0,,compensation
A,CP_MEUR,I,P1,AT,2017,24296.7 ,24296.7,,output
A,CP_MEUR,I,P1,BE,2017,18498.3 ,18498.3,,output
A,CP_MEUR,I,P1,BG,2017,2233.9 ,2233.9,,output
A,CP_MEUR,I,P1,CZ,2017,7872.2 ,7872.2,,output
A,CP_MEUR,I,P1,DE,2017,99760.0 ,99760.0,,output
A,CP_MEUR,I,P1,EE,2017,1009.6 ,1009.6,,output
A,CP_MEUR,I,P1,ES,2017,122153.0 ,122153.0,,output
A,CP_MEUR,I,P1,FI,2017,8233.0 ,8233.0,,output
A,CP_MEUR,I,P1,FR,2017,102270.6 ,102270.6,,output
A,CP_MEUR,I,P1,HU,2017,5194.4 ,5194.4,,output
A,CP_MEUR,I,P1,IT,2017,116755.1 ,116755.1,,output
A,CP_MEUR,I,P1,LV,2017,988.9 ,988.9,,output
A,CP_MEUR,I,P1,NL,2017,27753.0 ,27753.0,,output
A,CP_MEUR,I,P1,NO,2017,10001.9 ,10001.9,,output
A,CP_MEUR,I,P1,PL,2017,13318.8 ,13318.8,,output
A,CP_MEUR,I,P1,PT,2017,17861.5 ,17861.5,,output
A,CP_MEUR,I,P1,RO,2017,6646.1 ,6646.1,,output
A,CP_MEUR,I,P1,SE,2017,17603.9 ,17603.9,,output
A,CP_MEUR,I,P1,SI,2017,1932.7 ,1932.7,,output
A,CP_MEUR,I,P1,SK,2017,1987.6 ,1987.6,,output
A,CP_MEUR,J,B1G,AT,2017,11869.0 ,11869.0,,gross_value_added
A,CP_MEUR,J,B1G,BE,2017,16676.5 ,16676.5,,gross_value_added
A,CP_MEUR,J,B1G,BG,2017,2759.9 ,2759.9,,gross_value_added
A,CP_MEUR,J,B1G,CZ,2017,9216.1 ,9216.1,,gross_value_added
A,CP_MEUR,J,B1G,DE,2017,137068.0 ,137068.0,,gross_value_added
A,CP_MEUR,J,B1G,EE,2017,1189.1 ,1189.1,,gross_value_added
A,CP_MEUR,J,B1G,ES,2017,39885.0 ,39885.0,,gross_value_added
A,CP_MEUR,J,B1G,FI,2017,11332.0 ,11332.0,,gross_value_added
A,CP_MEUR,J,B1G,FR,2017,106844.2 ,106844.2,,gross_value_added
A,CP_MEUR,J,B1G,HU,2017,5253.0 ,5253.0,,gross_value_added
A,CP_MEUR,J,B1G,IT,2017,57809.6 ,57809.6,,gross_value_added
A,CP_MEUR,J,B1G,LV,2017,1266.2 ,1266.2,,gross_value_added
A,CP_MEUR,J,B1G,NL,2017,31006.0 ,31006.0,,gross_value_added
A,CP_MEUR,J,B1G,NO,2017,13261.2 ,13261.2,,gross_value_added
A,CP_MEUR,J,B1G,PL,2017,16327.7 ,16327.7,,gross_value_added
A,CP_MEUR,J,B1G,PT,2017,5946.9 ,5946.9,,gross_value_added
A,CP_MEUR,J,B1G,RO,2017,10334.5 ,10334.5,,gross_value_added
A,CP_MEUR,J,B1G,SE,2017,25949.0 ,25949.0,,gross_value_added
A,CP_MEUR,J,B1G,SI,2017,1453.9 ,1453.9,,gross_value_added
A,CP_MEUR,J,B1G,SK,2017,4093.0 ,4093.0,,gross_value_added
A,CP_MEUR,J,B2A3N,AT,2017,1578.2 ,1578.2,,net_operating_surplus_mixed_income
A,CP_MEUR,J,B2A3N,BE,2017,3430.8 ,3430.8,,net_operating_surplus_mixed_income
A,CP_MEUR,J,B2A3N,BG,2017,341.0 ,341.0,,net_operating_surplus_mixed_income
A,CP_MEUR,J,B2A3N,CZ,2017,2665.6 ,2665.6,,net_operating_surplus_mixed_income
A,CP_MEUR,J,B2A3N,DE,2017,33387.0 ,33387.0,,net_operating_surplus_mixed_income
A,CP_MEUR,J,B2A3N,EE,2017,262.5 ,262.5,,net_operating_surplus_mixed_income
A,CP_MEUR,J,B2A3N,ES,2017,5840.0 ,5840.0,,net_operating_surplus_mixed_income
A,CP_MEUR,J,B2A3N,FI,2017,2768.0 ,2768.0,,net_operating_surplus_mixed_income
A,CP_MEUR,J,B2A3N,FR,2017,11833.6 ,11833.6,,net_operating_surplus_mixed_income
A,CP_MEUR,J,B2A3N,HU,2017,1226.5 ,1226.5,,net_operating_surplus_mixed_income
A,CP_MEUR,J,B2A3N,IT,2017,14664.2 ,14664.2,,net_operating_surplus_mixed_income
A,CP_MEUR,J,B2A3N,LV,2017,236.7 ,236.7,,net_operating_surplus_mixed_income
A,CP_MEUR,J,B2A3N,NL,2017,7732.0 ,7732.0,,net_operating_surplus_mixed_income
A,CP_MEUR,J,B2A3N,NO,2017,2948.4 ,2948.4,,net_operating_surplus_mixed_income
A,CP_MEUR,J,B2A3N,PL,2017,5438.8 ,5438.8,,net_operating_surplus_mixed_income
A,CP_MEUR,J,B2A3N,PT,2017,1093.2 ,1093.2,,net_operating_surplus_mixed_income
A,CP_MEUR,J,B2A3N,RO,2017,4681.0 ,4681.0,,net_operating_surplus_mixed_income
A,CP_MEUR,J,B2A3N,SE,2017,3075.9 ,3075.9,,net_operating_surplus_mixed_income
A,CP_MEUR,J,B2A3N,SI,2017,319.3 ,319.3,,net_operating_surplus_mixed_income
A,CP_MEUR,J,B2A3N,SK,2017,1465.9 ,1465.9,,net_operating_surplus_mixed_income
A,CP_MEUR,J,D1,AT,2017,6579.6 ,6579.6,,compensation
A,CP_MEUR,J,D1,BE,2017,8691.2 ,8691.2,,compensation
A,CP_MEUR,J,D1,BG,2017,1882.5 ,1882.5,,compensation
A,CP_MEUR,J,D1,CZ,2017,4157.4 ,4157.4,,compensation
A,CP_MEUR,J,D1,DE,2017,77367.0 ,77367.0,,compensation
A,CP_MEUR,J,D1,EE,2017,690.0 ,690.0,,compensation
A,CP_MEUR,J,D1,ES,2017,21075.0 ,21075.0,,compensation
A,CP_MEUR,J,D1,FI,2017,6362.0 ,6362.0,,compensation
A,CP_MEUR,J,D1,FR,2017,68810.1 ,68810.1,,compensation
A,CP_MEUR,J,D1,HU,2017,2727.3 ,2727.3,,compensation
A,CP_MEUR,J,D1,IT,2017,25751.7 ,25751.7,,compensation
A,CP_MEUR,J,D1,LV,2017,772.5 ,772.5,,compensation
A,CP_MEUR,J,D1,NL,2017,17290.0 ,17290.0,,compensation
A,CP_MEUR,J,D1,NO,2017,8170.4 ,8170.4,,compensation
A,CP_MEUR,J,D1,PL,2017,7064.1 ,7064.1,,compensation
A,CP_MEUR,J,D1,PT,2017,3044.9 ,3044.9,,compensation
A,CP_MEUR,J,D1,RO,2017,4022.3 ,4022.3,,compensation
A,CP_MEUR,J,D1,SE,2017,13647.0 ,13647.0,,compensation
A,CP_MEUR,J,D1,SI,2017,793.5 ,793.5,,compensation
A,CP_MEUR,J,D1,SK,2017,1561.9 ,1561.9,,compensation
A,CP_MEUR,J,P1,AT,2017,24939.9 ,24939.9,,output
A,CP_MEUR,J,P1,BE,2017,37639.5 ,37639.5,,output
A,CP_MEUR,J,P1,BG,2017,4958.1 ,4958.1,,output
A,CP_MEUR,J,P1,CZ,2017,17766.6 ,17766.6,,output
A,CP_MEUR,J,P1,DE,2017,277861.0 ,277861.0,,output
A,CP_MEUR,J,P1,EE,2017,2179.3 ,2179.3,,output
A,CP_MEUR,J,P1,ES,2017,86002.0 ,86002.0,,output
A,CP_MEUR,J,P1,FI,2017,22361.0 ,22361.0,,output
A,CP_MEUR,J,P1,FR,2017,205404.4 ,205404.4,,output
A,CP_MEUR,J,P1,HU,2017,9528.2 ,9528.2,,output
A,CP_MEUR,J,P1,IT,2017,125274.2 ,125274.2,,output
A,CP_MEUR,J,P1,LV,2017,2184.0 ,2184.0,,output
A,CP_MEUR,J,P1,NL,2017,73408.0 ,73408.0,,output
A,CP_MEUR,J,P1,NO,2017,26952.9 ,26952.9,,output
A,CP_MEUR,J,P1,PL,2017,35520.1 ,35520.1,,output
A,CP_MEUR,J,P1,PT,2017,12691.8 ,12691.8,,output
A,CP_MEUR,J,P1,RO,2017,17691.2 ,17691.2,,output
A,CP_MEUR,J,P1,SE,2017,59804.9 ,59804.9,,output
A,CP_MEUR,J,P1,SI,2017,3210.9 ,3210.9,,output
A,CP_MEUR,J,P1,SK,2017,7392.5 ,7392.5,,output
A,CP_MEUR,L,B1G,AT,2017,31749.8 ,31749.8,,gross_value_added
A,CP_MEUR,L,B1G,BE,2017,37363.8 ,37363.8,,gross_value_added
A,CP_MEUR,L,B1G,BG,2017,4515.4 ,4515.4,,gross_value_added
A,CP_MEUR,L,B1G,CZ,2017,18166.4 ,18166.4,,gross_value_added
A,CP_MEUR,L,B1G,DE,2017,330685.0 ,330685.0,,gross_value_added
A,CP_MEUR,L,B1G,EE,2017,2637.0 ,2637.0,,gross_value_added
A,CP_MEUR,L,B1G,ES,2017,124735.0 ,124735.0,,gross_value_added
A,CP_MEUR,L,B1G,FI,2017,24593.0 ,24593.0,,gross_value_added
A,CP_MEUR,L,B1G,FR,2017,286281.3 ,286281.3,,gross_value_added
A,CP_MEUR,L,B1G,HU,2017,9782.0 ,9782.0,,gross_value_added
A,CP_MEUR,L,B1G,IT,2017,210627.1 ,210627.1,,gross_value_added
A,CP_MEUR,L,B1G,LV,2017,1992.6 ,1992.6,,gross_value_added
A,CP_MEUR,L,B1G,NL,2017,41501.0 ,41501.0,,gross_value_added
A,CP_MEUR,L,B1G,NO,2017,33009.0 ,33009.0,,gross_value_added
A,CP_MEUR,L,B1G,PL,2017,23804.1 ,23804.1,,gross_value_added
A,CP_MEUR,L,B1G,PT,2017,21214.2 ,21214.2,,gross_value_added
A,CP_MEUR,L,B1G,RO,2017,15410.0 ,15410.0,,gross_value_added
A,CP_MEUR,L,B1G,SE,2017,36203.7 ,36203.7,,gross_value_added
A,CP_MEUR,L,B1G,SI,2017,2766.0 ,2766.0,,gross_value_added
A,CP_MEUR,L,B1G,SK,2017,7615.0 ,7615.0,,gross_value_added
A,CP_MEUR,L,B2A3N,AT,2017,12419.4 ,12419.4,,net_operating_surplus_mixed_income
A,CP_MEUR,L,B2A3N,BE,2017,14518.9 ,14518.9,,net_operating_surplus_mixed_income
A,CP_MEUR,L,B2A3N,BG,2017,3433.8 ,3433.8,,net_operating_surplus_mixed_income
A,CP_MEUR,L,B2A3N,CZ,2017,10218.7 ,10218.7,,net_operating_surplus_mixed_income
A,CP_MEUR,L,B2A3N,DE,2017,141138.0 ,141138.0,,net_operating_surplus_mixed_income
A,CP_MEUR,L,B2A3N,EE,2017,1783.2 ,1783.2,,net_operating_surplus_mixed_income
A,CP_MEUR,L,B2A3N,ES,2017,81449.0 ,81449.0,,net_operating_surplus_mixed_income
A,CP_MEUR,L,B2A3N,FI,2017,9724.0 ,9724.0,,net_operating_surplus_mixed_income
A,CP_MEUR,L,B2A3N,FR,2017,141403.5 ,141403.5,,net_operating_surplus_mixed_income
A,CP_MEUR,L,B2A3N,HU,2017,6207.9 ,6207.9,,net_operating_surplus_mixed_income
A,CP_MEUR,L,B2A3N,IT,2017,112042.8 ,112042.8,,net_operating_surplus_mixed_income
A,CP_MEUR,L,B2A3N,LV,2017,784.3 ,784.3,,net_operating_surplus_mixed_income
A,CP_MEUR,L,B2A3N,NL,2017,7665.0 ,7665.0,,net_operating_surplus_mixed_income
A,CP_MEUR,L,B2A3N,NO,2017,17134.2 ,17134.2,,net_operating_surplus_mixed_income
A,CP_MEUR,L,B2A3N,PL,2017,16644.8 ,16644.8,,net_operating_surplus_mixed_income
A,CP_MEUR,L,B2A3N,PT,2017,9858.2 ,9858.2,,net_operating_surplus_mixed_income
A,CP_MEUR,L,B2A3N,RO,2017,11969.4 ,11969.4,,net_operating_surplus_mixed_income
A,CP_MEUR,L,B2A3N,SE,2017,16475.5 ,16475.5,,net_operating_surplus_mixed_income
A,CP_MEUR,L,B2A3N,SI,2017,1063.4 ,1063.4,,net_operating_surplus_mixed_income
A,CP_MEUR,L,B2A3N,SK,2017,4039.1 ,4039.1,,net_operating_surplus_mixed_income
A,CP_MEUR,L,D1,AT,2017,1977.3 ,1977.3,,compensation
A,CP_MEUR,L,D1,BE,2017,1142.5 ,1142.5,,compensation
A,CP_MEUR,L,D1,BG,2017,291.0 ,291.0,,compensation
A,CP_MEUR,L,D1,CZ,2017,964.7 ,964.7,,compensation
A,CP_MEUR,L,D1,DE,2017,16746.0 ,16746.0,,compensation
A,CP_MEUR,L,D1,EE,2017,177.6 ,177.6,,compensation
A,CP_MEUR,L,D1,ES,2017,4305.0 ,4305.0,,compensation
A,CP_MEUR,L,D1,FI,2017,1043.0 ,1043.0,,compensation
A,CP_MEUR,L,D1,FR,2017,18459.7 ,18459.7,,compensation
A,CP_MEUR,L,D1,HU,2017,615.3 ,615.3,,compensation
A,CP_MEUR,L,D1,IT,2017,2441.7 ,2441.7,,compensation
A,CP_MEUR,L,D1,LV,2017,304.3 ,304.3,,compensation
A,CP_MEUR,L,D1,NL,2017,3587.0 ,3587.0,,compensation
A,CP_MEUR,L,D1,NO,2017,1956.7 ,1956.7,,compensation
A,CP_MEUR,L,D1,PL,2017,2592.7 ,2592.7,,compensation
A,CP_MEUR,L,D1,PT,2017,652.8 ,652.8,,compensation
A,CP_MEUR,L,D1,RO,2017,374.9 ,374.9,,compensation
A,CP_MEUR,L,D1,SE,2017,3830.0 ,3830.0,,compensation
A,CP_MEUR,L,D1,SI,2017,130.4 ,130.4,,compensation
A,CP_MEUR,L,D1,SK,2017,376.0 ,376.0,,compensation
A,CP_MEUR,L,P1,AT,2017,48433.4 ,48433.4,,output
A,CP_MEUR,L,P1,BE,2017,50737.6 ,50737.6,,output
A,CP_MEUR,L,P1,BG,2017,6184.7 ,6184.7,,output
A,CP_MEUR,L,P1,CZ,2017,32715.5 ,32715.5,,output
A,CP_MEUR,L,P1,DE,2017,430490.0 ,430490.0,,output
A,CP_MEUR,L,P1,EE,2017,3574.8 ,3574.8,,output
A,CP_MEUR,L,P1,ES,2017,143770.0 ,143770.0,,output
A,CP_MEUR,L,P1,FI,2017,33332.0 ,33332.0,,output
A,CP_MEUR,L,P1,FR,2017,345123.3 ,345123.3,,output
A,CP_MEUR,L,P1,HU,2017,13410.4 ,13410.4,,output
A,CP_MEUR,L,P1,IT,2017,240631.7 ,240631.7,,output
A,CP_MEUR,L,P1,LV,2017,2941.7 ,2941.7,,output
A,CP_MEUR,L,P1,NL,2017,84610.0 ,84610.0,,output
A,CP_MEUR,L,P1,NO,2017,49842.9 ,49842.9,,output
A,CP_MEUR,L,P1,PL,2017,41774.0 ,41774.0,,output
A,CP_MEUR,L,P1,PT,2017,24483.8 ,24483.8,,output
A,CP_MEUR,L,P1,RO,2017,19465.9 ,19465.9,,output
A,CP_MEUR,L,P1,SE,2017,67404.7 ,67404.7,,output
A,CP_MEUR,L,P1,SI,2017,3301.1 ,3301.1,,output
A,CP_MEUR,L,P1,SK,2017,10481.1 ,10481.1,,output
A,CP_MEUR,M,B1G,AT,2017,17561.1 ,17561.1,,gross_value_added
A,CP_MEUR,M,B1G,BE,2017,40066.4 ,40066.4,,gross_value_added
A,CP_MEUR,M,B1G,BG,2017,1693.7 ,1693.7,,gross_value_added
A,CP_MEUR,M,B1G,CZ,2017,9074.9 ,9074.9,,gross_value_added
A,CP_MEUR,M,B1G,DE,2017,205041.0 ,205041.0,,gross_value_added
A,CP_MEUR,M,B1G,EE,2017,1061.2 ,1061.2,,gross_value_added
A,CP_MEUR,M,B1G,ES,2017,48872.0 ,48872.0,,gross_value_added
A,CP_MEUR,M,B1G,FI,2017,9809.0 ,9809.0,,gross_value_added
A,CP_MEUR,M,B1G,FR,2017,170237.5 ,170237.5,,gross_value_added
A,CP_MEUR,M,B1G,HU,2017,6504.2 ,6504.2,,gross_value_added
A,CP_MEUR,M,B1G,IT,2017,100904.6 ,100904.6,,gross_value_added
A,CP_MEUR,M,B1G,LV,2017,1104.7 ,1104.7,,gross_value_added
A,CP_MEUR,M,B1G,NL,2017,59523.0 ,59523.0,,gross_value_added
A,CP_MEUR,M,B1G,NO,2017,14072.6 ,14072.6,,gross_value_added
A,CP_MEUR,M,B1G,PL,2017,23883.7 ,23883.7,,gross_value_added
A,CP_MEUR,M,B1G,PT,2017,6473.7 ,6473.7,,gross_value_added
A,CP_MEUR,M,B1G,RO,2017,9420.6 ,9420.6,,gross_value_added
A,CP_MEUR,M,B1G,SE,2017,33031.5 ,33031.5,,gross_value_added
A,CP_MEUR,M,B1G,SI,2017,2523.7 ,2523.7,,gross_value_added
A,CP_MEUR,M,B1G,SK,2017,5630.6 ,5630.6,,gross_value_added
A,CP_MEUR,M,B2A3N,AT,2017,4707.4 ,4707.4,,net_operating_surplus_mixed_income
A,CP_MEUR,M,B2A3N,BE,2017,23128.4 ,23128.4,,net_operating_surplus_mixed_income
A,CP_MEUR,M,B2A3N,BG,2017,471.3 ,471.3,,net_operating_surplus_mixed_income
A,CP_MEUR,M,B2A3N,CZ,2017,2800.1 ,2800.1,,net_operating_surplus_mixed_income
A,CP_MEUR,M,B2A3N,DE,2017,57138.0 ,57138.0,,net_operating_surplus_mixed_income
A,CP_MEUR,M,B2A3N,EE,2017,261.4 ,261.4,,net_operating_surplus_mixed_income
A,CP_MEUR,M,B2A3N,ES,2017,9923.0 ,9923.0,,net_operating_surplus_mixed_income
A,CP_MEUR,M,B2A3N,FI,2017,1773.0 ,1773.0,,net_operating_surplus_mixed_income
A,CP_MEUR,M,B2A3N,FR,2017,21508.6 ,21508.6,,net_operating_surplus_mixed_income
A,CP_MEUR,M,B2A3N,HU,2017,2092.9 ,2092.9,,net_operating_surplus_mixed_income
A,CP_MEUR,M,B2A3N,IT,2017,58509.7 ,58509.7,,net_operating_surplus_mixed_income
A,CP_MEUR,M,B2A3N,LV,2017,306.5 ,306.5,,net_operating_surplus_mixed_income
A,CP_MEUR,M,B2A3N,NL,2017,20560.0 ,20560.0,,net_operating_surplus_mixed_income
A,CP_MEUR,M,B2A3N,NO,2017,2889.9 ,2889.9,,net_operating_surplus_mixed_income
A,CP_MEUR,M,B2A3N,PL,2017,14070.9 ,14070.9,,net_operating_surplus_mixed_income
A,CP_MEUR,M,B2A3N,PT,2017,1255.4 ,1255.4,,net_operating_surplus_mixed_income
A,CP_MEUR,M,B2A3N,RO,2017,5555.2 ,5555.2,,net_operating_surplus_mixed_income
A,CP_MEUR,M,B2A3N,SE,2017,4582.5 ,4582.5,,net_operating_surplus_mixed_income
A,CP_MEUR,M,B2A3N,SI,2017,744.2 ,744.2,,net_operating_surplus_mixed_income
A,CP_MEUR,M,B2A3N,SK,2017,3391.3 ,3391.3,,net_operating_surplus_mixed_income
A,CP_MEUR,M,D1,AT,2017,10152.9 ,10152.9,,compensation
A,CP_MEUR,M,D1,BE,2017,12269.5 ,12269.5,,compensation
A,CP_MEUR,M,D1,BG,2017,1093.5 ,1093.5,,compensation
A,CP_MEUR,M,D1,CZ,2017,4719.1 ,4719.1,,compensation
A,CP_MEUR,M,D1,DE,2017,130399.0 ,130399.0,,compensation
A,CP_MEUR,M,D1,EE,2017,587.7 ,587.7,,compensation
A,CP_MEUR,M,D1,ES,2017,29001.0 ,29001.0,,compensation
A,CP_MEUR,M,D1,FI,2017,6807.0 ,6807.0,,compensation
A,CP_MEUR,M,D1,FR,2017,114082.1 ,114082.1,,compensation
A,CP_MEUR,M,D1,HU,2017,3546.8 ,3546.8,,compensation
A,CP_MEUR,M,D1,IT,2017,28327.2 ,28327.2,,compensation
A,CP_MEUR,M,D1,LV,2017,636.7 ,636.7,,compensation
A,CP_MEUR,M,D1,NL,2017,35171.0 ,35171.0,,compensation
A,CP_MEUR,M,D1,NO,2017,9761.2 ,9761.2,,compensation
A,CP_MEUR,M,D1,PL,2017,8211.7 ,8211.7,,compensation
A,CP_MEUR,M,D1,PT,2017,4177.7 ,4177.7,,compensation
A,CP_MEUR,M,D1,RO,2017,3142.1 ,3142.1,,compensation
A,CP_MEUR,M,D1,SE,2017,19419.3 ,19419.3,,compensation
A,CP_MEUR,M,D1,SI,2017,1395.9 ,1395.9,,compensation
A,CP_MEUR,M,D1,SK,2017,1862.1 ,1862.1,,compensation
A,CP_MEUR,M,P1,AT,2017,34954.5 ,34954.5,,output
A,CP_MEUR,M,P1,BE,2017,85670.7 ,85670.7,,output
A,CP_MEUR,M,P1,BG,2017,3497.1 ,3497.1,,output
A,CP_MEUR,M,P1,CZ,2017,20814.2 ,20814.2,,output
A,CP_MEUR,M,P1,DE,2017,370408.0 ,370408.0,,output
A,CP_MEUR,M,P1,EE,2017,2039.2 ,2039.2,,output
A,CP_MEUR,M,P1,ES,2017,93244.0 ,93244.0,,output
A,CP_MEUR,M,P1,FI,2017,17487.0 ,17487.0,,output
A,CP_MEUR,M,P1,FR,2017,318629.9 ,318629.9,,output
A,CP_MEUR,M,P1,HU,2017,10303.7 ,10303.7,,output
A,CP_MEUR,M,P1,IT,2017,172477.0 ,172477.0,,output
A,CP_MEUR,M,P1,LV,2017,1808.3 ,1808.3,,output
A,CP_MEUR,M,P1,NL,2017,117086.0 ,117086.0,,output
A,CP_MEUR,M,P1,NO,2017,26131.1 ,26131.1,,output
A,CP_MEUR,M,P1,PL,2017,41123.1 ,41123.1,,output
A,CP_MEUR,M,P1,PT,2017,13583.2 ,13583.2,,output
A,CP_MEUR,M,P1,RO,2017,18550.7 ,18550.7,,output
A,CP_MEUR,M,P1,SE,2017,60175.7 ,60175.7,,output
A,CP_MEUR,M,P1,SI,2017,4901.8 ,4901.8,,output
A,CP_MEUR,M,P1,SK,2017,10026.6 ,10026.6,,output
A,CP_MEUR,N,B1G,AT,2017,14611.9 ,14611.9,,gross_value_added
A,CP_MEUR,N,B1G,BE,2017,19614.3 ,19614.3,,gross_value_added
A,CP_MEUR,N,B1G,BG,2017,1049.0 ,1049.0,,gross_value_added
A,CP_MEUR,N,B1G,CZ,2017,3266.8 ,3266.8,,gross_value_added
A,CP_MEUR,N,B1G,DE,2017,145506.0 ,145506.0,,gross_value_added
A,CP_MEUR,N,B1G,EE,2017,799.7 ,799.7,,gross_value_added
A,CP_MEUR,N,B1G,ES,2017,42714.0 ,42714.0,,gross_value_added
A,CP_MEUR,N,B1G,FI,2017,6970.0 ,6970.0,,gross_value_added
A,CP_MEUR,N,B1G,FR,2017,115393.9 ,115393.9,,gross_value_added
A,CP_MEUR,N,B1G,HU,2017,4185.1 ,4185.1,,gross_value_added
A,CP_MEUR,N,B1G,IT,2017,53949.5 ,53949.5,,gross_value_added
A,CP_MEUR,N,B1G,LV,2017,706.0 ,706.0,,gross_value_added
A,CP_MEUR,N,B1G,NL,2017,49575.0 ,49575.0,,gross_value_added
A,CP_MEUR,N,B1G,NO,2017,9130.4 ,9130.4,,gross_value_added
A,CP_MEUR,N,B1G,PL,2017,11917.3 ,11917.3,,gross_value_added
A,CP_MEUR,N,B1G,PT,2017,6611.2 ,6611.2,,gross_value_added
A,CP_MEUR,N,B1G,RO,2017,4716.5 ,4716.5,,gross_value_added
A,CP_MEUR,N,B1G,SE,2017,15492.3 ,15492.3,,gross_value_added
A,CP_MEUR,N,B1G,SI,2017,1194.6 ,1194.6,,gross_value_added
A,CP_MEUR,N,B1G,SK,2017,2909.1 ,2909.1,,gross_value_added
A,CP_MEUR,N,B2A3N,AT,2017,1879.7 ,1879.7,,net_operating_surplus_mixed_income
A,CP_MEUR,N,B2A3N,BE,2017,2049.7 ,2049.7,,net_operating_surplus_mixed_income
A,CP_MEUR,N,B2A3N,BG,2017,63.7 ,63.7,,net_operating_surplus_mixed_income
A,CP_MEUR,N,B2A3N,CZ,2017,670.8 ,670.8,,net_operating_surplus_mixed_income
A,CP_MEUR,N,B2A3N,DE,2017,13573.0 ,13573.0,,net_operating_surplus_mixed_income
A,CP_MEUR,N,B2A3N,EE,2017,232.5 ,232.5,,net_operating_surplus_mixed_income
A,CP_MEUR,N,B2A3N,ES,2017,9438.0 ,9438.0,,net_operating_surplus_mixed_income
A,CP_MEUR,N,B2A3N,FI,2017,1109.0 ,1109.0,,net_operating_surplus_mixed_income
A,CP_MEUR,N,B2A3N,FR,2017,13732.8 ,13732.8,,net_operating_surplus_mixed_income
A,CP_MEUR,N,B2A3N,HU,2017,1028.6 ,1028.6,,net_operating_surplus_mixed_income
A,CP_MEUR,N,B2A3N,IT,2017,14951.4 ,14951.4,,net_operating_surplus_mixed_income
A,CP_MEUR,N,B2A3N,LV,2017,154.3 ,154.3,,net_operating_surplus_mixed_income
A,CP_MEUR,N,B2A3N,NL,2017,13952.0 ,13952.0,,net_operating_surplus_mixed_income
A,CP_MEUR,N,B2A3N,NO,2017,2014.4 ,2014.4,,net_operating_surplus_mixed_income
A,CP_MEUR,N,B2A3N,PL,2017,4620.4 ,4620.4,,net_operating_surplus_mixed_income
A,CP_MEUR,N,B2A3N,PT,2017,1462.7 ,1462.7,,net_operating_surplus_mixed_income
A,CP_MEUR,N,B2A3N,RO,2017,1370.9 ,1370.9,,net_operating_surplus_mixed_income
A,CP_MEUR,N,B2A3N,SE,2017,1189.3 ,1189.3,,net_operating_surplus_mixed_income
A,CP_MEUR,N,B2A3N,SI,2017,104.3 ,104.3,,net_operating_surplus_mixed_income
A,CP_MEUR,N,B2A3N,SK,2017,1610.0 ,1610.0,,net_operating_surplus_mixed_income
A,CP_MEUR,N,D1,AT,2017,7926.9 ,7926.9,,compensation
A,CP_MEUR,N,D1,BE,2017,15026.8 ,15026.8,,compensation
A,CP_MEUR,N,D1,BG,2017,767.0 ,767.0,,compensation
A,CP_MEUR,N,D1,CZ,2017,1931.7 ,1931.7,,compensation
A,CP_MEUR,N,D1,DE,2017,83887.0 ,83887.0,,compensation
A,CP_MEUR,N,D1,EE,2017,458.4 ,458.4,,compensation
A,CP_MEUR,N,D1,ES,2017,28072.0 ,28072.0,,compensation
A,CP_MEUR,N,D1,FI,2017,5254.0 ,5254.0,,compensation
A,CP_MEUR,N,D1,FR,2017,81503.9 ,81503.9,,compensation
A,CP_MEUR,N,D1,HU,2017,2577.5 ,2577.5,,compensation
A,CP_MEUR,N,D1,IT,2017,31366.3 ,31366.3,,compensation
A,CP_MEUR,N,D1,LV,2017,444.2 ,444.2,,compensation
A,CP_MEUR,N,D1,NL,2017,29054.0 ,29054.0,,compensation
A,CP_MEUR,N,D1,NO,2017,6054.8 ,6054.8,,compensation
A,CP_MEUR,N,D1,PL,2017,6862.8 ,6862.8,,compensation
A,CP_MEUR,N,D1,PT,2017,4297.3 ,4297.3,,compensation
A,CP_MEUR,N,D1,RO,2017,2692.3 ,2692.3,,compensation
A,CP_MEUR,N,D1,SE,2017,11151.1 ,11151.1,,compensation
A,CP_MEUR,N,D1,SI,2017,994.0 ,994.0,,compensation
A,CP_MEUR,N,D1,SK,2017,1083.7 ,1083.7,,compensation
A,CP_MEUR,N,P1,AT,2017,21955.7 ,21955.7,,output
A,CP_MEUR,N,P1,BE,2017,39053.9 ,39053.9,,output
A,CP_MEUR,N,P1,BG,2017,2346.5 ,2346.5,,output
A,CP_MEUR,N,P1,CZ,2017,9700.1 ,9700.1,,output
A,CP_MEUR,N,P1,DE,2017,250635.0 ,250635.0,,output
A,CP_MEUR,N,P1,EE,2017,1443.1 ,1443.1,,output
A,CP_MEUR,N,P1,ES,2017,78274.0 ,78274.0,,output
A,CP_MEUR,N,P1,FI,2017,11645.0 ,11645.0,,output
A,CP_MEUR,N,P1,FR,2017,207188.5 ,207188.5,,output
A,CP_MEUR,N,P1,HU,2017,6883.2 ,6883.2,,output
A,CP_MEUR,N,P1,IT,2017,115394.3 ,115394.3,,output
A,CP_MEUR,N,P1,LV,2017,1364.4 ,1364.4,,output
A,CP_MEUR,N,P1,NL,2017,82466.0 ,82466.0,,output
A,CP_MEUR,N,P1,NO,2017,18069.8 ,18069.8,,output
A,CP_MEUR,N,P1,PL,2017,22295.5 ,22295.5,,output
A,CP_MEUR,N,P1,PT,2017,10512.1 ,10512.1,,output
A,CP_MEUR,N,P1,RO,2017,8433.4 ,8433.4,,output
A,CP_MEUR,N,P1,SE,2017,28644.7 ,28644.7,,output
A,CP_MEUR,N,P1,SI,2017,2073.4 ,2073.4,,output
A,CP_MEUR,N,P1,SK,2017,6470.1 ,6470.1,,output
A,CP_MEUR,B,B1G,AT,2018,1169.9 ,1169.9,,gross_value_added
A,CP_MEUR,B,B1G,BE,2018,246.6 ,246.6,,gross_value_added
A,CP_MEUR,B,B1G,BG,2018,892.6 ,892.6,,gross_value_added
A,CP_MEUR,B,B1G,CZ,2018,1292.2 ,1292.2,,gross_value_added
A,CP_MEUR,B,B1G,DE,2018,4391.0 ,4391.0,,gross_value_added
A,CP_MEUR,B,B1G,EE,2018,244.6 ,244.6,,gross_value_added
A,CP_MEUR,B,B1G,ES,2018,2768.0 ,2768.0,,gross_value_added
A,CP_MEUR,B,B1G,FI,2018,949.0 ,949.0,,gross_value_added
A,CP_MEUR,B,B1G,FR,2018,2144.0 ,2144.0,,gross_value_added
A,CP_MEUR,B,B1G,HU,2018,323.7 ,323.7,,gross_value_added
A,CP_MEUR,B,B1G,IT,2018,4463.1 ,4463.1,,gross_value_added
A,CP_MEUR,B,B1G,LV,2018,131.1 ,131.1,,gross_value_added
A,CP_MEUR,B,B1G,NL,2018,7519.0 ,7519.0,,gross_value_added
A,CP_MEUR,B,B1G,NO,2018,67567.7 ,67567.7,,gross_value_added
A,CP_MEUR,B,B1G,PL,2018,7594.7 ,7594.7,,gross_value_added
A,CP_MEUR,B,B1G,PT,2018,593.1 ,593.1,,gross_value_added
A,CP_MEUR,B,B1G,RO,2018,1512.4 ,1512.4,,gross_value_added
A,CP_MEUR,B,B1G,SE,2018,2725.3 ,2725.3,,gross_value_added
A,CP_MEUR,B,B1G,SI,2018,143.0 ,143.0,,gross_value_added
A,CP_MEUR,B,B1G,SK,2018,186.0 ,186.0,,gross_value_added
A,CP_MEUR,B,B2A3N,AT,2018,498.4 ,498.4,,net_operating_surplus_mixed_income
A,CP_MEUR,B,B2A3N,BE,2018,-12.3 ,-12.3,,net_operating_surplus_mixed_income
A,CP_MEUR,B,B2A3N,BG,2018,277.1 ,277.1,,net_operating_surplus_mixed_income
A,CP_MEUR,B,B2A3N,CZ,2018,174.2 ,174.2,,net_operating_surplus_mixed_income
A,CP_MEUR,B,B2A3N,DE,2018,1023.0 ,1023.0,,net_operating_surplus_mixed_income
A,CP_MEUR,B,B2A3N,EE,2018,84.2 ,84.2,,net_operating_surplus_mixed_income
A,CP_MEUR,B,B2A3N,ES,2018,1226.0 ,1226.0,,net_operating_surplus_mixed_income
A,CP_MEUR,B,B2A3N,FI,2018,309.0 ,309.0,,net_operating_surplus_mixed_income
A,CP_MEUR,B,B2A3N,FR,2018,-302.4 ,-302.4,,net_operating_surplus_mixed_income
A,CP_MEUR,B,B2A3N,HU,2018,158.5 ,158.5,,net_operating_surplus_mixed_income
A,CP_MEUR,B,B2A3N,IT,2018,645.2 ,645.2,,net_operating_surplus_mixed_income
A,CP_MEUR,B,B2A3N,LV,2018,51.7 ,51.7,,net_operating_surplus_mixed_income
A,CP_MEUR,B,B2A3N,NL,2018,4293.0 ,4293.0,,net_operating_surplus_mixed_income
A,CP_MEUR,B,B2A3N,NO,2018,44110.4 ,44110.4,,net_operating_surplus_mixed_income
A,CP_MEUR,B,B2A3N,PL,2018,1945.6 ,1945.6,,net_operating_surplus_mixed_income
A,CP_MEUR,B,B2A3N,PT,2018,191.6 ,191.6,,net_operating_surplus_mixed_income
A,CP_MEUR,B,B2A3N,RO,2018,-811.0 ,-811.0,,net_operating_surplus_mixed_income
A,CP_MEUR,B,B2A3N,SE,2018,1125.6 ,1125.6,,net_operating_surplus_mixed_income
A,CP_MEUR,B,B2A3N,SI,2018,13.7 ,13.7,,net_operating_surplus_mixed_income
A,CP_MEUR,B,B2A3N,SK,2018,25.8 ,25.8,,net_operating_surplus_mixed_income
A,CP_MEUR,B,D1,AT,2018,382.5 ,382.5,,compensation
A,CP_MEUR,B,D1,BE,2018,169.7 ,169.7,,compensation
A,CP_MEUR,B,D1,BG,2018,457.6 ,457.6,,compensation
A,CP_MEUR,B,D1,CZ,2018,650.2 ,650.2,,compensation
A,CP_MEUR,B,D1,DE,2018,3102.0 ,3102.0,,compensation
A,CP_MEUR,B,D1,EE,2018,105.9 ,105.9,,compensation
A,CP_MEUR,B,D1,ES,2018,825.0 ,825.0,,compensation
A,CP_MEUR,B,D1,FI,2018,346.0 ,346.0,,compensation
A,CP_MEUR,B,D1,FR,2018,1084.1 ,1084.1,,compensation
A,CP_MEUR,B,D1,HU,2018,79.3 ,79.3,,compensation
A,CP_MEUR,B,D1,IT,2018,1206.4 ,1206.4,,compensation
A,CP_MEUR,B,D1,LV,2018,54.5 ,54.5,,compensation
A,CP_MEUR,B,D1,NL,2018,977.0 ,977.0,,compensation
A,CP_MEUR,B,D1,NO,2018,7474.1 ,7474.1,,compensation
A,CP_MEUR,B,D1,PL,2018,4009.4 ,4009.4,,compensation
A,CP_MEUR,B,D1,PT,2018,255.3 ,255.3,,compensation
A,CP_MEUR,B,D1,RO,2018,854.2 ,854.2,,compensation
A,CP_MEUR,B,D1,SE,2018,569.6 ,569.6,,compensation
A,CP_MEUR,B,D1,SI,2018,88.2 ,88.2,,compensation
A,CP_MEUR,B,D1,SK,2018,115.1 ,115.1,,compensation
A,CP_MEUR,B,P1,AT,2018,2407.3 ,2407.3,,output
A,CP_MEUR,B,P1,BE,2018,755.2 ,755.2,,output
A,CP_MEUR,B,P1,BG,2018,1702.1 ,1702.1,,output
A,CP_MEUR,B,P1,CZ,2018,2588.0 ,2588.0,,output
A,CP_MEUR,B,P1,DE,2018,10696.0 ,10696.0,,output
A,CP_MEUR,B,P1,EE,2018,469.0 ,469.0,,output
A,CP_MEUR,B,P1,ES,2018,5379.0 ,5379.0,,output
A,CP_MEUR,B,P1,FI,2018,2514.0 ,2514.0,,output
A,CP_MEUR,B,P1,FR,2018,5696.5 ,5696.5,,output
A,CP_MEUR,B,P1,HU,2018,619.1 ,619.1,,output
A,CP_MEUR,B,P1,IT,2018,9330.8 ,9330.8,,output
A,CP_MEUR,B,P1,LV,2018,293.8 ,293.8,,output
A,CP_MEUR,B,P1,NL,2018,11530.0 ,11530.0,,output
A,CP_MEUR,B,P1,NO,2018,81318.3 ,81318.3,,output
A,CP_MEUR,B,P1,PL,2018,13142.1 ,13142.1,,output
A,CP_MEUR,B,P1,PT,2018,1344.7 ,1344.7,,output
A,CP_MEUR,B,P1,RO,2018,3006.6 ,3006.6,,output
A,CP_MEUR,B,P1,SE,2018,5080.1 ,5080.1,,output
A,CP_MEUR,B,P1,SI,2018,333.3 ,333.3,,output
A,CP_MEUR,B,P1,SK,2018,430.6 ,430.6,,output
A,CP_MEUR,C,B1G,AT,2018,66380.5 ,66380.5,,gross_value_added
A,CP_MEUR,C,B1G,BE,2018,56719.3 ,56719.3,,gross_value_added
A,CP_MEUR,C,B1G,BG,2018,7477.4 ,7477.4,,gross_value_added
A,CP_MEUR,C,B1G,CZ,2018,47624.6 ,47624.6,,gross_value_added
A,CP_MEUR,C,B1G,DE,2018,680255.0 ,680255.0,,gross_value_added
A,CP_MEUR,C,B1G,EE,2018,3493.5 ,3493.5,,gross_value_added
A,CP_MEUR,C,B1G,ES,2018,130788.0 ,130788.0,,gross_value_added
A,CP_MEUR,C,B1G,FI,2018,34299.0 ,34299.0,,gross_value_added
A,CP_MEUR,C,B1G,FR,2018,232856.0 ,232856.0,,gross_value_added
A,CP_MEUR,C,B1G,HU,2018,25134.6 ,25134.6,,gross_value_added
A,CP_MEUR,C,B1G,IT,2018,265157.2 ,265157.2,,gross_value_added
A,CP_MEUR,C,B1G,LV,2018,3080.3 ,3080.3,,gross_value_added
A,CP_MEUR,C,B1G,NL,2018,83919.0 ,83919.0,,gross_value_added
A,CP_MEUR,C,B1G,NO,2018,23156.2 ,23156.2,,gross_value_added
A,CP_MEUR,C,B1G,PL,2018,83076.9 ,83076.9,,gross_value_added
A,CP_MEUR,C,B1G,PT,2018,25260.1 ,25260.1,,gross_value_added
A,CP_MEUR,C,B1G,RO,2018,39051.5 ,39051.5,,gross_value_added
A,CP_MEUR,C,B1G,SE,2018,62541.0 ,62541.0,,gross_value_added
A,CP_MEUR,C,B1G,SI,2018,9277.2 ,9277.2,,gross_value_added
A,CP_MEUR,C,B1G,SK,2018,16346.3 ,16346.3,,gross_value_added
A,CP_MEUR,C,B2A3N,AT,2018,15728.3 ,15728.3,,net_operating_surplus_mixed_income
A,CP_MEUR,C,B2A3N,BE,2018,11290.8 ,11290.8,,net_operating_surplus_mixed_income
A,CP_MEUR,C,B2A3N,BG,2018,1754.4 ,1754.4,,net_operating_surplus_mixed_income
A,CP_MEUR,C,B2A3N,CZ,2018,12383.7 ,12383.7,,net_operating_surplus_mixed_income
A,CP_MEUR,C,B2A3N,DE,2018,121462.0 ,121462.0,,net_operating_surplus_mixed_income
A,CP_MEUR,C,B2A3N,EE,2018,745.3 ,745.3,,net_operating_surplus_mixed_income
A,CP_MEUR,C,B2A3N,ES,2018,36059.0 ,36059.0,,net_operating_surplus_mixed_income
A,CP_MEUR,C,B2A3N,FI,2018,9187.0 ,9187.0,,net_operating_surplus_mixed_income
A,CP_MEUR,C,B2A3N,FR,2018,33068.7 ,33068.7,,net_operating_surplus_mixed_income
A,CP_MEUR,C,B2A3N,HU,2018,7083.5 ,7083.5,,net_operating_surplus_mixed_income
A,CP_MEUR,C,B2A3N,IT,2018,54168.1 ,54168.1,,net_operating_surplus_mixed_income
A,CP_MEUR,C,B2A3N,LV,2018,777.9 ,777.9,,net_operating_surplus_mixed_income
A,CP_MEUR,C,B2A3N,NL,2018,28975.0 ,28975.0,,net_operating_surplus_mixed_income
A,CP_MEUR,C,B2A3N,NO,2018,3436.8 ,3436.8,,net_operating_surplus_mixed_income
A,CP_MEUR,C,B2A3N,PL,2018,27192.8 ,27192.8,,net_operating_surplus_mixed_income
A,CP_MEUR,C,B2A3N,PT,2018,7078.1 ,7078.1,,net_operating_surplus_mixed_income
A,CP_MEUR,C,B2A3N,RO,2018,15635.5 ,15635.5,,net_operating_surplus_mixed_income
A,CP_MEUR,C,B2A3N,SE,2018,13250.8 ,13250.8,,net_operating_surplus_mixed_income
A,CP_MEUR,C,B2A3N,SI,2018,1764.5 ,1764.5,,net_operating_surplus_mixed_income
A,CP_MEUR,C,B2A3N,SK,2018,3361.0 ,3361.0,,net_operating_surplus_mixed_income
A,CP_MEUR,C,D1,AT,2018,36239.7 ,36239.7,,compensation
A,CP_MEUR,C,D1,BE,2018,32413.9 ,32413.9,,compensation
A,CP_MEUR,C,D1,BG,2018,4222.1 ,4222.1,,compensation
A,CP_MEUR,C,D1,CZ,2018,25701.2 ,25701.2,,compensation
A,CP_MEUR,C,D1,DE,2018,440610.0 ,440610.0,,compensation
A,CP_MEUR,C,D1,EE,2018,2213.9 ,2213.9,,compensation
A,CP_MEUR,C,D1,ES,2018,71865.0 ,71865.0,,compensation
A,CP_MEUR,C,D1,FI,2018,17499.0 ,17499.0,,compensation
A,CP_MEUR,C,D1,FR,2018,143262.1 ,143262.1,,compensation
A,CP_MEUR,C,D1,HU,2018,12516.7 ,12516.7,,compensation
A,CP_MEUR,C,D1,IT,2018,146113.4 ,146113.4,,compensation
A,CP_MEUR,C,D1,LV,2018,1735.8 ,1735.8,,compensation
A,CP_MEUR,C,D1,NL,2018,40951.0 ,40951.0,,compensation
A,CP_MEUR,C,D1,NO,2018,15340.1 ,15340.1,,compensation
A,CP_MEUR,C,D1,PL,2018,42310.7 ,42310.7,,compensation
A,CP_MEUR,C,D1,PT,2018,13722.4 ,13722.4,,compensation
A,CP_MEUR,C,D1,RO,2018,14976.2 ,14976.2,,compensation
A,CP_MEUR,C,D1,SE,2018,29289.6 ,29289.6,,compensation
A,CP_MEUR,C,D1,SI,2018,5566.4 ,5566.4,,compensation
A,CP_MEUR,C,D1,SK,2018,9297.7 ,9297.7,,compensation
A,CP_MEUR,C,P1,AT,2018,201825.9 ,201825.9,,output
A,CP_MEUR,C,P1,BE,2018,239783.6 ,239783.6,,output
A,CP_MEUR,C,P1,BG,2018,33192.1 ,33192.1,,output
A,CP_MEUR,C,P1,CZ,2018,183341.5 ,183341.5,,output
A,CP_MEUR,C,P1,DE,2018,1981875.0 ,1981875.0,,output
A,CP_MEUR,C,P1,EE,2018,12974.3 ,12974.3,,output
A,CP_MEUR,C,P1,ES,2018,528165.0 ,528165.0,,output
A,CP_MEUR,C,P1,FI,2018,120019.0 ,120019.0,,output
A,CP_MEUR,C,P1,FR,2018,826769.7 ,826769.7,,output
A,CP_MEUR,C,P1,HU,2018,101840.4 ,101840.4,,output
A,CP_MEUR,C,P1,IT,2018,1000336.4 ,1000336.4,,output
A,CP_MEUR,C,P1,LV,2018,9519.4 ,9519.4,,output
A,CP_MEUR,C,P1,NL,2018,356347.0 ,356347.0,,output
A,CP_MEUR,C,P1,NO,2018,88501.1 ,88501.1,,output
A,CP_MEUR,C,P1,PL,2018,325783.2 ,325783.2,,output
A,CP_MEUR,C,P1,PT,2018,96263.9 ,96263.9,,output
A,CP_MEUR,C,P1,RO,2018,110947.6 ,110947.6,,output
A,CP_MEUR,C,P1,SE,2018,199665.7 ,199665.7,,output
A,CP_MEUR,C,P1,SI,2018,29235.3 ,29235.3,,output
A,CP_MEUR,C,P1,SK,2018,79552.2 ,79552.2,,output
A,CP_MEUR,D,B1G,AT,2018,5423.1 ,5423.1,,gross_value_added
A,CP_MEUR,D,B1G,BE,2018,5202.4 ,5202.4,,gross_value_added
A,CP_MEUR,D,B1G,BG,2018,1595.7 ,1595.7,,gross_value_added
A,CP_MEUR,D,B1G,CZ,2018,5322.9 ,5322.9,,gross_value_added
A,CP_MEUR,D,B1G,DE,2018,33640.0 ,33640.0,,gross_value_added
A,CP_MEUR,D,B1G,EE,2018,675.7 ,675.7,,gross_value_added
A,CP_MEUR,D,B1G,ES,2018,26595.0 ,26595.0,,gross_value_added
A,CP_MEUR,D,B1G,FI,2018,4339.0 ,4339.0,,gross_value_added
A,CP_MEUR,D,B1G,FR,2018,28848.7 ,28848.7,,gross_value_added
A,CP_MEUR,D,B1G,HU,2018,1839.1 ,1839.1,,gross_value_added
A,CP_MEUR,D,B1G,IT,2018,19609.5 ,19609.5,,gross_value_added
A,CP_MEUR,D,B1G,LV,2018,408.3 ,408.3,,gross_value_added
A,CP_MEUR,D,B1G,NL,2018,8019.0 ,8019.0,,gross_value_added
A,CP_MEUR,D,B1G,NO,2018,8579.3 ,8579.3,,gross_value_added
A,CP_MEUR,D,B1G,PL,2018,11995.3 ,11995.3,,gross_value_added
A,CP_MEUR,D,B1G,PT,2018,4660.1 ,4660.1,,gross_value_added
A,CP_MEUR,D,B1G,RO,2018,5255.8 ,5255.8,,gross_value_added
A,CP_MEUR,D,B1G,SE,2018,8928.3 ,8928.3,,gross_value_added
A,CP_MEUR,D,B1G,SI,2018,764.8 ,764.8,,gross_value_added
A,CP_MEUR,D,B1G,SK,2018,1808.2 ,1808.2,,gross_value_added
A,CP_MEUR,D,B2A3N,AT,2018,715.1 ,715.1,,net_operating_surplus_mixed_income
A,CP_MEUR,D,B2A3N,BE,2018,821.4 ,821.4,,net_operating_surplus_mixed_income
A,CP_MEUR,D,B2A3N,BG,2018,817.2 ,817.2,,net_operating_surplus_mixed_income
A,CP_MEUR,D,B2A3N,CZ,2018,1788.1 ,1788.1,,net_operating_surplus_mixed_income
A,CP_MEUR,D,B2A3N,DE,2018,23691.0 ,23691.0,,net_operating_surplus_mixed_income
A,CP_MEUR,D,B2A3N,EE,2018,287.4 ,287.4,,net_operating_surplus_mixed_income
A,CP_MEUR,D,B2A3N,ES,2018,13438.0 ,13438.0,,net_operating_surplus_mixed_income
A,CP_MEUR,D,B2A3N,FI,2018,1560.0 ,1560.0,,net_operating_surplus_mixed_income
A,CP_MEUR,D,B2A3N,FR,2018,7232.9 ,7232.9,,net_operating_surplus_mixed_income
A,CP_MEUR,D,B2A3N,HU,2018,244.3 ,244.3,,net_operating_surplus_mixed_income
A,CP_MEUR,D,B2A3N,IT,2018,4210.5 ,4210.5,,net_operating_surplus_mixed_income
A,CP_MEUR,D,B2A3N,LV,2018,14.7 ,14.7,,net_operating_surplus_mixed_income
A,CP_MEUR,D,B2A3N,NL,2018,1523.0 ,1523.0,,net_operating_surplus_mixed_income
A,CP_MEUR,D,B2A3N,NO,2018,4754.9 ,4754.9,,net_operating_surplus_mixed_income
A,CP_MEUR,D,B2A3N,PL,2018,1527.6 ,1527.6,,net_operating_surplus_mixed_income
A,CP_MEUR,D,B2A3N,PT,2018,2697.6 ,2697.6,,net_operating_surplus_mixed_income
A,CP_MEUR,D,B2A3N,RO,2018,2944.7 ,2944.7,,net_operating_surplus_mixed_income
A,CP_MEUR,D,B2A3N,SE,2018,3166.6 ,3166.6,,net_operating_surplus_mixed_income
A,CP_MEUR,D,B2A3N,SI,2018,57.0 ,57.0,,net_operating_surplus_mixed_income
A,CP_MEUR,D,B2A3N,SK,2018,-533.3 ,-533.3,,net_operating_surplus_mixed_income
A,CP_MEUR,D,D1,AT,2018,2313.0 ,2313.0,,compensation
A,CP_MEUR,D,D1,BE,2018,1978.3 ,1978.3,,compensation
A,CP_MEUR,D,D1,BG,2018,601.1 ,601.1,,compensation
A,CP_MEUR,D,D1,CZ,2018,1124.0 ,1124.0,,compensation
A,CP_MEUR,D,D1,DE,2018,20502.0 ,20502.0,,compensation
A,CP_MEUR,D,D1,EE,2018,155.3 ,155.3,,compensation
A,CP_MEUR,D,D1,ES,2018,2850.0 ,2850.0,,compensation
A,CP_MEUR,D,D1,FI,2018,828.0 ,828.0,,compensation
A,CP_MEUR,D,D1,FR,2018,12913.0 ,12913.0,,compensation
A,CP_MEUR,D,D1,HU,2018,722.0 ,722.0,,compensation
A,CP_MEUR,D,D1,IT,2018,5059.8 ,5059.8,,compensation
A,CP_MEUR,D,D1,LV,2018,224.2 ,224.2,,compensation
A,CP_MEUR,D,D1,NL,2018,2129.0 ,2129.0,,compensation
A,CP_MEUR,D,D1,NO,2018,1632.2 ,1632.2,,compensation
A,CP_MEUR,D,D1,PL,2018,3198.2 ,3198.2,,compensation
A,CP_MEUR,D,D1,PT,2018,449.8 ,449.8,,compensation
A,CP_MEUR,D,D1,RO,2018,1190.4 ,1190.4,,compensation
A,CP_MEUR,D,D1,SE,2018,1909.8 ,1909.8,,compensation
A,CP_MEUR,D,D1,SI,2018,327.7 ,327.7,,compensation
A,CP_MEUR,D,D1,SK,2018,540.8 ,540.8,,compensation
A,CP_MEUR,D,P1,AT,2018,29607.0 ,29607.0,,output
A,CP_MEUR,D,P1,BE,2018,13234.8 ,13234.8,,output
A,CP_MEUR,D,P1,BG,2018,3660.4 ,3660.4,,output
A,CP_MEUR,D,P1,CZ,2018,14768.3 ,14768.3,,output
A,CP_MEUR,D,P1,DE,2018,130717.0 ,130717.0,,output
A,CP_MEUR,D,P1,EE,2018,1546.1 ,1546.1,,output
A,CP_MEUR,D,P1,ES,2018,64592.0 ,64592.0,,output
A,CP_MEUR,D,P1,FI,2018,9396.0 ,9396.0,,output
A,CP_MEUR,D,P1,FR,2018,120403.0 ,120403.0,,output
A,CP_MEUR,D,P1,HU,2018,4576.6 ,4576.6,,output
A,CP_MEUR,D,P1,IT,2018,76389.3 ,76389.3,,output
A,CP_MEUR,D,P1,LV,2018,1987.1 ,1987.1,,output
A,CP_MEUR,D,P1,NL,2018,17612.0 ,17612.0,,output
A,CP_MEUR,D,P1,NO,2018,10576.8 ,10576.8,,output
A,CP_MEUR,D,P1,PL,2018,26293.3 ,26293.3,,output
A,CP_MEUR,D,P1,PT,2018,16138.4 ,16138.4,,output
A,CP_MEUR,D,P1,RO,2018,14367.7 ,14367.7,,output
A,CP_MEUR,D,P1,SE,2018,17379.9 ,17379.9,,output
A,CP_MEUR,D,P1,SI,2018,1761.4 ,1761.4,,output
A,CP_MEUR,D,P1,SK,2018,10455.4 ,10455.4,,output
A,CP_MEUR,E,B1G,AT,2018,3507.0 ,3507.0,,gross_value_added
A,CP_MEUR,E,B1G,BE,2018,3906.1 ,3906.1,,gross_value_added
A,CP_MEUR,E,B1G,BG,2018,458.0 ,458.0,,gross_value_added
A,CP_MEUR,E,B1G,CZ,2018,1967.7 ,1967.7,,gross_value_added
A,CP_MEUR,E,B1G,DE,2018,32524.0 ,32524.0,,gross_value_added
A,CP_MEUR,E,B1G,EE,2018,181.6 ,181.6,,gross_value_added
A,CP_MEUR,E,B1G,ES,2018,11991.0 ,11991.0,,gross_value_added
A,CP_MEUR,E,B1G,FI,2018,1781.0 ,1781.0,,gross_value_added
A,CP_MEUR,E,B1G,FR,2018,13882.5 ,13882.5,,gross_value_added
A,CP_MEUR,E,B1G,HU,2018,980.8 ,980.8,,gross_value_added
A,CP_MEUR,E,B1G,IT,2018,16596.9 ,16596.9,,gross_value_added
A,CP_MEUR,E,B1G,LV,2018,216.8 ,216.8,,gross_value_added
A,CP_MEUR,E,B1G,NL,2018,4302.0 ,4302.0,,gross_value_added
A,CP_MEUR,E,B1G,NO,2018,2206.0 ,2206.0,,gross_value_added
A,CP_MEUR,E,B1G,PL,2018,5601.1 ,5601.1,,gross_value_added
A,CP_MEUR,E,B1G,PT,2018,1678.4 ,1678.4,,gross_value_added
A,CP_MEUR,E,B1G,RO,2018,1561.7 ,1561.7,,gross_value_added
A,CP_MEUR,E,B1G,SE,2018,2444.1 ,2444.1,,gross_value_added
A,CP_MEUR,E,B1G,SI,2018,349.3 ,349.3,,gross_value_added
A,CP_MEUR,E,B1G,SK,2018,810.7 ,810.7,,gross_value_added
A,CP_MEUR,E,B2A3N,AT,2018,867.0 ,867.0,,net_operating_surplus_mixed_income
A,CP_MEUR,E,B2A3N,BE,2018,362.1 ,362.1,,net_operating_surplus_mixed_income
A,CP_MEUR,E,B2A3N,BG,2018,102.5 ,102.5,,net_operating_surplus_mixed_income
A,CP_MEUR,E,B2A3N,CZ,2018,262.7 ,262.7,,net_operating_surplus_mixed_income
A,CP_MEUR,E,B2A3N,DE,2018,4447.0 ,4447.0,,net_operating_surplus_mixed_income
A,CP_MEUR,E,B2A3N,EE,2018,20.5 ,20.5,,net_operating_surplus_mixed_income
A,CP_MEUR,E,B2A3N,ES,2018,1587.0 ,1587.0,,net_operating_surplus_mixed_income
A,CP_MEUR,E,B2A3N,FI,2018,559.0 ,559.0,,net_operating_surplus_mixed_income
A,CP_MEUR,E,B2A3N,FR,2018,961.3 ,961.3,,net_operating_surplus_mixed_income
A,CP_MEUR,E,B2A3N,HU,2018,-203.4 ,-203.4,,net_operating_surplus_mixed_income
A,CP_MEUR,E,B2A3N,IT,2018,1605.5 ,1605.5,,net_operating_surplus_mixed_income
A,CP_MEUR,E,B2A3N,LV,2018,-15.5 ,-15.5,,net_operating_surplus_mixed_income
A,CP_MEUR,E,B2A3N,NL,2018,931.0 ,931.0,,net_operating_surplus_mixed_income
A,CP_MEUR,E,B2A3N,NO,2018,97.1 ,97.1,,net_operating_surplus_mixed_income
A,CP_MEUR,E,B2A3N,PL,2018,1371.6 ,1371.6,,net_operating_surplus_mixed_income
A,CP_MEUR,E,B2A3N,PT,2018,364.4 ,364.4,,net_operating_surplus_mixed_income
A,CP_MEUR,E,B2A3N,RO,2018,56.8 ,56.8,,net_operating_surplus_mixed_income
A,CP_MEUR,E,B2A3N,SE,2018,-216.7 ,-216.7,,net_operating_surplus_mixed_income
A,CP_MEUR,E,B2A3N,SI,2018,-58.1 ,-58.1,,net_operating_surplus_mixed_income
A,CP_MEUR,E,B2A3N,SK,2018,-119.4 ,-119.4,,net_operating_surplus_mixed_income
A,CP_MEUR,E,D1,AT,2018,1218.6 ,1218.6,,compensation
A,CP_MEUR,E,D1,BE,2018,2160.4 ,2160.4,,compensation
A,CP_MEUR,E,D1,BG,2018,270.9 ,270.9,,compensation
A,CP_MEUR,E,D1,CZ,2018,1073.7 ,1073.7,,compensation
A,CP_MEUR,E,D1,DE,2018,13469.0 ,13469.0,,compensation
A,CP_MEUR,E,D1,EE,2018,71.6 ,71.6,,compensation
A,CP_MEUR,E,D1,ES,2018,7207.0 ,7207.0,,compensation
A,CP_MEUR,E,D1,FI,2018,627.0 ,627.0,,compensation
A,CP_MEUR,E,D1,FR,2018,6863.7 ,6863.7,,compensation
A,CP_MEUR,E,D1,HU,2018,704.5 ,704.5,,compensation
A,CP_MEUR,E,D1,IT,2018,9205.7 ,9205.7,,compensation
A,CP_MEUR,E,D1,LV,2018,113.4 ,113.4,,compensation
A,CP_MEUR,E,D1,NL,2018,2060.0 ,2060.0,,compensation
A,CP_MEUR,E,D1,NO,2018,1155.2 ,1155.2,,compensation
A,CP_MEUR,E,D1,PL,2018,2429.9 ,2429.9,,compensation
A,CP_MEUR,E,D1,PT,2018,815.5 ,815.5,,compensation
A,CP_MEUR,E,D1,RO,2018,946.8 ,946.8,,compensation
A,CP_MEUR,E,D1,SE,2018,1297.8 ,1297.8,,compensation
A,CP_MEUR,E,D1,SI,2018,265.0 ,265.0,,compensation
A,CP_MEUR,E,D1,SK,2018,410.0 ,410.0,,compensation
A,CP_MEUR,E,P1,AT,2018,8321.6 ,8321.6,,output
A,CP_MEUR,E,P1,BE,2018,11665.3 ,11665.3,,output
A,CP_MEUR,E,P1,BG,2018,915.3 ,915.3,,output
A,CP_MEUR,E,P1,CZ,2018,5165.8 ,5165.8,,output
A,CP_MEUR,E,P1,DE,2018,73012.0 ,73012.0,,output
A,CP_MEUR,E,P1,EE,2018,505.4 ,505.4,,output
A,CP_MEUR,E,P1,ES,2018,29785.0 ,29785.0,,output
A,CP_MEUR,E,P1,FI,2018,4041.0 ,4041.0,,output
A,CP_MEUR,E,P1,FR,2018,39163.4 ,39163.4,,output
A,CP_MEUR,E,P1,HU,2018,2290.9 ,2290.9,,output
A,CP_MEUR,E,P1,IT,2018,44288.6 ,44288.6,,output
A,CP_MEUR,E,P1,LV,2018,463.7 ,463.7,,output
A,CP_MEUR,E,P1,NL,2018,11269.0 ,11269.0,,output
A,CP_MEUR,E,P1,NO,2018,6042.0 ,6042.0,,output
A,CP_MEUR,E,P1,PL,2018,11004.6 ,11004.6,,output
A,CP_MEUR,E,P1,PT,2018,4350.3 ,4350.3,,output
A,CP_MEUR,E,P1,RO,2018,3696.0 ,3696.0,,output
A,CP_MEUR,E,P1,SE,2018,7704.7 ,7704.7,,output
A,CP_MEUR,E,P1,SI,2018,1291.7 ,1291.7,,output
A,CP_MEUR,E,P1,SK,2018,1550.4 ,1550.4,,output
A,CP_MEUR,F,B1G,AT,2018,22084.0 ,22084.0,,gross_value_added
A,CP_MEUR,F,B1G,BE,2018,21064.2 ,21064.2,,gross_value_added
A,CP_MEUR,F,B1G,BG,2018,2030.2 ,2030.2,,gross_value_added
A,CP_MEUR,F,B1G,CZ,2018,10502.2 ,10502.2,,gross_value_added
A,CP_MEUR,F,B1G,DE,2018,137085.0 ,137085.0,,gross_value_added
A,CP_MEUR,F,B1G,EE,2018,1561.8 ,1561.8,,gross_value_added
A,CP_MEUR,F,B1G,ES,2018,67144.0 ,67144.0,,gross_value_added
A,CP_MEUR,F,B1G,FI,2018,14546.0 ,14546.0,,gross_value_added
A,CP_MEUR,F,B1G,FR,2018,116209.9 ,116209.9,,gross_value_added
A,CP_MEUR,F,B1G,HU,2018,5836.2 ,5836.2,,gross_value_added
A,CP_MEUR,F,B1G,IT,2018,66522.3 ,66522.3,,gross_value_added
A,CP_MEUR,F,B1G,LV,2018,1609.8 ,1609.8,,gross_value_added
A,CP_MEUR,F,B1G,NL,2018,32629.0 ,32629.0,,gross_value_added
A,CP_MEUR,F,B1G,NO,2018,20955.5 ,20955.5,,gross_value_added
A,CP_MEUR,F,B1G,PL,2018,37179.6 ,37179.6,,gross_value_added
A,CP_MEUR,F,B1G,PT,2018,7541.1 ,7541.1,,gross_value_added
A,CP_MEUR,F,B1G,RO,2018,12225.1 ,12225.1,,gross_value_added
A,CP_MEUR,F,B1G,SE,2018,27098.5 ,27098.5,,gross_value_added
A,CP_MEUR,F,B1G,SI,2018,2227.9 ,2227.9,,gross_value_added
A,CP_MEUR,F,B1G,SK,2018,6661.3 ,6661.3,,gross_value_added
A,CP_MEUR,F,B2A3N,AT,2018,6487.1 ,6487.1,,net_operating_surplus_mixed_income
A,CP_MEUR,F,B2A3N,BE,2018,6495.2 ,6495.2,,net_operating_surplus_mixed_income
A,CP_MEUR,F,B2A3N,BG,2018,720.5 ,720.5,,net_operating_surplus_mixed_income
A,CP_MEUR,F,B2A3N,CZ,2018,4641.7 ,4641.7,,net_operating_surplus_mixed_income
A,CP_MEUR,F,B2A3N,DE,2018,48649.0 ,48649.0,,net_operating_surplus_mixed_income
A,CP_MEUR,F,B2A3N,EE,2018,423.7 ,423.7,,net_operating_surplus_mixed_income
A,CP_MEUR,F,B2A3N,ES,2018,21932.0 ,21932.0,,net_operating_surplus_mixed_income
A,CP_MEUR,F,B2A3N,FI,2018,4170.0 ,4170.0,,net_operating_surplus_mixed_income
A,CP_MEUR,F,B2A3N,FR,2018,31704.1 ,31704.1,,net_operating_surplus_mixed_income
A,CP_MEUR,F,B2A3N,HU,2018,2980.8 ,2980.8,,net_operating_surplus_mixed_income
A,CP_MEUR,F,B2A3N,IT,2018,25592.9 ,25592.9,,net_operating_surplus_mixed_income
A,CP_MEUR,F,B2A3N,LV,2018,323.0 ,323.0,,net_operating_surplus_mixed_income
A,CP_MEUR,F,B2A3N,NL,2018,11977.0 ,11977.0,,net_operating_surplus_mixed_income
A,CP_MEUR,F,B2A3N,NO,2018,5372.0 ,5372.0,,net_operating_surplus_mixed_income
A,CP_MEUR,F,B2A3N,PL,2018,24337.0 ,24337.0,,net_operating_surplus_mixed_income
A,CP_MEUR,F,B2A3N,PT,2018,1851.8 ,1851.8,,net_operating_surplus_mixed_income
A,CP_MEUR,F,B2A3N,RO,2018,5796.3 ,5796.3,,net_operating_surplus_mixed_income
A,CP_MEUR,F,B2A3N,SE,2018,2767.1 ,2767.1,,net_operating_surplus_mixed_income
A,CP_MEUR,F,B2A3N,SI,2018,775.7 ,775.7,,net_operating_surplus_mixed_income
A,CP_MEUR,F,B2A3N,SK,2018,4758.1 ,4758.1,,net_operating_surplus_mixed_income
A,CP_MEUR,F,D1,AT,2018,13067.1 ,13067.1,,compensation
A,CP_MEUR,F,D1,BE,2018,11454.5 ,11454.5,,compensation
A,CP_MEUR,F,D1,BG,2018,1082.7 ,1082.7,,compensation
A,CP_MEUR,F,D1,CZ,2018,4477.5 ,4477.5,,compensation
A,CP_MEUR,F,D1,DE,2018,82069.0 ,82069.0,,compensation
A,CP_MEUR,F,D1,EE,2018,1003.7 ,1003.7,,compensation
A,CP_MEUR,F,D1,ES,2018,31410.0 ,31410.0,,compensation
A,CP_MEUR,F,D1,FI,2018,9439.0 ,9439.0,,compensation
A,CP_MEUR,F,D1,FR,2018,73938.1 ,73938.1,,compensation
A,CP_MEUR,F,D1,HU,2018,2295.1 ,2295.1,,compensation
A,CP_MEUR,F,D1,IT,2018,31588.5 ,31588.5,,compensation
A,CP_MEUR,F,D1,LV,2018,1098.4 ,1098.4,,compensation
A,CP_MEUR,F,D1,NL,2018,18008.0 ,18008.0,,compensation
A,CP_MEUR,F,D1,NO,2018,14421.3 ,14421.3,,compensation
A,CP_MEUR,F,D1,PL,2018,11562.6 ,11562.6,,compensation
A,CP_MEUR,F,D1,PT,2018,4769.6 ,4769.6,,compensation
A,CP_MEUR,F,D1,RO,2018,3942.3 ,3942.3,,compensation
A,CP_MEUR,F,D1,SE,2018,18396.6 ,18396.6,,compensation
A,CP_MEUR,F,D1,SI,2018,1230.7 ,1230.7,,compensation
A,CP_MEUR,F,D1,SK,2018,1616.9 ,1616.9,,compensation
A,CP_MEUR,F,P1,AT,2018,57022.1 ,57022.1,,output
A,CP_MEUR,F,P1,BE,2018,79993.5 ,79993.5,,output
A,CP_MEUR,F,P1,BG,2018,8492.9 ,8492.9,,output
A,CP_MEUR,F,P1,CZ,2018,34761.2 ,34761.2,,output
A,CP_MEUR,F,P1,DE,2018,335402.0 ,335402.0,,output
A,CP_MEUR,F,P1,EE,2018,4327.0 ,4327.0,,output
A,CP_MEUR,F,P1,ES,2018,152446.0 ,152446.0,,output
A,CP_MEUR,F,P1,FI,2018,37890.0 ,37890.0,,output
A,CP_MEUR,F,P1,FR,2018,316295.9 ,316295.9,,output
A,CP_MEUR,F,P1,HU,2018,15600.3 ,15600.3,,output
A,CP_MEUR,F,P1,IT,2018,186977.4 ,186977.4,,output
A,CP_MEUR,F,P1,LV,2018,5611.7 ,5611.7,,output
A,CP_MEUR,F,P1,NL,2018,109261.0 ,109261.0,,output
A,CP_MEUR,F,P1,NO,2018,59495.5 ,59495.5,,output
A,CP_MEUR,F,P1,PL,2018,97487.0 ,97487.0,,output
A,CP_MEUR,F,P1,PT,2018,20712.4 ,20712.4,,output
A,CP_MEUR,F,P1,RO,2018,31834.2 ,31834.2,,output
A,CP_MEUR,F,P1,SE,2018,64954.1 ,64954.1,,output
A,CP_MEUR,F,P1,SI,2018,6862.3 ,6862.3,,output
A,CP_MEUR,F,P1,SK,2018,15177.4 ,15177.4,,output
A,CP_MEUR,G,B1G,AT,2018,41357.3 ,41357.3,,gross_value_added
A,CP_MEUR,G,B1G,BE,2018,46453.8 ,46453.8,,gross_value_added
A,CP_MEUR,G,B1G,BG,2018,7398.5 ,7398.5,,gross_value_added
A,CP_MEUR,G,B1G,CZ,2018,20833.3 ,20833.3,,gross_value_added
A,CP_MEUR,G,B1G,DE,2018,315489.0 ,315489.0,,gross_value_added
A,CP_MEUR,G,B1G,EE,2018,2985.3 ,2985.3,,gross_value_added
A,CP_MEUR,G,B1G,ES,2018,144466.0 ,144466.0,,gross_value_added
A,CP_MEUR,G,B1G,FI,2018,17777.0 ,17777.0,,gross_value_added
A,CP_MEUR,G,B1G,FR,2018,209936.5 ,209936.5,,gross_value_added
A,CP_MEUR,G,B1G,HU,2018,12224.8 ,12224.8,,gross_value_added
A,CP_MEUR,G,B1G,IT,2018,187722.2 ,187722.2,,gross_value_added
A,CP_MEUR,G,B1G,LV,2018,3629.4 ,3629.4,,gross_value_added
A,CP_MEUR,G,B1G,NL,2018,95182.0 ,95182.0,,gross_value_added
A,CP_MEUR,G,B1G,NO,2018,25290.0 ,25290.0,,gross_value_added
A,CP_MEUR,G,B1G,PL,2018,70755.4 ,70755.4,,gross_value_added
A,CP_MEUR,G,B1G,PT,2018,23863.8 ,23863.8,,gross_value_added
A,CP_MEUR,G,B1G,RO,2018,20211.4 ,20211.4,,gross_value_added
A,CP_MEUR,G,B1G,SE,2018,44523.3 ,44523.3,,gross_value_added
A,CP_MEUR,G,B1G,SI,2018,4794.9 ,4794.9,,gross_value_added
A,CP_MEUR,G,B1G,SK,2018,7744.6 ,7744.6,,gross_value_added
A,CP_MEUR,G,B2A3N,AT,2018,12226.3 ,12226.3,,net_operating_surplus_mixed_income
A,CP_MEUR,G,B2A3N,BE,2018,12677.1 ,12677.1,,net_operating_surplus_mixed_income
A,CP_MEUR,G,B2A3N,BG,2018,3383.3 ,3383.3,,net_operating_surplus_mixed_income
A,CP_MEUR,G,B2A3N,CZ,2018,6929.8 ,6929.8,,net_operating_surplus_mixed_income
A,CP_MEUR,G,B2A3N,DE,2018,91254.0 ,91254.0,,net_operating_surplus_mixed_income
A,CP_MEUR,G,B2A3N,EE,2018,976.0 ,976.0,,net_operating_surplus_mixed_income
A,CP_MEUR,G,B2A3N,ES,2018,56327.0 ,56327.0,,net_operating_surplus_mixed_income
A,CP_MEUR,G,B2A3N,FI,2018,4831.0 ,4831.0,,net_operating_surplus_mixed_income
A,CP_MEUR,G,B2A3N,FR,2018,49744.6 ,49744.6,,net_operating_surplus_mixed_income
A,CP_MEUR,G,B2A3N,HU,2018,4238.7 ,4238.7,,net_operating_surplus_mixed_income
A,CP_MEUR,G,B2A3N,IT,2018,88653.9 ,88653.9,,net_operating_surplus_mixed_income
A,CP_MEUR,G,B2A3N,LV,2018,1229.8 ,1229.8,,net_operating_surplus_mixed_income
A,CP_MEUR,G,B2A3N,NL,2018,38740.0 ,38740.0,,net_operating_surplus_mixed_income
A,CP_MEUR,G,B2A3N,NO,2018,4663.7 ,4663.7,,net_operating_surplus_mixed_income
A,CP_MEUR,G,B2A3N,PL,2018,39645.0 ,39645.0,,net_operating_surplus_mixed_income
A,CP_MEUR,G,B2A3N,PT,2018,9003.3 ,9003.3,,net_operating_surplus_mixed_income
A,CP_MEUR,G,B2A3N,RO,2018,6147.7 ,6147.7,,net_operating_surplus_mixed_income
A,CP_MEUR,G,B2A3N,SE,2018,6942.1 ,6942.1,,net_operating_surplus_mixed_income
A,CP_MEUR,G,B2A3N,SI,2018,1311.1 ,1311.1,,net_operating_surplus_mixed_income
A,CP_MEUR,G,B2A3N,SK,2018,1351.6 ,1351.6,,net_operating_surplus_mixed_income
A,CP_MEUR,G,D1,AT,2018,23677.0 ,23677.0,,compensation
A,CP_MEUR,G,D1,BE,2018,27134.0 ,27134.0,,compensation
A,CP_MEUR,G,D1,BG,2018,3349.5 ,3349.5,,compensation
A,CP_MEUR,G,D1,CZ,2018,11201.2 ,11201.2,,compensation
A,CP_MEUR,G,D1,DE,2018,198998.0 ,198998.0,,compensation
A,CP_MEUR,G,D1,EE,2018,1709.4 ,1709.4,,compensation
A,CP_MEUR,G,D1,ES,2018,73973.0 ,73973.0,,compensation
A,CP_MEUR,G,D1,FI,2018,11159.0 ,11159.0,,compensation
A,CP_MEUR,G,D1,FR,2018,138019.3 ,138019.3,,compensation
A,CP_MEUR,G,D1,HU,2018,6392.1 ,6392.1,,compensation
A,CP_MEUR,G,D1,IT,2018,78430.3 ,78430.3,,compensation
A,CP_MEUR,G,D1,LV,2018,2022.6 ,2022.6,,compensation
A,CP_MEUR,G,D1,NL,2018,47807.0 ,47807.0,,compensation
A,CP_MEUR,G,D1,NO,2018,18304.9 ,18304.9,,compensation
A,CP_MEUR,G,D1,PL,2018,26670.9 ,26670.9,,compensation
A,CP_MEUR,G,D1,PT,2018,12681.2 ,12681.2,,compensation
A,CP_MEUR,G,D1,RO,2018,11247.6 ,11247.6,,compensation
A,CP_MEUR,G,D1,SE,2018,26989.6 ,26989.6,,compensation
A,CP_MEUR,G,D1,SI,2018,2889.8 ,2889.8,,compensation
A,CP_MEUR,G,D1,SK,2018,5479.1 ,5479.1,,compensation
A,CP_MEUR,G,P1,AT,2018,72667.1 ,72667.1,,output
A,CP_MEUR,G,P1,BE,2018,96328.0 ,96328.0,,output
A,CP_MEUR,G,P1,BG,2018,13262.8 ,13262.8,,output
A,CP_MEUR,G,P1,CZ,2018,41112.1 ,41112.1,,output
A,CP_MEUR,G,P1,DE,2018,572221.0 ,572221.0,,output
A,CP_MEUR,G,P1,EE,2018,5579.1 ,5579.1,,output
A,CP_MEUR,G,P1,ES,2018,246100.0 ,246100.0,,output
A,CP_MEUR,G,P1,FI,2018,33815.0 ,33815.0,,output
A,CP_MEUR,G,P1,FR,2018,417351.3 ,417351.3,,output
A,CP_MEUR,G,P1,HU,2018,24343.8 ,24343.8,,output
A,CP_MEUR,G,P1,IT,2018,360347.1 ,360347.1,,output
A,CP_MEUR,G,P1,LV,2018,6439.8 ,6439.8,,output
A,CP_MEUR,G,P1,NL,2018,175713.0 ,175713.0,,output
A,CP_MEUR,G,P1,NO,2018,45662.2 ,45662.2,,output
A,CP_MEUR,G,P1,PL,2018,120181.4 ,120181.4,,output
A,CP_MEUR,G,P1,PT,2018,40820.1 ,40820.1,,output
A,CP_MEUR,G,P1,RO,2018,46174.7 ,46174.7,,output
A,CP_MEUR,G,P1,SE,2018,81831.2 ,81831.2,,output
A,CP_MEUR,G,P1,SI,2018,9031.1 ,9031.1,,output
A,CP_MEUR,G,P1,SK,2018,17362.8 ,17362.8,,output
A,CP_MEUR,H,B1G,AT,2018,19043.8 ,19043.8,,gross_value_added
A,CP_MEUR,H,B1G,BE,2018,23315.7 ,23315.7,,gross_value_added
A,CP_MEUR,H,B1G,BG,2018,2671.1 ,2671.1,,gross_value_added
A,CP_MEUR,H,B1G,CZ,2018,10676.1 ,10676.1,,gross_value_added
A,CP_MEUR,H,B1G,DE,2018,139066.0 ,139066.0,,gross_value_added
A,CP_MEUR,H,B1G,EE,2018,1625.2 ,1625.2,,gross_value_added
A,CP_MEUR,H,B1G,ES,2018,49836.0 ,49836.0,,gross_value_added
A,CP_MEUR,H,B1G,FI,2018,9250.0 ,9250.0,,gross_value_added
A,CP_MEUR,H,B1G,FR,2018,89864.7 ,89864.7,,gross_value_added
A,CP_MEUR,H,B1G,HU,2018,6993.2 ,6993.2,,gross_value_added
A,CP_MEUR,H,B1G,IT,2018,80149.7 ,80149.7,,gross_value_added
A,CP_MEUR,H,B1G,LV,2018,2249.5 ,2249.5,,gross_value_added
A,CP_MEUR,H,B1G,NL,2018,33015.0 ,33015.0,,gross_value_added
A,CP_MEUR,H,B1G,NO,2018,15482.6 ,15482.6,,gross_value_added
A,CP_MEUR,H,B1G,PL,2018,32726.7 ,32726.7,,gross_value_added
A,CP_MEUR,H,B1G,PT,2018,8786.0 ,8786.0,,gross_value_added
A,CP_MEUR,H,B1G,RO,2018,11829.2 ,11829.2,,gross_value_added
A,CP_MEUR,H,B1G,SE,2018,21520.1 ,21520.1,,gross_value_added
A,CP_MEUR,H,B1G,SI,2018,2595.5 ,2595.5,,gross_value_added
A,CP_MEUR,H,B1G,SK,2018,5188.2 ,5188.2,,gross_value_added
A,CP_MEUR,H,B2A3N,AT,2018,2526.7 ,2526.7,,net_operating_surplus_mixed_income
A,CP_MEUR,H,B2A3N,BE,2018,2328.1 ,2328.1,,net_operating_surplus_mixed_income
A,CP_MEUR,H,B2A3N,BG,2018,617.1 ,617.1,,net_operating_surplus_mixed_income
A,CP_MEUR,H,B2A3N,CZ,2018,1584.7 ,1584.7,,net_operating_surplus_mixed_income
A,CP_MEUR,H,B2A3N,DE,2018,15527.0 ,15527.0,,net_operating_surplus_mixed_income
A,CP_MEUR,H,B2A3N,EE,2018,336.6 ,336.6,,net_operating_surplus_mixed_income
A,CP_MEUR,H,B2A3N,ES,2018,8606.0 ,8606.0,,net_operating_surplus_mixed_income
A,CP_MEUR,H,B2A3N,FI,2018,1562.0 ,1562.0,,net_operating_surplus_mixed_income
A,CP_MEUR,H,B2A3N,FR,2018,3723.1 ,3723.1,,net_operating_surplus_mixed_income
A,CP_MEUR,H,B2A3N,HU,2018,1401.5 ,1401.5,,net_operating_surplus_mixed_income
A,CP_MEUR,H,B2A3N,IT,2018,16720.5 ,16720.5,,net_operating_surplus_mixed_income
A,CP_MEUR,H,B2A3N,LV,2018,422.4 ,422.4,,net_operating_surplus_mixed_income
A,CP_MEUR,H,B2A3N,NL,2018,7698.0 ,7698.0,,net_operating_surplus_mixed_income
A,CP_MEUR,H,B2A3N,NO,2018,3671.9 ,3671.9,,net_operating_surplus_mixed_income
A,CP_MEUR,H,B2A3N,PL,2018,12458.8 ,12458.8,,net_operating_surplus_mixed_income
A,CP_MEUR,H,B2A3N,PT,2018,1571.7 ,1571.7,,net_operating_surplus_mixed_income
A,CP_MEUR,H,B2A3N,RO,2018,2084.7 ,2084.7,,net_operating_surplus_mixed_income
A,CP_MEUR,H,B2A3N,SE,2018,1031.3 ,1031.3,,net_operating_surplus_mixed_income
A,CP_MEUR,H,B2A3N,SI,2018,630.0 ,630.0,,net_operating_surplus_mixed_income
A,CP_MEUR,H,B2A3N,SK,2018,1206.9 ,1206.9,,net_operating_surplus_mixed_income
A,CP_MEUR,H,D1,AT,2018,10240.8 ,10240.8,,compensation
A,CP_MEUR,H,D1,BE,2018,14185.5 ,14185.5,,compensation
A,CP_MEUR,H,D1,BG,2018,1488.8 ,1488.8,,compensation
A,CP_MEUR,H,D1,CZ,2018,5728.2 ,5728.2,,compensation
A,CP_MEUR,H,D1,DE,2018,89632.0 ,89632.0,,compensation
A,CP_MEUR,H,D1,EE,2018,875.4 ,875.4,,compensation
A,CP_MEUR,H,D1,ES,2018,25468.0 ,25468.0,,compensation
A,CP_MEUR,H,D1,FI,2018,6024.0 ,6024.0,,compensation
A,CP_MEUR,H,D1,FR,2018,65106.1 ,65106.1,,compensation
A,CP_MEUR,H,D1,HU,2018,3889.6 ,3889.6,,compensation
A,CP_MEUR,H,D1,IT,2018,40851.6 ,40851.6,,compensation
A,CP_MEUR,H,D1,LV,2018,1297.0 ,1297.0,,compensation
A,CP_MEUR,H,D1,NL,2018,19336.0 ,19336.0,,compensation
A,CP_MEUR,H,D1,NO,2018,8816.0 ,8816.0,,compensation
A,CP_MEUR,H,D1,PL,2018,12385.1 ,12385.1,,compensation
A,CP_MEUR,H,D1,PT,2018,4890.2 ,4890.2,,compensation
A,CP_MEUR,H,D1,RO,2018,4883.3 ,4883.3,,compensation
A,CP_MEUR,H,D1,SE,2018,11396.6 ,11396.6,,compensation
A,CP_MEUR,H,D1,SI,2018,1383.8 ,1383.8,,compensation
A,CP_MEUR,H,D1,SK,2018,2402.6 ,2402.6,,compensation
A,CP_MEUR,H,P1,AT,2018,36817.7 ,36817.7,,output
A,CP_MEUR,H,P1,BE,2018,64199.4 ,64199.4,,output
A,CP_MEUR,H,P1,BG,2018,8779.2 ,8779.2,,output
A,CP_MEUR,H,P1,CZ,2018,28153.0 ,28153.0,,output
A,CP_MEUR,H,P1,DE,2018,371695.0 ,371695.0,,output
A,CP_MEUR,H,P1,EE,2018,5282.3 ,5282.3,,output
A,CP_MEUR,H,P1,ES,2018,120790.0 ,120790.0,,output
A,CP_MEUR,H,P1,FI,2018,24744.0 ,24744.0,,output
A,CP_MEUR,H,P1,FR,2018,217330.8 ,217330.8,,output
A,CP_MEUR,H,P1,HU,2018,15599.4 ,15599.4,,output
A,CP_MEUR,H,P1,IT,2018,192737.3 ,192737.3,,output
A,CP_MEUR,H,P1,LV,2018,6462.7 ,6462.7,,output
A,CP_MEUR,H,P1,NL,2018,84896.0 ,84896.0,,output
A,CP_MEUR,H,P1,NO,2018,44968.0 ,44968.0,,output
A,CP_MEUR,H,P1,PL,2018,77385.4 ,77385.4,,output
A,CP_MEUR,H,P1,PT,2018,22459.1 ,22459.1,,output
A,CP_MEUR,H,P1,RO,2018,28541.0 ,28541.0,,output
A,CP_MEUR,H,P1,SE,2018,57486.8 ,57486.8,,output
A,CP_MEUR,H,P1,SI,2018,6515.3 ,6515.3,,output
A,CP_MEUR,H,P1,SK,2018,12110.1 ,12110.1,,output
A,CP_MEUR,I,B1G,AT,2018,14126.2 ,14126.2,,gross_value_added
A,CP_MEUR,I,B1G,BE,2018,7770.1 ,7770.1,,gross_value_added
A,CP_MEUR,I,B1G,BG,2018,1295.2 ,1295.2,,gross_value_added
A,CP_MEUR,I,B1G,CZ,2018,3839.4 ,3839.4,,gross_value_added
A,CP_MEUR,I,B1G,DE,2018,53748.0 ,53748.0,,gross_value_added
A,CP_MEUR,I,B1G,EE,2018,445.1 ,445.1,,gross_value_added
A,CP_MEUR,I,B1G,ES,2018,71915.0 ,71915.0,,gross_value_added
A,CP_MEUR,I,B1G,FI,2018,3478.0 ,3478.0,,gross_value_added
A,CP_MEUR,I,B1G,FR,2018,46991.7 ,46991.7,,gross_value_added
A,CP_MEUR,I,B1G,HU,2018,2197.6 ,2197.6,,gross_value_added
A,CP_MEUR,I,B1G,IT,2018,62944.0 ,62944.0,,gross_value_added
A,CP_MEUR,I,B1G,LV,2018,508.4 ,508.4,,gross_value_added
A,CP_MEUR,I,B1G,NL,2018,14864.0 ,14864.0,,gross_value_added
A,CP_MEUR,I,B1G,NO,2018,4653.6 ,4653.6,,gross_value_added
A,CP_MEUR,I,B1G,PL,2018,6194.8 ,6194.8,,gross_value_added
A,CP_MEUR,I,B1G,PT,2018,10725.2 ,10725.2,,gross_value_added
A,CP_MEUR,I,B1G,RO,2018,3725.8 ,3725.8,,gross_value_added
A,CP_MEUR,I,B1G,SE,2018,7758.4 ,7758.4,,gross_value_added
A,CP_MEUR,I,B1G,SI,2018,976.7 ,976.7,,gross_value_added
A,CP_MEUR,I,B1G,SK,2018,1199.4 ,1199.4,,gross_value_added
A,CP_MEUR,I,B2A3N,AT,2018,4274.9 ,4274.9,,net_operating_surplus_mixed_income
A,CP_MEUR,I,B2A3N,BE,2018,1811.3 ,1811.3,,net_operating_surplus_mixed_income
A,CP_MEUR,I,B2A3N,BG,2018,145.6 ,145.6,,net_operating_surplus_mixed_income
A,CP_MEUR,I,B2A3N,CZ,2018,1364.8 ,1364.8,,net_operating_surplus_mixed_income
A,CP_MEUR,I,B2A3N,DE,2018,14837.0 ,14837.0,,net_operating_surplus_mixed_income
A,CP_MEUR,I,B2A3N,EE,2018,57.2 ,57.2,,net_operating_surplus_mixed_income
A,CP_MEUR,I,B2A3N,ES,2018,30117.0 ,30117.0,,net_operating_surplus_mixed_income
A,CP_MEUR,I,B2A3N,FI,2018,846.0 ,846.0,,net_operating_surplus_mixed_income
A,CP_MEUR,I,B2A3N,FR,2018,4459.5 ,4459.5,,net_operating_surplus_mixed_income
A,CP_MEUR,I,B2A3N,HU,2018,733.8 ,733.8,,net_operating_surplus_mixed_income
A,CP_MEUR,I,B2A3N,IT,2018,23111.6 ,23111.6,,net_operating_surplus_mixed_income
A,CP_MEUR,I,B2A3N,LV,2018,46.4 ,46.4,,net_operating_surplus_mixed_income
A,CP_MEUR,I,B2A3N,NL,2018,6032.0 ,6032.0,,net_operating_surplus_mixed_income
A,CP_MEUR,I,B2A3N,NO,2018,765.8 ,765.8,,net_operating_surplus_mixed_income
A,CP_MEUR,I,B2A3N,PL,2018,2973.1 ,2973.1,,net_operating_surplus_mixed_income
A,CP_MEUR,I,B2A3N,PT,2018,4500.4 ,4500.4,,net_operating_surplus_mixed_income
A,CP_MEUR,I,B2A3N,RO,2018,2015.3 ,2015.3,,net_operating_surplus_mixed_income
A,CP_MEUR,I,B2A3N,SE,2018,447.3 ,447.3,,net_operating_surplus_mixed_income
A,CP_MEUR,I,B2A3N,SI,2018,170.7 ,170.7,,net_operating_surplus_mixed_income
A,CP_MEUR,I,B2A3N,SK,2018,315.0 ,315.0,,net_operating_surplus_mixed_income
A,CP_MEUR,I,D1,AT,2018,8280.6 ,8280.6,,compensation
A,CP_MEUR,I,D1,BE,2018,4825.0 ,4825.0,,compensation
A,CP_MEUR,I,D1,BG,2018,897.8 ,897.8,,compensation
A,CP_MEUR,I,D1,CZ,2018,2045.5 ,2045.5,,compensation
A,CP_MEUR,I,D1,DE,2018,34864.0 ,34864.0,,compensation
A,CP_MEUR,I,D1,EE,2018,335.3 ,335.3,,compensation
A,CP_MEUR,I,D1,ES,2018,37825.0 ,37825.0,,compensation
A,CP_MEUR,I,D1,FI,2018,2417.0 ,2417.0,,compensation
A,CP_MEUR,I,D1,FR,2018,36159.5 ,36159.5,,compensation
A,CP_MEUR,I,D1,HU,2018,1252.7 ,1252.7,,compensation
A,CP_MEUR,I,D1,IT,2018,31170.1 ,31170.1,,compensation
A,CP_MEUR,I,D1,LV,2018,389.3 ,389.3,,compensation
A,CP_MEUR,I,D1,NL,2018,7804.0 ,7804.0,,compensation
A,CP_MEUR,I,D1,NO,2018,3450.6 ,3450.6,,compensation
A,CP_MEUR,I,D1,PL,2018,2762.4 ,2762.4,,compensation
A,CP_MEUR,I,D1,PT,2018,5289.5 ,5289.5,,compensation
A,CP_MEUR,I,D1,RO,2018,1376.6 ,1376.6,,compensation
A,CP_MEUR,I,D1,SE,2018,5579.1 ,5579.1,,compensation
A,CP_MEUR,I,D1,SI,2018,642.3 ,642.3,,compensation
A,CP_MEUR,I,D1,SK,2018,756.1 ,756.1,,compensation
A,CP_MEUR,I,P1,AT,2018,25264.0 ,25264.0,,output
A,CP_MEUR,I,P1,BE,2018,19440.7 ,19440.7,,output
A,CP_MEUR,I,P1,BG,2018,2520.8 ,2520.8,,output
A,CP_MEUR,I,P1,CZ,2018,8512.1 ,8512.1,,output
A,CP_MEUR,I,P1,DE,2018,105795.0 ,105795.0,,output
A,CP_MEUR,I,P1,EE,2018,1076.2 ,1076.2,,output
A,CP_MEUR,I,P1,ES,2018,126118.0 ,126118.0,,output
A,CP_MEUR,I,P1,FI,2018,8588.0 ,8588.0,,output
A,CP_MEUR,I,P1,FR,2018,108534.2 ,108534.2,,output
A,CP_MEUR,I,P1,HU,2018,5648.6 ,5648.6,,output
A,CP_MEUR,I,P1,IT,2018,121612.6 ,121612.6,,output
A,CP_MEUR,I,P1,LV,2018,1063.4 ,1063.4,,output
A,CP_MEUR,I,P1,NL,2018,29855.0 ,29855.0,,output
A,CP_MEUR,I,P1,NO,2018,10011.7 ,10011.7,,output
A,CP_MEUR,I,P1,PL,2018,13919.0 ,13919.0,,output
A,CP_MEUR,I,P1,PT,2018,19177.8 ,19177.8,,output
A,CP_MEUR,I,P1,RO,2018,7424.9 ,7424.9,,output
A,CP_MEUR,I,P1,SE,2018,17323.3 ,17323.3,,output
A,CP_MEUR,I,P1,SI,2018,2096.5 ,2096.5,,output
A,CP_MEUR,I,P1,SK,2018,2161.2 ,2161.2,,output
A,CP_MEUR,J,B1G,AT,2018,12896.5 ,12896.5,,gross_value_added
A,CP_MEUR,J,B1G,BE,2018,17259.1 ,17259.1,,gross_value_added
A,CP_MEUR,J,B1G,BG,2018,3296.9 ,3296.9,,gross_value_added
A,CP_MEUR,J,B1G,CZ,2018,10599.4 ,10599.4,,gross_value_added
A,CP_MEUR,J,B1G,DE,2018,148410.0 ,148410.0,,gross_value_added
A,CP_MEUR,J,B1G,EE,2018,1402.4 ,1402.4,,gross_value_added
A,CP_MEUR,J,B1G,ES,2018,40648.0 ,40648.0,,gross_value_added
A,CP_MEUR,J,B1G,FI,2018,11711.0 ,11711.0,,gross_value_added
A,CP_MEUR,J,B1G,FR,2018,112243.7 ,112243.7,,gross_value_added
A,CP_MEUR,J,B1G,HU,2018,5647.1 ,5647.1,,gross_value_added
A,CP_MEUR,J,B1G,IT,2018,57895.7 ,57895.7,,gross_value_added
A,CP_MEUR,J,B1G,LV,2018,1452.1 ,1452.1,,gross_value_added
A,CP_MEUR,J,B1G,NL,2018,32358.0 ,32358.0,,gross_value_added
A,CP_MEUR,J,B1G,NO,2018,14076.0 ,14076.0,,gross_value_added
A,CP_MEUR,J,B1G,PL,2018,17768.4 ,17768.4,,gross_value_added
A,CP_MEUR,J,B1G,PT,2018,6375.7 ,6375.7,,gross_value_added
A,CP_MEUR,J,B1G,RO,2018,10987.0 ,10987.0,,gross_value_added
A,CP_MEUR,J,B1G,SE,2018,28061.3 ,28061.3,,gross_value_added
A,CP_MEUR,J,B1G,SI,2018,1509.5 ,1509.5,,gross_value_added
A,CP_MEUR,J,B1G,SK,2018,4105.4 ,4105.4,,gross_value_added
A,CP_MEUR,J,B2A3N,AT,2018,1992.2 ,1992.2,,net_operating_surplus_mixed_income
A,CP_MEUR,J,B2A3N,BE,2018,3570.2 ,3570.2,,net_operating_surplus_mixed_income
A,CP_MEUR,J,B2A3N,BG,2018,540.2 ,540.2,,net_operating_surplus_mixed_income
A,CP_MEUR,J,B2A3N,CZ,2018,3187.4 ,3187.4,,net_operating_surplus_mixed_income
A,CP_MEUR,J,B2A3N,DE,2018,38550.0 ,38550.0,,net_operating_surplus_mixed_income
A,CP_MEUR,J,B2A3N,EE,2018,331.0 ,331.0,,net_operating_surplus_mixed_income
A,CP_MEUR,J,B2A3N,ES,2018,5579.0 ,5579.0,,net_operating_surplus_mixed_income
A,CP_MEUR,J,B2A3N,FI,2018,2649.0 ,2649.0,,net_operating_surplus_mixed_income
A,CP_MEUR,J,B2A3N,FR,2018,11121.9 ,11121.9,,net_operating_surplus_mixed_income
A,CP_MEUR,J,B2A3N,HU,2018,1480.3 ,1480.3,,net_operating_surplus_mixed_income
A,CP_MEUR,J,B2A3N,IT,2018,13282.0 ,13282.0,,net_operating_surplus_mixed_income
A,CP_MEUR,J,B2A3N,LV,2018,238.2 ,238.2,,net_operating_surplus_mixed_income
A,CP_MEUR,J,B2A3N,NL,2018,7581.0 ,7581.0,,net_operating_surplus_mixed_income
A,CP_MEUR,J,B2A3N,NO,2018,3142.7 ,3142.7,,net_operating_surplus_mixed_income
A,CP_MEUR,J,B2A3N,PL,2018,5871.6 ,5871.6,,net_operating_surplus_mixed_income
A,CP_MEUR,J,B2A3N,PT,2018,1017.7 ,1017.7,,net_operating_surplus_mixed_income
A,CP_MEUR,J,B2A3N,RO,2018,4715.6 ,4715.6,,net_operating_surplus_mixed_income
A,CP_MEUR,J,B2A3N,SE,2018,5123.1 ,5123.1,,net_operating_surplus_mixed_income
A,CP_MEUR,J,B2A3N,SI,2018,301.1 ,301.1,,net_operating_surplus_mixed_income
A,CP_MEUR,J,B2A3N,SK,2018,1398.1 ,1398.1,,net_operating_surplus_mixed_income
A,CP_MEUR,J,D1,AT,2018,7113.9 ,7113.9,,compensation
A,CP_MEUR,J,D1,BE,2018,9089.0 ,9089.0,,compensation
A,CP_MEUR,J,D1,BG,2018,2177.7 ,2177.7,,compensation
A,CP_MEUR,J,D1,CZ,2018,4746.8 ,4746.8,,compensation
A,CP_MEUR,J,D1,DE,2018,82630.0 ,82630.0,,compensation
A,CP_MEUR,J,D1,EE,2018,821.4 ,821.4,,compensation
A,CP_MEUR,J,D1,ES,2018,22044.0 ,22044.0,,compensation
A,CP_MEUR,J,D1,FI,2018,6722.0 ,6722.0,,compensation
A,CP_MEUR,J,D1,FR,2018,73363.8 ,73363.8,,compensation
A,CP_MEUR,J,D1,HU,2018,2848.8 ,2848.8,,compensation
A,CP_MEUR,J,D1,IT,2018,26621.5 ,26621.5,,compensation
A,CP_MEUR,J,D1,LV,2018,949.4 ,949.4,,compensation
A,CP_MEUR,J,D1,NL,2018,18551.0 ,18551.0,,compensation
A,CP_MEUR,J,D1,NO,2018,8395.3 ,8395.3,,compensation
A,CP_MEUR,J,D1,PL,2018,7939.0 ,7939.0,,compensation
A,CP_MEUR,J,D1,PT,2018,3458.2 ,3458.2,,compensation
A,CP_MEUR,J,D1,RO,2018,4604.2 ,4604.2,,compensation
A,CP_MEUR,J,D1,SE,2018,13701.0 ,13701.0,,compensation
A,CP_MEUR,J,D1,SI,2018,859.1 ,859.1,,compensation
A,CP_MEUR,J,D1,SK,2018,1690.1 ,1690.1,,compensation
A,CP_MEUR,J,P1,AT,2018,27055.8 ,27055.8,,output
A,CP_MEUR,J,P1,BE,2018,40086.4 ,40086.4,,output
A,CP_MEUR,J,P1,BG,2018,5765.3 ,5765.3,,output
A,CP_MEUR,J,P1,CZ,2018,20007.5 ,20007.5,,output
A,CP_MEUR,J,P1,DE,2018,298636.0 ,298636.0,,output
A,CP_MEUR,J,P1,EE,2018,2565.5 ,2565.5,,output
A,CP_MEUR,J,P1,ES,2018,88676.0 ,88676.0,,output
A,CP_MEUR,J,P1,FI,2018,23474.0 ,23474.0,,output
A,CP_MEUR,J,P1,FR,2018,215175.5 ,215175.5,,output
A,CP_MEUR,J,P1,HU,2018,9971.1 ,9971.1,,output
A,CP_MEUR,J,P1,IT,2018,126828.6 ,126828.6,,output
A,CP_MEUR,J,P1,LV,2018,2485.2 ,2485.2,,output
A,CP_MEUR,J,P1,NL,2018,79622.0 ,79622.0,,output
A,CP_MEUR,J,P1,NO,2018,27988.4 ,27988.4,,output
A,CP_MEUR,J,P1,PL,2018,38217.8 ,38217.8,,output
A,CP_MEUR,J,P1,PT,2018,13231.3 ,13231.3,,output
A,CP_MEUR,J,P1,RO,2018,18398.5 ,18398.5,,output
A,CP_MEUR,J,P1,SE,2018,62054.8 ,62054.8,,output
A,CP_MEUR,J,P1,SI,2018,3322.5 ,3322.5,,output
A,CP_MEUR,J,P1,SK,2018,7578.9 ,7578.9,,output
A,CP_MEUR,L,B1G,AT,2018,33180.2 ,33180.2,,gross_value_added
A,CP_MEUR,L,B1G,BE,2018,38814.4 ,38814.4,,gross_value_added
A,CP_MEUR,L,B1G,BG,2018,5116.5 ,5116.5,,gross_value_added
A,CP_MEUR,L,B1G,CZ,2018,21279.1 ,21279.1,,gross_value_added
A,CP_MEUR,L,B1G,DE,2018,338508.0 ,338508.0,,gross_value_added
A,CP_MEUR,L,B1G,EE,2018,2757.2 ,2757.2,,gross_value_added
A,CP_MEUR,L,B1G,ES,2018,129739.0 ,129739.0,,gross_value_added
A,CP_MEUR,L,B1G,FI,2018,25664.0 ,25664.0,,gross_value_added
A,CP_MEUR,L,B1G,FR,2018,292014.8 ,292014.8,,gross_value_added
A,CP_MEUR,L,B1G,HU,2018,10902.6 ,10902.6,,gross_value_added
A,CP_MEUR,L,B1G,IT,2018,213095.4 ,213095.4,,gross_value_added
A,CP_MEUR,L,B1G,LV,2018,2161.5 ,2161.5,,gross_value_added
A,CP_MEUR,L,B1G,NL,2018,45337.0 ,45337.0,,gross_value_added
A,CP_MEUR,L,B1G,NO,2018,33783.3 ,33783.3,,gross_value_added
A,CP_MEUR,L,B1G,PL,2018,25039.1 ,25039.1,,gross_value_added
A,CP_MEUR,L,B1G,PT,2018,22163.3 ,22163.3,,gross_value_added
A,CP_MEUR,L,B1G,RO,2018,15831.6 ,15831.6,,gross_value_added
A,CP_MEUR,L,B1G,SE,2018,36015.3 ,36015.3,,gross_value_added
A,CP_MEUR,L,B1G,SI,2018,2900.0 ,2900.0,,gross_value_added
A,CP_MEUR,L,B1G,SK,2018,8090.0 ,8090.0,,gross_value_added
A,CP_MEUR,L,B2A3N,AT,2018,13089.9 ,13089.9,,net_operating_surplus_mixed_income
A,CP_MEUR,L,B2A3N,BE,2018,15410.2 ,15410.2,,net_operating_surplus_mixed_income
A,CP_MEUR,L,B2A3N,BG,2018,3998.0 ,3998.0,,net_operating_surplus_mixed_income
A,CP_MEUR,L,B2A3N,CZ,2018,12317.3 ,12317.3,,net_operating_surplus_mixed_income
A,CP_MEUR,L,B2A3N,DE,2018,137715.0 ,137715.0,,net_operating_surplus_mixed_income
A,CP_MEUR,L,B2A3N,EE,2018,1821.0 ,1821.0,,net_operating_surplus_mixed_income
A,CP_MEUR,L,B2A3N,ES,2018,85086.0 ,85086.0,,net_operating_surplus_mixed_income
A,CP_MEUR,L,B2A3N,FI,2018,9886.0 ,9886.0,,net_operating_surplus_mixed_income
A,CP_MEUR,L,B2A3N,FR,2018,141922.5 ,141922.5,,net_operating_surplus_mixed_income
A,CP_MEUR,L,B2A3N,HU,2018,7099.8 ,7099.8,,net_operating_surplus_mixed_income
A,CP_MEUR,L,B2A3N,IT,2018,112024.1 ,112024.1,,net_operating_surplus_mixed_income
A,CP_MEUR,L,B2A3N,LV,2018,834.2 ,834.2,,net_operating_surplus_mixed_income
A,CP_MEUR,L,B2A3N,NL,2018,9340.0 ,9340.0,,net_operating_surplus_mixed_income
A,CP_MEUR,L,B2A3N,NO,2018,17253.0 ,17253.0,,net_operating_surplus_mixed_income
A,CP_MEUR,L,B2A3N,PL,2018,17259.4 ,17259.4,,net_operating_surplus_mixed_income
A,CP_MEUR,L,B2A3N,PT,2018,9703.7 ,9703.7,,net_operating_surplus_mixed_income
A,CP_MEUR,L,B2A3N,RO,2018,12217.7 ,12217.7,,net_operating_surplus_mixed_income
A,CP_MEUR,L,B2A3N,SE,2018,16515.8 ,16515.8,,net_operating_surplus_mixed_income
A,CP_MEUR,L,B2A3N,SI,2018,1119.8 ,1119.8,,net_operating_surplus_mixed_income
A,CP_MEUR,L,B2A3N,SK,2018,4338.2 ,4338.2,,net_operating_surplus_mixed_income
A,CP_MEUR,L,D1,AT,2018,2050.8 ,2050.8,,compensation
A,CP_MEUR,L,D1,BE,2018,1169.5 ,1169.5,,compensation
A,CP_MEUR,L,D1,BG,2018,298.0 ,298.0,,compensation
A,CP_MEUR,L,D1,CZ,2018,1073.7 ,1073.7,,compensation
A,CP_MEUR,L,D1,DE,2018,17734.0 ,17734.0,,compensation
A,CP_MEUR,L,D1,EE,2018,187.4 ,187.4,,compensation
A,CP_MEUR,L,D1,ES,2018,4669.0 ,4669.0,,compensation
A,CP_MEUR,L,D1,FI,2018,1085.0 ,1085.0,,compensation
A,CP_MEUR,L,D1,FR,2018,18936.1 ,18936.1,,compensation
A,CP_MEUR,L,D1,HU,2018,637.0 ,637.0,,compensation
A,CP_MEUR,L,D1,IT,2018,2510.3 ,2510.3,,compensation
A,CP_MEUR,L,D1,LV,2018,352.7 ,352.7,,compensation
A,CP_MEUR,L,D1,NL,2018,3761.0 ,3761.0,,compensation
A,CP_MEUR,L,D1,NO,2018,1995.4 ,1995.4,,compensation
A,CP_MEUR,L,D1,PL,2018,2786.6 ,2786.6,,compensation
A,CP_MEUR,L,D1,PT,2018,745.6 ,745.6,,compensation
A,CP_MEUR,L,D1,RO,2018,452.9 ,452.9,,compensation
A,CP_MEUR,L,D1,SE,2018,3805.4 ,3805.4,,compensation
A,CP_MEUR,L,D1,SI,2018,141.2 ,141.2,,compensation
A,CP_MEUR,L,D1,SK,2018,423.2 ,423.2,,compensation
A,CP_MEUR,L,P1,AT,2018,50470.0 ,50470.0,,output
A,CP_MEUR,L,P1,BE,2018,52392.1 ,52392.1,,output
A,CP_MEUR,L,P1,BG,2018,6895.3 ,6895.3,,output
A,CP_MEUR,L,P1,CZ,2018,37298.4 ,37298.4,,output
A,CP_MEUR,L,P1,DE,2018,450795.0 ,450795.0,,output
A,CP_MEUR,L,P1,EE,2018,3773.2 ,3773.2,,output
A,CP_MEUR,L,P1,ES,2018,149668.0 ,149668.0,,output
A,CP_MEUR,L,P1,FI,2018,34678.0 ,34678.0,,output
A,CP_MEUR,L,P1,FR,2018,351672.9 ,351672.9,,output
A,CP_MEUR,L,P1,HU,2018,15021.4 ,15021.4,,output
A,CP_MEUR,L,P1,IT,2018,244008.3 ,244008.3,,output
A,CP_MEUR,L,P1,LV,2018,3211.0 ,3211.0,,output
A,CP_MEUR,L,P1,NL,2018,88091.0 ,88091.0,,output
A,CP_MEUR,L,P1,NO,2018,51257.1 ,51257.1,,output
A,CP_MEUR,L,P1,PL,2018,43474.6 ,43474.6,,output
A,CP_MEUR,L,P1,PT,2018,25708.5 ,25708.5,,output
A,CP_MEUR,L,P1,RO,2018,20165.4 ,20165.4,,output
A,CP_MEUR,L,P1,SE,2018,65878.9 ,65878.9,,output
A,CP_MEUR,L,P1,SI,2018,3488.6 ,3488.6,,output
A,CP_MEUR,L,P1,SK,2018,11310.7 ,11310.7,,output
A,CP_MEUR,M,B1G,AT,2018,18323.3 ,18323.3,,gross_value_added
A,CP_MEUR,M,B1G,BE,2018,42021.1 ,42021.1,,gross_value_added
A,CP_MEUR,M,B1G,BG,2018,1882.8 ,1882.8,,gross_value_added
A,CP_MEUR,M,B1G,CZ,2018,9874.7 ,9874.7,,gross_value_added
A,CP_MEUR,M,B1G,DE,2018,214654.0 ,214654.0,,gross_value_added
A,CP_MEUR,M,B1G,EE,2018,1202.3 ,1202.3,,gross_value_added
A,CP_MEUR,M,B1G,ES,2018,52204.0 ,52204.0,,gross_value_added
A,CP_MEUR,M,B1G,FI,2018,10439.0 ,10439.0,,gross_value_added
A,CP_MEUR,M,B1G,FR,2018,176116.9 ,176116.9,,gross_value_added
A,CP_MEUR,M,B1G,HU,2018,7114.5 ,7114.5,,gross_value_added
A,CP_MEUR,M,B1G,IT,2018,104839.9 ,104839.9,,gross_value_added
A,CP_MEUR,M,B1G,LV,2018,1169.4 ,1169.4,,gross_value_added
A,CP_MEUR,M,B1G,NL,2018,62456.0 ,62456.0,,gross_value_added
A,CP_MEUR,M,B1G,NO,2018,15048.2 ,15048.2,,gross_value_added
A,CP_MEUR,M,B1G,PL,2018,26223.6 ,26223.6,,gross_value_added
A,CP_MEUR,M,B1G,PT,2018,7255.8 ,7255.8,,gross_value_added
A,CP_MEUR,M,B1G,RO,2018,9712.4 ,9712.4,,gross_value_added
A,CP_MEUR,M,B1G,SE,2018,32401.7 ,32401.7,,gross_value_added
A,CP_MEUR,M,B1G,SI,2018,2723.2 ,2723.2,,gross_value_added
A,CP_MEUR,M,B1G,SK,2018,5851.1 ,5851.1,,gross_value_added
A,CP_MEUR,M,B2A3N,AT,2018,4793.3 ,4793.3,,net_operating_surplus_mixed_income
A,CP_MEUR,M,B2A3N,BE,2018,24368.6 ,24368.6,,net_operating_surplus_mixed_income
A,CP_MEUR,M,B2A3N,BG,2018,535.5 ,535.5,,net_operating_surplus_mixed_income
A,CP_MEUR,M,B2A3N,CZ,2018,2908.1 ,2908.1,,net_operating_surplus_mixed_income
A,CP_MEUR,M,B2A3N,DE,2018,57236.0 ,57236.0,,net_operating_surplus_mixed_income
A,CP_MEUR,M,B2A3N,EE,2018,326.4 ,326.4,,net_operating_surplus_mixed_income
A,CP_MEUR,M,B2A3N,ES,2018,10677.0 ,10677.0,,net_operating_surplus_mixed_income
A,CP_MEUR,M,B2A3N,FI,2018,1982.0 ,1982.0,,net_operating_surplus_mixed_income
A,CP_MEUR,M,B2A3N,FR,2018,20807.2 ,20807.2,,net_operating_surplus_mixed_income
A,CP_MEUR,M,B2A3N,HU,2018,2537.2 ,2537.2,,net_operating_surplus_mixed_income
A,CP_MEUR,M,B2A3N,IT,2018,60969.6 ,60969.6,,net_operating_surplus_mixed_income
A,CP_MEUR,M,B2A3N,LV,2018,291.7 ,291.7,,net_operating_surplus_mixed_income
A,CP_MEUR,M,B2A3N,NL,2018,21583.0 ,21583.0,,net_operating_surplus_mixed_income
A,CP_MEUR,M,B2A3N,NO,2018,3238.6 ,3238.6,,net_operating_surplus_mixed_income
A,CP_MEUR,M,B2A3N,PL,2018,15240.2 ,15240.2,,net_operating_surplus_mixed_income
A,CP_MEUR,M,B2A3N,PT,2018,1505.7 ,1505.7,,net_operating_surplus_mixed_income
A,CP_MEUR,M,B2A3N,RO,2018,5448.2 ,5448.2,,net_operating_surplus_mixed_income
A,CP_MEUR,M,B2A3N,SE,2018,3602.1 ,3602.1,,net_operating_surplus_mixed_income
A,CP_MEUR,M,B2A3N,SI,2018,824.8 ,824.8,,net_operating_surplus_mixed_income
A,CP_MEUR,M,B2A3N,SK,2018,3515.6 ,3515.6,,net_operating_surplus_mixed_income
A,CP_MEUR,M,D1,AT,2018,10698.1 ,10698.1,,compensation
A,CP_MEUR,M,D1,BE,2018,12830.6 ,12830.6,,compensation
A,CP_MEUR,M,D1,BG,2018,1221.3 ,1221.3,,compensation
A,CP_MEUR,M,D1,CZ,2018,5344.1 ,5344.1,,compensation
A,CP_MEUR,M,D1,DE,2018,138773.0 ,138773.0,,compensation
A,CP_MEUR,M,D1,EE,2018,647.8 ,647.8,,compensation
A,CP_MEUR,M,D1,ES,2018,31162.0 ,31162.0,,compensation
A,CP_MEUR,M,D1,FI,2018,7256.0 ,7256.0,,compensation
A,CP_MEUR,M,D1,FR,2018,118523.3 ,118523.3,,compensation
A,CP_MEUR,M,D1,HU,2018,3660.1 ,3660.1,,compensation
A,CP_MEUR,M,D1,IT,2018,29684.9 ,29684.9,,compensation
A,CP_MEUR,M,D1,LV,2018,709.3 ,709.3,,compensation
A,CP_MEUR,M,D1,NL,2018,36899.0 ,36899.0,,compensation
A,CP_MEUR,M,D1,NO,2018,10212.0 ,10212.0,,compensation
A,CP_MEUR,M,D1,PL,2018,9262.7 ,9262.7,,compensation
A,CP_MEUR,M,D1,PT,2018,4641.9 ,4641.9,,compensation
A,CP_MEUR,M,D1,RO,2018,3519.9 ,3519.9,,compensation
A,CP_MEUR,M,D1,SE,2018,19859.1 ,19859.1,,compensation
A,CP_MEUR,M,D1,SI,2018,1501.8 ,1501.8,,compensation
A,CP_MEUR,M,D1,SK,2018,1973.6 ,1973.6,,compensation
A,CP_MEUR,M,P1,AT,2018,37036.1 ,37036.1,,output
A,CP_MEUR,M,P1,BE,2018,87788.8 ,87788.8,,output
A,CP_MEUR,M,P1,BG,2018,3889.0 ,3889.0,,output
A,CP_MEUR,M,P1,CZ,2018,22955.3 ,22955.3,,output
A,CP_MEUR,M,P1,DE,2018,390617.0 ,390617.0,,output
A,CP_MEUR,M,P1,EE,2018,2240.7 ,2240.7,,output
A,CP_MEUR,M,P1,ES,2018,98577.0 ,98577.0,,output
A,CP_MEUR,M,P1,FI,2018,18726.0 ,18726.0,,output
A,CP_MEUR,M,P1,FR,2018,329764.9 ,329764.9,,output
A,CP_MEUR,M,P1,HU,2018,11348.3 ,11348.3,,output
A,CP_MEUR,M,P1,IT,2018,180547.1 ,180547.1,,output
A,CP_MEUR,M,P1,LV,2018,1985.0 ,1985.0,,output
A,CP_MEUR,M,P1,NL,2018,128372.0 ,128372.0,,output
A,CP_MEUR,M,P1,NO,2018,27943.0 ,27943.0,,output
A,CP_MEUR,M,P1,PL,2018,46648.1 ,46648.1,,output
A,CP_MEUR,M,P1,PT,2018,14756.0 ,14756.0,,output
A,CP_MEUR,M,P1,RO,2018,19208.4 ,19208.4,,output
A,CP_MEUR,M,P1,SE,2018,59881.6 ,59881.6,,output
A,CP_MEUR,M,P1,SI,2018,5334.4 ,5334.4,,output
A,CP_MEUR,M,P1,SK,2018,10642.8 ,10642.8,,output
A,CP_MEUR,N,B1G,AT,2018,15386.3 ,15386.3,,gross_value_added
A,CP_MEUR,N,B1G,BE,2018,20892.6 ,20892.6,,gross_value_added
A,CP_MEUR,N,B1G,BG,2018,1267.0 ,1267.0,,gross_value_added
A,CP_MEUR,N,B1G,CZ,2018,3656.4 ,3656.4,,gross_value_added
A,CP_MEUR,N,B1G,DE,2018,155061.0 ,155061.0,,gross_value_added
A,CP_MEUR,N,B1G,EE,2018,896.6 ,896.6,,gross_value_added
A,CP_MEUR,N,B1G,ES,2018,44439.0 ,44439.0,,gross_value_added
A,CP_MEUR,N,B1G,FI,2018,7581.0 ,7581.0,,gross_value_added
A,CP_MEUR,N,B1G,FR,2018,121447.9 ,121447.9,,gross_value_added
A,CP_MEUR,N,B1G,HU,2018,4448.0 ,4448.0,,gross_value_added
A,CP_MEUR,N,B1G,IT,2018,58267.7 ,58267.7,,gross_value_added
A,CP_MEUR,N,B1G,LV,2018,801.6 ,801.6,,gross_value_added
A,CP_MEUR,N,B1G,NL,2018,53597.0 ,53597.0,,gross_value_added
A,CP_MEUR,N,B1G,NO,2018,9894.0 ,9894.0,,gross_value_added
A,CP_MEUR,N,B1G,PL,2018,12876.9 ,12876.9,,gross_value_added
A,CP_MEUR,N,B1G,PT,2018,7149.3 ,7149.3,,gross_value_added
A,CP_MEUR,N,B1G,RO,2018,5187.2 ,5187.2,,gross_value_added
A,CP_MEUR,N,B1G,SE,2018,15375.8 ,15375.8,,gross_value_added
A,CP_MEUR,N,B1G,SI,2018,1289.9 ,1289.9,,gross_value_added
A,CP_MEUR,N,B1G,SK,2018,3200.6 ,3200.6,,gross_value_added
A,CP_MEUR,N,B2A3N,AT,2018,1743.8 ,1743.8,,net_operating_surplus_mixed_income
A,CP_MEUR,N,B2A3N,BE,2018,2106.5 ,2106.5,,net_operating_surplus_mixed_income
A,CP_MEUR,N,B2A3N,BG,2018,176.4 ,176.4,,net_operating_surplus_mixed_income
A,CP_MEUR,N,B2A3N,CZ,2018,849.1 ,849.1,,net_operating_surplus_mixed_income
A,CP_MEUR,N,B2A3N,DE,2018,16833.0 ,16833.0,,net_operating_surplus_mixed_income
A,CP_MEUR,N,B2A3N,EE,2018,276.4 ,276.4,,net_operating_surplus_mixed_income
A,CP_MEUR,N,B2A3N,ES,2018,10301.0 ,10301.0,,net_operating_surplus_mixed_income
A,CP_MEUR,N,B2A3N,FI,2018,1179.0 ,1179.0,,net_operating_surplus_mixed_income
A,CP_MEUR,N,B2A3N,FR,2018,13720.4 ,13720.4,,net_operating_surplus_mixed_income
A,CP_MEUR,N,B2A3N,HU,2018,1053.6 ,1053.6,,net_operating_surplus_mixed_income
A,CP_MEUR,N,B2A3N,IT,2018,16452.4 ,16452.4,,net_operating_surplus_mixed_income
A,CP_MEUR,N,B2A3N,LV,2018,194.7 ,194.7,,net_operating_surplus_mixed_income
A,CP_MEUR,N,B2A3N,NL,2018,14695.0 ,14695.0,,net_operating_surplus_mixed_income
A,CP_MEUR,N,B2A3N,NO,2018,2332.1 ,2332.1,,net_operating_surplus_mixed_income
A,CP_MEUR,N,B2A3N,PL,2018,4898.7 ,4898.7,,net_operating_surplus_mixed_income
A,CP_MEUR,N,B2A3N,PT,2018,1452.1 ,1452.1,,net_operating_surplus_mixed_income
A,CP_MEUR,N,B2A3N,RO,2018,1528.6 ,1528.6,,net_operating_surplus_mixed_income
A,CP_MEUR,N,B2A3N,SE,2018,1100.3 ,1100.3,,net_operating_surplus_mixed_income
A,CP_MEUR,N,B2A3N,SI,2018,137.9 ,137.9,,net_operating_surplus_mixed_income
A,CP_MEUR,N,B2A3N,SK,2018,1747.4 ,1747.4,,net_operating_surplus_mixed_income
A,CP_MEUR,N,D1,AT,2018,8521.4 ,8521.4,,compensation
A,CP_MEUR,N,D1,BE,2018,15845.7 ,15845.7,,compensation
A,CP_MEUR,N,D1,BG,2018,854.1 ,854.1,,compensation
A,CP_MEUR,N,D1,CZ,2018,2128.7 ,2128.7,,compensation
A,CP_MEUR,N,D1,DE,2018,88701.0 ,88701.0,,compensation
A,CP_MEUR,N,D1,EE,2018,499.8 ,499.8,,compensation
A,CP_MEUR,N,D1,ES,2018,29093.0 ,29093.0,,compensation
A,CP_MEUR,N,D1,FI,2018,5758.0 ,5758.0,,compensation
A,CP_MEUR,N,D1,FR,2018,85771.4 ,85771.4,,compensation
A,CP_MEUR,N,D1,HU,2018,2821.9 ,2821.9,,compensation
A,CP_MEUR,N,D1,IT,2018,33973.6 ,33973.6,,compensation
A,CP_MEUR,N,D1,LV,2018,472.6 ,472.6,,compensation
A,CP_MEUR,N,D1,NL,2018,31770.0 ,31770.0,,compensation
A,CP_MEUR,N,D1,NO,2018,6440.9 ,6440.9,,compensation
A,CP_MEUR,N,D1,PL,2018,7298.6 ,7298.6,,compensation
A,CP_MEUR,N,D1,PT,2018,4709.6 ,4709.6,,compensation
A,CP_MEUR,N,D1,RO,2018,2957.3 ,2957.3,,compensation
A,CP_MEUR,N,D1,SE,2018,11149.9 ,11149.9,,compensation
A,CP_MEUR,N,D1,SI,2018,1049.9 ,1049.9,,compensation
A,CP_MEUR,N,D1,SK,2018,1227.8 ,1227.8,,compensation
A,CP_MEUR,N,P1,AT,2018,23396.7 ,23396.7,,output
A,CP_MEUR,N,P1,BE,2018,41523.5 ,41523.5,,output
A,CP_MEUR,N,P1,BG,2018,2697.7 ,2697.7,,output
A,CP_MEUR,N,P1,CZ,2018,11116.9 ,11116.9,,output
A,CP_MEUR,N,P1,DE,2018,269128.0 ,269128.0,,output
A,CP_MEUR,N,P1,EE,2018,1606.9 ,1606.9,,output
A,CP_MEUR,N,P1,ES,2018,81787.0 ,81787.0,,output
A,CP_MEUR,N,P1,FI,2018,12820.0 ,12820.0,,output
A,CP_MEUR,N,P1,FR,2018,223145.6 ,223145.6,,output
A,CP_MEUR,N,P1,HU,2018,7602.2 ,7602.2,,output
A,CP_MEUR,N,P1,IT,2018,122242.8 ,122242.8,,output
A,CP_MEUR,N,P1,LV,2018,1550.8 ,1550.8,,output
A,CP_MEUR,N,P1,NL,2018,90128.0 ,90128.0,,output
A,CP_MEUR,N,P1,NO,2018,18926.3 ,18926.3,,output
A,CP_MEUR,N,P1,PL,2018,26221.3 ,26221.3,,output
A,CP_MEUR,N,P1,PT,2018,11405.5 ,11405.5,,output
A,CP_MEUR,N,P1,RO,2018,9268.1 ,9268.1,,output
A,CP_MEUR,N,P1,SE,2018,28883.7 ,28883.7,,output
A,CP_MEUR,N,P1,SI,2018,2238.9 ,2238.9,,output
A,CP_MEUR,N,P1,SK,2018,6589.6 ,6589.6,,output
A,CP_MEUR,B,B1G,AT,2019,1059.3 ,1059.3,,gross_value_added
A,CP_MEUR,B,B1G,BE,2019,284.7 ,284.7,,gross_value_added
A,CP_MEUR,B,B1G,BG,2019,710.9 ,710.9,,gross_value_added
A,CP_MEUR,B,B1G,CZ,2019,1172.5 ,1172.5,,gross_value_added
A,CP_MEUR,B,B1G,DE,2019,4619.0 ,4619.0,,gross_value_added
A,CP_MEUR,B,B1G,EE,2019,220.5 ,220.5,,gross_value_added
A,CP_MEUR,B,B1G,ES,2019,3160.0 ,3160.0,,gross_value_added
A,CP_MEUR,B,B1G,FI,2019,819.0 ,819.0,,gross_value_added
A,CP_MEUR,B,B1G,FR,2019,2120.9 ,2120.9,,gross_value_added
A,CP_MEUR,B,B1G,HU,2019,452.0 ,452.0,,gross_value_added
A,CP_MEUR,B,B1G,IT,2019,3695.6 ,3695.6,,gross_value_added
A,CP_MEUR,B,B1G,LV,2019,127.3 ,127.3,,gross_value_added
A,CP_MEUR,B,B1G,NL,2019,5927.0 ,5927.0,,gross_value_added
A,CP_MEUR,B,B1G,NO,2019,54647.5 ,54647.5,,gross_value_added
A,CP_MEUR,B,B1G,PL,2019,7643.6 ,7643.6,,gross_value_added
A,CP_MEUR,B,B1G,PT,2019,561.6 ,561.6,,gross_value_added
A,CP_MEUR,B,B1G,RO,2019,2015.1 ,2015.1,,gross_value_added
A,CP_MEUR,B,B1G,SE,2019,3361.9 ,3361.9,,gross_value_added
A,CP_MEUR,B,B1G,SI,2019,138.5 ,138.5,,gross_value_added
A,CP_MEUR,B,B1G,SK,2019,171.9 ,171.9,,gross_value_added
A,CP_MEUR,B,B2A3N,AT,2019,365.1 ,365.1,,net_operating_surplus_mixed_income
A,CP_MEUR,B,B2A3N,BE,2019,4.5 ,4.5,,net_operating_surplus_mixed_income
A,CP_MEUR,B,B2A3N,BG,2019,243.0 ,243.0,,net_operating_surplus_mixed_income
A,CP_MEUR,B,B2A3N,CZ,2019,-27.4 ,-27.4,,net_operating_surplus_mixed_income
A,CP_MEUR,B,B2A3N,DE,2019,1252.0 ,1252.0,,net_operating_surplus_mixed_income
A,CP_MEUR,B,B2A3N,EE,2019,63.4 ,63.4,,net_operating_surplus_mixed_income
A,CP_MEUR,B,B2A3N,ES,2019,1594.0 ,1594.0,,net_operating_surplus_mixed_income
A,CP_MEUR,B,B2A3N,FI,2019,139.0 ,139.0,,net_operating_surplus_mixed_income
A,CP_MEUR,B,B2A3N,FR,2019,-366.0 ,-366.0,,net_operating_surplus_mixed_income
A,CP_MEUR,B,B2A3N,HU,2019,264.5 ,264.5,,net_operating_surplus_mixed_income
A,CP_MEUR,B,B2A3N,IT,2019,-336.4 ,-336.4,,net_operating_surplus_mixed_income
A,CP_MEUR,B,B2A3N,LV,2019,45.9 ,45.9,,net_operating_surplus_mixed_income
A,CP_MEUR,B,B2A3N,NL,2019,2726.0 ,2726.0,,net_operating_surplus_mixed_income
A,CP_MEUR,B,B2A3N,NO,2019,30591.3 ,30591.3,,net_operating_surplus_mixed_income
A,CP_MEUR,B,B2A3N,PL,2019,1619.5 ,1619.5,,net_operating_surplus_mixed_income
A,CP_MEUR,B,B2A3N,PT,2019,148.8 ,148.8,,net_operating_surplus_mixed_income
A,CP_MEUR,B,B2A3N,RO,2019,-578.0 ,-578.0,,net_operating_surplus_mixed_income
A,CP_MEUR,B,B2A3N,SE,2019,1736.2 ,1736.2,,net_operating_surplus_mixed_income
A,CP_MEUR,B,B2A3N,SI,2019,3.8 ,3.8,,net_operating_surplus_mixed_income
A,CP_MEUR,B,B2A3N,SK,2019,9.3 ,9.3,,net_operating_surplus_mixed_income
A,CP_MEUR,B,D1,AT,2019,394.0 ,394.0,,compensation
A,CP_MEUR,B,D1,BE,2019,184.9 ,184.9,,compensation
A,CP_MEUR,B,D1,BG,2019,312.1 ,312.1,,compensation
A,CP_MEUR,B,D1,CZ,2019,668.9 ,668.9,,compensation
A,CP_MEUR,B,D1,DE,2019,3044.0 ,3044.0,,compensation
A,CP_MEUR,B,D1,EE,2019,104.1 ,104.1,,compensation
A,CP_MEUR,B,D1,ES,2019,841.0 ,841.0,,compensation
A,CP_MEUR,B,D1,FI,2019,369.0 ,369.0,,compensation
A,CP_MEUR,B,D1,FR,2019,1092.9 ,1092.9,,compensation
A,CP_MEUR,B,D1,HU,2019,96.1 ,96.1,,compensation
A,CP_MEUR,B,D1,IT,2019,1243.3 ,1243.3,,compensation
A,CP_MEUR,B,D1,LV,2019,54.9 ,54.9,,compensation
A,CP_MEUR,B,D1,NL,2019,935.0 ,935.0,,compensation
A,CP_MEUR,B,D1,NO,2019,8038.4 ,8038.4,,compensation
A,CP_MEUR,B,D1,PL,2019,4251.0 ,4251.0,,compensation
A,CP_MEUR,B,D1,PT,2019,251.0 ,251.0,,compensation
A,CP_MEUR,B,D1,RO,2019,904.0 ,904.0,,compensation
A,CP_MEUR,B,D1,SE,2019,579.6 ,579.6,,compensation
A,CP_MEUR,B,D1,SI,2019,93.0 ,93.0,,compensation
A,CP_MEUR,B,D1,SK,2019,113.0 ,113.0,,compensation
A,CP_MEUR,B,P1,AT,2019,2304.8 ,2304.8,,output
A,CP_MEUR,B,P1,BE,2019,773.1 ,773.1,,output
A,CP_MEUR,B,P1,BG,2019,1350.3 ,1350.3,,output
A,CP_MEUR,B,P1,CZ,2019,2497.0 ,2497.0,,output
A,CP_MEUR,B,P1,DE,2019,10184.0 ,10184.0,,output
A,CP_MEUR,B,P1,EE,2019,420.2 ,420.2,,output
A,CP_MEUR,B,P1,ES,2019,5963.0 ,5963.0,,output
A,CP_MEUR,B,P1,FI,2019,2417.0 ,2417.0,,output
A,CP_MEUR,B,P1,FR,2019,5665.7 ,5665.7,,output
A,CP_MEUR,B,P1,HU,2019,795.3 ,795.3,,output
A,CP_MEUR,B,P1,IT,2019,8634.0 ,8634.0,,output
A,CP_MEUR,B,P1,LV,2019,295.2 ,295.2,,output
A,CP_MEUR,B,P1,NL,2019,9583.0 ,9583.0,,output
A,CP_MEUR,B,P1,NO,2019,69294.5 ,69294.5,,output
A,CP_MEUR,B,P1,PL,2019,13404.9 ,13404.9,,output
A,CP_MEUR,B,P1,PT,2019,1308.2 ,1308.2,,output
A,CP_MEUR,B,P1,RO,2019,3740.1 ,3740.1,,output
A,CP_MEUR,B,P1,SE,2019,5914.1 ,5914.1,,output
A,CP_MEUR,B,P1,SI,2019,309.5 ,309.5,,output
A,CP_MEUR,B,P1,SK,2019,410.8 ,410.8,,output
A,CP_MEUR,C,B1G,AT,2019,67674.9 ,67674.9,,gross_value_added
A,CP_MEUR,C,B1G,BE,2019,59514.7 ,59514.7,,gross_value_added
A,CP_MEUR,C,B1G,BG,2019,8157.6 ,8157.6,,gross_value_added
A,CP_MEUR,C,B1G,CZ,2019,50760.1 ,50760.1,,gross_value_added
A,CP_MEUR,C,B1G,DE,2019,683172.0 ,683172.0,,gross_value_added
A,CP_MEUR,C,B1G,EE,2019,3667.3 ,3667.3,,gross_value_added
A,CP_MEUR,C,B1G,ES,2019,134106.0 ,134106.0,,gross_value_added
A,CP_MEUR,C,B1G,FI,2019,35091.0 ,35091.0,,gross_value_added
A,CP_MEUR,C,B1G,FR,2019,241054.8 ,241054.8,,gross_value_added
A,CP_MEUR,C,B1G,HU,2019,25534.1 ,25534.1,,gross_value_added
A,CP_MEUR,C,B1G,IT,2019,266256.2 ,266256.2,,gross_value_added
A,CP_MEUR,C,B1G,LV,2019,3259.0 ,3259.0,,gross_value_added
A,CP_MEUR,C,B1G,NL,2019,86468.0 ,86468.0,,gross_value_added
A,CP_MEUR,C,B1G,NO,2019,23287.5 ,23287.5,,gross_value_added
A,CP_MEUR,C,B1G,PL,2019,89709.4 ,89709.4,,gross_value_added
A,CP_MEUR,C,B1G,PT,2019,25605.3 ,25605.3,,gross_value_added
A,CP_MEUR,C,B1G,RO,2019,38509.9 ,38509.9,,gross_value_added
A,CP_MEUR,C,B1G,SE,2019,62522.0 ,62522.0,,gross_value_added
A,CP_MEUR,C,B1G,SI,2019,9907.9 ,9907.9,,gross_value_added
A,CP_MEUR,C,B1G,SK,2019,17682.3 ,17682.3,,gross_value_added
A,CP_MEUR,C,B2A3N,AT,2019,14596.0 ,14596.0,,net_operating_surplus_mixed_income
A,CP_MEUR,C,B2A3N,BE,2019,12827.2 ,12827.2,,net_operating_surplus_mixed_income
A,CP_MEUR,C,B2A3N,BG,2019,1829.0 ,1829.0,,net_operating_surplus_mixed_income
A,CP_MEUR,C,B2A3N,CZ,2019,13486.6 ,13486.6,,net_operating_surplus_mixed_income
A,CP_MEUR,C,B2A3N,DE,2019,105186.0 ,105186.0,,net_operating_surplus_mixed_income
A,CP_MEUR,C,B2A3N,EE,2019,676.9 ,676.9,,net_operating_surplus_mixed_income
A,CP_MEUR,C,B2A3N,ES,2019,35323.0 ,35323.0,,net_operating_surplus_mixed_income
A,CP_MEUR,C,B2A3N,FI,2019,9249.0 ,9249.0,,net_operating_surplus_mixed_income
A,CP_MEUR,C,B2A3N,FR,2019,36879.8 ,36879.8,,net_operating_surplus_mixed_income
A,CP_MEUR,C,B2A3N,HU,2019,6036.0 ,6036.0,,net_operating_surplus_mixed_income
A,CP_MEUR,C,B2A3N,IT,2019,49266.8 ,49266.8,,net_operating_surplus_mixed_income
A,CP_MEUR,C,B2A3N,LV,2019,783.2 ,783.2,,net_operating_surplus_mixed_income
A,CP_MEUR,C,B2A3N,NL,2019,28855.0 ,28855.0,,net_operating_surplus_mixed_income
A,CP_MEUR,C,B2A3N,NO,2019,3008.5 ,3008.5,,net_operating_surplus_mixed_income
A,CP_MEUR,C,B2A3N,PL,2019,28659.5 ,28659.5,,net_operating_surplus_mixed_income
A,CP_MEUR,C,B2A3N,PT,2019,6532.1 ,6532.1,,net_operating_surplus_mixed_income
A,CP_MEUR,C,B2A3N,RO,2019,13638.6 ,13638.6,,net_operating_surplus_mixed_income
A,CP_MEUR,C,B2A3N,SE,2019,13529.3 ,13529.3,,net_operating_surplus_mixed_income
A,CP_MEUR,C,B2A3N,SI,2019,1948.7 ,1948.7,,net_operating_surplus_mixed_income
A,CP_MEUR,C,B2A3N,SK,2019,4061.6 ,4061.6,,net_operating_surplus_mixed_income
A,CP_MEUR,C,D1,AT,2019,37846.0 ,37846.0,,compensation
A,CP_MEUR,C,D1,BE,2019,33530.9 ,33530.9,,compensation
A,CP_MEUR,C,D1,BG,2019,4564.0 ,4564.0,,compensation
A,CP_MEUR,C,D1,CZ,2019,27164.0 ,27164.0,,compensation
A,CP_MEUR,C,D1,DE,2019,455041.0 ,455041.0,,compensation
A,CP_MEUR,C,D1,EE,2019,2385.0 ,2385.0,,compensation
A,CP_MEUR,C,D1,ES,2019,74301.0 ,74301.0,,compensation
A,CP_MEUR,C,D1,FI,2019,17799.0 ,17799.0,,compensation
A,CP_MEUR,C,D1,FR,2019,142273.6 ,142273.6,,compensation
A,CP_MEUR,C,D1,HU,2019,13469.0 ,13469.0,,compensation
A,CP_MEUR,C,D1,IT,2019,149436.3 ,149436.3,,compensation
A,CP_MEUR,C,D1,LV,2019,1885.0 ,1885.0,,compensation
A,CP_MEUR,C,D1,NL,2019,43136.0 ,43136.0,,compensation
A,CP_MEUR,C,D1,NO,2019,15857.2 ,15857.2,,compensation
A,CP_MEUR,C,D1,PL,2019,46064.3 ,46064.3,,compensation
A,CP_MEUR,C,D1,PT,2019,14267.7 ,14267.7,,compensation
A,CP_MEUR,C,D1,RO,2019,15909.2 ,15909.2,,compensation
A,CP_MEUR,C,D1,SE,2019,29038.4 ,29038.4,,compensation
A,CP_MEUR,C,D1,SI,2019,5942.6 ,5942.6,,compensation
A,CP_MEUR,C,D1,SK,2019,9752.2 ,9752.2,,compensation
A,CP_MEUR,C,P1,AT,2019,202702.7 ,202702.7,,output
A,CP_MEUR,C,P1,BE,2019,238306.3 ,238306.3,,output
A,CP_MEUR,C,P1,BG,2019,34958.6 ,34958.6,,output
A,CP_MEUR,C,P1,CZ,2019,185933.8 ,185933.8,,output
A,CP_MEUR,C,P1,DE,2019,1968918.0 ,1968918.0,,output
A,CP_MEUR,C,P1,EE,2019,13460.1 ,13460.1,,output
A,CP_MEUR,C,P1,ES,2019,533626.0 ,533626.0,,output
A,CP_MEUR,C,P1,FI,2019,123934.0 ,123934.0,,output
A,CP_MEUR,C,P1,FR,2019,841287.7 ,841287.7,,output
A,CP_MEUR,C,P1,HU,2019,107483.3 ,107483.3,,output
A,CP_MEUR,C,P1,IT,2019,991213.9 ,991213.9,,output
A,CP_MEUR,C,P1,LV,2019,9826.6 ,9826.6,,output
A,CP_MEUR,C,P1,NL,2019,354148.0 ,354148.0,,output
A,CP_MEUR,C,P1,NO,2019,89341.3 ,89341.3,,output
A,CP_MEUR,C,P1,PL,2019,339634.9 ,339634.9,,output
A,CP_MEUR,C,P1,PT,2019,97055.1 ,97055.1,,output
A,CP_MEUR,C,P1,RO,2019,111719.4 ,111719.4,,output
A,CP_MEUR,C,P1,SE,2019,199157.7 ,199157.7,,output
A,CP_MEUR,C,P1,SI,2019,29921.6 ,29921.6,,output
A,CP_MEUR,C,P1,SK,2019,80988.4 ,80988.4,,output
A,CP_MEUR,D,B1G,AT,2019,5758.4 ,5758.4,,gross_value_added
A,CP_MEUR,D,B1G,BE,2019,6160.3 ,6160.3,,gross_value_added
A,CP_MEUR,D,B1G,BG,2019,1466.7 ,1466.7,,gross_value_added
A,CP_MEUR,D,B1G,CZ,2019,5531.6 ,5531.6,,gross_value_added
A,CP_MEUR,D,B1G,DE,2019,38546.0 ,38546.0,,gross_value_added
A,CP_MEUR,D,B1G,EE,2019,572.9 ,572.9,,gross_value_added
A,CP_MEUR,D,B1G,ES,2019,27005.0 ,27005.0,,gross_value_added
A,CP_MEUR,D,B1G,FI,2019,4936.0 ,4936.0,,gross_value_added
A,CP_MEUR,D,B1G,FR,2019,31331.6 ,31331.6,,gross_value_added
A,CP_MEUR,D,B1G,HU,2019,2129.7 ,2129.7,,gross_value_added
A,CP_MEUR,D,B1G,IT,2019,22120.8 ,22120.8,,gross_value_added
A,CP_MEUR,D,B1G,LV,2019,445.4 ,445.4,,gross_value_added
A,CP_MEUR,D,B1G,NL,2019,9129.0 ,9129.0,,gross_value_added
A,CP_MEUR,D,B1G,NO,2019,7921.8 ,7921.8,,gross_value_added
A,CP_MEUR,D,B1G,PL,2019,12468.6 ,12468.6,,gross_value_added
A,CP_MEUR,D,B1G,PT,2019,4426.8 ,4426.8,,gross_value_added
A,CP_MEUR,D,B1G,RO,2019,5528.0 ,5528.0,,gross_value_added
A,CP_MEUR,D,B1G,SE,2019,10297.4 ,10297.4,,gross_value_added
A,CP_MEUR,D,B1G,SI,2019,863.7 ,863.7,,gross_value_added
A,CP_MEUR,D,B1G,SK,2019,2612.4 ,2612.4,,gross_value_added
A,CP_MEUR,D,B2A3N,AT,2019,858.5 ,858.5,,net_operating_surplus_mixed_income
A,CP_MEUR,D,B2A3N,BE,2019,1608.0 ,1608.0,,net_operating_surplus_mixed_income
A,CP_MEUR,D,B2A3N,BG,2019,1324.6 ,1324.6,,net_operating_surplus_mixed_income
A,CP_MEUR,D,B2A3N,CZ,2019,1431.4 ,1431.4,,net_operating_surplus_mixed_income
A,CP_MEUR,D,B2A3N,DE,2019,30463.0 ,30463.0,,net_operating_surplus_mixed_income
A,CP_MEUR,D,B2A3N,EE,2019,110.0 ,110.0,,net_operating_surplus_mixed_income
A,CP_MEUR,D,B2A3N,ES,2019,13966.0 ,13966.0,,net_operating_surplus_mixed_income
A,CP_MEUR,D,B2A3N,FI,2019,2139.0 ,2139.0,,net_operating_surplus_mixed_income
A,CP_MEUR,D,B2A3N,FR,2019,9971.6 ,9971.6,,net_operating_surplus_mixed_income
A,CP_MEUR,D,B2A3N,HU,2019,412.7 ,412.7,,net_operating_surplus_mixed_income
A,CP_MEUR,D,B2A3N,IT,2019,6043.9 ,6043.9,,net_operating_surplus_mixed_income
A,CP_MEUR,D,B2A3N,LV,2019,26.1 ,26.1,,net_operating_surplus_mixed_income
A,CP_MEUR,D,B2A3N,NL,2019,2026.0 ,2026.0,,net_operating_surplus_mixed_income
A,CP_MEUR,D,B2A3N,NO,2019,3949.2 ,3949.2,,net_operating_surplus_mixed_income
A,CP_MEUR,D,B2A3N,PL,2019,1182.1 ,1182.1,,net_operating_surplus_mixed_income
A,CP_MEUR,D,B2A3N,PT,2019,2377.9 ,2377.9,,net_operating_surplus_mixed_income
A,CP_MEUR,D,B2A3N,RO,2019,2818.4 ,2818.4,,net_operating_surplus_mixed_income
A,CP_MEUR,D,B2A3N,SE,2019,4583.8 ,4583.8,,net_operating_surplus_mixed_income
A,CP_MEUR,D,B2A3N,SI,2019,99.8 ,99.8,,net_operating_surplus_mixed_income
A,CP_MEUR,D,B2A3N,SK,2019,194.5 ,194.5,,net_operating_surplus_mixed_income
A,CP_MEUR,D,D1,AT,2019,2397.3 ,2397.3,,compensation
A,CP_MEUR,D,D1,BE,2019,2002.6 ,2002.6,,compensation
A,CP_MEUR,D,D1,BG,2019,625.0 ,625.0,,compensation
A,CP_MEUR,D,D1,CZ,2019,1241.3 ,1241.3,,compensation
A,CP_MEUR,D,D1,DE,2019,21429.0 ,21429.0,,compensation
A,CP_MEUR,D,D1,EE,2019,162.5 ,162.5,,compensation
A,CP_MEUR,D,D1,ES,2019,2902.0 ,2902.0,,compensation
A,CP_MEUR,D,D1,FI,2019,868.0 ,868.0,,compensation
A,CP_MEUR,D,D1,FR,2019,12516.9 ,12516.9,,compensation
A,CP_MEUR,D,D1,HU,2019,754.4 ,754.4,,compensation
A,CP_MEUR,D,D1,IT,2019,5041.9 ,5041.9,,compensation
A,CP_MEUR,D,D1,LV,2019,224.4 ,224.4,,compensation
A,CP_MEUR,D,D1,NL,2019,2238.0 ,2238.0,,compensation
A,CP_MEUR,D,D1,NO,2019,1675.5 ,1675.5,,compensation
A,CP_MEUR,D,D1,PL,2019,3503.1 ,3503.1,,compensation
A,CP_MEUR,D,D1,PT,2019,466.6 ,466.6,,compensation
A,CP_MEUR,D,D1,RO,2019,1370.0 ,1370.0,,compensation
A,CP_MEUR,D,D1,SE,2019,1919.5 ,1919.5,,compensation
A,CP_MEUR,D,D1,SI,2019,339.7 ,339.7,,compensation
A,CP_MEUR,D,D1,SK,2019,561.2 ,561.2,,compensation
A,CP_MEUR,D,P1,AT,2019,31404.1 ,31404.1,,output
A,CP_MEUR,D,P1,BE,2019,13729.0 ,13729.0,,output
A,CP_MEUR,D,P1,BG,2019,3674.3 ,3674.3,,output
A,CP_MEUR,D,P1,CZ,2019,14935.3 ,14935.3,,output
A,CP_MEUR,D,P1,DE,2019,134829.0 ,134829.0,,output
A,CP_MEUR,D,P1,EE,2019,1400.2 ,1400.2,,output
A,CP_MEUR,D,P1,ES,2019,64603.0 ,64603.0,,output
A,CP_MEUR,D,P1,FI,2019,9669.0 ,9669.0,,output
A,CP_MEUR,D,P1,FR,2019,120844.9 ,120844.9,,output
A,CP_MEUR,D,P1,HU,2019,4970.2 ,4970.2,,output
A,CP_MEUR,D,P1,IT,2019,81776.5 ,81776.5,,output
A,CP_MEUR,D,P1,LV,2019,1994.6 ,1994.6,,output
A,CP_MEUR,D,P1,NL,2019,18465.0 ,18465.0,,output
A,CP_MEUR,D,P1,NO,2019,9919.0 ,9919.0,,output
A,CP_MEUR,D,P1,PL,2019,26501.8 ,26501.8,,output
A,CP_MEUR,D,P1,PT,2019,15646.5 ,15646.5,,output
A,CP_MEUR,D,P1,RO,2019,15500.7 ,15500.7,,output
A,CP_MEUR,D,P1,SE,2019,19025.4 ,19025.4,,output
A,CP_MEUR,D,P1,SI,2019,1841.2 ,1841.2,,output
A,CP_MEUR,D,P1,SK,2019,10800.3 ,10800.3,,output
A,CP_MEUR,E,B1G,AT,2019,3606.7 ,3606.7,,gross_value_added
A,CP_MEUR,E,B1G,BE,2019,4046.1 ,4046.1,,gross_value_added
A,CP_MEUR,E,B1G,BG,2019,565.2 ,565.2,,gross_value_added
A,CP_MEUR,E,B1G,CZ,2019,1948.8 ,1948.8,,gross_value_added
A,CP_MEUR,E,B1G,DE,2019,33880.0 ,33880.0,,gross_value_added
A,CP_MEUR,E,B1G,EE,2019,199.6 ,199.6,,gross_value_added
A,CP_MEUR,E,B1G,ES,2019,12420.0 ,12420.0,,gross_value_added
A,CP_MEUR,E,B1G,FI,2019,1782.0 ,1782.0,,gross_value_added
A,CP_MEUR,E,B1G,FR,2019,13585.8 ,13585.8,,gross_value_added
A,CP_MEUR,E,B1G,HU,2019,1010.2 ,1010.2,,gross_value_added
A,CP_MEUR,E,B1G,IT,2019,16886.4 ,16886.4,,gross_value_added
A,CP_MEUR,E,B1G,LV,2019,229.7 ,229.7,,gross_value_added
A,CP_MEUR,E,B1G,NL,2019,4225.0 ,4225.0,,gross_value_added
A,CP_MEUR,E,B1G,NO,2019,2268.5 ,2268.5,,gross_value_added
A,CP_MEUR,E,B1G,PL,2019,5883.7 ,5883.7,,gross_value_added
A,CP_MEUR,E,B1G,PT,2019,1763.4 ,1763.4,,gross_value_added
A,CP_MEUR,E,B1G,RO,2019,1824.5 ,1824.5,,gross_value_added
A,CP_MEUR,E,B1G,SE,2019,2433.0 ,2433.0,,gross_value_added
A,CP_MEUR,E,B1G,SI,2019,365.6 ,365.6,,gross_value_added
A,CP_MEUR,E,B1G,SK,2019,857.8 ,857.8,,gross_value_added
A,CP_MEUR,E,B2A3N,AT,2019,856.6 ,856.6,,net_operating_surplus_mixed_income
A,CP_MEUR,E,B2A3N,BE,2019,419.3 ,419.3,,net_operating_surplus_mixed_income
A,CP_MEUR,E,B2A3N,BG,2019,86.5 ,86.5,,net_operating_surplus_mixed_income
A,CP_MEUR,E,B2A3N,CZ,2019,165.1 ,165.1,,net_operating_surplus_mixed_income
A,CP_MEUR,E,B2A3N,DE,2019,4324.0 ,4324.0,,net_operating_surplus_mixed_income
A,CP_MEUR,E,B2A3N,EE,2019,29.3 ,29.3,,net_operating_surplus_mixed_income
A,CP_MEUR,E,B2A3N,ES,2019,1472.0 ,1472.0,,net_operating_surplus_mixed_income
A,CP_MEUR,E,B2A3N,FI,2019,523.0 ,523.0,,net_operating_surplus_mixed_income
A,CP_MEUR,E,B2A3N,FR,2019,190.7 ,190.7,,net_operating_surplus_mixed_income
A,CP_MEUR,E,B2A3N,HU,2019,-231.7 ,-231.7,,net_operating_surplus_mixed_income
A,CP_MEUR,E,B2A3N,IT,2019,1308.7 ,1308.7,,net_operating_surplus_mixed_income
A,CP_MEUR,E,B2A3N,LV,2019,-18.7 ,-18.7,,net_operating_surplus_mixed_income
A,CP_MEUR,E,B2A3N,NL,2019,712.0 ,712.0,,net_operating_surplus_mixed_income
A,CP_MEUR,E,B2A3N,NO,2019,103.8 ,103.8,,net_operating_surplus_mixed_income
A,CP_MEUR,E,B2A3N,PL,2019,1273.7 ,1273.7,,net_operating_surplus_mixed_income
A,CP_MEUR,E,B2A3N,PT,2019,378.8 ,378.8,,net_operating_surplus_mixed_income
A,CP_MEUR,E,B2A3N,RO,2019,155.3 ,155.3,,net_operating_surplus_mixed_income
A,CP_MEUR,E,B2A3N,SE,2019,-294.9 ,-294.9,,net_operating_surplus_mixed_income
A,CP_MEUR,E,B2A3N,SI,2019,-64.5 ,-64.5,,net_operating_surplus_mixed_income
A,CP_MEUR,E,B2A3N,SK,2019,-135.8 ,-135.8,,net_operating_surplus_mixed_income
A,CP_MEUR,E,D1,AT,2019,1276.1 ,1276.1,,compensation
A,CP_MEUR,E,D1,BE,2019,2196.5 ,2196.5,,compensation
A,CP_MEUR,E,D1,BG,2019,299.8 ,299.8,,compensation
A,CP_MEUR,E,D1,CZ,2019,1124.1 ,1124.1,,compensation
A,CP_MEUR,E,D1,DE,2019,14342.0 ,14342.0,,compensation
A,CP_MEUR,E,D1,EE,2019,77.3 ,77.3,,compensation
A,CP_MEUR,E,D1,ES,2019,7621.0 ,7621.0,,compensation
A,CP_MEUR,E,D1,FI,2019,651.0 ,651.0,,compensation
A,CP_MEUR,E,D1,FR,2019,6835.7 ,6835.7,,compensation
A,CP_MEUR,E,D1,HU,2019,746.9 ,746.9,,compensation
A,CP_MEUR,E,D1,IT,2019,9536.9 ,9536.9,,compensation
A,CP_MEUR,E,D1,LV,2019,125.5 ,125.5,,compensation
A,CP_MEUR,E,D1,NL,2019,2158.0 ,2158.0,,compensation
A,CP_MEUR,E,D1,NO,2019,1195.7 ,1195.7,,compensation
A,CP_MEUR,E,D1,PL,2019,2640.8 ,2640.8,,compensation
A,CP_MEUR,E,D1,PT,2019,881.6 ,881.6,,compensation
A,CP_MEUR,E,D1,RO,2019,1046.3 ,1046.3,,compensation
A,CP_MEUR,E,D1,SE,2019,1321.3 ,1321.3,,compensation
A,CP_MEUR,E,D1,SI,2019,285.6 ,285.6,,compensation
A,CP_MEUR,E,D1,SK,2019,439.3 ,439.3,,compensation
A,CP_MEUR,E,P1,AT,2019,8446.5 ,8446.5,,output
A,CP_MEUR,E,P1,BE,2019,11893.5 ,11893.5,,output
A,CP_MEUR,E,P1,BG,2019,1098.1 ,1098.1,,output
A,CP_MEUR,E,P1,CZ,2019,5280.9 ,5280.9,,output
A,CP_MEUR,E,P1,DE,2019,75364.0 ,75364.0,,output
A,CP_MEUR,E,P1,EE,2019,598.3 ,598.3,,output
A,CP_MEUR,E,P1,ES,2019,31399.0 ,31399.0,,output
A,CP_MEUR,E,P1,FI,2019,3996.0 ,3996.0,,output
A,CP_MEUR,E,P1,FR,2019,39667.7 ,39667.7,,output
A,CP_MEUR,E,P1,HU,2019,2371.0 ,2371.0,,output
A,CP_MEUR,E,P1,IT,2019,45311.0 ,45311.0,,output
A,CP_MEUR,E,P1,LV,2019,489.7 ,489.7,,output
A,CP_MEUR,E,P1,NL,2019,11604.0 ,11604.0,,output
A,CP_MEUR,E,P1,NO,2019,6215.0 ,6215.0,,output
A,CP_MEUR,E,P1,PL,2019,12169.6 ,12169.6,,output
A,CP_MEUR,E,P1,PT,2019,4484.4 ,4484.4,,output
A,CP_MEUR,E,P1,RO,2019,4078.2 ,4078.2,,output
A,CP_MEUR,E,P1,SE,2019,7687.4 ,7687.4,,output
A,CP_MEUR,E,P1,SI,2019,1256.6 ,1256.6,,output
A,CP_MEUR,E,P1,SK,2019,1610.2 ,1610.2,,output
A,CP_MEUR,F,B1G,AT,2019,22949.8 ,22949.8,,gross_value_added
A,CP_MEUR,F,B1G,BE,2019,22247.6 ,22247.6,,gross_value_added
A,CP_MEUR,F,B1G,BG,2019,2294.7 ,2294.7,,gross_value_added
A,CP_MEUR,F,B1G,CZ,2019,11284.0 ,11284.0,,gross_value_added
A,CP_MEUR,F,B1G,DE,2019,143453.0 ,143453.0,,gross_value_added
A,CP_MEUR,F,B1G,EE,2019,1692.7 ,1692.7,,gross_value_added
A,CP_MEUR,F,B1G,ES,2019,73774.0 ,73774.0,,gross_value_added
A,CP_MEUR,F,B1G,FI,2019,14966.0 ,14966.0,,gross_value_added
A,CP_MEUR,F,B1G,FR,2019,123120.2 ,123120.2,,gross_value_added
A,CP_MEUR,F,B1G,HU,2019,7192.7 ,7192.7,,gross_value_added
A,CP_MEUR,F,B1G,IT,2019,69112.9 ,69112.9,,gross_value_added
A,CP_MEUR,F,B1G,LV,2019,1733.4 ,1733.4,,gross_value_added
A,CP_MEUR,F,B1G,NL,2019,36247.0 ,36247.0,,gross_value_added
A,CP_MEUR,F,B1G,NO,2019,21491.2 ,21491.2,,gross_value_added
A,CP_MEUR,F,B1G,PL,2019,39530.4 ,39530.4,,gross_value_added
A,CP_MEUR,F,B1G,PT,2019,8151.7 ,8151.7,,gross_value_added
A,CP_MEUR,F,B1G,RO,2019,14154.6 ,14154.6,,gross_value_added
A,CP_MEUR,F,B1G,SE,2019,27493.6 ,27493.6,,gross_value_added
A,CP_MEUR,F,B1G,SI,2019,2475.9 ,2475.9,,gross_value_added
A,CP_MEUR,F,B1G,SK,2019,6233.2 ,6233.2,,gross_value_added
A,CP_MEUR,F,B2A3N,AT,2019,6352.7 ,6352.7,,net_operating_surplus_mixed_income
A,CP_MEUR,F,B2A3N,BE,2019,7316.7 ,7316.7,,net_operating_surplus_mixed_income
A,CP_MEUR,F,B2A3N,BG,2019,785.4 ,785.4,,net_operating_surplus_mixed_income
A,CP_MEUR,F,B2A3N,CZ,2019,4973.4 ,4973.4,,net_operating_surplus_mixed_income
A,CP_MEUR,F,B2A3N,DE,2019,49767.0 ,49767.0,,net_operating_surplus_mixed_income
A,CP_MEUR,F,B2A3N,EE,2019,461.7 ,461.7,,net_operating_surplus_mixed_income
A,CP_MEUR,F,B2A3N,ES,2019,23717.0 ,23717.0,,net_operating_surplus_mixed_income
A,CP_MEUR,F,B2A3N,FI,2019,4422.0 ,4422.0,,net_operating_surplus_mixed_income
A,CP_MEUR,F,B2A3N,FR,2019,33974.2 ,33974.2,,net_operating_surplus_mixed_income
A,CP_MEUR,F,B2A3N,HU,2019,3812.0 ,3812.0,,net_operating_surplus_mixed_income
A,CP_MEUR,F,B2A3N,IT,2019,26862.1 ,26862.1,,net_operating_surplus_mixed_income
A,CP_MEUR,F,B2A3N,LV,2019,321.1 ,321.1,,net_operating_surplus_mixed_income
A,CP_MEUR,F,B2A3N,NL,2019,14428.0 ,14428.0,,net_operating_surplus_mixed_income
A,CP_MEUR,F,B2A3N,NO,2019,5228.1 ,5228.1,,net_operating_surplus_mixed_income
A,CP_MEUR,F,B2A3N,PL,2019,25478.9 ,25478.9,,net_operating_surplus_mixed_income
A,CP_MEUR,F,B2A3N,PT,2019,1899.0 ,1899.0,,net_operating_surplus_mixed_income
A,CP_MEUR,F,B2A3N,RO,2019,6620.3 ,6620.3,,net_operating_surplus_mixed_income
A,CP_MEUR,F,B2A3N,SE,2019,2891.4 ,2891.4,,net_operating_surplus_mixed_income
A,CP_MEUR,F,B2A3N,SI,2019,822.7 ,822.7,,net_operating_surplus_mixed_income
A,CP_MEUR,F,B2A3N,SK,2019,4174.3 ,4174.3,,net_operating_surplus_mixed_income
A,CP_MEUR,F,D1,AT,2019,13943.5 ,13943.5,,compensation
A,CP_MEUR,F,D1,BE,2019,11778.6 ,11778.6,,compensation
A,CP_MEUR,F,D1,BG,2019,1227.6 ,1227.6,,compensation
A,CP_MEUR,F,D1,CZ,2019,4833.3 ,4833.3,,compensation
A,CP_MEUR,F,D1,DE,2019,86811.0 ,86811.0,,compensation
A,CP_MEUR,F,D1,EE,2019,1083.4 ,1083.4,,compensation
A,CP_MEUR,F,D1,ES,2019,35858.0 ,35858.0,,compensation
A,CP_MEUR,F,D1,FI,2019,9542.0 ,9542.0,,compensation
A,CP_MEUR,F,D1,FR,2019,75583.8 ,75583.8,,compensation
A,CP_MEUR,F,D1,HU,2019,2736.3 ,2736.3,,compensation
A,CP_MEUR,F,D1,IT,2019,33016.8 ,33016.8,,compensation
A,CP_MEUR,F,D1,LV,2019,1217.6 ,1217.6,,compensation
A,CP_MEUR,F,D1,NL,2019,19052.0 ,19052.0,,compensation
A,CP_MEUR,F,D1,NO,2019,15034.9 ,15034.9,,compensation
A,CP_MEUR,F,D1,PL,2019,12648.5 ,12648.5,,compensation
A,CP_MEUR,F,D1,PT,2019,5299.4 ,5299.4,,compensation
A,CP_MEUR,F,D1,RO,2019,4908.8 ,4908.8,,compensation
A,CP_MEUR,F,D1,SE,2019,18563.4 ,18563.4,,compensation
A,CP_MEUR,F,D1,SI,2019,1424.7 ,1424.7,,compensation
A,CP_MEUR,F,D1,SK,2019,1744.9 ,1744.9,,compensation
A,CP_MEUR,F,P1,AT,2019,60457.9 ,60457.9,,output
A,CP_MEUR,F,P1,BE,2019,85922.8 ,85922.8,,output
A,CP_MEUR,F,P1,BG,2019,9272.7 ,9272.7,,output
A,CP_MEUR,F,P1,CZ,2019,37018.9 ,37018.9,,output
A,CP_MEUR,F,P1,DE,2019,355763.0 ,355763.0,,output
A,CP_MEUR,F,P1,EE,2019,4618.2 ,4618.2,,output
A,CP_MEUR,F,P1,ES,2019,169139.0 ,169139.0,,output
A,CP_MEUR,F,P1,FI,2019,39527.0 ,39527.0,,output
A,CP_MEUR,F,P1,FR,2019,331419.0 ,331419.0,,output
A,CP_MEUR,F,P1,HU,2019,18961.0 ,18961.0,,output
A,CP_MEUR,F,P1,IT,2019,192512.4 ,192512.4,,output
A,CP_MEUR,F,P1,LV,2019,5665.9 ,5665.9,,output
A,CP_MEUR,F,P1,NL,2019,118281.0 ,118281.0,,output
A,CP_MEUR,F,P1,NO,2019,60657.7 ,60657.7,,output
A,CP_MEUR,F,P1,PL,2019,106713.7 ,106713.7,,output
A,CP_MEUR,F,P1,PT,2019,22798.7 ,22798.7,,output
A,CP_MEUR,F,P1,RO,2019,38362.7 ,38362.7,,output
A,CP_MEUR,F,P1,SE,2019,66757.2 ,66757.2,,output
A,CP_MEUR,F,P1,SI,2019,7309.2 ,7309.2,,output
A,CP_MEUR,F,P1,SK,2019,15485.3 ,15485.3,,output
A,CP_MEUR,G,B1G,AT,2019,41972.2 ,41972.2,,gross_value_added
A,CP_MEUR,G,B1G,BE,2019,48164.5 ,48164.5,,gross_value_added
A,CP_MEUR,G,B1G,BG,2019,8139.1 ,8139.1,,gross_value_added
A,CP_MEUR,G,B1G,CZ,2019,22037.1 ,22037.1,,gross_value_added
A,CP_MEUR,G,B1G,DE,2019,325632.0 ,325632.0,,gross_value_added
A,CP_MEUR,G,B1G,EE,2019,3186.7 ,3186.7,,gross_value_added
A,CP_MEUR,G,B1G,ES,2019,147392.0 ,147392.0,,gross_value_added
A,CP_MEUR,G,B1G,FI,2019,17939.0 ,17939.0,,gross_value_added
A,CP_MEUR,G,B1G,FR,2019,218378.5 ,218378.5,,gross_value_added
A,CP_MEUR,G,B1G,HU,2019,12697.3 ,12697.3,,gross_value_added
A,CP_MEUR,G,B1G,IT,2019,196529.3 ,196529.3,,gross_value_added
A,CP_MEUR,G,B1G,LV,2019,3932.4 ,3932.4,,gross_value_added
A,CP_MEUR,G,B1G,NL,2019,102275.0 ,102275.0,,gross_value_added
A,CP_MEUR,G,B1G,NO,2019,25511.3 ,25511.3,,gross_value_added
A,CP_MEUR,G,B1G,PL,2019,74570.7 ,74570.7,,gross_value_added
A,CP_MEUR,G,B1G,PT,2019,24675.1 ,24675.1,,gross_value_added
A,CP_MEUR,G,B1G,RO,2019,21297.7 ,21297.7,,gross_value_added
A,CP_MEUR,G,B1G,SE,2019,45791.6 ,45791.6,,gross_value_added
A,CP_MEUR,G,B1G,SI,2019,5008.3 ,5008.3,,gross_value_added
A,CP_MEUR,G,B1G,SK,2019,9134.0 ,9134.0,,gross_value_added
A,CP_MEUR,G,B2A3N,AT,2019,11525.2 ,11525.2,,net_operating_surplus_mixed_income
A,CP_MEUR,G,B2A3N,BE,2019,13196.2 ,13196.2,,net_operating_surplus_mixed_income
A,CP_MEUR,G,B2A3N,BG,2019,3659.3 ,3659.3,,net_operating_surplus_mixed_income
A,CP_MEUR,G,B2A3N,CZ,2019,7168.2 ,7168.2,,net_operating_surplus_mixed_income
A,CP_MEUR,G,B2A3N,DE,2019,91833.0 ,91833.0,,net_operating_surplus_mixed_income
A,CP_MEUR,G,B2A3N,EE,2019,1020.6 ,1020.6,,net_operating_surplus_mixed_income
A,CP_MEUR,G,B2A3N,ES,2019,52633.0 ,52633.0,,net_operating_surplus_mixed_income
A,CP_MEUR,G,B2A3N,FI,2019,4659.0 ,4659.0,,net_operating_surplus_mixed_income
A,CP_MEUR,G,B2A3N,FR,2019,50313.9 ,50313.9,,net_operating_surplus_mixed_income
A,CP_MEUR,G,B2A3N,HU,2019,3942.8 ,3942.8,,net_operating_surplus_mixed_income
A,CP_MEUR,G,B2A3N,IT,2019,95232.0 ,95232.0,,net_operating_surplus_mixed_income
A,CP_MEUR,G,B2A3N,LV,2019,1377.0 ,1377.0,,net_operating_surplus_mixed_income
A,CP_MEUR,G,B2A3N,NL,2019,43015.0 ,43015.0,,net_operating_surplus_mixed_income
A,CP_MEUR,G,B2A3N,NO,2019,4581.4 ,4581.4,,net_operating_surplus_mixed_income
A,CP_MEUR,G,B2A3N,PL,2019,40965.9 ,40965.9,,net_operating_surplus_mixed_income
A,CP_MEUR,G,B2A3N,PT,2019,8924.8 ,8924.8,,net_operating_surplus_mixed_income
A,CP_MEUR,G,B2A3N,RO,2019,6321.1 ,6321.1,,net_operating_surplus_mixed_income
A,CP_MEUR,G,B2A3N,SE,2019,7961.4 ,7961.4,,net_operating_surplus_mixed_income
A,CP_MEUR,G,B2A3N,SI,2019,1314.1 ,1314.1,,net_operating_surplus_mixed_income
A,CP_MEUR,G,B2A3N,SK,2019,2329.4 ,2329.4,,net_operating_surplus_mixed_income
A,CP_MEUR,G,D1,AT,2019,24649.5 ,24649.5,,compensation
A,CP_MEUR,G,D1,BE,2019,27938.5 ,27938.5,,compensation
A,CP_MEUR,G,D1,BG,2019,3556.5 ,3556.5,,compensation
A,CP_MEUR,G,D1,CZ,2019,12006.0 ,12006.0,,compensation
A,CP_MEUR,G,D1,DE,2019,207448.0 ,207448.0,,compensation
A,CP_MEUR,G,D1,EE,2019,1838.9 ,1838.9,,compensation
A,CP_MEUR,G,D1,ES,2019,80076.0 ,80076.0,,compensation
A,CP_MEUR,G,D1,FI,2019,11417.0 ,11417.0,,compensation
A,CP_MEUR,G,D1,FR,2019,138412.2 ,138412.2,,compensation
A,CP_MEUR,G,D1,HU,2019,7037.3 ,7037.3,,compensation
A,CP_MEUR,G,D1,IT,2019,80247.8 ,80247.8,,compensation
A,CP_MEUR,G,D1,LV,2019,2161.9 ,2161.9,,compensation
A,CP_MEUR,G,D1,NL,2019,50195.0 ,50195.0,,compensation
A,CP_MEUR,G,D1,NO,2019,18411.3 ,18411.3,,compensation
A,CP_MEUR,G,D1,PL,2019,28770.0 ,28770.0,,compensation
A,CP_MEUR,G,D1,PT,2019,13442.2 ,13442.2,,compensation
A,CP_MEUR,G,D1,RO,2019,12001.6 ,12001.6,,compensation
A,CP_MEUR,G,D1,SE,2019,27093.2 ,27093.2,,compensation
A,CP_MEUR,G,D1,SI,2019,3078.7 ,3078.7,,compensation
A,CP_MEUR,G,D1,SK,2019,5824.1 ,5824.1,,compensation
A,CP_MEUR,G,P1,AT,2019,74318.8 ,74318.8,,output
A,CP_MEUR,G,P1,BE,2019,102203.0 ,102203.0,,output
A,CP_MEUR,G,P1,BG,2019,14445.7 ,14445.7,,output
A,CP_MEUR,G,P1,CZ,2019,43055.0 ,43055.0,,output
A,CP_MEUR,G,P1,DE,2019,590152.0 ,590152.0,,output
A,CP_MEUR,G,P1,EE,2019,6075.7 ,6075.7,,output
A,CP_MEUR,G,P1,ES,2019,254778.0 ,254778.0,,output
A,CP_MEUR,G,P1,FI,2019,34321.0 ,34321.0,,output
A,CP_MEUR,G,P1,FR,2019,431014.6 ,431014.6,,output
A,CP_MEUR,G,P1,HU,2019,25897.9 ,25897.9,,output
A,CP_MEUR,G,P1,IT,2019,374147.3 ,374147.3,,output
A,CP_MEUR,G,P1,LV,2019,6868.2 ,6868.2,,output
A,CP_MEUR,G,P1,NL,2019,186167.0 ,186167.0,,output
A,CP_MEUR,G,P1,NO,2019,46229.6 ,46229.6,,output
A,CP_MEUR,G,P1,PL,2019,133422.1 ,133422.1,,output
A,CP_MEUR,G,P1,PT,2019,42454.0 ,42454.0,,output
A,CP_MEUR,G,P1,RO,2019,47918.3 ,47918.3,,output
A,CP_MEUR,G,P1,SE,2019,84041.4 ,84041.4,,output
A,CP_MEUR,G,P1,SI,2019,9458.2 ,9458.2,,output
A,CP_MEUR,G,P1,SK,2019,18650.6 ,18650.6,,output
A,CP_MEUR,H,B1G,AT,2019,19666.1 ,19666.1,,gross_value_added
A,CP_MEUR,H,B1G,BE,2019,24045.0 ,24045.0,,gross_value_added
A,CP_MEUR,H,B1G,BG,2019,2957.8 ,2957.8,,gross_value_added
A,CP_MEUR,H,B1G,CZ,2019,11180.3 ,11180.3,,gross_value_added
A,CP_MEUR,H,B1G,DE,2019,143585.0 ,143585.0,,gross_value_added
A,CP_MEUR,H,B1G,EE,2019,1715.7 ,1715.7,,gross_value_added
A,CP_MEUR,H,B1G,ES,2019,51954.0 ,51954.0,,gross_value_added
A,CP_MEUR,H,B1G,FI,2019,9638.0 ,9638.0,,gross_value_added
A,CP_MEUR,H,B1G,FR,2019,95511.2 ,95511.2,,gross_value_added
A,CP_MEUR,H,B1G,HU,2019,7598.0 ,7598.0,,gross_value_added
A,CP_MEUR,H,B1G,IT,2019,81925.9 ,81925.9,,gross_value_added
A,CP_MEUR,H,B1G,LV,2019,2214.9 ,2214.9,,gross_value_added
A,CP_MEUR,H,B1G,NL,2019,34710.0 ,34710.0,,gross_value_added
A,CP_MEUR,H,B1G,NO,2019,15962.2 ,15962.2,,gross_value_added
A,CP_MEUR,H,B1G,PL,2019,34091.4 ,34091.4,,gross_value_added
A,CP_MEUR,H,B1G,PT,2019,9452.0 ,9452.0,,gross_value_added
A,CP_MEUR,H,B1G,RO,2019,12908.6 ,12908.6,,gross_value_added
A,CP_MEUR,H,B1G,SE,2019,21828.3 ,21828.3,,gross_value_added
A,CP_MEUR,H,B1G,SI,2019,2690.0 ,2690.0,,gross_value_added
A,CP_MEUR,H,B1G,SK,2019,5561.2 ,5561.2,,gross_value_added
A,CP_MEUR,H,B2A3N,AT,2019,2817.6 ,2817.6,,net_operating_surplus_mixed_income
A,CP_MEUR,H,B2A3N,BE,2019,2169.8 ,2169.8,,net_operating_surplus_mixed_income
A,CP_MEUR,H,B2A3N,BG,2019,645.4 ,645.4,,net_operating_surplus_mixed_income
A,CP_MEUR,H,B2A3N,CZ,2019,1605.5 ,1605.5,,net_operating_surplus_mixed_income
A,CP_MEUR,H,B2A3N,DE,2019,13684.0 ,13684.0,,net_operating_surplus_mixed_income
A,CP_MEUR,H,B2A3N,EE,2019,339.6 ,339.6,,net_operating_surplus_mixed_income
A,CP_MEUR,H,B2A3N,ES,2019,8856.0 ,8856.0,,net_operating_surplus_mixed_income
A,CP_MEUR,H,B2A3N,FI,2019,1624.0 ,1624.0,,net_operating_surplus_mixed_income
A,CP_MEUR,H,B2A3N,FR,2019,7651.5 ,7651.5,,net_operating_surplus_mixed_income
A,CP_MEUR,H,B2A3N,HU,2019,1760.8 ,1760.8,,net_operating_surplus_mixed_income
A,CP_MEUR,H,B2A3N,IT,2019,16615.1 ,16615.1,,net_operating_surplus_mixed_income
A,CP_MEUR,H,B2A3N,LV,2019,348.4 ,348.4,,net_operating_surplus_mixed_income
A,CP_MEUR,H,B2A3N,NL,2019,8005.0 ,8005.0,,net_operating_surplus_mixed_income
A,CP_MEUR,H,B2A3N,NO,2019,3972.9 ,3972.9,,net_operating_surplus_mixed_income
A,CP_MEUR,H,B2A3N,PL,2019,11961.6 ,11961.6,,net_operating_surplus_mixed_income
A,CP_MEUR,H,B2A3N,PT,2019,1769.6 ,1769.6,,net_operating_surplus_mixed_income
A,CP_MEUR,H,B2A3N,RO,2019,1776.2 ,1776.2,,net_operating_surplus_mixed_income
A,CP_MEUR,H,B2A3N,SE,2019,1079.5 ,1079.5,,net_operating_surplus_mixed_income
A,CP_MEUR,H,B2A3N,SI,2019,561.2 ,561.2,,net_operating_surplus_mixed_income
A,CP_MEUR,H,B2A3N,SK,2019,1360.4 ,1360.4,,net_operating_surplus_mixed_income
A,CP_MEUR,H,D1,AT,2019,10328.2 ,10328.2,,compensation
A,CP_MEUR,H,D1,BE,2019,14859.2 ,14859.2,,compensation
A,CP_MEUR,H,D1,BG,2019,1647.1 ,1647.1,,compensation
A,CP_MEUR,H,D1,CZ,2019,6120.8 ,6120.8,,compensation
A,CP_MEUR,H,D1,DE,2019,94127.0 ,94127.0,,compensation
A,CP_MEUR,H,D1,EE,2019,928.9 ,928.9,,compensation
A,CP_MEUR,H,D1,ES,2019,27348.0 ,27348.0,,compensation
A,CP_MEUR,H,D1,FI,2019,6183.0 ,6183.0,,compensation
A,CP_MEUR,H,D1,FR,2019,64946.5 ,64946.5,,compensation
A,CP_MEUR,H,D1,HU,2019,3944.7 ,3944.7,,compensation
A,CP_MEUR,H,D1,IT,2019,42236.8 ,42236.8,,compensation
A,CP_MEUR,H,D1,LV,2019,1352.2 ,1352.2,,compensation
A,CP_MEUR,H,D1,NL,2019,20422.0 ,20422.0,,compensation
A,CP_MEUR,H,D1,NO,2019,8995.6 ,8995.6,,compensation
A,CP_MEUR,H,D1,PL,2019,13498.2 ,13498.2,,compensation
A,CP_MEUR,H,D1,PT,2019,5269.5 ,5269.5,,compensation
A,CP_MEUR,H,D1,RO,2019,5219.7 ,5219.7,,compensation
A,CP_MEUR,H,D1,SE,2019,11447.7 ,11447.7,,compensation
A,CP_MEUR,H,D1,SI,2019,1508.3 ,1508.3,,compensation
A,CP_MEUR,H,D1,SK,2019,2543.7 ,2543.7,,compensation
A,CP_MEUR,H,P1,AT,2019,37841.7 ,37841.7,,output
A,CP_MEUR,H,P1,BE,2019,66683.5 ,66683.5,,output
A,CP_MEUR,H,P1,BG,2019,9328.5 ,9328.5,,output
A,CP_MEUR,H,P1,CZ,2019,29115.7 ,29115.7,,output
A,CP_MEUR,H,P1,DE,2019,385411.0 ,385411.0,,output
A,CP_MEUR,H,P1,EE,2019,5501.1 ,5501.1,,output
A,CP_MEUR,H,P1,ES,2019,127698.0 ,127698.0,,output
A,CP_MEUR,H,P1,FI,2019,25963.0 ,25963.0,,output
A,CP_MEUR,H,P1,FR,2019,226958.0 ,226958.0,,output
A,CP_MEUR,H,P1,HU,2019,16516.3 ,16516.3,,output
A,CP_MEUR,H,P1,IT,2019,196554.4 ,196554.4,,output
A,CP_MEUR,H,P1,LV,2019,6369.7 ,6369.7,,output
A,CP_MEUR,H,P1,NL,2019,88621.0 ,88621.0,,output
A,CP_MEUR,H,P1,NO,2019,45942.3 ,45942.3,,output
A,CP_MEUR,H,P1,PL,2019,84808.3 ,84808.3,,output
A,CP_MEUR,H,P1,PT,2019,23828.0 ,23828.0,,output
A,CP_MEUR,H,P1,RO,2019,31336.6 ,31336.6,,output
A,CP_MEUR,H,P1,SE,2019,57581.9 ,57581.9,,output
A,CP_MEUR,H,P1,SI,2019,6754.4 ,6754.4,,output
A,CP_MEUR,H,P1,SK,2019,12311.0 ,12311.0,,output
A,CP_MEUR,I,B1G,AT,2019,14528.4 ,14528.4,,gross_value_added
A,CP_MEUR,I,B1G,BE,2019,8233.8 ,8233.8,,gross_value_added
A,CP_MEUR,I,B1G,BG,2019,1382.0 ,1382.0,,gross_value_added
A,CP_MEUR,I,B1G,CZ,2019,4138.2 ,4138.2,,gross_value_added
A,CP_MEUR,I,B1G,DE,2019,57474.0 ,57474.0,,gross_value_added
A,CP_MEUR,I,B1G,EE,2019,489.1 ,489.1,,gross_value_added
A,CP_MEUR,I,B1G,ES,2019,74970.0 ,74970.0,,gross_value_added
A,CP_MEUR,I,B1G,FI,2019,3649.0 ,3649.0,,gross_value_added
A,CP_MEUR,I,B1G,FR,2019,51037.4 ,51037.4,,gross_value_added
A,CP_MEUR,I,B1G,HU,2019,2463.3 ,2463.3,,gross_value_added
A,CP_MEUR,I,B1G,IT,2019,63603.9 ,63603.9,,gross_value_added
A,CP_MEUR,I,B1G,LV,2019,505.1 ,505.1,,gross_value_added
A,CP_MEUR,I,B1G,NL,2019,15456.0 ,15456.0,,gross_value_added
A,CP_MEUR,I,B1G,NO,2019,4848.1 ,4848.1,,gross_value_added
A,CP_MEUR,I,B1G,PL,2019,7016.5 ,7016.5,,gross_value_added
A,CP_MEUR,I,B1G,PT,2019,11315.4 ,11315.4,,gross_value_added
A,CP_MEUR,I,B1G,RO,2019,4821.8 ,4821.8,,gross_value_added
A,CP_MEUR,I,B1G,SE,2019,7749.1 ,7749.1,,gross_value_added
A,CP_MEUR,I,B1G,SI,2019,1068.3 ,1068.3,,gross_value_added
A,CP_MEUR,I,B1G,SK,2019,1337.7 ,1337.7,,gross_value_added
A,CP_MEUR,I,B2A3N,AT,2019,4146.8 ,4146.8,,net_operating_surplus_mixed_income
A,CP_MEUR,I,B2A3N,BE,2019,2042.1 ,2042.1,,net_operating_surplus_mixed_income
A,CP_MEUR,I,B2A3N,BG,2019,131.0 ,131.0,,net_operating_surplus_mixed_income
A,CP_MEUR,I,B2A3N,CZ,2019,1419.0 ,1419.0,,net_operating_surplus_mixed_income
A,CP_MEUR,I,B2A3N,DE,2019,16525.0 ,16525.0,,net_operating_surplus_mixed_income
A,CP_MEUR,I,B2A3N,EE,2019,67.5 ,67.5,,net_operating_surplus_mixed_income
A,CP_MEUR,I,B2A3N,ES,2019,33710.0 ,33710.0,,net_operating_surplus_mixed_income
A,CP_MEUR,I,B2A3N,FI,2019,880.0 ,880.0,,net_operating_surplus_mixed_income
A,CP_MEUR,I,B2A3N,FR,2019,6347.8 ,6347.8,,net_operating_surplus_mixed_income
A,CP_MEUR,I,B2A3N,HU,2019,818.5 ,818.5,,net_operating_surplus_mixed_income
A,CP_MEUR,I,B2A3N,IT,2019,22911.3 ,22911.3,,net_operating_surplus_mixed_income
A,CP_MEUR,I,B2A3N,LV,2019,0.7 ,0.7,,net_operating_surplus_mixed_income
A,CP_MEUR,I,B2A3N,NL,2019,6010.0 ,6010.0,,net_operating_surplus_mixed_income
A,CP_MEUR,I,B2A3N,NO,2019,769.3 ,769.3,,net_operating_surplus_mixed_income
A,CP_MEUR,I,B2A3N,PL,2019,3267.9 ,3267.9,,net_operating_surplus_mixed_income
A,CP_MEUR,I,B2A3N,PT,2019,4677.7 ,4677.7,,net_operating_surplus_mixed_income
A,CP_MEUR,I,B2A3N,RO,2019,2796.8 ,2796.8,,net_operating_surplus_mixed_income
A,CP_MEUR,I,B2A3N,SE,2019,391.6 ,391.6,,net_operating_surplus_mixed_income
A,CP_MEUR,I,B2A3N,SI,2019,196.7 ,196.7,,net_operating_surplus_mixed_income
A,CP_MEUR,I,B2A3N,SK,2019,353.3 ,353.3,,net_operating_surplus_mixed_income
A,CP_MEUR,I,D1,AT,2019,8740.3 ,8740.3,,compensation
A,CP_MEUR,I,D1,BE,2019,5101.6 ,5101.6,,compensation
A,CP_MEUR,I,D1,BG,2019,977.6 ,977.6,,compensation
A,CP_MEUR,I,D1,CZ,2019,2258.7 ,2258.7,,compensation
A,CP_MEUR,I,D1,DE,2019,36700.0 ,36700.0,,compensation
A,CP_MEUR,I,D1,EE,2019,365.9 ,365.9,,compensation
A,CP_MEUR,I,D1,ES,2019,37231.0 ,37231.0,,compensation
A,CP_MEUR,I,D1,FI,2019,2531.0 ,2531.0,,compensation
A,CP_MEUR,I,D1,FR,2019,36596.9 ,36596.9,,compensation
A,CP_MEUR,I,D1,HU,2019,1415.9 ,1415.9,,compensation
A,CP_MEUR,I,D1,IT,2019,32120.7 ,32120.7,,compensation
A,CP_MEUR,I,D1,LV,2019,427.4 ,427.4,,compensation
A,CP_MEUR,I,D1,NL,2019,8353.0 ,8353.0,,compensation
A,CP_MEUR,I,D1,NO,2019,3617.6 ,3617.6,,compensation
A,CP_MEUR,I,D1,PL,2019,3248.3 ,3248.3,,compensation
A,CP_MEUR,I,D1,PT,2019,5613.9 ,5613.9,,compensation
A,CP_MEUR,I,D1,RO,2019,1642.2 ,1642.2,,compensation
A,CP_MEUR,I,D1,SE,2019,5606.7 ,5606.7,,compensation
A,CP_MEUR,I,D1,SI,2019,706.4 ,706.4,,compensation
A,CP_MEUR,I,D1,SK,2019,841.4 ,841.4,,compensation
A,CP_MEUR,I,P1,AT,2019,26311.4 ,26311.4,,output
A,CP_MEUR,I,P1,BE,2019,20543.5 ,20543.5,,output
A,CP_MEUR,I,P1,BG,2019,2677.8 ,2677.8,,output
A,CP_MEUR,I,P1,CZ,2019,9133.6 ,9133.6,,output
A,CP_MEUR,I,P1,DE,2019,112863.0 ,112863.0,,output
A,CP_MEUR,I,P1,EE,2019,1151.2 ,1151.2,,output
A,CP_MEUR,I,P1,ES,2019,132523.0 ,132523.0,,output
A,CP_MEUR,I,P1,FI,2019,9059.0 ,9059.0,,output
A,CP_MEUR,I,P1,FR,2019,115331.2 ,115331.2,,output
A,CP_MEUR,I,P1,HU,2019,6195.8 ,6195.8,,output
A,CP_MEUR,I,P1,IT,2019,123979.5 ,123979.5,,output
A,CP_MEUR,I,P1,LV,2019,1067.3 ,1067.3,,output
A,CP_MEUR,I,P1,NL,2019,31266.0 ,31266.0,,output
A,CP_MEUR,I,P1,NO,2019,10395.6 ,10395.6,,output
A,CP_MEUR,I,P1,PL,2019,15935.9 ,15935.9,,output
A,CP_MEUR,I,P1,PT,2019,20416.7 ,20416.7,,output
A,CP_MEUR,I,P1,RO,2019,9162.5 ,9162.5,,output
A,CP_MEUR,I,P1,SE,2019,17314.7 ,17314.7,,output
A,CP_MEUR,I,P1,SI,2019,2261.2 ,2261.2,,output
A,CP_MEUR,I,P1,SK,2019,2438.4 ,2438.4,,output
A,CP_MEUR,J,B1G,AT,2019,13689.9 ,13689.9,,gross_value_added
A,CP_MEUR,J,B1G,BE,2019,18636.8 ,18636.8,,gross_value_added
A,CP_MEUR,J,B1G,BG,2019,4033.9 ,4033.9,,gross_value_added
A,CP_MEUR,J,B1G,CZ,2019,12571.8 ,12571.8,,gross_value_added
A,CP_MEUR,J,B1G,DE,2019,155600.0 ,155600.0,,gross_value_added
A,CP_MEUR,J,B1G,EE,2019,1624.6 ,1624.6,,gross_value_added
A,CP_MEUR,J,B1G,ES,2019,42675.0 ,42675.0,,gross_value_added
A,CP_MEUR,J,B1G,FI,2019,12305.0 ,12305.0,,gross_value_added
A,CP_MEUR,J,B1G,FR,2019,117186.4 ,117186.4,,gross_value_added
A,CP_MEUR,J,B1G,HU,2019,6133.8 ,6133.8,,gross_value_added
A,CP_MEUR,J,B1G,IT,2019,57852.7 ,57852.7,,gross_value_added
A,CP_MEUR,J,B1G,LV,2019,1594.6 ,1594.6,,gross_value_added
A,CP_MEUR,J,B1G,NL,2019,34452.0 ,34452.0,,gross_value_added
A,CP_MEUR,J,B1G,NO,2019,15088.1 ,15088.1,,gross_value_added
A,CP_MEUR,J,B1G,PL,2019,19385.9 ,19385.9,,gross_value_added
A,CP_MEUR,J,B1G,PT,2019,7140.6 ,7140.6,,gross_value_added
A,CP_MEUR,J,B1G,RO,2019,12746.1 ,12746.1,,gross_value_added
A,CP_MEUR,J,B1G,SE,2019,31357.2 ,31357.2,,gross_value_added
A,CP_MEUR,J,B1G,SI,2019,1721.2 ,1721.2,,gross_value_added
A,CP_MEUR,J,B1G,SK,2019,4240.2 ,4240.2,,gross_value_added
A,CP_MEUR,J,B2A3N,AT,2019,2087.6 ,2087.6,,net_operating_surplus_mixed_income
A,CP_MEUR,J,B2A3N,BE,2019,4377.6 ,4377.6,,net_operating_surplus_mixed_income
A,CP_MEUR,J,B2A3N,BG,2019,910.7 ,910.7,,net_operating_surplus_mixed_income
A,CP_MEUR,J,B2A3N,CZ,2019,4296.3 ,4296.3,,net_operating_surplus_mixed_income
A,CP_MEUR,J,B2A3N,DE,2019,37207.0 ,37207.0,,net_operating_surplus_mixed_income
A,CP_MEUR,J,B2A3N,EE,2019,366.2 ,366.2,,net_operating_surplus_mixed_income
A,CP_MEUR,J,B2A3N,ES,2019,6026.0 ,6026.0,,net_operating_surplus_mixed_income
A,CP_MEUR,J,B2A3N,FI,2019,2845.0 ,2845.0,,net_operating_surplus_mixed_income
A,CP_MEUR,J,B2A3N,FR,2019,10786.8 ,10786.8,,net_operating_surplus_mixed_income
A,CP_MEUR,J,B2A3N,HU,2019,1672.4 ,1672.4,,net_operating_surplus_mixed_income
A,CP_MEUR,J,B2A3N,IT,2019,12572.5 ,12572.5,,net_operating_surplus_mixed_income
A,CP_MEUR,J,B2A3N,LV,2019,286.7 ,286.7,,net_operating_surplus_mixed_income
A,CP_MEUR,J,B2A3N,NL,2019,8325.0 ,8325.0,,net_operating_surplus_mixed_income
A,CP_MEUR,J,B2A3N,NO,2019,3327.3 ,3327.3,,net_operating_surplus_mixed_income
A,CP_MEUR,J,B2A3N,PL,2019,6688.2 ,6688.2,,net_operating_surplus_mixed_income
A,CP_MEUR,J,B2A3N,PT,2019,1231.4 ,1231.4,,net_operating_surplus_mixed_income
A,CP_MEUR,J,B2A3N,RO,2019,5591.2 ,5591.2,,net_operating_surplus_mixed_income
A,CP_MEUR,J,B2A3N,SE,2019,7851.8 ,7851.8,,net_operating_surplus_mixed_income
A,CP_MEUR,J,B2A3N,SI,2019,343.9 ,343.9,,net_operating_surplus_mixed_income
A,CP_MEUR,J,B2A3N,SK,2019,1374.5 ,1374.5,,net_operating_surplus_mixed_income
A,CP_MEUR,J,D1,AT,2019,7590.4 ,7590.4,,compensation
A,CP_MEUR,J,D1,BE,2019,9673.3 ,9673.3,,compensation
A,CP_MEUR,J,D1,BG,2019,2553.7 ,2553.7,,compensation
A,CP_MEUR,J,D1,CZ,2019,5217.4 ,5217.4,,compensation
A,CP_MEUR,J,D1,DE,2019,89619.0 ,89619.0,,compensation
A,CP_MEUR,J,D1,EE,2019,960.9 ,960.9,,compensation
A,CP_MEUR,J,D1,ES,2019,23938.0 ,23938.0,,compensation
A,CP_MEUR,J,D1,FI,2019,6979.0 ,6979.0,,compensation
A,CP_MEUR,J,D1,FR,2019,75878.0 ,75878.0,,compensation
A,CP_MEUR,J,D1,HU,2019,3113.0 ,3113.0,,compensation
A,CP_MEUR,J,D1,IT,2019,27384.1 ,27384.1,,compensation
A,CP_MEUR,J,D1,LV,2019,1031.3 ,1031.3,,compensation
A,CP_MEUR,J,D1,NL,2019,20065.0 ,20065.0,,compensation
A,CP_MEUR,J,D1,NO,2019,8823.3 ,8823.3,,compensation
A,CP_MEUR,J,D1,PL,2019,8546.6 ,8546.6,,compensation
A,CP_MEUR,J,D1,PT,2019,3945.3 ,3945.3,,compensation
A,CP_MEUR,J,D1,RO,2019,5237.9 ,5237.9,,compensation
A,CP_MEUR,J,D1,SE,2019,14084.7 ,14084.7,,compensation
A,CP_MEUR,J,D1,SI,2019,1002.2 ,1002.2,,compensation
A,CP_MEUR,J,D1,SK,2019,1828.1 ,1828.1,,compensation
A,CP_MEUR,J,P1,AT,2019,28997.7 ,28997.7,,output
A,CP_MEUR,J,P1,BE,2019,43173.7 ,43173.7,,output
A,CP_MEUR,J,P1,BG,2019,7005.9 ,7005.9,,output
A,CP_MEUR,J,P1,CZ,2019,22246.8 ,22246.8,,output
A,CP_MEUR,J,P1,DE,2019,311374.0 ,311374.0,,output
A,CP_MEUR,J,P1,EE,2019,3065.8 ,3065.8,,output
A,CP_MEUR,J,P1,ES,2019,93092.0 ,93092.0,,output
A,CP_MEUR,J,P1,FI,2019,24108.0 ,24108.0,,output
A,CP_MEUR,J,P1,FR,2019,227614.1 ,227614.1,,output
A,CP_MEUR,J,P1,HU,2019,10691.4 ,10691.4,,output
A,CP_MEUR,J,P1,IT,2019,126707.6 ,126707.6,,output
A,CP_MEUR,J,P1,LV,2019,2623.0 ,2623.0,,output
A,CP_MEUR,J,P1,NL,2019,86620.0 ,86620.0,,output
A,CP_MEUR,J,P1,NO,2019,29456.8 ,29456.8,,output
A,CP_MEUR,J,P1,PL,2019,40782.3 ,40782.3,,output
A,CP_MEUR,J,P1,PT,2019,14487.0 ,14487.0,,output
A,CP_MEUR,J,P1,RO,2019,21150.1 ,21150.1,,output
A,CP_MEUR,J,P1,SE,2019,66491.2 ,66491.2,,output
A,CP_MEUR,J,P1,SI,2019,3563.7 ,3563.7,,output
A,CP_MEUR,J,P1,SK,2019,8021.2 ,8021.2,,output
A,CP_MEUR,L,B1G,AT,2019,34265.4 ,34265.4,,gross_value_added
A,CP_MEUR,L,B1G,BE,2019,40432.0 ,40432.0,,gross_value_added
A,CP_MEUR,L,B1G,BG,2019,5494.3 ,5494.3,,gross_value_added
A,CP_MEUR,L,B1G,CZ,2019,23485.4 ,23485.4,,gross_value_added
A,CP_MEUR,L,B1G,DE,2019,348936.0 ,348936.0,,gross_value_added
A,CP_MEUR,L,B1G,EE,2019,2972.7 ,2972.7,,gross_value_added
A,CP_MEUR,L,B1G,ES,2019,133936.0 ,133936.0,,gross_value_added
A,CP_MEUR,L,B1G,FI,2019,26501.0 ,26501.0,,gross_value_added
A,CP_MEUR,L,B1G,FR,2019,300545.4 ,300545.4,,gross_value_added
A,CP_MEUR,L,B1G,HU,2019,12511.4 ,12511.4,,gross_value_added
A,CP_MEUR,L,B1G,IT,2019,217492.8 ,217492.8,,gross_value_added
A,CP_MEUR,L,B1G,LV,2019,2193.1 ,2193.1,,gross_value_added
A,CP_MEUR,L,B1G,NL,2019,46104.0 ,46104.0,,gross_value_added
A,CP_MEUR,L,B1G,NO,2019,35874.0 ,35874.0,,gross_value_added
A,CP_MEUR,L,B1G,PL,2019,30685.3 ,30685.3,,gross_value_added
A,CP_MEUR,L,B1G,PT,2019,23260.5 ,23260.5,,gross_value_added
A,CP_MEUR,L,B1G,RO,2019,17847.9 ,17847.9,,gross_value_added
A,CP_MEUR,L,B1G,SE,2019,37105.5 ,37105.5,,gross_value_added
A,CP_MEUR,L,B1G,SI,2019,3016.4 ,3016.4,,gross_value_added
A,CP_MEUR,L,B1G,SK,2019,8147.1 ,8147.1,,gross_value_added
A,CP_MEUR,L,B2A3N,AT,2019,13230.1 ,13230.1,,net_operating_surplus_mixed_income
A,CP_MEUR,L,B2A3N,BE,2019,15747.0 ,15747.0,,net_operating_surplus_mixed_income
A,CP_MEUR,L,B2A3N,BG,2019,4171.0 ,4171.0,,net_operating_surplus_mixed_income
A,CP_MEUR,L,B2A3N,CZ,2019,13635.4 ,13635.4,,net_operating_surplus_mixed_income
A,CP_MEUR,L,B2A3N,DE,2019,136270.0 ,136270.0,,net_operating_surplus_mixed_income
A,CP_MEUR,L,B2A3N,EE,2019,1948.4 ,1948.4,,net_operating_surplus_mixed_income
A,CP_MEUR,L,B2A3N,ES,2019,86608.0 ,86608.0,,net_operating_surplus_mixed_income
A,CP_MEUR,L,B2A3N,FI,2019,9718.0 ,9718.0,,net_operating_surplus_mixed_income
A,CP_MEUR,L,B2A3N,FR,2019,144665.9 ,144665.9,,net_operating_surplus_mixed_income
A,CP_MEUR,L,B2A3N,HU,2019,8389.9 ,8389.9,,net_operating_surplus_mixed_income
A,CP_MEUR,L,B2A3N,IT,2019,115596.2 ,115596.2,,net_operating_surplus_mixed_income
A,CP_MEUR,L,B2A3N,LV,2019,777.5 ,777.5,,net_operating_surplus_mixed_income
A,CP_MEUR,L,B2A3N,NL,2019,8251.0 ,8251.0,,net_operating_surplus_mixed_income
A,CP_MEUR,L,B2A3N,NO,2019,18833.2 ,18833.2,,net_operating_surplus_mixed_income
A,CP_MEUR,L,B2A3N,PL,2019,22654.3 ,22654.3,,net_operating_surplus_mixed_income
A,CP_MEUR,L,B2A3N,PT,2019,9987.5 ,9987.5,,net_operating_surplus_mixed_income
A,CP_MEUR,L,B2A3N,RO,2019,14084.4 ,14084.4,,net_operating_surplus_mixed_income
A,CP_MEUR,L,B2A3N,SE,2019,17463.1 ,17463.1,,net_operating_surplus_mixed_income
A,CP_MEUR,L,B2A3N,SI,2019,1184.7 ,1184.7,,net_operating_surplus_mixed_income
A,CP_MEUR,L,B2A3N,SK,2019,4105.1 ,4105.1,,net_operating_surplus_mixed_income
A,CP_MEUR,L,D1,AT,2019,2199.6 ,2199.6,,compensation
A,CP_MEUR,L,D1,BE,2019,1237.2 ,1237.2,,compensation
A,CP_MEUR,L,D1,BG,2019,329.0 ,329.0,,compensation
A,CP_MEUR,L,D1,CZ,2019,1159.1 ,1159.1,,compensation
A,CP_MEUR,L,D1,DE,2019,18789.0 ,18789.0,,compensation
A,CP_MEUR,L,D1,EE,2019,199.5 ,199.5,,compensation
A,CP_MEUR,L,D1,ES,2019,5656.0 ,5656.0,,compensation
A,CP_MEUR,L,D1,FI,2019,1145.0 ,1145.0,,compensation
A,CP_MEUR,L,D1,FR,2019,18925.4 ,18925.4,,compensation
A,CP_MEUR,L,D1,HU,2019,698.9 ,698.9,,compensation
A,CP_MEUR,L,D1,IT,2019,2564.0 ,2564.0,,compensation
A,CP_MEUR,L,D1,LV,2019,358.1 ,358.1,,compensation
A,CP_MEUR,L,D1,NL,2019,3942.0 ,3942.0,,compensation
A,CP_MEUR,L,D1,NO,2019,1985.2 ,1985.2,,compensation
A,CP_MEUR,L,D1,PL,2019,2804.1 ,2804.1,,compensation
A,CP_MEUR,L,D1,PT,2019,846.2 ,846.2,,compensation
A,CP_MEUR,L,D1,RO,2019,497.1 ,497.1,,compensation
A,CP_MEUR,L,D1,SE,2019,3899.2 ,3899.2,,compensation
A,CP_MEUR,L,D1,SI,2019,157.9 ,157.9,,compensation
A,CP_MEUR,L,D1,SK,2019,428.4 ,428.4,,compensation
A,CP_MEUR,L,P1,AT,2019,52529.2 ,52529.2,,output
A,CP_MEUR,L,P1,BE,2019,54845.0 ,54845.0,,output
A,CP_MEUR,L,P1,BG,2019,7096.7 ,7096.7,,output
A,CP_MEUR,L,P1,CZ,2019,40569.0 ,40569.0,,output
A,CP_MEUR,L,P1,DE,2019,463317.0 ,463317.0,,output
A,CP_MEUR,L,P1,EE,2019,4195.2 ,4195.2,,output
A,CP_MEUR,L,P1,ES,2019,155988.0 ,155988.0,,output
A,CP_MEUR,L,P1,FI,2019,35640.0 ,35640.0,,output
A,CP_MEUR,L,P1,FR,2019,360676.5 ,360676.5,,output
A,CP_MEUR,L,P1,HU,2019,17163.0 ,17163.0,,output
A,CP_MEUR,L,P1,IT,2019,248585.9 ,248585.9,,output
A,CP_MEUR,L,P1,LV,2019,3336.0 ,3336.0,,output
A,CP_MEUR,L,P1,NL,2019,91215.0 ,91215.0,,output
A,CP_MEUR,L,P1,NO,2019,52852.7 ,52852.7,,output
A,CP_MEUR,L,P1,PL,2019,48375.4 ,48375.4,,output
A,CP_MEUR,L,P1,PT,2019,27269.7 ,27269.7,,output
A,CP_MEUR,L,P1,RO,2019,22574.5 ,22574.5,,output
A,CP_MEUR,L,P1,SE,2019,67214.5 ,67214.5,,output
A,CP_MEUR,L,P1,SI,2019,3628.4 ,3628.4,,output
A,CP_MEUR,L,P1,SK,2019,11501.8 ,11501.8,,output
A,CP_MEUR,M,B1G,AT,2019,19714.5 ,19714.5,,gross_value_added
A,CP_MEUR,M,B1G,BE,2019,43405.3 ,43405.3,,gross_value_added
A,CP_MEUR,M,B1G,BG,2019,2301.7 ,2301.7,,gross_value_added
A,CP_MEUR,M,B1G,CZ,2019,10707.9 ,10707.9,,gross_value_added
A,CP_MEUR,M,B1G,DE,2019,212244.0 ,212244.0,,gross_value_added
A,CP_MEUR,M,B1G,EE,2019,1310.4 ,1310.4,,gross_value_added
A,CP_MEUR,M,B1G,ES,2019,55962.0 ,55962.0,,gross_value_added
A,CP_MEUR,M,B1G,FI,2019,10861.0 ,10861.0,,gross_value_added
A,CP_MEUR,M,B1G,FR,2019,185584.3 ,185584.3,,gross_value_added
A,CP_MEUR,M,B1G,HU,2019,7810.2 ,7810.2,,gross_value_added
A,CP_MEUR,M,B1G,IT,2019,102475.2 ,102475.2,,gross_value_added
A,CP_MEUR,M,B1G,LV,2019,1227.8 ,1227.8,,gross_value_added
A,CP_MEUR,M,B1G,NL,2019,65436.0 ,65436.0,,gross_value_added
A,CP_MEUR,M,B1G,NO,2019,16466.9 ,16466.9,,gross_value_added
A,CP_MEUR,M,B1G,PL,2019,27117.2 ,27117.2,,gross_value_added
A,CP_MEUR,M,B1G,PT,2019,7972.0 ,7972.0,,gross_value_added
A,CP_MEUR,M,B1G,RO,2019,11479.3 ,11479.3,,gross_value_added
A,CP_MEUR,M,B1G,SE,2019,33038.6 ,33038.6,,gross_value_added
A,CP_MEUR,M,B1G,SI,2019,2910.2 ,2910.2,,gross_value_added
A,CP_MEUR,M,B1G,SK,2019,5088.8 ,5088.8,,gross_value_added
A,CP_MEUR,M,B2A3N,AT,2019,5220.9 ,5220.9,,net_operating_surplus_mixed_income
A,CP_MEUR,M,B2A3N,BE,2019,24722.8 ,24722.8,,net_operating_surplus_mixed_income
A,CP_MEUR,M,B2A3N,BG,2019,798.5 ,798.5,,net_operating_surplus_mixed_income
A,CP_MEUR,M,B2A3N,CZ,2019,3354.7 ,3354.7,,net_operating_surplus_mixed_income
A,CP_MEUR,M,B2A3N,DE,2019,47796.0 ,47796.0,,net_operating_surplus_mixed_income
A,CP_MEUR,M,B2A3N,EE,2019,350.3 ,350.3,,net_operating_surplus_mixed_income
A,CP_MEUR,M,B2A3N,ES,2019,10719.0 ,10719.0,,net_operating_surplus_mixed_income
A,CP_MEUR,M,B2A3N,FI,2019,1898.0 ,1898.0,,net_operating_surplus_mixed_income
A,CP_MEUR,M,B2A3N,FR,2019,21648.5 ,21648.5,,net_operating_surplus_mixed_income
A,CP_MEUR,M,B2A3N,HU,2019,2688.8 ,2688.8,,net_operating_surplus_mixed_income
A,CP_MEUR,M,B2A3N,IT,2019,57159.6 ,57159.6,,net_operating_surplus_mixed_income
A,CP_MEUR,M,B2A3N,LV,2019,289.2 ,289.2,,net_operating_surplus_mixed_income
A,CP_MEUR,M,B2A3N,NL,2019,22185.0 ,22185.0,,net_operating_surplus_mixed_income
A,CP_MEUR,M,B2A3N,NO,2019,4071.5 ,4071.5,,net_operating_surplus_mixed_income
A,CP_MEUR,M,B2A3N,PL,2019,15168.9 ,15168.9,,net_operating_surplus_mixed_income
A,CP_MEUR,M,B2A3N,PT,2019,1735.3 ,1735.3,,net_operating_surplus_mixed_income
A,CP_MEUR,M,B2A3N,RO,2019,6653.7 ,6653.7,,net_operating_surplus_mixed_income
A,CP_MEUR,M,B2A3N,SE,2019,3656.2 ,3656.2,,net_operating_surplus_mixed_income
A,CP_MEUR,M,B2A3N,SI,2019,848.1 ,848.1,,net_operating_surplus_mixed_income
A,CP_MEUR,M,B2A3N,SK,2019,2609.1 ,2609.1,,net_operating_surplus_mixed_income
A,CP_MEUR,M,D1,AT,2019,11410.1 ,11410.1,,compensation
A,CP_MEUR,M,D1,BE,2019,13605.9 ,13605.9,,compensation
A,CP_MEUR,M,D1,BG,2019,1338.0 ,1338.0,,compensation
A,CP_MEUR,M,D1,CZ,2019,5634.3 ,5634.3,,compensation
A,CP_MEUR,M,D1,DE,2019,145151.0 ,145151.0,,compensation
A,CP_MEUR,M,D1,EE,2019,712.1 ,712.1,,compensation
A,CP_MEUR,M,D1,ES,2019,34438.0 ,34438.0,,compensation
A,CP_MEUR,M,D1,FI,2019,7643.0 ,7643.0,,compensation
A,CP_MEUR,M,D1,FR,2019,122140.1 ,122140.1,,compensation
A,CP_MEUR,M,D1,HU,2019,4080.6 ,4080.6,,compensation
A,CP_MEUR,M,D1,IT,2019,30826.0 ,30826.0,,compensation
A,CP_MEUR,M,D1,LV,2019,762.7 ,762.7,,compensation
A,CP_MEUR,M,D1,NL,2019,39029.0 ,39029.0,,compensation
A,CP_MEUR,M,D1,NO,2019,10719.6 ,10719.6,,compensation
A,CP_MEUR,M,D1,PL,2019,10105.2 ,10105.2,,compensation
A,CP_MEUR,M,D1,PT,2019,5054.8 ,5054.8,,compensation
A,CP_MEUR,M,D1,RO,2019,3984.0 ,3984.0,,compensation
A,CP_MEUR,M,D1,SE,2019,20349.7 ,20349.7,,compensation
A,CP_MEUR,M,D1,SI,2019,1640.9 ,1640.9,,compensation
A,CP_MEUR,M,D1,SK,2019,2063.3 ,2063.3,,compensation
A,CP_MEUR,M,P1,AT,2019,39625.9 ,39625.9,,output
A,CP_MEUR,M,P1,BE,2019,90786.4 ,90786.4,,output
A,CP_MEUR,M,P1,BG,2019,4480.6 ,4480.6,,output
A,CP_MEUR,M,P1,CZ,2019,23602.2 ,23602.2,,output
A,CP_MEUR,M,P1,DE,2019,409296.0 ,409296.0,,output
A,CP_MEUR,M,P1,EE,2019,2433.5 ,2433.5,,output
A,CP_MEUR,M,P1,ES,2019,107847.0 ,107847.0,,output
A,CP_MEUR,M,P1,FI,2019,19598.0 ,19598.0,,output
A,CP_MEUR,M,P1,FR,2019,348069.8 ,348069.8,,output
A,CP_MEUR,M,P1,HU,2019,12664.0 ,12664.0,,output
A,CP_MEUR,M,P1,IT,2019,183514.6 ,183514.6,,output
A,CP_MEUR,M,P1,LV,2019,2102.0 ,2102.0,,output
A,CP_MEUR,M,P1,NL,2019,136495.0 ,136495.0,,output
A,CP_MEUR,M,P1,NO,2019,30121.2 ,30121.2,,output
A,CP_MEUR,M,P1,PL,2019,48417.0 ,48417.0,,output
A,CP_MEUR,M,P1,PT,2019,15872.7 ,15872.7,,output
A,CP_MEUR,M,P1,RO,2019,22305.9 ,22305.9,,output
A,CP_MEUR,M,P1,SE,2019,60975.7 ,60975.7,,output
A,CP_MEUR,M,P1,SI,2019,5792.6 ,5792.6,,output
A,CP_MEUR,M,P1,SK,2019,10006.9 ,10006.9,,output
A,CP_MEUR,N,B1G,AT,2019,16154.8 ,16154.8,,gross_value_added
A,CP_MEUR,N,B1G,BE,2019,22456.1 ,22456.1,,gross_value_added
A,CP_MEUR,N,B1G,BG,2019,1445.5 ,1445.5,,gross_value_added
A,CP_MEUR,N,B1G,CZ,2019,4006.7 ,4006.7,,gross_value_added
A,CP_MEUR,N,B1G,DE,2019,155864.0 ,155864.0,,gross_value_added
A,CP_MEUR,N,B1G,EE,2019,964.9 ,964.9,,gross_value_added
A,CP_MEUR,N,B1G,ES,2019,47700.0 ,47700.0,,gross_value_added
A,CP_MEUR,N,B1G,FI,2019,8137.0 ,8137.0,,gross_value_added
A,CP_MEUR,N,B1G,FR,2019,125806.9 ,125806.9,,gross_value_added
A,CP_MEUR,N,B1G,HU,2019,4852.1 ,4852.1,,gross_value_added
A,CP_MEUR,N,B1G,IT,2019,59155.8 ,59155.8,,gross_value_added
A,CP_MEUR,N,B1G,LV,2019,823.5 ,823.5,,gross_value_added
A,CP_MEUR,N,B1G,NL,2019,58358.0 ,58358.0,,gross_value_added
A,CP_MEUR,N,B1G,NO,2019,10087.3 ,10087.3,,gross_value_added
A,CP_MEUR,N,B1G,PL,2019,15071.0 ,15071.0,,gross_value_added
A,CP_MEUR,N,B1G,PT,2019,7453.6 ,7453.6,,gross_value_added
A,CP_MEUR,N,B1G,RO,2019,5869.6 ,5869.6,,gross_value_added
A,CP_MEUR,N,B1G,SE,2019,14995.8 ,14995.8,,gross_value_added
A,CP_MEUR,N,B1G,SI,2019,1280.7 ,1280.7,,gross_value_added
A,CP_MEUR,N,B1G,SK,2019,2686.9 ,2686.9,,gross_value_added
A,CP_MEUR,N,B2A3N,AT,2019,1746.9 ,1746.9,,net_operating_surplus_mixed_income
A,CP_MEUR,N,B2A3N,BE,2019,2591.1 ,2591.1,,net_operating_surplus_mixed_income
A,CP_MEUR,N,B2A3N,BG,2019,213.6 ,213.6,,net_operating_surplus_mixed_income
A,CP_MEUR,N,B2A3N,CZ,2019,881.1 ,881.1,,net_operating_surplus_mixed_income
A,CP_MEUR,N,B2A3N,DE,2019,13371.0 ,13371.0,,net_operating_surplus_mixed_income
A,CP_MEUR,N,B2A3N,EE,2019,274.9 ,274.9,,net_operating_surplus_mixed_income
A,CP_MEUR,N,B2A3N,ES,2019,10977.0 ,10977.0,,net_operating_surplus_mixed_income
A,CP_MEUR,N,B2A3N,FI,2019,1339.0 ,1339.0,,net_operating_surplus_mixed_income
A,CP_MEUR,N,B2A3N,FR,2019,14703.4 ,14703.4,,net_operating_surplus_mixed_income
A,CP_MEUR,N,B2A3N,HU,2019,1110.0 ,1110.0,,net_operating_surplus_mixed_income
A,CP_MEUR,N,B2A3N,IT,2019,16635.1 ,16635.1,,net_operating_surplus_mixed_income
A,CP_MEUR,N,B2A3N,LV,2019,159.7 ,159.7,,net_operating_surplus_mixed_income
A,CP_MEUR,N,B2A3N,NL,2019,17787.0 ,17787.0,,net_operating_surplus_mixed_income
A,CP_MEUR,N,B2A3N,NO,2019,2008.6 ,2008.6,,net_operating_surplus_mixed_income
A,CP_MEUR,N,B2A3N,PL,2019,6491.5 ,6491.5,,net_operating_surplus_mixed_income
A,CP_MEUR,N,B2A3N,PT,2019,1370.8 ,1370.8,,net_operating_surplus_mixed_income
A,CP_MEUR,N,B2A3N,RO,2019,1959.1 ,1959.1,,net_operating_surplus_mixed_income
A,CP_MEUR,N,B2A3N,SE,2019,811.2 ,811.2,,net_operating_surplus_mixed_income
A,CP_MEUR,N,B2A3N,SI,2019,109.0 ,109.0,,net_operating_surplus_mixed_income
A,CP_MEUR,N,B2A3N,SK,2019,1191.8 ,1191.8,,net_operating_surplus_mixed_income
A,CP_MEUR,N,D1,AT,2019,8936.1 ,8936.1,,compensation
A,CP_MEUR,N,D1,BE,2019,16382.4 ,16382.4,,compensation
A,CP_MEUR,N,D1,BG,2019,942.3 ,942.3,,compensation
A,CP_MEUR,N,D1,CZ,2019,2349.0 ,2349.0,,compensation
A,CP_MEUR,N,D1,DE,2019,91576.0 ,91576.0,,compensation
A,CP_MEUR,N,D1,EE,2019,551.6 ,551.6,,compensation
A,CP_MEUR,N,D1,ES,2019,31365.0 ,31365.0,,compensation
A,CP_MEUR,N,D1,FI,2019,6127.0 ,6127.0,,compensation
A,CP_MEUR,N,D1,FR,2019,85515.6 ,85515.6,,compensation
A,CP_MEUR,N,D1,HU,2019,3134.6 ,3134.6,,compensation
A,CP_MEUR,N,D1,IT,2019,34357.9 ,34357.9,,compensation
A,CP_MEUR,N,D1,LV,2019,532.0 ,532.0,,compensation
A,CP_MEUR,N,D1,NL,2019,32845.0 ,32845.0,,compensation
A,CP_MEUR,N,D1,NO,2019,6802.2 ,6802.2,,compensation
A,CP_MEUR,N,D1,PL,2019,7707.6 ,7707.6,,compensation
A,CP_MEUR,N,D1,PT,2019,4966.2 ,4966.2,,compensation
A,CP_MEUR,N,D1,RO,2019,3224.9 ,3224.9,,compensation
A,CP_MEUR,N,D1,SE,2019,11048.4 ,11048.4,,compensation
A,CP_MEUR,N,D1,SI,2019,1066.3 ,1066.3,,compensation
A,CP_MEUR,N,D1,SK,2019,1245.8 ,1245.8,,compensation
A,CP_MEUR,N,P1,AT,2019,24546.0 ,24546.0,,output
A,CP_MEUR,N,P1,BE,2019,44235.1 ,44235.1,,output
A,CP_MEUR,N,P1,BG,2019,3000.4 ,3000.4,,output
A,CP_MEUR,N,P1,CZ,2019,12122.8 ,12122.8,,output
A,CP_MEUR,N,P1,DE,2019,280184.0 ,280184.0,,output
A,CP_MEUR,N,P1,EE,2019,1739.7 ,1739.7,,output
A,CP_MEUR,N,P1,ES,2019,85730.0 ,85730.0,,output
A,CP_MEUR,N,P1,FI,2019,13969.0 ,13969.0,,output
A,CP_MEUR,N,P1,FR,2019,234440.7 ,234440.7,,output
A,CP_MEUR,N,P1,HU,2019,8143.5 ,8143.5,,output
A,CP_MEUR,N,P1,IT,2019,125297.4 ,125297.4,,output
A,CP_MEUR,N,P1,LV,2019,1622.0 ,1622.0,,output
A,CP_MEUR,N,P1,NL,2019,96912.0 ,96912.0,,output
A,CP_MEUR,N,P1,NO,2019,19604.1 ,19604.1,,output
A,CP_MEUR,N,P1,PL,2019,28777.9 ,28777.9,,output
A,CP_MEUR,N,P1,PT,2019,12010.2 ,12010.2,,output
A,CP_MEUR,N,P1,RO,2019,10172.6 ,10172.6,,output
A,CP_MEUR,N,P1,SE,2019,28808.1 ,28808.1,,output
A,CP_MEUR,N,P1,SI,2019,2255.2 ,2255.2,,output
A,CP_MEUR,N,P1,SK,2019,6225.3 ,6225.3,,output
A,CP_MEUR,B,B1G,AT,2020,758.7 ,758.7,,gross_value_added
A,CP_MEUR,B,B1G,BE,2020,265.1 ,265.1,,gross_value_added
A,CP_MEUR,B,B1G,BG,2020,921.9 ,921.9,,gross_value_added
A,CP_MEUR,B,B1G,CZ,2020,1005.9 ,1005.9,,gross_value_added
A,CP_MEUR,B,B1G,DE,2020,4416.0 ,4416.0,,gross_value_added
A,CP_MEUR,B,B1G,EE,2020,166.7 ,166.7,,gross_value_added
A,CP_MEUR,B,B1G,ES,2020,2492.0 ,2492.0,,gross_value_added
A,CP_MEUR,B,B1G,FI,2020,964.0 ,964.0,,gross_value_added
A,CP_MEUR,B,B1G,FR,2020,2003.5 ,2003.5,,gross_value_added
A,CP_MEUR,B,B1G,HU,2020,299.0 ,299.0,,gross_value_added
A,CP_MEUR,B,B1G,IT,2020,2691.4 ,2691.4,,gross_value_added
A,CP_MEUR,B,B1G,LV,2020,138.3 ,138.3,,gross_value_added
A,CP_MEUR,B,B1G,NL,2020,3165.0 ,3165.0,,gross_value_added
A,CP_MEUR,B,B1G,NO,2020,38918.3 ,38918.3,,gross_value_added
A,CP_MEUR,B,B1G,PL,2020,6880.0 ,6880.0,,gross_value_added
A,CP_MEUR,B,B1G,PT,2020,524.8 ,524.8,,gross_value_added
A,CP_MEUR,B,B1G,RO,2020,1834.0 ,1834.0,,gross_value_added
A,CP_MEUR,B,B1G,SE,2020,2959.6 ,2959.6,,gross_value_added
A,CP_MEUR,B,B1G,SI,2020,130.0 ,130.0,,gross_value_added
A,CP_MEUR,B,B1G,SK,2020,161.8 ,161.8,,gross_value_added
A,CP_MEUR,B,B2A3N,AT,2020,92.1 ,92.1,,net_operating_surplus_mixed_income
A,CP_MEUR,B,B2A3N,BE,2020,1.0 ,1.0,,net_operating_surplus_mixed_income
A,CP_MEUR,B,B2A3N,BG,2020,376.5 ,376.5,,net_operating_surplus_mixed_income
A,CP_MEUR,B,B2A3N,CZ,2020,-81.0 ,-81.0,,net_operating_surplus_mixed_income
A,CP_MEUR,B,B2A3N,DE,2020,2031.0 ,2031.0,,net_operating_surplus_mixed_income
A,CP_MEUR,B,B2A3N,EE,2020,41.7 ,41.7,,net_operating_surplus_mixed_income
A,CP_MEUR,B,B2A3N,ES,2020,926.0 ,926.0,,net_operating_surplus_mixed_income
A,CP_MEUR,B,B2A3N,FI,2020,258.0 ,258.0,,net_operating_surplus_mixed_income
A,CP_MEUR,B,B2A3N,FR,2020,-432.0 ,-432.0,,net_operating_surplus_mixed_income
A,CP_MEUR,B,B2A3N,HU,2020,119.8 ,119.8,,net_operating_surplus_mixed_income
A,CP_MEUR,B,B2A3N,IT,2020,-1239.9 ,-1239.9,,net_operating_surplus_mixed_income
A,CP_MEUR,B,B2A3N,LV,2020,51.6 ,51.6,,net_operating_surplus_mixed_income
A,CP_MEUR,B,B2A3N,NL,2020,-41.0 ,-41.0,,net_operating_surplus_mixed_income
A,CP_MEUR,B,B2A3N,NO,2020,15364.3 ,15364.3,,net_operating_surplus_mixed_income
A,CP_MEUR,B,B2A3N,PL,2020,1044.6 ,1044.6,,net_operating_surplus_mixed_income
A,CP_MEUR,B,B2A3N,PT,2020,95.3 ,95.3,,net_operating_surplus_mixed_income
A,CP_MEUR,B,B2A3N,RO,2020,-538.4 ,-538.4,,net_operating_surplus_mixed_income
A,CP_MEUR,B,B2A3N,SE,2020,1272.4 ,1272.4,,net_operating_surplus_mixed_income
A,CP_MEUR,B,B2A3N,SI,2020,6.2 ,6.2,,net_operating_surplus_mixed_income
A,CP_MEUR,B,B2A3N,SK,2020,9.3 ,9.3,,net_operating_surplus_mixed_income
A,CP_MEUR,B,D1,AT,2020,391.7 ,391.7,,compensation
A,CP_MEUR,B,D1,BE,2020,170.8 ,170.8,,compensation
A,CP_MEUR,B,D1,BG,2020,347.3 ,347.3,,compensation
A,CP_MEUR,B,D1,CZ,2020,610.8 ,610.8,,compensation
A,CP_MEUR,B,D1,DE,2020,3095.0 ,3095.0,,compensation
A,CP_MEUR,B,D1,EE,2020,74.2 ,74.2,,compensation
A,CP_MEUR,B,D1,ES,2020,849.0 ,849.0,,compensation
A,CP_MEUR,B,D1,FI,2020,391.0 ,391.0,,compensation
A,CP_MEUR,B,D1,FR,2020,1060.8 ,1060.8,,compensation
A,CP_MEUR,B,D1,HU,2020,88.2 ,88.2,,compensation
A,CP_MEUR,B,D1,IT,2020,1142.7 ,1142.7,,compensation
A,CP_MEUR,B,D1,LV,2020,60.0 ,60.0,,compensation
A,CP_MEUR,B,D1,NL,2020,999.0 ,999.0,,compensation
A,CP_MEUR,B,D1,NO,2020,7635.6 ,7635.6,,compensation
A,CP_MEUR,B,D1,PL,2020,4024.8 ,4024.8,,compensation
A,CP_MEUR,B,D1,PT,2020,253.9 ,253.9,,compensation
A,CP_MEUR,B,D1,RO,2020,891.1 ,891.1,,compensation
A,CP_MEUR,B,D1,SE,2020,639.3 ,639.3,,compensation
A,CP_MEUR,B,D1,SI,2020,88.8 ,88.8,,compensation
A,CP_MEUR,B,D1,SK,2020,107.7 ,107.7,,compensation
A,CP_MEUR,B,P1,AT,2020,1672.0 ,1672.0,,output
A,CP_MEUR,B,P1,BE,2020,779.2 ,779.2,,output
A,CP_MEUR,B,P1,BG,2020,1628.7 ,1628.7,,output
A,CP_MEUR,B,P1,CZ,2020,2206.7 ,2206.7,,output
A,CP_MEUR,B,P1,DE,2020,10321.0 ,10321.0,,output
A,CP_MEUR,B,P1,EE,2020,359.2 ,359.2,,output
A,CP_MEUR,B,P1,ES,2020,5175.0 ,5175.0,,output
A,CP_MEUR,B,P1,FI,2020,2527.0 ,2527.0,,output
A,CP_MEUR,B,P1,FR,2020,5278.3 ,5278.3,,output
A,CP_MEUR,B,P1,HU,2020,577.4 ,577.4,,output
A,CP_MEUR,B,P1,IT,2020,7068.1 ,7068.1,,output
A,CP_MEUR,B,P1,LV,2020,309.6 ,309.6,,output
A,CP_MEUR,B,P1,NL,2020,6946.0 ,6946.0,,output
A,CP_MEUR,B,P1,NO,2020,52436.4 ,52436.4,,output
A,CP_MEUR,B,P1,PL,2020,12250.1 ,12250.1,,output
A,CP_MEUR,B,P1,PT,2020,1220.4 ,1220.4,,output
A,CP_MEUR,B,P1,RO,2020,3000.3 ,3000.3,,output
A,CP_MEUR,B,P1,SE,2020,5606.2 ,5606.2,,output
A,CP_MEUR,B,P1,SI,2020,291.6 ,291.6,,output
A,CP_MEUR,B,P1,SK,2020,360.1 ,360.1,,output
A,CP_MEUR,C,B1G,AT,2020,63122.6 ,63122.6,,gross_value_added
A,CP_MEUR,C,B1G,BE,2020,55705.8 ,55705.8,,gross_value_added
A,CP_MEUR,C,B1G,BG,2020,7969.6 ,7969.6,,gross_value_added
A,CP_MEUR,C,B1G,CZ,2020,45817.6 ,45817.6,,gross_value_added
A,CP_MEUR,C,B1G,DE,2020,640044.0 ,640044.0,,gross_value_added
A,CP_MEUR,C,B1G,EE,2020,3508.0 ,3508.0,,gross_value_added
A,CP_MEUR,C,B1G,ES,2020,122556.0 ,122556.0,,gross_value_added
A,CP_MEUR,C,B1G,FI,2020,34331.0 ,34331.0,,gross_value_added
A,CP_MEUR,C,B1G,FR,2020,214340.1 ,214340.1,,gross_value_added
A,CP_MEUR,C,B1G,HU,2020,24003.0 ,24003.0,,gross_value_added
A,CP_MEUR,C,B1G,IT,2020,240676.8 ,240676.8,,gross_value_added
A,CP_MEUR,C,B1G,LV,2020,3355.7 ,3355.7,,gross_value_added
A,CP_MEUR,C,B1G,NL,2020,85598.0 ,85598.0,,gross_value_added
A,CP_MEUR,C,B1G,NO,2020,21608.6 ,21608.6,,gross_value_added
A,CP_MEUR,C,B1G,PL,2020,86200.5 ,86200.5,,gross_value_added
A,CP_MEUR,C,B1G,PT,2020,24304.9 ,24304.9,,gross_value_added
A,CP_MEUR,C,B1G,RO,2020,34990.8 ,34990.8,,gross_value_added
A,CP_MEUR,C,B1G,SE,2020,60505.1 ,60505.1,,gross_value_added
A,CP_MEUR,C,B1G,SI,2020,9589.7 ,9589.7,,gross_value_added
A,CP_MEUR,C,B1G,SK,2020,16544.4 ,16544.4,,gross_value_added
A,CP_MEUR,C,B2A3N,AT,2020,12081.1 ,12081.1,,net_operating_surplus_mixed_income
A,CP_MEUR,C,B2A3N,BE,2020,10279.9 ,10279.9,,net_operating_surplus_mixed_income
A,CP_MEUR,C,B2A3N,BG,2020,1798.7 ,1798.7,,net_operating_surplus_mixed_income
A,CP_MEUR,C,B2A3N,CZ,2020,10435.5 ,10435.5,,net_operating_surplus_mixed_income
A,CP_MEUR,C,B2A3N,DE,2020,80885.0 ,80885.0,,net_operating_surplus_mixed_income
A,CP_MEUR,C,B2A3N,EE,2020,590.1 ,590.1,,net_operating_surplus_mixed_income
A,CP_MEUR,C,B2A3N,ES,2020,25304.0 ,25304.0,,net_operating_surplus_mixed_income
A,CP_MEUR,C,B2A3N,FI,2020,9103.0 ,9103.0,,net_operating_surplus_mixed_income
A,CP_MEUR,C,B2A3N,FR,2020,21390.6 ,21390.6,,net_operating_surplus_mixed_income
A,CP_MEUR,C,B2A3N,HU,2020,5228.1 ,5228.1,,net_operating_surplus_mixed_income
A,CP_MEUR,C,B2A3N,IT,2020,38681.5 ,38681.5,,net_operating_surplus_mixed_income
A,CP_MEUR,C,B2A3N,LV,2020,874.7 ,874.7,,net_operating_surplus_mixed_income
A,CP_MEUR,C,B2A3N,NL,2020,27699.0 ,27699.0,,net_operating_surplus_mixed_income
A,CP_MEUR,C,B2A3N,NO,2020,3154.7 ,3154.7,,net_operating_surplus_mixed_income
A,CP_MEUR,C,B2A3N,PL,2020,28273.2 ,28273.2,,net_operating_surplus_mixed_income
A,CP_MEUR,C,B2A3N,PT,2020,5765.7 ,5765.7,,net_operating_surplus_mixed_income
A,CP_MEUR,C,B2A3N,RO,2020,11157.1 ,11157.1,,net_operating_surplus_mixed_income
A,CP_MEUR,C,B2A3N,SE,2020,12138.8 ,12138.8,,net_operating_surplus_mixed_income
A,CP_MEUR,C,B2A3N,SI,2020,1997.4 ,1997.4,,net_operating_surplus_mixed_income
A,CP_MEUR,C,B2A3N,SK,2020,3345.7 ,3345.7,,net_operating_surplus_mixed_income
A,CP_MEUR,C,D1,AT,2020,37349.6 ,37349.6,,compensation
A,CP_MEUR,C,D1,BE,2020,32296.3 ,32296.3,,compensation
A,CP_MEUR,C,D1,BG,2020,4609.1 ,4609.1,,compensation
A,CP_MEUR,C,D1,CZ,2020,25456.2 ,25456.2,,compensation
A,CP_MEUR,C,D1,DE,2020,434195.0 ,434195.0,,compensation
A,CP_MEUR,C,D1,EE,2020,2354.8 ,2354.8,,compensation
A,CP_MEUR,C,D1,ES,2020,72561.0 ,72561.0,,compensation
A,CP_MEUR,C,D1,FI,2020,17298.0 ,17298.0,,compensation
A,CP_MEUR,C,D1,FR,2020,132682.0 ,132682.0,,compensation
A,CP_MEUR,C,D1,HU,2020,12563.5 ,12563.5,,compensation
A,CP_MEUR,C,D1,IT,2020,138478.9 ,138478.9,,compensation
A,CP_MEUR,C,D1,LV,2020,1888.6 ,1888.6,,compensation
A,CP_MEUR,C,D1,NL,2020,44613.0 ,44613.0,,compensation
A,CP_MEUR,C,D1,NO,2020,14323.8 ,14323.8,,compensation
A,CP_MEUR,C,D1,PL,2020,45369.8 ,45369.8,,compensation
A,CP_MEUR,C,D1,PT,2020,14026.2 ,14026.2,,compensation
A,CP_MEUR,C,D1,RO,2020,15043.7 ,15043.7,,compensation
A,CP_MEUR,C,D1,SE,2020,29158.0 ,29158.0,,compensation
A,CP_MEUR,C,D1,SI,2020,5982.0 ,5982.0,,compensation
A,CP_MEUR,C,D1,SK,2020,9419.5 ,9419.5,,compensation
A,CP_MEUR,C,P1,AT,2020,185798.1 ,185798.1,,output
A,CP_MEUR,C,P1,BE,2020,217065.3 ,217065.3,,output
A,CP_MEUR,C,P1,BG,2020,32664.5 ,32664.5,,output
A,CP_MEUR,C,P1,CZ,2020,166983.4 ,166983.4,,output
A,CP_MEUR,C,P1,DE,2020,1823290.0 ,1823290.0,,output
A,CP_MEUR,C,P1,EE,2020,12841.8 ,12841.8,,output
A,CP_MEUR,C,P1,ES,2020,475873.0 ,475873.0,,output
A,CP_MEUR,C,P1,FI,2020,116043.0 ,116043.0,,output
A,CP_MEUR,C,P1,FR,2020,716362.6 ,716362.6,,output
A,CP_MEUR,C,P1,HU,2020,99242.6 ,99242.6,,output
A,CP_MEUR,C,P1,IT,2020,883618.0 ,883618.0,,output
A,CP_MEUR,C,P1,LV,2020,9936.7 ,9936.7,,output
A,CP_MEUR,C,P1,NL,2020,328849.0 ,328849.0,,output
A,CP_MEUR,C,P1,NO,2020,80470.6 ,80470.6,,output
A,CP_MEUR,C,P1,PL,2020,319268.5 ,319268.5,,output
A,CP_MEUR,C,P1,PT,2020,86894.6 ,86894.6,,output
A,CP_MEUR,C,P1,RO,2020,100589.7 ,100589.7,,output
A,CP_MEUR,C,P1,SE,2020,186950.3 ,186950.3,,output
A,CP_MEUR,C,P1,SI,2020,27777.1 ,27777.1,,output
A,CP_MEUR,C,P1,SK,2020,72221.6 ,72221.6,,output
A,CP_MEUR,D,B1G,AT,2020,6352.2 ,6352.2,,gross_value_added
A,CP_MEUR,D,B1G,BE,2020,6847.3 ,6847.3,,gross_value_added
A,CP_MEUR,D,B1G,BG,2020,1478.3 ,1478.3,,gross_value_added
A,CP_MEUR,D,B1G,CZ,2020,5514.5 ,5514.5,,gross_value_added
A,CP_MEUR,D,B1G,DE,2020,37943.0 ,37943.0,,gross_value_added
A,CP_MEUR,D,B1G,EE,2020,537.1 ,537.1,,gross_value_added
A,CP_MEUR,D,B1G,ES,2020,25900.0 ,25900.0,,gross_value_added
A,CP_MEUR,D,B1G,FI,2020,4780.0 ,4780.0,,gross_value_added
A,CP_MEUR,D,B1G,FR,2020,32241.3 ,32241.3,,gross_value_added
A,CP_MEUR,D,B1G,HU,2020,1935.7 ,1935.7,,gross_value_added
A,CP_MEUR,D,B1G,IT,2020,22419.3 ,22419.3,,gross_value_added
A,CP_MEUR,D,B1G,LV,2020,529.6 ,529.6,,gross_value_added
A,CP_MEUR,D,B1G,NL,2020,10178.0 ,10178.0,,gross_value_added
A,CP_MEUR,D,B1G,NO,2020,4942.9 ,4942.9,,gross_value_added
A,CP_MEUR,D,B1G,PL,2020,14571.9 ,14571.9,,gross_value_added
A,CP_MEUR,D,B1G,PT,2020,3959.1 ,3959.1,,gross_value_added
A,CP_MEUR,D,B1G,RO,2020,5526.1 ,5526.1,,gross_value_added
A,CP_MEUR,D,B1G,SE,2020,9986.9 ,9986.9,,gross_value_added
A,CP_MEUR,D,B1G,SI,2020,949.2 ,949.2,,gross_value_added
A,CP_MEUR,D,B1G,SK,2020,2770.0 ,2770.0,,gross_value_added
A,CP_MEUR,D,B2A3N,AT,2020,1438.4 ,1438.4,,net_operating_surplus_mixed_income
A,CP_MEUR,D,B2A3N,BE,2020,2229.7 ,2229.7,,net_operating_surplus_mixed_income
A,CP_MEUR,D,B2A3N,BG,2020,705.0 ,705.0,,net_operating_surplus_mixed_income
A,CP_MEUR,D,B2A3N,CZ,2020,1326.6 ,1326.6,,net_operating_surplus_mixed_income
A,CP_MEUR,D,B2A3N,DE,2020,31618.0 ,31618.0,,net_operating_surplus_mixed_income
A,CP_MEUR,D,B2A3N,EE,2020,106.5 ,106.5,,net_operating_surplus_mixed_income
A,CP_MEUR,D,B2A3N,ES,2020,12881.0 ,12881.0,,net_operating_surplus_mixed_income
A,CP_MEUR,D,B2A3N,FI,2020,2032.0 ,2032.0,,net_operating_surplus_mixed_income
A,CP_MEUR,D,B2A3N,FR,2020,11208.5 ,11208.5,,net_operating_surplus_mixed_income
A,CP_MEUR,D,B2A3N,HU,2020,349.3 ,349.3,,net_operating_surplus_mixed_income
A,CP_MEUR,D,B2A3N,IT,2020,7178.8 ,7178.8,,net_operating_surplus_mixed_income
A,CP_MEUR,D,B2A3N,LV,2020,50.2 ,50.2,,net_operating_surplus_mixed_income
A,CP_MEUR,D,B2A3N,NL,2020,2843.0 ,2843.0,,net_operating_surplus_mixed_income
A,CP_MEUR,D,B2A3N,NO,2020,1064.6 ,1064.6,,net_operating_surplus_mixed_income
A,CP_MEUR,D,B2A3N,PL,2020,2684.2 ,2684.2,,net_operating_surplus_mixed_income
A,CP_MEUR,D,B2A3N,PT,2020,1754.6 ,1754.6,,net_operating_surplus_mixed_income
A,CP_MEUR,D,B2A3N,RO,2020,2776.5 ,2776.5,,net_operating_surplus_mixed_income
A,CP_MEUR,D,B2A3N,SE,2020,4186.1 ,4186.1,,net_operating_surplus_mixed_income
A,CP_MEUR,D,B2A3N,SI,2020,166.7 ,166.7,,net_operating_surplus_mixed_income
A,CP_MEUR,D,B2A3N,SK,2020,275.0 ,275.0,,net_operating_surplus_mixed_income
A,CP_MEUR,D,D1,AT,2020,2401.6 ,2401.6,,compensation
A,CP_MEUR,D,D1,BE,2020,2016.1 ,2016.1,,compensation
A,CP_MEUR,D,D1,BG,2020,652.7 ,652.7,,compensation
A,CP_MEUR,D,D1,CZ,2020,1244.4 ,1244.4,,compensation
A,CP_MEUR,D,D1,DE,2020,22279.0 ,22279.0,,compensation
A,CP_MEUR,D,D1,EE,2020,153.6 ,153.6,,compensation
A,CP_MEUR,D,D1,ES,2020,2746.0 ,2746.0,,compensation
A,CP_MEUR,D,D1,FI,2020,900.0 ,900.0,,compensation
A,CP_MEUR,D,D1,FR,2020,12398.9 ,12398.9,,compensation
A,CP_MEUR,D,D1,HU,2020,673.2 ,673.2,,compensation
A,CP_MEUR,D,D1,IT,2020,5140.6 ,5140.6,,compensation
A,CP_MEUR,D,D1,LV,2020,232.5 ,232.5,,compensation
A,CP_MEUR,D,D1,NL,2020,2306.0 ,2306.0,,compensation
A,CP_MEUR,D,D1,NO,2020,1568.4 ,1568.4,,compensation
A,CP_MEUR,D,D1,PL,2020,3463.0 ,3463.0,,compensation
A,CP_MEUR,D,D1,PT,2020,483.5 ,483.5,,compensation
A,CP_MEUR,D,D1,RO,2020,1428.3 ,1428.3,,compensation
A,CP_MEUR,D,D1,SE,2020,2030.4 ,2030.4,,compensation
A,CP_MEUR,D,D1,SI,2020,357.2 ,357.2,,compensation
A,CP_MEUR,D,D1,SK,2020,588.0 ,588.0,,compensation
A,CP_MEUR,D,P1,AT,2020,30405.7 ,30405.7,,output
A,CP_MEUR,D,P1,BE,2020,14670.6 ,14670.6,,output
A,CP_MEUR,D,P1,BG,2020,3698.0 ,3698.0,,output
A,CP_MEUR,D,P1,CZ,2020,12864.1 ,12864.1,,output
A,CP_MEUR,D,P1,DE,2020,136810.0 ,136810.0,,output
A,CP_MEUR,D,P1,EE,2020,1271.0 ,1271.0,,output
A,CP_MEUR,D,P1,ES,2020,56785.0 ,56785.0,,output
A,CP_MEUR,D,P1,FI,2020,9002.0 ,9002.0,,output
A,CP_MEUR,D,P1,FR,2020,115129.6 ,115129.6,,output
A,CP_MEUR,D,P1,HU,2020,4442.3 ,4442.3,,output
A,CP_MEUR,D,P1,IT,2020,75395.6 ,75395.6,,output
A,CP_MEUR,D,P1,LV,2020,1690.1 ,1690.1,,output
A,CP_MEUR,D,P1,NL,2020,18573.0 ,18573.0,,output
A,CP_MEUR,D,P1,NO,2020,6688.7 ,6688.7,,output
A,CP_MEUR,D,P1,PL,2020,26017.6 ,26017.6,,output
A,CP_MEUR,D,P1,PT,2020,14446.4 ,14446.4,,output
A,CP_MEUR,D,P1,RO,2020,14664.0 ,14664.0,,output
A,CP_MEUR,D,P1,SE,2020,18459.6 ,18459.6,,output
A,CP_MEUR,D,P1,SI,2020,1929.8 ,1929.8,,output
A,CP_MEUR,D,P1,SK,2020,10590.9 ,10590.9,,output
A,CP_MEUR,E,B1G,AT,2020,3556.2 ,3556.2,,gross_value_added
A,CP_MEUR,E,B1G,BE,2020,3997.7 ,3997.7,,gross_value_added
A,CP_MEUR,E,B1G,BG,2020,570.4 ,570.4,,gross_value_added
A,CP_MEUR,E,B1G,CZ,2020,1985.0 ,1985.0,,gross_value_added
A,CP_MEUR,E,B1G,DE,2020,34484.0 ,34484.0,,gross_value_added
A,CP_MEUR,E,B1G,EE,2020,178.6 ,178.6,,gross_value_added
A,CP_MEUR,E,B1G,ES,2020,12543.0 ,12543.0,,gross_value_added
A,CP_MEUR,E,B1G,FI,2020,1827.0 ,1827.0,,gross_value_added
A,CP_MEUR,E,B1G,FR,2020,12653.1 ,12653.1,,gross_value_added
A,CP_MEUR,E,B1G,HU,2020,923.1 ,923.1,,gross_value_added
A,CP_MEUR,E,B1G,IT,2020,17006.4 ,17006.4,,gross_value_added
A,CP_MEUR,E,B1G,LV,2020,238.0 ,238.0,,gross_value_added
A,CP_MEUR,E,B1G,NL,2020,4290.0 ,4290.0,,gross_value_added
A,CP_MEUR,E,B1G,NO,2020,2230.9 ,2230.9,,gross_value_added
A,CP_MEUR,E,B1G,PL,2020,6413.0 ,6413.0,,gross_value_added
A,CP_MEUR,E,B1G,PT,2020,1848.3 ,1848.3,,gross_value_added
A,CP_MEUR,E,B1G,RO,2020,1912.0 ,1912.0,,gross_value_added
A,CP_MEUR,E,B1G,SE,2020,2616.3 ,2616.3,,gross_value_added
A,CP_MEUR,E,B1G,SI,2020,408.0 ,408.0,,gross_value_added
A,CP_MEUR,E,B1G,SK,2020,845.2 ,845.2,,gross_value_added
A,CP_MEUR,E,B2A3N,AT,2020,762.2 ,762.2,,net_operating_surplus_mixed_income
A,CP_MEUR,E,B2A3N,BE,2020,338.8 ,338.8,,net_operating_surplus_mixed_income
A,CP_MEUR,E,B2A3N,BG,2020,113.3 ,113.3,,net_operating_surplus_mixed_income
A,CP_MEUR,E,B2A3N,CZ,2020,185.7 ,185.7,,net_operating_surplus_mixed_income
A,CP_MEUR,E,B2A3N,DE,2020,4113.0 ,4113.0,,net_operating_surplus_mixed_income
A,CP_MEUR,E,B2A3N,EE,2020,3.2 ,3.2,,net_operating_surplus_mixed_income
A,CP_MEUR,E,B2A3N,ES,2020,2231.0 ,2231.0,,net_operating_surplus_mixed_income
A,CP_MEUR,E,B2A3N,FI,2020,575.0 ,575.0,,net_operating_surplus_mixed_income
A,CP_MEUR,E,B2A3N,FR,2020,-236.9 ,-236.9,,net_operating_surplus_mixed_income
A,CP_MEUR,E,B2A3N,HU,2020,-230.6 ,-230.6,,net_operating_surplus_mixed_income
A,CP_MEUR,E,B2A3N,IT,2020,1500.2 ,1500.2,,net_operating_surplus_mixed_income
A,CP_MEUR,E,B2A3N,LV,2020,-15.6 ,-15.6,,net_operating_surplus_mixed_income
A,CP_MEUR,E,B2A3N,NL,2020,735.0 ,735.0,,net_operating_surplus_mixed_income
A,CP_MEUR,E,B2A3N,NO,2020,111.3 ,111.3,,net_operating_surplus_mixed_income
A,CP_MEUR,E,B2A3N,PL,2020,1774.0 ,1774.0,,net_operating_surplus_mixed_income
A,CP_MEUR,E,B2A3N,PT,2020,434.0 ,434.0,,net_operating_surplus_mixed_income
A,CP_MEUR,E,B2A3N,RO,2020,212.4 ,212.4,,net_operating_surplus_mixed_income
A,CP_MEUR,E,B2A3N,SE,2020,-280.4 ,-280.4,,net_operating_surplus_mixed_income
A,CP_MEUR,E,B2A3N,SI,2020,-40.5 ,-40.5,,net_operating_surplus_mixed_income
A,CP_MEUR,E,B2A3N,SK,2020,-84.2 ,-84.2,,net_operating_surplus_mixed_income
A,CP_MEUR,E,D1,AT,2020,1316.8 ,1316.8,,compensation
A,CP_MEUR,E,D1,BE,2020,2223.3 ,2223.3,,compensation
A,CP_MEUR,E,D1,BG,2020,323.0 ,323.0,,compensation
A,CP_MEUR,E,D1,CZ,2020,1133.2 ,1133.2,,compensation
A,CP_MEUR,E,D1,DE,2020,14778.0 ,14778.0,,compensation
A,CP_MEUR,E,D1,EE,2020,84.4 ,84.4,,compensation
A,CP_MEUR,E,D1,ES,2020,7115.0 ,7115.0,,compensation
A,CP_MEUR,E,D1,FI,2020,647.0 ,647.0,,compensation
A,CP_MEUR,E,D1,FR,2020,6658.0 ,6658.0,,compensation
A,CP_MEUR,E,D1,HU,2020,699.4 ,699.4,,compensation
A,CP_MEUR,E,D1,IT,2020,9511.2 ,9511.2,,compensation
A,CP_MEUR,E,D1,LV,2020,124.9 ,124.9,,compensation
A,CP_MEUR,E,D1,NL,2020,2214.0 ,2214.0,,compensation
A,CP_MEUR,E,D1,NO,2020,1164.7 ,1164.7,,compensation
A,CP_MEUR,E,D1,PL,2020,2739.4 ,2739.4,,compensation
A,CP_MEUR,E,D1,PT,2020,917.4 ,917.4,,compensation
A,CP_MEUR,E,D1,RO,2020,1102.3 ,1102.3,,compensation
A,CP_MEUR,E,D1,SE,2020,1389.5 ,1389.5,,compensation
A,CP_MEUR,E,D1,SI,2020,321.4 ,321.4,,compensation
A,CP_MEUR,E,D1,SK,2020,447.4 ,447.4,,compensation
A,CP_MEUR,E,P1,AT,2020,8347.0 ,8347.0,,output
A,CP_MEUR,E,P1,BE,2020,11576.0 ,11576.0,,output
A,CP_MEUR,E,P1,BG,2020,1036.2 ,1036.2,,output
A,CP_MEUR,E,P1,CZ,2020,5259.0 ,5259.0,,output
A,CP_MEUR,E,P1,DE,2020,77223.0 ,77223.0,,output
A,CP_MEUR,E,P1,EE,2020,654.6 ,654.6,,output
A,CP_MEUR,E,P1,ES,2020,31526.0 ,31526.0,,output
A,CP_MEUR,E,P1,FI,2020,4072.0 ,4072.0,,output
A,CP_MEUR,E,P1,FR,2020,37886.4 ,37886.4,,output
A,CP_MEUR,E,P1,HU,2020,2227.6 ,2227.6,,output
A,CP_MEUR,E,P1,IT,2020,45452.6 ,45452.6,,output
A,CP_MEUR,E,P1,LV,2020,492.0 ,492.0,,output
A,CP_MEUR,E,P1,NL,2020,11452.0 ,11452.0,,output
A,CP_MEUR,E,P1,NO,2020,6102.2 ,6102.2,,output
A,CP_MEUR,E,P1,PL,2020,13208.2 ,13208.2,,output
A,CP_MEUR,E,P1,PT,2020,4549.9 ,4549.9,,output
A,CP_MEUR,E,P1,RO,2020,4312.4 ,4312.4,,output
A,CP_MEUR,E,P1,SE,2020,7900.1 ,7900.1,,output
A,CP_MEUR,E,P1,SI,2020,1318.4 ,1318.4,,output
A,CP_MEUR,E,P1,SK,2020,1563.1 ,1563.1,,output
A,CP_MEUR,F,B1G,AT,2020,23778.8 ,23778.8,,gross_value_added
A,CP_MEUR,F,B1G,BE,2020,21673.2 ,21673.2,,gross_value_added
A,CP_MEUR,F,B1G,BG,2020,2571.0 ,2571.0,,gross_value_added
A,CP_MEUR,F,B1G,CZ,2020,11049.4 ,11049.4,,gross_value_added
A,CP_MEUR,F,B1G,DE,2020,154908.0 ,154908.0,,gross_value_added
A,CP_MEUR,F,B1G,EE,2020,1675.1 ,1675.1,,gross_value_added
A,CP_MEUR,F,B1G,ES,2020,63700.0 ,63700.0,,gross_value_added
A,CP_MEUR,F,B1G,FI,2020,15368.0 ,15368.0,,gross_value_added
A,CP_MEUR,F,B1G,FR,2020,116007.0 ,116007.0,,gross_value_added
A,CP_MEUR,F,B1G,HU,2020,6698.0 ,6698.0,,gross_value_added
A,CP_MEUR,F,B1G,IT,2020,65974.7 ,65974.7,,gross_value_added
A,CP_MEUR,F,B1G,LV,2020,1681.0 ,1681.0,,gross_value_added
A,CP_MEUR,F,B1G,NL,2020,38666.0 ,38666.0,,gross_value_added
A,CP_MEUR,F,B1G,NO,2020,19699.7 ,19699.7,,gross_value_added
A,CP_MEUR,F,B1G,PL,2020,37861.4 ,37861.4,,gross_value_added
A,CP_MEUR,F,B1G,PT,2020,8352.2 ,8352.2,,gross_value_added
A,CP_MEUR,F,B1G,RO,2020,14262.6 ,14262.6,,gross_value_added
A,CP_MEUR,F,B1G,SE,2020,28247.5 ,28247.5,,gross_value_added
A,CP_MEUR,F,B1G,SI,2020,2451.5 ,2451.5,,gross_value_added
A,CP_MEUR,F,B1G,SK,2020,6595.4 ,6595.4,,gross_value_added
A,CP_MEUR,F,B2A3N,AT,2020,7214.8 ,7214.8,,net_operating_surplus_mixed_income
A,CP_MEUR,F,B2A3N,BE,2020,7253.7 ,7253.7,,net_operating_surplus_mixed_income
A,CP_MEUR,F,B2A3N,BG,2020,996.9 ,996.9,,net_operating_surplus_mixed_income
A,CP_MEUR,F,B2A3N,CZ,2020,4701.3 ,4701.3,,net_operating_surplus_mixed_income
A,CP_MEUR,F,B2A3N,DE,2020,58679.0 ,58679.0,,net_operating_surplus_mixed_income
A,CP_MEUR,F,B2A3N,EE,2020,449.5 ,449.5,,net_operating_surplus_mixed_income
A,CP_MEUR,F,B2A3N,ES,2020,14120.0 ,14120.0,,net_operating_surplus_mixed_income
A,CP_MEUR,F,B2A3N,FI,2020,5045.0 ,5045.0,,net_operating_surplus_mixed_income
A,CP_MEUR,F,B2A3N,FR,2020,31336.3 ,31336.3,,net_operating_surplus_mixed_income
A,CP_MEUR,F,B2A3N,HU,2020,3323.6 ,3323.6,,net_operating_surplus_mixed_income
A,CP_MEUR,F,B2A3N,IT,2020,26545.4 ,26545.4,,net_operating_surplus_mixed_income
A,CP_MEUR,F,B2A3N,LV,2020,284.2 ,284.2,,net_operating_surplus_mixed_income
A,CP_MEUR,F,B2A3N,NL,2020,16808.0 ,16808.0,,net_operating_surplus_mixed_income
A,CP_MEUR,F,B2A3N,NO,2020,4406.8 ,4406.8,,net_operating_surplus_mixed_income
A,CP_MEUR,F,B2A3N,PL,2020,25751.3 ,25751.3,,net_operating_surplus_mixed_income
A,CP_MEUR,F,B2A3N,PT,2020,1921.8 ,1921.8,,net_operating_surplus_mixed_income
A,CP_MEUR,F,B2A3N,RO,2020,6446.3 ,6446.3,,net_operating_surplus_mixed_income
A,CP_MEUR,F,B2A3N,SE,2020,3221.9 ,3221.9,,net_operating_surplus_mixed_income
A,CP_MEUR,F,B2A3N,SI,2020,799.3 ,799.3,,net_operating_surplus_mixed_income
A,CP_MEUR,F,B2A3N,SK,2020,4503.1 ,4503.1,,net_operating_surplus_mixed_income
A,CP_MEUR,F,D1,AT,2020,14331.1 ,14331.1,,compensation
A,CP_MEUR,F,D1,BE,2020,11375.2 ,11375.2,,compensation
A,CP_MEUR,F,D1,BG,2020,1299.8 ,1299.8,,compensation
A,CP_MEUR,F,D1,CZ,2020,4837.7 ,4837.7,,compensation
A,CP_MEUR,F,D1,DE,2020,90760.0 ,90760.0,,compensation
A,CP_MEUR,F,D1,EE,2020,1089.5 ,1089.5,,compensation
A,CP_MEUR,F,D1,ES,2020,35661.0 ,35661.0,,compensation
A,CP_MEUR,F,D1,FI,2020,9351.0 ,9351.0,,compensation
A,CP_MEUR,F,D1,FR,2020,71966.8 ,71966.8,,compensation
A,CP_MEUR,F,D1,HU,2020,2697.4 ,2697.4,,compensation
A,CP_MEUR,F,D1,IT,2020,31093.2 ,31093.2,,compensation
A,CP_MEUR,F,D1,LV,2020,1198.6 ,1198.6,,compensation
A,CP_MEUR,F,D1,NL,2020,19923.0 ,19923.0,,compensation
A,CP_MEUR,F,D1,NO,2020,14072.3 ,14072.3,,compensation
A,CP_MEUR,F,D1,PL,2020,12584.3 ,12584.3,,compensation
A,CP_MEUR,F,D1,PT,2020,5504.7 ,5504.7,,compensation
A,CP_MEUR,F,D1,RO,2020,5246.6 ,5246.6,,compensation
A,CP_MEUR,F,D1,SE,2020,19176.6 ,19176.6,,compensation
A,CP_MEUR,F,D1,SI,2020,1516.8 ,1516.8,,compensation
A,CP_MEUR,F,D1,SK,2020,1717.0 ,1717.0,,compensation
A,CP_MEUR,F,P1,AT,2020,60408.2 ,60408.2,,output
A,CP_MEUR,F,P1,BE,2020,83013.8 ,83013.8,,output
A,CP_MEUR,F,P1,BG,2020,11962.0 ,11962.0,,output
A,CP_MEUR,F,P1,CZ,2020,36076.7 ,36076.7,,output
A,CP_MEUR,F,P1,DE,2020,387436.0 ,387436.0,,output
A,CP_MEUR,F,P1,EE,2020,4520.5 ,4520.5,,output
A,CP_MEUR,F,P1,ES,2020,153540.0 ,153540.0,,output
A,CP_MEUR,F,P1,FI,2020,39834.0 ,39834.0,,output
A,CP_MEUR,F,P1,FR,2020,312242.4 ,312242.4,,output
A,CP_MEUR,F,P1,HU,2020,18473.4 ,18473.4,,output
A,CP_MEUR,F,P1,IT,2020,182450.0 ,182450.0,,output
A,CP_MEUR,F,P1,LV,2020,5337.2 ,5337.2,,output
A,CP_MEUR,F,P1,NL,2020,122952.0 ,122952.0,,output
A,CP_MEUR,F,P1,NO,2020,55283.4 ,55283.4,,output
A,CP_MEUR,F,P1,PL,2020,103817.9 ,103817.9,,output
A,CP_MEUR,F,P1,PT,2020,23436.2 ,23436.2,,output
A,CP_MEUR,F,P1,RO,2020,41344.9 ,41344.9,,output
A,CP_MEUR,F,P1,SE,2020,68383.2 ,68383.2,,output
A,CP_MEUR,F,P1,SI,2020,7319.3 ,7319.3,,output
A,CP_MEUR,F,P1,SK,2020,15501.3 ,15501.3,,output
A,CP_MEUR,G,B1G,AT,2020,41191.8 ,41191.8,,gross_value_added
A,CP_MEUR,G,B1G,BE,2020,47595.1 ,47595.1,,gross_value_added
A,CP_MEUR,G,B1G,BG,2020,7851.0 ,7851.0,,gross_value_added
A,CP_MEUR,G,B1G,CZ,2020,21306.5 ,21306.5,,gross_value_added
A,CP_MEUR,G,B1G,DE,2020,340306.0 ,340306.0,,gross_value_added
A,CP_MEUR,G,B1G,EE,2020,3130.2 ,3130.2,,gross_value_added
A,CP_MEUR,G,B1G,ES,2020,135607.0 ,135607.0,,gross_value_added
A,CP_MEUR,G,B1G,FI,2020,18421.0 ,18421.0,,gross_value_added
A,CP_MEUR,G,B1G,FR,2020,210359.2 ,210359.2,,gross_value_added
A,CP_MEUR,G,B1G,HU,2020,12649.3 ,12649.3,,gross_value_added
A,CP_MEUR,G,B1G,IT,2020,175505.1 ,175505.1,,gross_value_added
A,CP_MEUR,G,B1G,LV,2020,3927.6 ,3927.6,,gross_value_added
A,CP_MEUR,G,B1G,NL,2020,103442.0 ,103442.0,,gross_value_added
A,CP_MEUR,G,B1G,NO,2020,25314.6 ,25314.6,,gross_value_added
A,CP_MEUR,G,B1G,PL,2020,73436.6 ,73436.6,,gross_value_added
A,CP_MEUR,G,B1G,PT,2020,23154.7 ,23154.7,,gross_value_added
A,CP_MEUR,G,B1G,RO,2020,24391.6 ,24391.6,,gross_value_added
A,CP_MEUR,G,B1G,SE,2020,47593.9 ,47593.9,,gross_value_added
A,CP_MEUR,G,B1G,SI,2020,4887.1 ,4887.1,,gross_value_added
A,CP_MEUR,G,B1G,SK,2020,9914.5 ,9914.5,,gross_value_added
A,CP_MEUR,G,B2A3N,AT,2020,13320.4 ,13320.4,,net_operating_surplus_mixed_income
A,CP_MEUR,G,B2A3N,BE,2020,13867.8 ,13867.8,,net_operating_surplus_mixed_income
A,CP_MEUR,G,B2A3N,BG,2020,3454.5 ,3454.5,,net_operating_surplus_mixed_income
A,CP_MEUR,G,B2A3N,CZ,2020,6720.5 ,6720.5,,net_operating_surplus_mixed_income
A,CP_MEUR,G,B2A3N,DE,2020,113808.0 ,113808.0,,net_operating_surplus_mixed_income
A,CP_MEUR,G,B2A3N,EE,2020,1055.8 ,1055.8,,net_operating_surplus_mixed_income
A,CP_MEUR,G,B2A3N,ES,2020,43025.0 ,43025.0,,net_operating_surplus_mixed_income
A,CP_MEUR,G,B2A3N,FI,2020,5615.0 ,5615.0,,net_operating_surplus_mixed_income
A,CP_MEUR,G,B2A3N,FR,2020,51448.6 ,51448.6,,net_operating_surplus_mixed_income
A,CP_MEUR,G,B2A3N,HU,2020,4385.0 ,4385.0,,net_operating_surplus_mixed_income
A,CP_MEUR,G,B2A3N,IT,2020,82606.4 ,82606.4,,net_operating_surplus_mixed_income
A,CP_MEUR,G,B2A3N,LV,2020,1387.5 ,1387.5,,net_operating_surplus_mixed_income
A,CP_MEUR,G,B2A3N,NL,2020,44484.0 ,44484.0,,net_operating_surplus_mixed_income
A,CP_MEUR,G,B2A3N,NO,2020,5931.1 ,5931.1,,net_operating_surplus_mixed_income
A,CP_MEUR,G,B2A3N,PL,2020,42512.3 ,42512.3,,net_operating_surplus_mixed_income
A,CP_MEUR,G,B2A3N,PT,2020,7823.8 ,7823.8,,net_operating_surplus_mixed_income
A,CP_MEUR,G,B2A3N,RO,2020,9572.5 ,9572.5,,net_operating_surplus_mixed_income
A,CP_MEUR,G,B2A3N,SE,2020,10197.0 ,10197.0,,net_operating_surplus_mixed_income
A,CP_MEUR,G,B2A3N,SI,2020,1339.1 ,1339.1,,net_operating_surplus_mixed_income
A,CP_MEUR,G,B2A3N,SK,2020,3015.6 ,3015.6,,net_operating_surplus_mixed_income
A,CP_MEUR,G,D1,AT,2020,24621.0 ,24621.0,,compensation
A,CP_MEUR,G,D1,BE,2020,26698.5 ,26698.5,,compensation
A,CP_MEUR,G,D1,BG,2020,3541.3 ,3541.3,,compensation
A,CP_MEUR,G,D1,CZ,2020,11845.4 ,11845.4,,compensation
A,CP_MEUR,G,D1,DE,2020,203429.0 ,203429.0,,compensation
A,CP_MEUR,G,D1,EE,2020,1780.6 ,1780.6,,compensation
A,CP_MEUR,G,D1,ES,2020,78457.0 ,78457.0,,compensation
A,CP_MEUR,G,D1,FI,2020,11108.0 ,11108.0,,compensation
A,CP_MEUR,G,D1,FR,2020,131906.2 ,131906.2,,compensation
A,CP_MEUR,G,D1,HU,2020,6515.2 ,6515.2,,compensation
A,CP_MEUR,G,D1,IT,2020,73774.1 ,73774.1,,compensation
A,CP_MEUR,G,D1,LV,2020,2146.9 ,2146.9,,compensation
A,CP_MEUR,G,D1,NL,2020,51581.0 ,51581.0,,compensation
A,CP_MEUR,G,D1,NO,2020,16903.9 ,16903.9,,compensation
A,CP_MEUR,G,D1,PL,2020,29242.0 ,29242.0,,compensation
A,CP_MEUR,G,D1,PT,2020,13398.0 ,13398.0,,compensation
A,CP_MEUR,G,D1,RO,2020,11923.3 ,11923.3,,compensation
A,CP_MEUR,G,D1,SE,2020,27453.2 ,27453.2,,compensation
A,CP_MEUR,G,D1,SI,2020,3130.1 ,3130.1,,compensation
A,CP_MEUR,G,D1,SK,2020,5859.3 ,5859.3,,compensation
A,CP_MEUR,G,P1,AT,2020,72467.3 ,72467.3,,output
A,CP_MEUR,G,P1,BE,2020,87664.4 ,87664.4,,output
A,CP_MEUR,G,P1,BG,2020,14140.6 ,14140.6,,output
A,CP_MEUR,G,P1,CZ,2020,41731.1 ,41731.1,,output
A,CP_MEUR,G,P1,DE,2020,617771.0 ,617771.0,,output
A,CP_MEUR,G,P1,EE,2020,5981.2 ,5981.2,,output
A,CP_MEUR,G,P1,ES,2020,242229.0 ,242229.0,,output
A,CP_MEUR,G,P1,FI,2020,34681.0 ,34681.0,,output
A,CP_MEUR,G,P1,FR,2020,415795.0 ,415795.0,,output
A,CP_MEUR,G,P1,HU,2020,24983.7 ,24983.7,,output
A,CP_MEUR,G,P1,IT,2020,351637.1 ,351637.1,,output
A,CP_MEUR,G,P1,LV,2020,6766.4 ,6766.4,,output
A,CP_MEUR,G,P1,NL,2020,185710.0 ,185710.0,,output
A,CP_MEUR,G,P1,NO,2020,43142.5 ,43142.5,,output
A,CP_MEUR,G,P1,PL,2020,129516.1 ,129516.1,,output
A,CP_MEUR,G,P1,PT,2020,40254.1 ,40254.1,,output
A,CP_MEUR,G,P1,RO,2020,50275.1 ,50275.1,,output
A,CP_MEUR,G,P1,SE,2020,85318.4 ,85318.4,,output
A,CP_MEUR,G,P1,SI,2020,9146.6 ,9146.6,,output
A,CP_MEUR,G,P1,SK,2020,19068.1 ,19068.1,,output
A,CP_MEUR,H,B1G,AT,2020,17948.8 ,17948.8,,gross_value_added
A,CP_MEUR,H,B1G,BE,2020,22570.1 ,22570.1,,gross_value_added
A,CP_MEUR,H,B1G,BG,2020,2724.8 ,2724.8,,gross_value_added
A,CP_MEUR,H,B1G,CZ,2020,10503.7 ,10503.7,,gross_value_added
A,CP_MEUR,H,B1G,DE,2020,129362.0 ,129362.0,,gross_value_added
A,CP_MEUR,H,B1G,EE,2020,1555.5 ,1555.5,,gross_value_added
A,CP_MEUR,H,B1G,ES,2020,40170.0 ,40170.0,,gross_value_added
A,CP_MEUR,H,B1G,FI,2020,7835.0 ,7835.0,,gross_value_added
A,CP_MEUR,H,B1G,FR,2020,84929.2 ,84929.2,,gross_value_added
A,CP_MEUR,H,B1G,HU,2020,6763.8 ,6763.8,,gross_value_added
A,CP_MEUR,H,B1G,IT,2020,69244.5 ,69244.5,,gross_value_added
A,CP_MEUR,H,B1G,LV,2020,1808.1 ,1808.1,,gross_value_added
A,CP_MEUR,H,B1G,NL,2020,30329.0 ,30329.0,,gross_value_added
A,CP_MEUR,H,B1G,NO,2020,10775.9 ,10775.9,,gross_value_added
A,CP_MEUR,H,B1G,PL,2020,31578.2 ,31578.2,,gross_value_added
A,CP_MEUR,H,B1G,PT,2020,6989.4 ,6989.4,,gross_value_added
A,CP_MEUR,H,B1G,RO,2020,12805.2 ,12805.2,,gross_value_added
A,CP_MEUR,H,B1G,SE,2020,20128.0 ,20128.0,,gross_value_added
A,CP_MEUR,H,B1G,SI,2020,2439.8 ,2439.8,,gross_value_added
A,CP_MEUR,H,B1G,SK,2020,5507.2 ,5507.2,,gross_value_added
A,CP_MEUR,H,B2A3N,AT,2020,2028.2 ,2028.2,,net_operating_surplus_mixed_income
A,CP_MEUR,H,B2A3N,BE,2020,895.9 ,895.9,,net_operating_surplus_mixed_income
A,CP_MEUR,H,B2A3N,BG,2020,370.7 ,370.7,,net_operating_surplus_mixed_income
A,CP_MEUR,H,B2A3N,CZ,2020,1048.2 ,1048.2,,net_operating_surplus_mixed_income
A,CP_MEUR,H,B2A3N,DE,2020,5353.0 ,5353.0,,net_operating_surplus_mixed_income
A,CP_MEUR,H,B2A3N,EE,2020,212.1 ,212.1,,net_operating_surplus_mixed_income
A,CP_MEUR,H,B2A3N,ES,2020,-2963.0 ,-2963.0,,net_operating_surplus_mixed_income
A,CP_MEUR,H,B2A3N,FI,2020,528.0 ,528.0,,net_operating_surplus_mixed_income
A,CP_MEUR,H,B2A3N,FR,2020,3608.9 ,3608.9,,net_operating_surplus_mixed_income
A,CP_MEUR,H,B2A3N,HU,2020,852.0 ,852.0,,net_operating_surplus_mixed_income
A,CP_MEUR,H,B2A3N,IT,2020,7670.3 ,7670.3,,net_operating_surplus_mixed_income
A,CP_MEUR,H,B2A3N,LV,2020,-2.5 ,-2.5,,net_operating_surplus_mixed_income
A,CP_MEUR,H,B2A3N,NL,2020,5923.0 ,5923.0,,net_operating_surplus_mixed_income
A,CP_MEUR,H,B2A3N,NO,2020,674.2 ,674.2,,net_operating_surplus_mixed_income
A,CP_MEUR,H,B2A3N,PL,2020,9921.4 ,9921.4,,net_operating_surplus_mixed_income
A,CP_MEUR,H,B2A3N,PT,2020,-218.4 ,-218.4,,net_operating_surplus_mixed_income
A,CP_MEUR,H,B2A3N,RO,2020,1483.6 ,1483.6,,net_operating_surplus_mixed_income
A,CP_MEUR,H,B2A3N,SE,2020,-48.1 ,-48.1,,net_operating_surplus_mixed_income
A,CP_MEUR,H,B2A3N,SI,2020,427.1 ,427.1,,net_operating_surplus_mixed_income
A,CP_MEUR,H,B2A3N,SK,2020,1405.5 ,1405.5,,net_operating_surplus_mixed_income
A,CP_MEUR,H,D1,AT,2020,10067.5 ,10067.5,,compensation
A,CP_MEUR,H,D1,BE,2020,14670.9 ,14670.9,,compensation
A,CP_MEUR,H,D1,BG,2020,1622.6 ,1622.6,,compensation
A,CP_MEUR,H,D1,CZ,2020,5894.5 ,5894.5,,compensation
A,CP_MEUR,H,D1,DE,2020,93463.0 ,93463.0,,compensation
A,CP_MEUR,H,D1,EE,2020,905.3 ,905.3,,compensation
A,CP_MEUR,H,D1,ES,2020,27289.0 ,27289.0,,compensation
A,CP_MEUR,H,D1,FI,2020,5543.0 ,5543.0,,compensation
A,CP_MEUR,H,D1,FR,2020,60027.2 ,60027.2,,compensation
A,CP_MEUR,H,D1,HU,2020,3920.6 ,3920.6,,compensation
A,CP_MEUR,H,D1,IT,2020,38868.0 ,38868.0,,compensation
A,CP_MEUR,H,D1,LV,2020,1302.0 ,1302.0,,compensation
A,CP_MEUR,H,D1,NL,2020,20423.0 ,20423.0,,compensation
A,CP_MEUR,H,D1,NO,2020,7902.0 ,7902.0,,compensation
A,CP_MEUR,H,D1,PL,2020,13961.5 ,13961.5,,compensation
A,CP_MEUR,H,D1,PT,2020,5011.5 ,5011.5,,compensation
A,CP_MEUR,H,D1,RO,2020,5258.6 ,5258.6,,compensation
A,CP_MEUR,H,D1,SE,2020,11337.6 ,11337.6,,compensation
A,CP_MEUR,H,D1,SI,2020,1483.6 ,1483.6,,compensation
A,CP_MEUR,H,D1,SK,2020,2531.5 ,2531.5,,compensation
A,CP_MEUR,H,P1,AT,2020,33778.9 ,33778.9,,output
A,CP_MEUR,H,P1,BE,2020,61033.1 ,61033.1,,output
A,CP_MEUR,H,P1,BG,2020,8611.8 ,8611.8,,output
A,CP_MEUR,H,P1,CZ,2020,26347.2 ,26347.2,,output
A,CP_MEUR,H,P1,DE,2020,357128.0 ,357128.0,,output
A,CP_MEUR,H,P1,EE,2020,4717.7 ,4717.7,,output
A,CP_MEUR,H,P1,ES,2020,106445.0 ,106445.0,,output
A,CP_MEUR,H,P1,FI,2020,21775.0 ,21775.0,,output
A,CP_MEUR,H,P1,FR,2020,200087.3 ,200087.3,,output
A,CP_MEUR,H,P1,HU,2020,14310.2 ,14310.2,,output
A,CP_MEUR,H,P1,IT,2020,171973.1 ,171973.1,,output
A,CP_MEUR,H,P1,LV,2020,5341.5 ,5341.5,,output
A,CP_MEUR,H,P1,NL,2020,80255.0 ,80255.0,,output
A,CP_MEUR,H,P1,NO,2020,35145.7 ,35145.7,,output
A,CP_MEUR,H,P1,PL,2020,81231.2 ,81231.2,,output
A,CP_MEUR,H,P1,PT,2020,18591.9 ,18591.9,,output
A,CP_MEUR,H,P1,RO,2020,29433.2 ,29433.2,,output
A,CP_MEUR,H,P1,SE,2020,52968.7 ,52968.7,,output
A,CP_MEUR,H,P1,SI,2020,6180.1 ,6180.1,,output
A,CP_MEUR,H,P1,SK,2020,11942.5 ,11942.5,,output
A,CP_MEUR,I,B1G,AT,2020,9120.4 ,9120.4,,gross_value_added
A,CP_MEUR,I,B1G,BE,2020,4900.8 ,4900.8,,gross_value_added
A,CP_MEUR,I,B1G,BG,2020,903.6 ,903.6,,gross_value_added
A,CP_MEUR,I,B1G,CZ,2020,2427.3 ,2427.3,,gross_value_added
A,CP_MEUR,I,B1G,DE,2020,31055.0 ,31055.0,,gross_value_added
A,CP_MEUR,I,B1G,EE,2020,298.8 ,298.8,,gross_value_added
A,CP_MEUR,I,B1G,ES,2020,34574.0 ,34574.0,,gross_value_added
A,CP_MEUR,I,B1G,FI,2020,2550.0 ,2550.0,,gross_value_added
A,CP_MEUR,I,B1G,FR,2020,28812.9 ,28812.9,,gross_value_added
A,CP_MEUR,I,B1G,HU,2020,1482.3 ,1482.3,,gross_value_added
A,CP_MEUR,I,B1G,IT,2020,38123.7 ,38123.7,,gross_value_added
A,CP_MEUR,I,B1G,LV,2020,350.4 ,350.4,,gross_value_added
A,CP_MEUR,I,B1G,NL,2020,8766.0 ,8766.0,,gross_value_added
A,CP_MEUR,I,B1G,NO,2020,2840.5 ,2840.5,,gross_value_added
A,CP_MEUR,I,B1G,PL,2020,5251.2 ,5251.2,,gross_value_added
A,CP_MEUR,I,B1G,PT,2020,6388.7 ,6388.7,,gross_value_added
A,CP_MEUR,I,B1G,RO,2020,2866.4 ,2866.4,,gross_value_added
A,CP_MEUR,I,B1G,SE,2020,4999.7 ,4999.7,,gross_value_added
A,CP_MEUR,I,B1G,SI,2020,628.0 ,628.0,,gross_value_added
A,CP_MEUR,I,B1G,SK,2020,1219.4 ,1219.4,,gross_value_added
A,CP_MEUR,I,B2A3N,AT,2020,4547.2 ,4547.2,,net_operating_surplus_mixed_income
A,CP_MEUR,I,B2A3N,BE,2020,749.7 ,749.7,,net_operating_surplus_mixed_income
A,CP_MEUR,I,B2A3N,BG,2020,93.6 ,93.6,,net_operating_surplus_mixed_income
A,CP_MEUR,I,B2A3N,CZ,2020,387.3 ,387.3,,net_operating_surplus_mixed_income
A,CP_MEUR,I,B2A3N,DE,2020,4763.0 ,4763.0,,net_operating_surplus_mixed_income
A,CP_MEUR,I,B2A3N,EE,2020,1.6 ,1.6,,net_operating_surplus_mixed_income
A,CP_MEUR,I,B2A3N,ES,2020,11174.0 ,11174.0,,net_operating_surplus_mixed_income
A,CP_MEUR,I,B2A3N,FI,2020,413.0 ,413.0,,net_operating_surplus_mixed_income
A,CP_MEUR,I,B2A3N,FR,2020,1016.1 ,1016.1,,net_operating_surplus_mixed_income
A,CP_MEUR,I,B2A3N,HU,2020,170.9 ,170.9,,net_operating_surplus_mixed_income
A,CP_MEUR,I,B2A3N,IT,2020,8412.7 ,8412.7,,net_operating_surplus_mixed_income
A,CP_MEUR,I,B2A3N,LV,2020,-25.5 ,-25.5,,net_operating_surplus_mixed_income
A,CP_MEUR,I,B2A3N,NL,2020,2414.0 ,2414.0,,net_operating_surplus_mixed_income
A,CP_MEUR,I,B2A3N,NO,2020,-278.5 ,-278.5,,net_operating_surplus_mixed_income
A,CP_MEUR,I,B2A3N,PL,2020,2592.4 ,2592.4,,net_operating_surplus_mixed_income
A,CP_MEUR,I,B2A3N,PT,2020,1290.1 ,1290.1,,net_operating_surplus_mixed_income
A,CP_MEUR,I,B2A3N,RO,2020,1254.1 ,1254.1,,net_operating_surplus_mixed_income
A,CP_MEUR,I,B2A3N,SE,2020,-825.2 ,-825.2,,net_operating_surplus_mixed_income
A,CP_MEUR,I,B2A3N,SI,2020,0.2 ,0.2,,net_operating_surplus_mixed_income
A,CP_MEUR,I,B2A3N,SK,2020,316.0 ,316.0,,net_operating_surplus_mixed_income
A,CP_MEUR,I,D1,AT,2020,7017.9 ,7017.9,,compensation
A,CP_MEUR,I,D1,BE,2020,3325.8 ,3325.8,,compensation
A,CP_MEUR,I,D1,BG,2020,701.5 ,701.5,,compensation
A,CP_MEUR,I,D1,CZ,2020,1782.0 ,1782.0,,compensation
A,CP_MEUR,I,D1,DE,2020,29610.0 ,29610.0,,compensation
A,CP_MEUR,I,D1,EE,2020,296.5 ,296.5,,compensation
A,CP_MEUR,I,D1,ES,2020,20219.0 ,20219.0,,compensation
A,CP_MEUR,I,D1,FI,2020,2078.0 ,2078.0,,compensation
A,CP_MEUR,I,D1,FR,2020,26737.7 ,26737.7,,compensation
A,CP_MEUR,I,D1,HU,2020,1114.4 ,1114.4,,compensation
A,CP_MEUR,I,D1,IT,2020,21771.6 ,21771.6,,compensation
A,CP_MEUR,I,D1,LV,2020,314.3 ,314.3,,compensation
A,CP_MEUR,I,D1,NL,2020,7843.0 ,7843.0,,compensation
A,CP_MEUR,I,D1,NO,2020,2680.5 ,2680.5,,compensation
A,CP_MEUR,I,D1,PL,2020,2848.5 ,2848.5,,compensation
A,CP_MEUR,I,D1,PT,2020,4646.1 ,4646.1,,compensation
A,CP_MEUR,I,D1,RO,2020,1228.3 ,1228.3,,compensation
A,CP_MEUR,I,D1,SE,2020,4920.5 ,4920.5,,compensation
A,CP_MEUR,I,D1,SI,2020,620.5 ,620.5,,compensation
A,CP_MEUR,I,D1,SK,2020,774.0 ,774.0,,compensation
A,CP_MEUR,I,P1,AT,2020,18412.0 ,18412.0,,output
A,CP_MEUR,I,P1,BE,2020,13728.0 ,13728.0,,output
A,CP_MEUR,I,P1,BG,2020,1857.7 ,1857.7,,output
A,CP_MEUR,I,P1,CZ,2020,5839.0 ,5839.0,,output
A,CP_MEUR,I,P1,DE,2020,68027.0 ,68027.0,,output
A,CP_MEUR,I,P1,EE,2020,770.4 ,770.4,,output
A,CP_MEUR,I,P1,ES,2020,68182.0 ,68182.0,,output
A,CP_MEUR,I,P1,FI,2020,6793.0 ,6793.0,,output
A,CP_MEUR,I,P1,FR,2020,77672.7 ,77672.7,,output
A,CP_MEUR,I,P1,HU,2020,4207.2 ,4207.2,,output
A,CP_MEUR,I,P1,IT,2020,80689.2 ,80689.2,,output
A,CP_MEUR,I,P1,LV,2020,730.6 ,730.6,,output
A,CP_MEUR,I,P1,NL,2020,20993.0 ,20993.0,,output
A,CP_MEUR,I,P1,NO,2020,7048.2 ,7048.2,,output
A,CP_MEUR,I,P1,PL,2020,11458.7 ,11458.7,,output
A,CP_MEUR,I,P1,PT,2020,12608.7 ,12608.7,,output
A,CP_MEUR,I,P1,RO,2020,5876.0 ,5876.0,,output
A,CP_MEUR,I,P1,SE,2020,13328.9 ,13328.9,,output
A,CP_MEUR,I,P1,SI,2020,1475.1 ,1475.1,,output
A,CP_MEUR,I,P1,SK,2020,2060.3 ,2060.3,,output
A,CP_MEUR,J,B1G,AT,2020,13703.2 ,13703.2,,gross_value_added
A,CP_MEUR,J,B1G,BE,2020,18779.8 ,18779.8,,gross_value_added
A,CP_MEUR,J,B1G,BG,2020,4508.6 ,4508.6,,gross_value_added
A,CP_MEUR,J,B1G,CZ,2020,13030.2 ,13030.2,,gross_value_added
A,CP_MEUR,J,B1G,DE,2020,155643.0 ,155643.0,,gross_value_added
A,CP_MEUR,J,B1G,EE,2020,1818.3 ,1818.3,,gross_value_added
A,CP_MEUR,J,B1G,ES,2020,40487.0 ,40487.0,,gross_value_added
A,CP_MEUR,J,B1G,FI,2020,12670.0 ,12670.0,,gross_value_added
A,CP_MEUR,J,B1G,FR,2020,115434.5 ,115434.5,,gross_value_added
A,CP_MEUR,J,B1G,HU,2020,6079.5 ,6079.5,,gross_value_added
A,CP_MEUR,J,B1G,IT,2020,56620.2 ,56620.2,,gross_value_added
A,CP_MEUR,J,B1G,LV,2020,1666.4 ,1666.4,,gross_value_added
A,CP_MEUR,J,B1G,NL,2020,36960.0 ,36960.0,,gross_value_added
A,CP_MEUR,J,B1G,NO,2020,14136.0 ,14136.0,,gross_value_added
A,CP_MEUR,J,B1G,PL,2020,20720.9 ,20720.9,,gross_value_added
A,CP_MEUR,J,B1G,PT,2020,7782.4 ,7782.4,,gross_value_added
A,CP_MEUR,J,B1G,RO,2020,13968.6 ,13968.6,,gross_value_added
A,CP_MEUR,J,B1G,SE,2020,33831.5 ,33831.5,,gross_value_added
A,CP_MEUR,J,B1G,SI,2020,1795.9 ,1795.9,,gross_value_added
A,CP_MEUR,J,B1G,SK,2020,4199.0 ,4199.0,,gross_value_added
A,CP_MEUR,J,B2A3N,AT,2020,1786.8 ,1786.8,,net_operating_surplus_mixed_income
A,CP_MEUR,J,B2A3N,BE,2020,4419.9 ,4419.9,,net_operating_surplus_mixed_income
A,CP_MEUR,J,B2A3N,BG,2020,1111.4 ,1111.4,,net_operating_surplus_mixed_income
A,CP_MEUR,J,B2A3N,CZ,2020,4359.1 ,4359.1,,net_operating_surplus_mixed_income
A,CP_MEUR,J,B2A3N,DE,2020,35273.0 ,35273.0,,net_operating_surplus_mixed_income
A,CP_MEUR,J,B2A3N,EE,2020,374.5 ,374.5,,net_operating_surplus_mixed_income
A,CP_MEUR,J,B2A3N,ES,2020,3966.0 ,3966.0,,net_operating_surplus_mixed_income
A,CP_MEUR,J,B2A3N,FI,2020,3146.0 ,3146.0,,net_operating_surplus_mixed_income
A,CP_MEUR,J,B2A3N,FR,2020,8849.5 ,8849.5,,net_operating_surplus_mixed_income
A,CP_MEUR,J,B2A3N,HU,2020,1732.3 ,1732.3,,net_operating_surplus_mixed_income
A,CP_MEUR,J,B2A3N,IT,2020,11504.3 ,11504.3,,net_operating_surplus_mixed_income
A,CP_MEUR,J,B2A3N,LV,2020,309.1 ,309.1,,net_operating_surplus_mixed_income
A,CP_MEUR,J,B2A3N,NL,2020,10038.0 ,10038.0,,net_operating_surplus_mixed_income
A,CP_MEUR,J,B2A3N,NO,2020,3024.4 ,3024.4,,net_operating_surplus_mixed_income
A,CP_MEUR,J,B2A3N,PL,2020,8119.7 ,8119.7,,net_operating_surplus_mixed_income
A,CP_MEUR,J,B2A3N,PT,2020,1373.6 ,1373.6,,net_operating_surplus_mixed_income
A,CP_MEUR,J,B2A3N,RO,2020,6426.9 ,6426.9,,net_operating_surplus_mixed_income
A,CP_MEUR,J,B2A3N,SE,2020,9521.6 ,9521.6,,net_operating_surplus_mixed_income
A,CP_MEUR,J,B2A3N,SI,2020,400.5 ,400.5,,net_operating_surplus_mixed_income
A,CP_MEUR,J,B2A3N,SK,2020,1152.0 ,1152.0,,net_operating_surplus_mixed_income
A,CP_MEUR,J,D1,AT,2020,7911.9 ,7911.9,,compensation
A,CP_MEUR,J,D1,BE,2020,9654.4 ,9654.4,,compensation
A,CP_MEUR,J,D1,BG,2020,2817.4 ,2817.4,,compensation
A,CP_MEUR,J,D1,CZ,2020,5290.2 ,5290.2,,compensation
A,CP_MEUR,J,D1,DE,2020,90862.0 ,90862.0,,compensation
A,CP_MEUR,J,D1,EE,2020,1113.3 ,1113.3,,compensation
A,CP_MEUR,J,D1,ES,2020,24078.0 ,24078.0,,compensation
A,CP_MEUR,J,D1,FI,2020,7191.0 ,7191.0,,compensation
A,CP_MEUR,J,D1,FR,2020,75734.0 ,75734.0,,compensation
A,CP_MEUR,J,D1,HU,2020,3057.6 ,3057.6,,compensation
A,CP_MEUR,J,D1,IT,2020,27133.6 ,27133.6,,compensation
A,CP_MEUR,J,D1,LV,2020,1080.6 ,1080.6,,compensation
A,CP_MEUR,J,D1,NL,2020,21038.0 ,21038.0,,compensation
A,CP_MEUR,J,D1,NO,2020,8208.8 ,8208.8,,compensation
A,CP_MEUR,J,D1,PL,2020,8862.9 ,8862.9,,compensation
A,CP_MEUR,J,D1,PT,2020,4385.1 ,4385.1,,compensation
A,CP_MEUR,J,D1,RO,2020,5659.1 ,5659.1,,compensation
A,CP_MEUR,J,D1,SE,2020,15028.0 ,15028.0,,compensation
A,CP_MEUR,J,D1,SI,2020,1064.8 ,1064.8,,compensation
A,CP_MEUR,J,D1,SK,2020,1957.7 ,1957.7,,compensation
A,CP_MEUR,J,P1,AT,2020,29000.9 ,29000.9,,output
A,CP_MEUR,J,P1,BE,2020,43279.0 ,43279.0,,output
A,CP_MEUR,J,P1,BG,2020,7480.3 ,7480.3,,output
A,CP_MEUR,J,P1,CZ,2020,22771.1 ,22771.1,,output
A,CP_MEUR,J,P1,DE,2020,310531.0 ,310531.0,,output
A,CP_MEUR,J,P1,EE,2020,3447.0 ,3447.0,,output
A,CP_MEUR,J,P1,ES,2020,88493.0 ,88493.0,,output
A,CP_MEUR,J,P1,FI,2020,24347.0 ,24347.0,,output
A,CP_MEUR,J,P1,FR,2020,228245.6 ,228245.6,,output
A,CP_MEUR,J,P1,HU,2020,9976.9 ,9976.9,,output
A,CP_MEUR,J,P1,IT,2020,122953.8 ,122953.8,,output
A,CP_MEUR,J,P1,LV,2020,2531.1 ,2531.1,,output
A,CP_MEUR,J,P1,NL,2020,89049.0 ,89049.0,,output
A,CP_MEUR,J,P1,NO,2020,27886.3 ,27886.3,,output
A,CP_MEUR,J,P1,PL,2020,42237.5 ,42237.5,,output
A,CP_MEUR,J,P1,PT,2020,15324.0 ,15324.0,,output
A,CP_MEUR,J,P1,RO,2020,22555.0 ,22555.0,,output
A,CP_MEUR,J,P1,SE,2020,69599.8 ,69599.8,,output
A,CP_MEUR,J,P1,SI,2020,3542.6 ,3542.6,,output
A,CP_MEUR,J,P1,SK,2020,7838.5 ,7838.5,,output
A,CP_MEUR,L,B1G,AT,2020,35353.5 ,35353.5,,gross_value_added
A,CP_MEUR,L,B1G,BE,2020,41434.3 ,41434.3,,gross_value_added
A,CP_MEUR,L,B1G,BG,2020,5217.1 ,5217.1,,gross_value_added
A,CP_MEUR,L,B1G,CZ,2020,24752.3 ,24752.3,,gross_value_added
A,CP_MEUR,L,B1G,DE,2020,357400.0 ,357400.0,,gross_value_added
A,CP_MEUR,L,B1G,EE,2020,2892.2 ,2892.2,,gross_value_added
A,CP_MEUR,L,B1G,ES,2020,134806.0 ,134806.0,,gross_value_added
A,CP_MEUR,L,B1G,FI,2020,27287.0 ,27287.0,,gross_value_added
A,CP_MEUR,L,B1G,FR,2020,303856.6 ,303856.6,,gross_value_added
A,CP_MEUR,L,B1G,HU,2020,12220.5 ,12220.5,,gross_value_added
A,CP_MEUR,L,B1G,IT,2020,212871.6 ,212871.6,,gross_value_added
A,CP_MEUR,L,B1G,LV,2020,2224.0 ,2224.0,,gross_value_added
A,CP_MEUR,L,B1G,NL,2020,47533.0 ,47533.0,,gross_value_added
A,CP_MEUR,L,B1G,NO,2020,32848.0 ,32848.0,,gross_value_added
A,CP_MEUR,L,B1G,PL,2020,30977.0 ,30977.0,,gross_value_added
A,CP_MEUR,L,B1G,PT,2020,23562.4 ,23562.4,,gross_value_added
A,CP_MEUR,L,B1G,RO,2020,17114.5 ,17114.5,,gross_value_added
A,CP_MEUR,L,B1G,SE,2020,38159.0 ,38159.0,,gross_value_added
A,CP_MEUR,L,B1G,SI,2020,3058.4 ,3058.4,,gross_value_added
A,CP_MEUR,L,B1G,SK,2020,8833.1 ,8833.1,,gross_value_added
A,CP_MEUR,L,B2A3N,AT,2020,13573.5 ,13573.5,,net_operating_surplus_mixed_income
A,CP_MEUR,L,B2A3N,BE,2020,16185.4 ,16185.4,,net_operating_surplus_mixed_income
A,CP_MEUR,L,B2A3N,BG,2020,4083.1 ,4083.1,,net_operating_surplus_mixed_income
A,CP_MEUR,L,B2A3N,CZ,2020,14011.2 ,14011.2,,net_operating_surplus_mixed_income
A,CP_MEUR,L,B2A3N,DE,2020,137527.0 ,137527.0,,net_operating_surplus_mixed_income
A,CP_MEUR,L,B2A3N,EE,2020,1855.3 ,1855.3,,net_operating_surplus_mixed_income
A,CP_MEUR,L,B2A3N,ES,2020,87736.0 ,87736.0,,net_operating_surplus_mixed_income
A,CP_MEUR,L,B2A3N,FI,2020,9817.0 ,9817.0,,net_operating_surplus_mixed_income
A,CP_MEUR,L,B2A3N,FR,2020,144626.1 ,144626.1,,net_operating_surplus_mixed_income
A,CP_MEUR,L,B2A3N,HU,2020,8169.2 ,8169.2,,net_operating_surplus_mixed_income
A,CP_MEUR,L,B2A3N,IT,2020,110935.9 ,110935.9,,net_operating_surplus_mixed_income
A,CP_MEUR,L,B2A3N,LV,2020,699.5 ,699.5,,net_operating_surplus_mixed_income
A,CP_MEUR,L,B2A3N,NL,2020,7048.0 ,7048.0,,net_operating_surplus_mixed_income
A,CP_MEUR,L,B2A3N,NO,2020,16322.1 ,16322.1,,net_operating_surplus_mixed_income
A,CP_MEUR,L,B2A3N,PL,2020,22973.2 ,22973.2,,net_operating_surplus_mixed_income
A,CP_MEUR,L,B2A3N,PT,2020,9487.2 ,9487.2,,net_operating_surplus_mixed_income
A,CP_MEUR,L,B2A3N,RO,2020,13314.6 ,13314.6,,net_operating_surplus_mixed_income
A,CP_MEUR,L,B2A3N,SE,2020,17478.5 ,17478.5,,net_operating_surplus_mixed_income
A,CP_MEUR,L,B2A3N,SI,2020,1186.4 ,1186.4,,net_operating_surplus_mixed_income
A,CP_MEUR,L,B2A3N,SK,2020,4423.0 ,4423.0,,net_operating_surplus_mixed_income
A,CP_MEUR,L,D1,AT,2020,2208.1 ,2208.1,,compensation
A,CP_MEUR,L,D1,BE,2020,1185.4 ,1185.4,,compensation
A,CP_MEUR,L,D1,BG,2020,280.2 ,280.2,,compensation
A,CP_MEUR,L,D1,CZ,2020,1163.3 ,1163.3,,compensation
A,CP_MEUR,L,D1,DE,2020,19138.0 ,19138.0,,compensation
A,CP_MEUR,L,D1,EE,2020,211.1 ,211.1,,compensation
A,CP_MEUR,L,D1,ES,2020,4968.0 ,4968.0,,compensation
A,CP_MEUR,L,D1,FI,2020,1156.0 ,1156.0,,compensation
A,CP_MEUR,L,D1,FR,2020,18205.4 ,18205.4,,compensation
A,CP_MEUR,L,D1,HU,2020,634.8 ,634.8,,compensation
A,CP_MEUR,L,D1,IT,2020,2231.6 ,2231.6,,compensation
A,CP_MEUR,L,D1,LV,2020,383.9 ,383.9,,compensation
A,CP_MEUR,L,D1,NL,2020,4115.0 ,4115.0,,compensation
A,CP_MEUR,L,D1,NO,2020,1945.6 ,1945.6,,compensation
A,CP_MEUR,L,D1,PL,2020,2759.6 ,2759.6,,compensation
A,CP_MEUR,L,D1,PT,2020,846.8 ,846.8,,compensation
A,CP_MEUR,L,D1,RO,2020,455.8 ,455.8,,compensation
A,CP_MEUR,L,D1,SE,2020,4039.8 ,4039.8,,compensation
A,CP_MEUR,L,D1,SI,2020,160.1 ,160.1,,compensation
A,CP_MEUR,L,D1,SK,2020,433.5 ,433.5,,compensation
A,CP_MEUR,L,P1,AT,2020,53938.7 ,53938.7,,output
A,CP_MEUR,L,P1,BE,2020,55432.3 ,55432.3,,output
A,CP_MEUR,L,P1,BG,2020,6694.6 ,6694.6,,output
A,CP_MEUR,L,P1,CZ,2020,42479.9 ,42479.9,,output
A,CP_MEUR,L,P1,DE,2020,478635.0 ,478635.0,,output
A,CP_MEUR,L,P1,EE,2020,4122.0 ,4122.0,,output
A,CP_MEUR,L,P1,ES,2020,155665.0 ,155665.0,,output
A,CP_MEUR,L,P1,FI,2020,36728.0 ,36728.0,,output
A,CP_MEUR,L,P1,FR,2020,362446.5 ,362446.5,,output
A,CP_MEUR,L,P1,HU,2020,16583.0 ,16583.0,,output
A,CP_MEUR,L,P1,IT,2020,244172.7 ,244172.7,,output
A,CP_MEUR,L,P1,LV,2020,3338.5 ,3338.5,,output
A,CP_MEUR,L,P1,NL,2020,93433.0 ,93433.0,,output
A,CP_MEUR,L,P1,NO,2020,51367.7 ,51367.7,,output
A,CP_MEUR,L,P1,PL,2020,49040.7 ,49040.7,,output
A,CP_MEUR,L,P1,PT,2020,27561.4 ,27561.4,,output
A,CP_MEUR,L,P1,RO,2020,22298.4 ,22298.4,,output
A,CP_MEUR,L,P1,SE,2020,70669.7 ,70669.7,,output
A,CP_MEUR,L,P1,SI,2020,3671.2 ,3671.2,,output
A,CP_MEUR,L,P1,SK,2020,11974.7 ,11974.7,,output
A,CP_MEUR,M,B1G,AT,2020,19530.8 ,19530.8,,gross_value_added
A,CP_MEUR,M,B1G,BE,2020,43544.7 ,43544.7,,gross_value_added
A,CP_MEUR,M,B1G,BG,2020,2356.8 ,2356.8,,gross_value_added
A,CP_MEUR,M,B1G,CZ,2020,10356.3 ,10356.3,,gross_value_added
A,CP_MEUR,M,B1G,DE,2020,215258.0 ,215258.0,,gross_value_added
A,CP_MEUR,M,B1G,EE,2020,1417.8 ,1417.8,,gross_value_added
A,CP_MEUR,M,B1G,ES,2020,53359.0 ,53359.0,,gross_value_added
A,CP_MEUR,M,B1G,FI,2020,11018.0 ,11018.0,,gross_value_added
A,CP_MEUR,M,B1G,FR,2020,177320.0 ,177320.0,,gross_value_added
A,CP_MEUR,M,B1G,HU,2020,7568.1 ,7568.1,,gross_value_added
A,CP_MEUR,M,B1G,IT,2020,104429.7 ,104429.7,,gross_value_added
A,CP_MEUR,M,B1G,LV,2020,1308.7 ,1308.7,,gross_value_added
A,CP_MEUR,M,B1G,NL,2020,67882.0 ,67882.0,,gross_value_added
A,CP_MEUR,M,B1G,NO,2020,15289.7 ,15289.7,,gross_value_added
A,CP_MEUR,M,B1G,PL,2020,27153.0 ,27153.0,,gross_value_added
A,CP_MEUR,M,B1G,PT,2020,8142.7 ,8142.7,,gross_value_added
A,CP_MEUR,M,B1G,RO,2020,10894.9 ,10894.9,,gross_value_added
A,CP_MEUR,M,B1G,SE,2020,34321.7 ,34321.7,,gross_value_added
A,CP_MEUR,M,B1G,SI,2020,2837.1 ,2837.1,,gross_value_added
A,CP_MEUR,M,B1G,SK,2020,4808.7 ,4808.7,,gross_value_added
A,CP_MEUR,M,B2A3N,AT,2020,5109.0 ,5109.0,,net_operating_surplus_mixed_income
A,CP_MEUR,M,B2A3N,BE,2020,24490.7 ,24490.7,,net_operating_surplus_mixed_income
A,CP_MEUR,M,B2A3N,BG,2020,806.7 ,806.7,,net_operating_surplus_mixed_income
A,CP_MEUR,M,B2A3N,CZ,2020,3149.3 ,3149.3,,net_operating_surplus_mixed_income
A,CP_MEUR,M,B2A3N,DE,2020,48946.0 ,48946.0,,net_operating_surplus_mixed_income
A,CP_MEUR,M,B2A3N,EE,2020,387.2 ,387.2,,net_operating_surplus_mixed_income
A,CP_MEUR,M,B2A3N,ES,2020,6814.0 ,6814.0,,net_operating_surplus_mixed_income
A,CP_MEUR,M,B2A3N,FI,2020,2144.0 ,2144.0,,net_operating_surplus_mixed_income
A,CP_MEUR,M,B2A3N,FR,2020,17475.5 ,17475.5,,net_operating_surplus_mixed_income
A,CP_MEUR,M,B2A3N,HU,2020,2617.9 ,2617.9,,net_operating_surplus_mixed_income
A,CP_MEUR,M,B2A3N,IT,2020,60353.9 ,60353.9,,net_operating_surplus_mixed_income
A,CP_MEUR,M,B2A3N,LV,2020,302.2 ,302.2,,net_operating_surplus_mixed_income
A,CP_MEUR,M,B2A3N,NL,2020,23670.0 ,23670.0,,net_operating_surplus_mixed_income
A,CP_MEUR,M,B2A3N,NO,2020,3815.0 ,3815.0,,net_operating_surplus_mixed_income
A,CP_MEUR,M,B2A3N,PL,2020,16073.6 ,16073.6,,net_operating_surplus_mixed_income
A,CP_MEUR,M,B2A3N,PT,2020,1758.1 ,1758.1,,net_operating_surplus_mixed_income
A,CP_MEUR,M,B2A3N,RO,2020,6308.0 ,6308.0,,net_operating_surplus_mixed_income
A,CP_MEUR,M,B2A3N,SE,2020,4866.5 ,4866.5,,net_operating_surplus_mixed_income
A,CP_MEUR,M,B2A3N,SI,2020,830.1 ,830.1,,net_operating_surplus_mixed_income
A,CP_MEUR,M,B2A3N,SK,2020,2200.9 ,2200.9,,net_operating_surplus_mixed_income
A,CP_MEUR,M,D1,AT,2020,11628.9 ,11628.9,,compensation
A,CP_MEUR,M,D1,BE,2020,13770.9 ,13770.9,,compensation
A,CP_MEUR,M,D1,BG,2020,1387.0 ,1387.0,,compensation
A,CP_MEUR,M,D1,CZ,2020,5484.3 ,5484.3,,compensation
A,CP_MEUR,M,D1,DE,2020,148220.0 ,148220.0,,compensation
A,CP_MEUR,M,D1,EE,2020,783.7 ,783.7,,compensation
A,CP_MEUR,M,D1,ES,2020,35875.0 ,35875.0,,compensation
A,CP_MEUR,M,D1,FI,2020,7683.0 ,7683.0,,compensation
A,CP_MEUR,M,D1,FR,2020,117929.9 ,117929.9,,compensation
A,CP_MEUR,M,D1,HU,2020,3882.8 ,3882.8,,compensation
A,CP_MEUR,M,D1,IT,2020,30165.2 ,30165.2,,compensation
A,CP_MEUR,M,D1,LV,2020,815.1 ,815.1,,compensation
A,CP_MEUR,M,D1,NL,2020,40592.0 ,40592.0,,compensation
A,CP_MEUR,M,D1,NO,2020,9932.4 ,9932.4,,compensation
A,CP_MEUR,M,D1,PL,2020,10492.0 ,10492.0,,compensation
A,CP_MEUR,M,D1,PT,2020,5250.3 ,5250.3,,compensation
A,CP_MEUR,M,D1,RO,2020,3865.4 ,3865.4,,compensation
A,CP_MEUR,M,D1,SE,2020,20956.1 ,20956.1,,compensation
A,CP_MEUR,M,D1,SI,2020,1678.5 ,1678.5,,compensation
A,CP_MEUR,M,D1,SK,2020,2149.1 ,2149.1,,compensation
A,CP_MEUR,M,P1,AT,2020,38889.9 ,38889.9,,output
A,CP_MEUR,M,P1,BE,2020,91086.9 ,91086.9,,output
A,CP_MEUR,M,P1,BG,2020,4412.3 ,4412.3,,output
A,CP_MEUR,M,P1,CZ,2020,22303.8 ,22303.8,,output
A,CP_MEUR,M,P1,DE,2020,407021.0 ,407021.0,,output
A,CP_MEUR,M,P1,EE,2020,2928.6 ,2928.6,,output
A,CP_MEUR,M,P1,ES,2020,100889.0 ,100889.0,,output
A,CP_MEUR,M,P1,FI,2020,19962.0 ,19962.0,,output
A,CP_MEUR,M,P1,FR,2020,334598.8 ,334598.8,,output
A,CP_MEUR,M,P1,HU,2020,12385.0 ,12385.0,,output
A,CP_MEUR,M,P1,IT,2020,182088.8 ,182088.8,,output
A,CP_MEUR,M,P1,LV,2020,2208.2 ,2208.2,,output
A,CP_MEUR,M,P1,NL,2020,139334.0 ,139334.0,,output
A,CP_MEUR,M,P1,NO,2020,27084.6 ,27084.6,,output
A,CP_MEUR,M,P1,PL,2020,47909.7 ,47909.7,,output
A,CP_MEUR,M,P1,PT,2020,15403.5 ,15403.5,,output
A,CP_MEUR,M,P1,RO,2020,20268.1 ,20268.1,,output
A,CP_MEUR,M,P1,SE,2020,62074.1 ,62074.1,,output
A,CP_MEUR,M,P1,SI,2020,5582.5 ,5582.5,,output
A,CP_MEUR,M,P1,SK,2020,9600.9 ,9600.9,,output
A,CP_MEUR,N,B1G,AT,2020,14648.5 ,14648.5,,gross_value_added
A,CP_MEUR,N,B1G,BE,2020,21256.1 ,21256.1,,gross_value_added
A,CP_MEUR,N,B1G,BG,2020,1384.4 ,1384.4,,gross_value_added
A,CP_MEUR,N,B1G,CZ,2020,3430.0 ,3430.0,,gross_value_added
A,CP_MEUR,N,B1G,DE,2020,144243.0 ,144243.0,,gross_value_added
A,CP_MEUR,N,B1G,EE,2020,848.5 ,848.5,,gross_value_added
A,CP_MEUR,N,B1G,ES,2020,39154.0 ,39154.0,,gross_value_added
A,CP_MEUR,N,B1G,FI,2020,7540.0 ,7540.0,,gross_value_added
A,CP_MEUR,N,B1G,FR,2020,116013.0 ,116013.0,,gross_value_added
A,CP_MEUR,N,B1G,HU,2020,3989.8 ,3989.8,,gross_value_added
A,CP_MEUR,N,B1G,IT,2020,53567.0 ,53567.0,,gross_value_added
A,CP_MEUR,N,B1G,LV,2020,779.8 ,779.8,,gross_value_added
A,CP_MEUR,N,B1G,NL,2020,49586.0 ,49586.0,,gross_value_added
A,CP_MEUR,N,B1G,NO,2020,8927.6 ,8927.6,,gross_value_added
A,CP_MEUR,N,B1G,PL,2020,14590.6 ,14590.6,,gross_value_added
A,CP_MEUR,N,B1G,PT,2020,6644.3 ,6644.3,,gross_value_added
A,CP_MEUR,N,B1G,RO,2020,5291.3 ,5291.3,,gross_value_added
A,CP_MEUR,N,B1G,SE,2020,14074.6 ,14074.6,,gross_value_added
A,CP_MEUR,N,B1G,SI,2020,1061.3 ,1061.3,,gross_value_added
A,CP_MEUR,N,B1G,SK,2020,2632.9 ,2632.9,,gross_value_added
A,CP_MEUR,N,B2A3N,AT,2020,1684.1 ,1684.1,,net_operating_surplus_mixed_income
A,CP_MEUR,N,B2A3N,BE,2020,2478.5 ,2478.5,,net_operating_surplus_mixed_income
A,CP_MEUR,N,B2A3N,BG,2020,135.8 ,135.8,,net_operating_surplus_mixed_income
A,CP_MEUR,N,B2A3N,CZ,2020,566.2 ,566.2,,net_operating_surplus_mixed_income
A,CP_MEUR,N,B2A3N,DE,2020,8961.0 ,8961.0,,net_operating_surplus_mixed_income
A,CP_MEUR,N,B2A3N,EE,2020,210.6 ,210.6,,net_operating_surplus_mixed_income
A,CP_MEUR,N,B2A3N,ES,2020,4310.0 ,4310.0,,net_operating_surplus_mixed_income
A,CP_MEUR,N,B2A3N,FI,2020,1063.0 ,1063.0,,net_operating_surplus_mixed_income
A,CP_MEUR,N,B2A3N,FR,2020,15103.3 ,15103.3,,net_operating_surplus_mixed_income
A,CP_MEUR,N,B2A3N,HU,2020,740.1 ,740.1,,net_operating_surplus_mixed_income
A,CP_MEUR,N,B2A3N,IT,2020,14456.1 ,14456.1,,net_operating_surplus_mixed_income
A,CP_MEUR,N,B2A3N,LV,2020,99.5 ,99.5,,net_operating_surplus_mixed_income
A,CP_MEUR,N,B2A3N,NL,2020,12274.0 ,12274.0,,net_operating_surplus_mixed_income
A,CP_MEUR,N,B2A3N,NO,2020,1925.7 ,1925.7,,net_operating_surplus_mixed_income
A,CP_MEUR,N,B2A3N,PL,2020,6370.9 ,6370.9,,net_operating_surplus_mixed_income
A,CP_MEUR,N,B2A3N,PT,2020,765.5 ,765.5,,net_operating_surplus_mixed_income
A,CP_MEUR,N,B2A3N,RO,2020,1504.6 ,1504.6,,net_operating_surplus_mixed_income
A,CP_MEUR,N,B2A3N,SE,2020,782.2 ,782.2,,net_operating_surplus_mixed_income
A,CP_MEUR,N,B2A3N,SI,2020,90.3 ,90.3,,net_operating_surplus_mixed_income
A,CP_MEUR,N,B2A3N,SK,2020,1038.8 ,1038.8,,net_operating_surplus_mixed_income
A,CP_MEUR,N,D1,AT,2020,8166.9 ,8166.9,,compensation
A,CP_MEUR,N,D1,BE,2020,14912.2 ,14912.2,,compensation
A,CP_MEUR,N,D1,BG,2020,992.4 ,992.4,,compensation
A,CP_MEUR,N,D1,CZ,2020,2207.6 ,2207.6,,compensation
A,CP_MEUR,N,D1,DE,2020,87279.0 ,87279.0,,compensation
A,CP_MEUR,N,D1,EE,2020,535.1 ,535.1,,compensation
A,CP_MEUR,N,D1,ES,2020,30144.0 ,30144.0,,compensation
A,CP_MEUR,N,D1,FI,2020,5856.0 ,5856.0,,compensation
A,CP_MEUR,N,D1,FR,2020,76714.9 ,76714.9,,compensation
A,CP_MEUR,N,D1,HU,2020,2643.3 ,2643.3,,compensation
A,CP_MEUR,N,D1,IT,2020,31167.4 ,31167.4,,compensation
A,CP_MEUR,N,D1,LV,2020,539.9 ,539.9,,compensation
A,CP_MEUR,N,D1,NL,2020,30896.0 ,30896.0,,compensation
A,CP_MEUR,N,D1,NO,2020,5761.6 ,5761.6,,compensation
A,CP_MEUR,N,D1,PL,2020,7753.3 ,7753.3,,compensation
A,CP_MEUR,N,D1,PT,2020,4810.4 ,4810.4,,compensation
A,CP_MEUR,N,D1,RO,2020,3157.4 ,3157.4,,compensation
A,CP_MEUR,N,D1,SE,2020,10630.2 ,10630.2,,compensation
A,CP_MEUR,N,D1,SI,2020,958.0 ,958.0,,compensation
A,CP_MEUR,N,D1,SK,2020,1321.2 ,1321.2,,compensation
A,CP_MEUR,N,P1,AT,2020,21343.8 ,21343.8,,output
A,CP_MEUR,N,P1,BE,2020,41509.9 ,41509.9,,output
A,CP_MEUR,N,P1,BG,2020,2884.7 ,2884.7,,output
A,CP_MEUR,N,P1,CZ,2020,8638.6 ,8638.6,,output
A,CP_MEUR,N,P1,DE,2020,243267.0 ,243267.0,,output
A,CP_MEUR,N,P1,EE,2020,1548.0 ,1548.0,,output
A,CP_MEUR,N,P1,ES,2020,63519.0 ,63519.0,,output
A,CP_MEUR,N,P1,FI,2020,13081.0 ,13081.0,,output
A,CP_MEUR,N,P1,FR,2020,212062.8 ,212062.8,,output
A,CP_MEUR,N,P1,HU,2020,6486.6 ,6486.6,,output
A,CP_MEUR,N,P1,IT,2020,104182.3 ,104182.3,,output
A,CP_MEUR,N,P1,LV,2020,1344.2 ,1344.2,,output
A,CP_MEUR,N,P1,NL,2020,82062.0 ,82062.0,,output
A,CP_MEUR,N,P1,NO,2020,16084.0 ,16084.0,,output
A,CP_MEUR,N,P1,PL,2020,25332.2 ,25332.2,,output
A,CP_MEUR,N,P1,PT,2020,10186.6 ,10186.6,,output
A,CP_MEUR,N,P1,RO,2020,8788.5 ,8788.5,,output
A,CP_MEUR,N,P1,SE,2020,24655.9 ,24655.9,,output
A,CP_MEUR,N,P1,SI,2020,1593.2 ,1593.2,,output
A,CP_MEUR,N,P1,SK,2020,5728.2 ,5728.2,,output
A,THS_PER,B,EMP_DC,AT,2012,6.02 ,6.02,,employment
A,THS_PER,B,EMP_DC,BE,2012,2.80 ,2.8,,employment
A,THS_PER,B,EMP_DC,BG,2012,26.21 ,26.21,,employment
A,THS_PER,B,EMP_DC,CZ,2012,35.54 ,35.54,,employment
A,THS_PER,B,EMP_DC,DE,2012,67.00 ,67.0,,employment
A,THS_PER,B,EMP_DC,EE,2012,5.11 ,5.11,,employment
A,THS_PER,B,EMP_DC,ES,2012,25.80 ,25.8,,employment
A,THS_PER,B,EMP_DC,FI,2012,7.70 ,7.7,,employment
A,THS_PER,B,EMP_DC,FR,2012,19.80 ,19.8,,employment
A,THS_PER,B,EMP_DC,HU,2012,7.20 ,7.2,,employment
A,THS_PER,B,EMP_DC,IT,2012,24.10 ,24.1,,employment
A,THS_PER,B,EMP_DC,LV,2012,2.66 ,2.66,,employment
A,THS_PER,B,EMP_DC,NL,2012,10.00 ,10.0,,employment
A,THS_PER,B,EMP_DC,NO,2012,67.00 ,67.0,,employment
A,THS_PER,B,EMP_DC,PL,2012,247.40 ,247.4,,employment
A,THS_PER,B,EMP_DC,PT,2012,12.79 ,12.79,,employment
A,THS_PER,B,EMP_DC,RO,2012,79.30 ,79.3,,employment
A,THS_PER,B,EMP_DC,SE,2012,10.00 ,10.0,,employment
A,THS_PER,B,EMP_DC,SI,2012,2.83 ,2.83,,employment
A,THS_PER,B,EMP_DC,SK,2012,6.66 ,6.66,,employment
A,THS_PER,B,SAL_DC,AT,2012,5.92 ,5.92,,employees
A,THS_PER,B,SAL_DC,BE,2012,2.70 ,2.7,,employees
A,THS_PER,B,SAL_DC,BG,2012,26.04 ,26.04,,employees
A,THS_PER,B,SAL_DC,CZ,2012,35.44 ,35.44,,employees
A,THS_PER,B,SAL_DC,DE,2012,65.00 ,65.0,,employees
A,THS_PER,B,SAL_DC,EE,2012,5.07 ,5.07,,employees
A,THS_PER,B,SAL_DC,ES,2012,25.00 ,25.0,,employees
A,THS_PER,B,SAL_DC,FI,2012,6.80 ,6.8,,employees
A,THS_PER,B,SAL_DC,FR,2012,19.20 ,19.2,,employees
A,THS_PER,B,SAL_DC,HU,2012,7.13 ,7.13,,employees
A,THS_PER,B,SAL_DC,IT,2012,21.50 ,21.5,,employees
A,THS_PER,B,SAL_DC,LV,2012,2.51 ,2.51,,employees
A,THS_PER,B,SAL_DC,NL,2012,9.00 ,9.0,,employees
A,THS_PER,B,SAL_DC,NO,2012,67.00 ,67.0,,employees
A,THS_PER,B,SAL_DC,PL,2012,247.20 ,247.2,,employees
A,THS_PER,B,SAL_DC,PT,2012,11.41 ,11.41,,employees
A,THS_PER,B,SAL_DC,RO,2012,79.30 ,79.3,,employees
A,THS_PER,B,SAL_DC,SE,2012,10.00 ,10.0,,employees
A,THS_PER,B,SAL_DC,SI,2012,2.79 ,2.79,,employees
A,THS_PER,B,SAL_DC,SK,2012,6.63 ,6.63,,employees
A,THS_PER,C,EMP_DC,AT,2012,632.08 ,632.08,,employment
A,THS_PER,C,EMP_DC,BE,2012,531.40 ,531.4,,employment
A,THS_PER,C,EMP_DC,BG,2012,603.72 ,603.72,,employment
A,THS_PER,C,EMP_DC,CZ,2012,1315.07 ,1315.07,,employment
A,THS_PER,C,EMP_DC,DE,2012,7413.00 ,7413.0,,employment
A,THS_PER,C,EMP_DC,EE,2012,114.68 ,114.68,,employment
A,THS_PER,C,EMP_DC,ES,2012,1991.80 ,1991.8,,employment
A,THS_PER,C,EMP_DC,FI,2012,368.60 ,368.6,,employment
A,THS_PER,C,EMP_DC,FR,2012,2800.10 ,2800.1,,employment
A,THS_PER,C,EMP_DC,HU,2012,799.37 ,799.37,,employment
A,THS_PER,C,EMP_DC,IT,2012,3991.80 ,3991.8,,employment
A,THS_PER,C,EMP_DC,LV,2012,124.88 ,124.88,,employment
A,THS_PER,C,EMP_DC,NL,2012,677.00 ,677.0,,employment
A,THS_PER,C,EMP_DC,NO,2012,234.00 ,234.0,,employment
A,THS_PER,C,EMP_DC,PL,2012,2878.80 ,2878.8,,employment
A,THS_PER,C,EMP_DC,PT,2012,685.16 ,685.16,,employment
A,THS_PER,C,EMP_DC,RO,2012,1505.70 ,1505.7,,employment
A,THS_PER,C,EMP_DC,SE,2012,571.00 ,571.0,,employment
A,THS_PER,C,EMP_DC,SI,2012,192.30 ,192.3,,employment
A,THS_PER,C,EMP_DC,SK,2012,476.23 ,476.23,,employment
A,THS_PER,C,SAL_DC,AT,2012,610.64 ,610.64,,employees
A,THS_PER,C,SAL_DC,BE,2012,512.00 ,512.0,,employees
A,THS_PER,C,SAL_DC,BG,2012,560.50 ,560.5,,employees
A,THS_PER,C,SAL_DC,CZ,2012,1204.56 ,1204.56,,employees
A,THS_PER,C,SAL_DC,DE,2012,7137.00 ,7137.0,,employees
A,THS_PER,C,SAL_DC,EE,2012,110.27 ,110.27,,employees
A,THS_PER,C,SAL_DC,ES,2012,1894.20 ,1894.2,,employees
A,THS_PER,C,SAL_DC,FI,2012,345.80 ,345.8,,employees
A,THS_PER,C,SAL_DC,FR,2012,2668.90 ,2668.9,,employees
A,THS_PER,C,SAL_DC,HU,2012,774.18 ,774.18,,employees
A,THS_PER,C,SAL_DC,IT,2012,3435.40 ,3435.4,,employees
A,THS_PER,C,SAL_DC,LV,2012,118.06 ,118.06,,employees
A,THS_PER,C,SAL_DC,NL,2012,633.00 ,633.0,,employees
A,THS_PER,C,SAL_DC,NO,2012,229.00 ,229.0,,employees
A,THS_PER,C,SAL_DC,PL,2012,2712.80 ,2712.8,,employees
A,THS_PER,C,SAL_DC,PT,2012,644.74 ,644.74,,employees
A,THS_PER,C,SAL_DC,RO,2012,1479.70 ,1479.7,,employees
A,THS_PER,C,SAL_DC,SE,2012,557.00 ,557.0,,employees
A,THS_PER,C,SAL_DC,SI,2012,181.69 ,181.69,,employees
A,THS_PER,C,SAL_DC,SK,2012,422.72 ,422.72,,employees
A,THS_PER,D,EMP_DC,AT,2012,27.87 ,27.87,,employment
A,THS_PER,D,EMP_DC,BE,2012,19.80 ,19.8,,employment
A,THS_PER,D,EMP_DC,BG,2012,30.98 ,30.98,,employment
A,THS_PER,D,EMP_DC,CZ,2012,32.71 ,32.71,,employment
A,THS_PER,D,EMP_DC,DE,2012,253.00 ,253.0,,employment
A,THS_PER,D,EMP_DC,EE,2012,8.08 ,8.08,,employment
A,THS_PER,D,EMP_DC,ES,2012,44.30 ,44.3,,employment
A,THS_PER,D,EMP_DC,FI,2012,13.40 ,13.4,,employment
A,THS_PER,D,EMP_DC,FR,2012,116.00 ,116.0,,employment
A,THS_PER,D,EMP_DC,HU,2012,36.92 ,36.92,,employment
A,THS_PER,D,EMP_DC,IT,2012,84.60 ,84.6,,employment
A,THS_PER,D,EMP_DC,LV,2012,11.50 ,11.5,,employment
A,THS_PER,D,EMP_DC,NL,2012,26.00 ,26.0,,employment
A,THS_PER,D,EMP_DC,NO,2012,15.00 ,15.0,,employment
A,THS_PER,D,EMP_DC,PL,2012,164.40 ,164.4,,employment
A,THS_PER,D,EMP_DC,PT,2012,8.47 ,8.47,,employment
A,THS_PER,D,EMP_DC,RO,2012,99.70 ,99.7,,employment
A,THS_PER,D,EMP_DC,SE,2012,27.00 ,27.0,,employment
A,THS_PER,D,EMP_DC,SI,2012,8.91 ,8.91,,employment
A,THS_PER,D,EMP_DC,SK,2012,18.39 ,18.39,,employment
A,THS_PER,D,SAL_DC,AT,2012,27.42 ,27.42,,employees
A,THS_PER,D,SAL_DC,BE,2012,19.80 ,19.8,,employees
A,THS_PER,D,SAL_DC,BG,2012,30.87 ,30.87,,employees
A,THS_PER,D,SAL_DC,CZ,2012,31.70 ,31.7,,employees
A,THS_PER,D,SAL_DC,DE,2012,253.00 ,253.0,,employees
A,THS_PER,D,SAL_DC,EE,2012,8.03 ,8.03,,employees
A,THS_PER,D,SAL_DC,ES,2012,43.70 ,43.7,,employees
A,THS_PER,D,SAL_DC,FI,2012,13.40 ,13.4,,employees
A,THS_PER,D,SAL_DC,FR,2012,114.60 ,114.6,,employees
A,THS_PER,D,SAL_DC,HU,2012,36.92 ,36.92,,employees
A,THS_PER,D,SAL_DC,IT,2012,82.90 ,82.9,,employees
A,THS_PER,D,SAL_DC,LV,2012,11.22 ,11.22,,employees
A,THS_PER,D,SAL_DC,NL,2012,25.00 ,25.0,,employees
A,THS_PER,D,SAL_DC,NO,2012,15.00 ,15.0,,employees
A,THS_PER,D,SAL_DC,PL,2012,163.60 ,163.6,,employees
A,THS_PER,D,SAL_DC,PT,2012,8.36 ,8.36,,employees
A,THS_PER,D,SAL_DC,RO,2012,99.60 ,99.6,,employees
A,THS_PER,D,SAL_DC,SE,2012,27.00 ,27.0,,employees
A,THS_PER,D,SAL_DC,SI,2012,8.06 ,8.06,,employees
A,THS_PER,D,SAL_DC,SK,2012,18.36 ,18.36,,employees
A,THS_PER,E,EMP_DC,AT,2012,22.19 ,22.19,,employment
A,THS_PER,E,EMP_DC,BE,2012,31.50 ,31.5,,employment
A,THS_PER,E,EMP_DC,BG,2012,39.24 ,39.24,,employment
A,THS_PER,E,EMP_DC,CZ,2012,59.41 ,59.41,,employment
A,THS_PER,E,EMP_DC,DE,2012,257.00 ,257.0,,employment
A,THS_PER,E,EMP_DC,EE,2012,3.22 ,3.22,,employment
A,THS_PER,E,EMP_DC,ES,2012,174.10 ,174.1,,employment
A,THS_PER,E,EMP_DC,FI,2012,12.50 ,12.5,,employment
A,THS_PER,E,EMP_DC,FR,2012,137.40 ,137.4,,employment
A,THS_PER,E,EMP_DC,HU,2012,46.47 ,46.47,,employment
A,THS_PER,E,EMP_DC,IT,2012,210.70 ,210.7,,employment
A,THS_PER,E,EMP_DC,LV,2012,6.30 ,6.3,,employment
A,THS_PER,E,EMP_DC,NL,2012,32.00 ,32.0,,employment
A,THS_PER,E,EMP_DC,NO,2012,14.00 ,14.0,,employment
A,THS_PER,E,EMP_DC,PL,2012,164.20 ,164.2,,employment
A,THS_PER,E,EMP_DC,PT,2012,40.78 ,40.78,,employment
A,THS_PER,E,EMP_DC,RO,2012,86.00 ,86.0,,employment
A,THS_PER,E,EMP_DC,SE,2012,24.00 ,24.0,,employment
A,THS_PER,E,EMP_DC,SI,2012,9.88 ,9.88,,employment
A,THS_PER,E,EMP_DC,SK,2012,22.65 ,22.65,,employment
A,THS_PER,E,SAL_DC,AT,2012,21.84 ,21.84,,employees
A,THS_PER,E,SAL_DC,BE,2012,31.30 ,31.3,,employees
A,THS_PER,E,SAL_DC,BG,2012,38.66 ,38.66,,employees
A,THS_PER,E,SAL_DC,CZ,2012,56.62 ,56.62,,employees
A,THS_PER,E,SAL_DC,DE,2012,248.00 ,248.0,,employees
A,THS_PER,E,SAL_DC,EE,2012,3.19 ,3.19,,employees
A,THS_PER,E,SAL_DC,ES,2012,172.30 ,172.3,,employees
A,THS_PER,E,SAL_DC,FI,2012,12.10 ,12.1,,employees
A,THS_PER,E,SAL_DC,FR,2012,132.20 ,132.2,,employees
A,THS_PER,E,SAL_DC,HU,2012,45.63 ,45.63,,employees
A,THS_PER,E,SAL_DC,IT,2012,201.90 ,201.9,,employees
A,THS_PER,E,SAL_DC,LV,2012,6.17 ,6.17,,employees
A,THS_PER,E,SAL_DC,NL,2012,32.00 ,32.0,,employees
A,THS_PER,E,SAL_DC,NO,2012,14.00 ,14.0,,employees
A,THS_PER,E,SAL_DC,PL,2012,157.40 ,157.4,,employees
A,THS_PER,E,SAL_DC,PT,2012,40.45 ,40.45,,employees
A,THS_PER,E,SAL_DC,RO,2012,83.70 ,83.7,,employees
A,THS_PER,E,SAL_DC,SE,2012,24.00 ,24.0,,employees
A,THS_PER,E,SAL_DC,SI,2012,9.78 ,9.78,,employees
A,THS_PER,E,SAL_DC,SK,2012,22.18 ,22.18,,employees
A,THS_PER,F,EMP_DC,AT,2012,285.48 ,285.48,,employment
A,THS_PER,F,EMP_DC,BE,2012,268.40 ,268.4,,employment
A,THS_PER,F,EMP_DC,BG,2012,185.94 ,185.94,,employment
A,THS_PER,F,EMP_DC,CZ,2012,431.00 ,431.0,,employment
A,THS_PER,F,EMP_DC,DE,2012,2403.00 ,2403.0,,employment
A,THS_PER,F,EMP_DC,EE,2012,46.73 ,46.73,,employment
A,THS_PER,F,EMP_DC,ES,2012,1191.40 ,1191.4,,employment
A,THS_PER,F,EMP_DC,FI,2012,190.20 ,190.2,,employment
A,THS_PER,F,EMP_DC,FR,2012,1891.20 ,1891.2,,employment
A,THS_PER,F,EMP_DC,HU,2012,266.04 ,266.04,,employment
A,THS_PER,F,EMP_DC,IT,2012,1746.60 ,1746.6,,employment
A,THS_PER,F,EMP_DC,LV,2012,60.81 ,60.81,,employment
A,THS_PER,F,EMP_DC,NL,2012,498.00 ,498.0,,employment
A,THS_PER,F,EMP_DC,NO,2012,200.00 ,200.0,,employment
A,THS_PER,F,EMP_DC,PL,2012,1211.20 ,1211.2,,employment
A,THS_PER,F,EMP_DC,PT,2012,318.34 ,318.34,,employment
A,THS_PER,F,EMP_DC,RO,2012,633.00 ,633.0,,employment
A,THS_PER,F,EMP_DC,SE,2012,317.00 ,317.0,,employment
A,THS_PER,F,EMP_DC,SI,2012,67.70 ,67.7,,employment
A,THS_PER,F,EMP_DC,SK,2012,172.64 ,172.64,,employment
A,THS_PER,F,SAL_DC,AT,2012,260.68 ,260.68,,employees
A,THS_PER,F,SAL_DC,BE,2012,219.90 ,219.9,,employees
A,THS_PER,F,SAL_DC,BG,2012,160.56 ,160.56,,employees
A,THS_PER,F,SAL_DC,CZ,2012,281.47 ,281.47,,employees
A,THS_PER,F,SAL_DC,DE,2012,1895.00 ,1895.0,,employees
A,THS_PER,F,SAL_DC,EE,2012,38.86 ,38.86,,employees
A,THS_PER,F,SAL_DC,ES,2012,967.60 ,967.6,,employees
A,THS_PER,F,SAL_DC,FI,2012,156.80 ,156.8,,employees
A,THS_PER,F,SAL_DC,FR,2012,1547.50 ,1547.5,,employees
A,THS_PER,F,SAL_DC,HU,2012,223.71 ,223.71,,employees
A,THS_PER,F,SAL_DC,IT,2012,1045.80 ,1045.8,,employees
A,THS_PER,F,SAL_DC,LV,2012,52.04 ,52.04,,employees
A,THS_PER,F,SAL_DC,NL,2012,346.00 ,346.0,,employees
A,THS_PER,F,SAL_DC,NO,2012,179.00 ,179.0,,employees
A,THS_PER,F,SAL_DC,PL,2012,940.80 ,940.8,,employees
A,THS_PER,F,SAL_DC,PT,2012,279.61 ,279.61,,employees
A,THS_PER,F,SAL_DC,RO,2012,495.40 ,495.4,,employees
A,THS_PER,F,SAL_DC,SE,2012,278.00 ,278.0,,employees
A,THS_PER,F,SAL_DC,SI,2012,54.70 ,54.7,,employees
A,THS_PER,F,SAL_DC,SK,2012,93.00 ,93.0,,employees
A,THS_PER,G,EMP_DC,AT,2012,658.97 ,658.97,,employment
A,THS_PER,G,EMP_DC,BE,2012,576.00 ,576.0,,employment
A,THS_PER,G,EMP_DC,BG,2012,524.28 ,524.28,,employment
A,THS_PER,G,EMP_DC,CZ,2012,712.89 ,712.89,,employment
A,THS_PER,G,EMP_DC,DE,2012,5893.00 ,5893.0,,employment
A,THS_PER,G,EMP_DC,EE,2012,79.57 ,79.57,,employment
A,THS_PER,G,EMP_DC,ES,2012,3347.90 ,3347.9,,employment
A,THS_PER,G,EMP_DC,FI,2012,303.10 ,303.1,,employment
A,THS_PER,G,EMP_DC,FR,2012,3512.10 ,3512.1,,employment
A,THS_PER,G,EMP_DC,HU,2012,571.78 ,571.78,,employment
A,THS_PER,G,EMP_DC,IT,2012,3744.90 ,3744.9,,employment
A,THS_PER,G,EMP_DC,LV,2012,135.54 ,135.54,,employment
A,THS_PER,G,EMP_DC,NL,2012,1411.00 ,1411.0,,employment
A,THS_PER,G,EMP_DC,NO,2012,358.00 ,358.0,,employment
A,THS_PER,G,EMP_DC,PL,2012,2267.50 ,2267.5,,employment
A,THS_PER,G,EMP_DC,PT,2012,685.13 ,685.13,,employment
A,THS_PER,G,EMP_DC,RO,2012,1069.60 ,1069.6,,employment
A,THS_PER,G,EMP_DC,SE,2012,578.00 ,578.0,,employment
A,THS_PER,G,EMP_DC,SI,2012,117.95 ,117.95,,employment
A,THS_PER,G,EMP_DC,SK,2012,383.16 ,383.16,,employment
A,THS_PER,G,SAL_DC,AT,2012,591.24 ,591.24,,employees
A,THS_PER,G,SAL_DC,BE,2012,504.90 ,504.9,,employees
A,THS_PER,G,SAL_DC,BG,2012,403.83 ,403.83,,employees
A,THS_PER,G,SAL_DC,CZ,2012,565.00 ,565.0,,employees
A,THS_PER,G,SAL_DC,DE,2012,5238.00 ,5238.0,,employees
A,THS_PER,G,SAL_DC,EE,2012,71.19 ,71.19,,employees
A,THS_PER,G,SAL_DC,ES,2012,2498.70 ,2498.7,,employees
A,THS_PER,G,SAL_DC,FI,2012,267.20 ,267.2,,employees
A,THS_PER,G,SAL_DC,FR,2012,3092.00 ,3092.0,,employees
A,THS_PER,G,SAL_DC,HU,2012,510.16 ,510.16,,employees
A,THS_PER,G,SAL_DC,IT,2012,2081.20 ,2081.2,,employees
A,THS_PER,G,SAL_DC,LV,2012,124.84 ,124.84,,employees
A,THS_PER,G,SAL_DC,NL,2012,1243.00 ,1243.0,,employees
A,THS_PER,G,SAL_DC,NO,2012,349.00 ,349.0,,employees
A,THS_PER,G,SAL_DC,PL,2012,1757.40 ,1757.4,,employees
A,THS_PER,G,SAL_DC,PT,2012,618.68 ,618.68,,employees
A,THS_PER,G,SAL_DC,RO,2012,994.70 ,994.7,,employees
A,THS_PER,G,SAL_DC,SE,2012,551.00 ,551.0,,employees
A,THS_PER,G,SAL_DC,SI,2012,103.29 ,103.29,,employees
A,THS_PER,G,SAL_DC,SK,2012,302.26 ,302.26,,employees
A,THS_PER,H,EMP_DC,AT,2012,206.35 ,206.35,,employment
A,THS_PER,H,EMP_DC,BE,2012,252.70 ,252.7,,employment
A,THS_PER,H,EMP_DC,BG,2012,187.65 ,187.65,,employment
A,THS_PER,H,EMP_DC,CZ,2012,310.82 ,310.82,,employment
A,THS_PER,H,EMP_DC,DE,2012,2064.00 ,2064.0,,employment
A,THS_PER,H,EMP_DC,EE,2012,45.12 ,45.12,,employment
A,THS_PER,H,EMP_DC,ES,2012,855.60 ,855.6,,employment
A,THS_PER,H,EMP_DC,FI,2012,152.70 ,152.7,,employment
A,THS_PER,H,EMP_DC,FR,2012,1382.40 ,1382.4,,employment
A,THS_PER,H,EMP_DC,HU,2012,260.40 ,260.4,,employment
A,THS_PER,H,EMP_DC,IT,2012,1106.30 ,1106.3,,employment
A,THS_PER,H,EMP_DC,LV,2012,66.31 ,66.31,,employment
A,THS_PER,H,EMP_DC,NL,2012,390.00 ,390.0,,employment
A,THS_PER,H,EMP_DC,NO,2012,162.00 ,162.0,,employment
A,THS_PER,H,EMP_DC,PL,2012,882.60 ,882.6,,employment
A,THS_PER,H,EMP_DC,PT,2012,160.18 ,160.18,,employment
A,THS_PER,H,EMP_DC,RO,2012,416.30 ,416.3,,employment
A,THS_PER,H,EMP_DC,SE,2012,249.00 ,249.0,,employment
A,THS_PER,H,EMP_DC,SI,2012,48.41 ,48.41,,employment
A,THS_PER,H,EMP_DC,SK,2012,131.34 ,131.34,,employment
A,THS_PER,H,SAL_DC,AT,2012,194.32 ,194.32,,employees
A,THS_PER,H,SAL_DC,BE,2012,246.00 ,246.0,,employees
A,THS_PER,H,SAL_DC,BG,2012,143.34 ,143.34,,employees
A,THS_PER,H,SAL_DC,CZ,2012,279.47 ,279.47,,employees
A,THS_PER,H,SAL_DC,DE,2012,1932.00 ,1932.0,,employees
A,THS_PER,H,SAL_DC,EE,2012,40.42 ,40.42,,employees
A,THS_PER,H,SAL_DC,ES,2012,671.60 ,671.6,,employees
A,THS_PER,H,SAL_DC,FI,2012,128.30 ,128.3,,employees
A,THS_PER,H,SAL_DC,FR,2012,1325.30 ,1325.3,,employees
A,THS_PER,H,SAL_DC,HU,2012,240.38 ,240.38,,employees
A,THS_PER,H,SAL_DC,IT,2012,951.90 ,951.9,,employees
A,THS_PER,H,SAL_DC,LV,2012,64.39 ,64.39,,employees
A,THS_PER,H,SAL_DC,NL,2012,358.00 ,358.0,,employees
A,THS_PER,H,SAL_DC,NO,2012,150.00 ,150.0,,employees
A,THS_PER,H,SAL_DC,PL,2012,743.70 ,743.7,,employees
A,THS_PER,H,SAL_DC,PT,2012,154.51 ,154.51,,employees
A,THS_PER,H,SAL_DC,RO,2012,380.10 ,380.1,,employees
A,THS_PER,H,SAL_DC,SE,2012,238.00 ,238.0,,employees
A,THS_PER,H,SAL_DC,SI,2012,42.14 ,42.14,,employees
A,THS_PER,H,SAL_DC,SK,2012,118.21 ,118.21,,employees
A,THS_PER,I,EMP_DC,AT,2012,275.78 ,275.78,,employment
A,THS_PER,I,EMP_DC,BE,2012,144.30 ,144.3,,employment
A,THS_PER,I,EMP_DC,BG,2012,151.09 ,151.09,,employment
A,THS_PER,I,EMP_DC,CZ,2012,188.50 ,188.5,,employment
A,THS_PER,I,EMP_DC,DE,2012,1734.00 ,1734.0,,employment
A,THS_PER,I,EMP_DC,EE,2012,19.45 ,19.45,,employment
A,THS_PER,I,EMP_DC,ES,2012,1273.10 ,1273.1,,employment
A,THS_PER,I,EMP_DC,FI,2012,75.50 ,75.5,,employment
A,THS_PER,I,EMP_DC,FR,2012,1147.10 ,1147.1,,employment
A,THS_PER,I,EMP_DC,HU,2012,168.58 ,168.58,,employment
A,THS_PER,I,EMP_DC,IT,2012,1431.30 ,1431.3,,employment
A,THS_PER,I,EMP_DC,LV,2012,24.02 ,24.02,,employment
A,THS_PER,I,EMP_DC,NL,2012,369.00 ,369.0,,employment
A,THS_PER,I,EMP_DC,NO,2012,84.00 ,84.0,,employment
A,THS_PER,I,EMP_DC,PL,2012,344.90 ,344.9,,employment
A,THS_PER,I,EMP_DC,PT,2012,270.33 ,270.33,,employment
A,THS_PER,I,EMP_DC,RO,2012,168.10 ,168.1,,employment
A,THS_PER,I,EMP_DC,SE,2012,155.00 ,155.0,,employment
A,THS_PER,I,EMP_DC,SI,2012,33.67 ,33.67,,employment
A,THS_PER,I,EMP_DC,SK,2012,80.11 ,80.11,,employment
A,THS_PER,I,SAL_DC,AT,2012,236.83 ,236.83,,employees
A,THS_PER,I,SAL_DC,BE,2012,115.10 ,115.1,,employees
A,THS_PER,I,SAL_DC,BG,2012,129.43 ,129.43,,employees
A,THS_PER,I,SAL_DC,CZ,2012,145.04 ,145.04,,employees
A,THS_PER,I,SAL_DC,DE,2012,1455.00 ,1455.0,,employees
A,THS_PER,I,SAL_DC,EE,2012,17.87 ,17.87,,employees
A,THS_PER,I,SAL_DC,ES,2012,1022.20 ,1022.2,,employees
A,THS_PER,I,SAL_DC,FI,2012,64.50 ,64.5,,employees
A,THS_PER,I,SAL_DC,FR,2012,990.90 ,990.9,,employees
A,THS_PER,I,SAL_DC,HU,2012,151.01 ,151.01,,employees
A,THS_PER,I,SAL_DC,IT,2012,982.60 ,982.6,,employees
A,THS_PER,I,SAL_DC,LV,2012,21.69 ,21.69,,employees
A,THS_PER,I,SAL_DC,NL,2012,305.00 ,305.0,,employees
A,THS_PER,I,SAL_DC,NO,2012,81.00 ,81.0,,employees
A,THS_PER,I,SAL_DC,PL,2012,293.70 ,293.7,,employees
A,THS_PER,I,SAL_DC,PT,2012,227.87 ,227.87,,employees
A,THS_PER,I,SAL_DC,RO,2012,164.60 ,164.6,,employees
A,THS_PER,I,SAL_DC,SE,2012,146.00 ,146.0,,employees
A,THS_PER,I,SAL_DC,SI,2012,27.27 ,27.27,,employees
A,THS_PER,I,SAL_DC,SK,2012,68.90 ,68.9,,employees
A,THS_PER,J,EMP_DC,AT,2012,106.83 ,106.83,,employment
A,THS_PER,J,EMP_DC,BE,2012,107.80 ,107.8,,employment
A,THS_PER,J,EMP_DC,BG,2012,75.96 ,75.96,,employment
A,THS_PER,J,EMP_DC,CZ,2012,127.37 ,127.37,,employment
A,THS_PER,J,EMP_DC,DE,2012,1191.00 ,1191.0,,employment
A,THS_PER,J,EMP_DC,EE,2012,18.19 ,18.19,,employment
A,THS_PER,J,EMP_DC,ES,2012,424.70 ,424.7,,employment
A,THS_PER,J,EMP_DC,FI,2012,95.80 ,95.8,,employment
A,THS_PER,J,EMP_DC,FR,2012,855.10 ,855.1,,employment
A,THS_PER,J,EMP_DC,HU,2012,105.21 ,105.21,,employment
A,THS_PER,J,EMP_DC,IT,2012,599.10 ,599.1,,employment
A,THS_PER,J,EMP_DC,LV,2012,21.43 ,21.43,,employment
A,THS_PER,J,EMP_DC,NL,2012,261.00 ,261.0,,employment
A,THS_PER,J,EMP_DC,NO,2012,89.00 ,89.0,,employment
A,THS_PER,J,EMP_DC,PL,2012,315.40 ,315.4,,employment
A,THS_PER,J,EMP_DC,PT,2012,73.75 ,73.75,,employment
A,THS_PER,J,EMP_DC,RO,2012,145.40 ,145.4,,employment
A,THS_PER,J,EMP_DC,SE,2012,189.00 ,189.0,,employment
A,THS_PER,J,EMP_DC,SI,2012,25.59 ,25.59,,employment
A,THS_PER,J,EMP_DC,SK,2012,55.06 ,55.06,,employment
A,THS_PER,J,SAL_DC,AT,2012,87.71 ,87.71,,employees
A,THS_PER,J,SAL_DC,BE,2012,97.70 ,97.7,,employees
A,THS_PER,J,SAL_DC,BG,2012,68.07 ,68.07,,employees
A,THS_PER,J,SAL_DC,CZ,2012,111.85 ,111.85,,employees
A,THS_PER,J,SAL_DC,DE,2012,1046.00 ,1046.0,,employees
A,THS_PER,J,SAL_DC,EE,2012,15.70 ,15.7,,employees
A,THS_PER,J,SAL_DC,ES,2012,394.50 ,394.5,,employees
A,THS_PER,J,SAL_DC,FI,2012,88.30 ,88.3,,employees
A,THS_PER,J,SAL_DC,FR,2012,795.60 ,795.6,,employees
A,THS_PER,J,SAL_DC,HU,2012,99.11 ,99.11,,employees
A,THS_PER,J,SAL_DC,IT,2012,454.80 ,454.8,,employees
A,THS_PER,J,SAL_DC,LV,2012,19.80 ,19.8,,employees
A,THS_PER,J,SAL_DC,NL,2012,225.00 ,225.0,,employees
A,THS_PER,J,SAL_DC,NO,2012,85.00 ,85.0,,employees
A,THS_PER,J,SAL_DC,PL,2012,264.50 ,264.5,,employees
A,THS_PER,J,SAL_DC,PT,2012,69.74 ,69.74,,employees
A,THS_PER,J,SAL_DC,RO,2012,132.20 ,132.2,,employees
A,THS_PER,J,SAL_DC,SE,2012,179.00 ,179.0,,employees
A,THS_PER,J,SAL_DC,SI,2012,21.81 ,21.81,,employees
A,THS_PER,J,SAL_DC,SK,2012,45.92 ,45.92,,employees
A,THS_PER,L,EMP_DC,AT,2012,68.19 ,68.19,,employment
A,THS_PER,L,EMP_DC,BE,2012,23.50 ,23.5,,employment
A,THS_PER,L,EMP_DC,BG,2012,27.34 ,27.34,,employment
A,THS_PER,L,EMP_DC,CZ,2012,89.28 ,89.28,,employment
A,THS_PER,L,EMP_DC,DE,2012,464.00 ,464.0,,employment
A,THS_PER,L,EMP_DC,EE,2012,10.98 ,10.98,,employment
A,THS_PER,L,EMP_DC,ES,2012,167.60 ,167.6,,employment
A,THS_PER,L,EMP_DC,FI,2012,24.20 ,24.2,,employment
A,THS_PER,L,EMP_DC,FR,2012,361.20 ,361.2,,employment
A,THS_PER,L,EMP_DC,HU,2012,68.24 ,68.24,,employment
A,THS_PER,L,EMP_DC,IT,2012,190.10 ,190.1,,employment
A,THS_PER,L,EMP_DC,LV,2012,19.97 ,19.97,,employment
A,THS_PER,L,EMP_DC,NL,2012,76.00 ,76.0,,employment
A,THS_PER,L,EMP_DC,NO,2012,26.00 ,26.0,,employment
A,THS_PER,L,EMP_DC,PL,2012,146.80 ,146.8,,employment
A,THS_PER,L,EMP_DC,PT,2012,26.16 ,26.16,,employment
A,THS_PER,L,EMP_DC,RO,2012,24.80 ,24.8,,employment
A,THS_PER,L,EMP_DC,SE,2012,73.00 ,73.0,,employment
A,THS_PER,L,EMP_DC,SI,2012,5.30 ,5.3,,employment
A,THS_PER,L,EMP_DC,SK,2012,24.89 ,24.89,,employment
A,THS_PER,L,SAL_DC,AT,2012,53.75 ,53.75,,employees
A,THS_PER,L,SAL_DC,BE,2012,19.90 ,19.9,,employees
A,THS_PER,L,SAL_DC,BG,2012,24.71 ,24.71,,employees
A,THS_PER,L,SAL_DC,CZ,2012,62.36 ,62.36,,employees
A,THS_PER,L,SAL_DC,DE,2012,396.00 ,396.0,,employees
A,THS_PER,L,SAL_DC,EE,2012,9.80 ,9.8,,employees
A,THS_PER,L,SAL_DC,ES,2012,120.70 ,120.7,,employees
A,THS_PER,L,SAL_DC,FI,2012,20.60 ,20.6,,employees
A,THS_PER,L,SAL_DC,FR,2012,322.70 ,322.7,,employees
A,THS_PER,L,SAL_DC,HU,2012,66.62 ,66.62,,employees
A,THS_PER,L,SAL_DC,IT,2012,69.00 ,69.0,,employees
A,THS_PER,L,SAL_DC,LV,2012,18.43 ,18.43,,employees
A,THS_PER,L,SAL_DC,NL,2012,66.00 ,66.0,,employees
A,THS_PER,L,SAL_DC,NO,2012,23.00 ,23.0,,employees
A,THS_PER,L,SAL_DC,PL,2012,130.20 ,130.2,,employees
A,THS_PER,L,SAL_DC,PT,2012,17.11 ,17.11,,employees
A,THS_PER,L,SAL_DC,RO,2012,23.90 ,23.9,,employees
A,THS_PER,L,SAL_DC,SE,2012,66.00 ,66.0,,employees
A,THS_PER,L,SAL_DC,SI,2012,4.62 ,4.62,,employees
A,THS_PER,L,SAL_DC,SK,2012,23.03 ,23.03,,employees
A,THS_PER,M,EMP_DC,AT,2012,245.44 ,245.44,,employment
A,THS_PER,M,EMP_DC,BE,2012,531.20 ,531.2,,employment
A,THS_PER,M,EMP_DC,BG,2012,97.61 ,97.61,,employment
A,THS_PER,M,EMP_DC,CZ,2012,275.05 ,275.05,,employment
A,THS_PER,M,EMP_DC,DE,2012,2561.00 ,2561.0,,employment
A,THS_PER,M,EMP_DC,EE,2012,24.03 ,24.03,,employment
A,THS_PER,M,EMP_DC,ES,2012,908.00 ,908.0,,employment
A,THS_PER,M,EMP_DC,FI,2012,144.60 ,144.6,,employment
A,THS_PER,M,EMP_DC,FR,2012,1747.00 ,1747.0,,employment
A,THS_PER,M,EMP_DC,HU,2012,137.94 ,137.94,,employment
A,THS_PER,M,EMP_DC,IT,2012,1602.30 ,1602.3,,employment
A,THS_PER,M,EMP_DC,LV,2012,31.32 ,31.32,,employment
A,THS_PER,M,EMP_DC,NL,2012,700.00 ,700.0,,employment
A,THS_PER,M,EMP_DC,NO,2012,127.00 ,127.0,,employment
A,THS_PER,M,EMP_DC,PL,2012,516.50 ,516.5,,employment
A,THS_PER,M,EMP_DC,PT,2012,172.85 ,172.85,,employment
A,THS_PER,M,EMP_DC,RO,2012,155.20 ,155.2,,employment
A,THS_PER,M,EMP_DC,SE,2012,303.00 ,303.0,,employment
A,THS_PER,M,EMP_DC,SI,2012,70.61 ,70.61,,employment
A,THS_PER,M,EMP_DC,SK,2012,124.22 ,124.22,,employment
A,THS_PER,M,SAL_DC,AT,2012,167.47 ,167.47,,employees
A,THS_PER,M,SAL_DC,BE,2012,143.40 ,143.4,,employees
A,THS_PER,M,SAL_DC,BG,2012,74.50 ,74.5,,employees
A,THS_PER,M,SAL_DC,CZ,2012,186.20 ,186.2,,employees
A,THS_PER,M,SAL_DC,DE,2012,1930.00 ,1930.0,,employees
A,THS_PER,M,SAL_DC,EE,2012,17.31 ,17.31,,employees
A,THS_PER,M,SAL_DC,ES,2012,655.80 ,655.8,,employees
A,THS_PER,M,SAL_DC,FI,2012,109.80 ,109.8,,employees
A,THS_PER,M,SAL_DC,FR,2012,1463.80 ,1463.8,,employees
A,THS_PER,M,SAL_DC,HU,2012,121.24 ,121.24,,employees
A,THS_PER,M,SAL_DC,IT,2012,559.40 ,559.4,,employees
A,THS_PER,M,SAL_DC,LV,2012,26.05 ,26.05,,employees
A,THS_PER,M,SAL_DC,NL,2012,495.00 ,495.0,,employees
A,THS_PER,M,SAL_DC,NO,2012,113.00 ,113.0,,employees
A,THS_PER,M,SAL_DC,PL,2012,336.50 ,336.5,,employees
A,THS_PER,M,SAL_DC,PT,2012,134.64 ,134.64,,employees
A,THS_PER,M,SAL_DC,RO,2012,132.30 ,132.3,,employees
A,THS_PER,M,SAL_DC,SE,2012,263.00 ,263.0,,employees
A,THS_PER,M,SAL_DC,SI,2012,46.60 ,46.6,,employees
A,THS_PER,M,SAL_DC,SK,2012,87.85 ,87.85,,employees
A,THS_PER,N,EMP_DC,AT,2012,226.49 ,226.49,,employment
A,THS_PER,N,EMP_DC,BE,2012,364.10 ,364.1,,employment
A,THS_PER,N,EMP_DC,BG,2012,132.03 ,132.03,,employment
A,THS_PER,N,EMP_DC,CZ,2012,141.55 ,141.55,,employment
A,THS_PER,N,EMP_DC,DE,2012,2950.00 ,2950.0,,employment
A,THS_PER,N,EMP_DC,EE,2012,19.48 ,19.48,,employment
A,THS_PER,N,EMP_DC,ES,2012,1184.80 ,1184.8,,employment
A,THS_PER,N,EMP_DC,FI,2012,150.00 ,150.0,,employment
A,THS_PER,N,EMP_DC,FR,2012,1946.90 ,1946.9,,employment
A,THS_PER,N,EMP_DC,HU,2012,166.15 ,166.15,,employment
A,THS_PER,N,EMP_DC,IT,2012,1206.60 ,1206.6,,employment
A,THS_PER,N,EMP_DC,LV,2012,34.06 ,34.06,,employment
A,THS_PER,N,EMP_DC,NL,2012,997.00 ,997.0,,employment
A,THS_PER,N,EMP_DC,NO,2012,121.00 ,121.0,,employment
A,THS_PER,N,EMP_DC,PL,2012,422.20 ,422.2,,employment
A,THS_PER,N,EMP_DC,PT,2012,286.64 ,286.64,,employment
A,THS_PER,N,EMP_DC,RO,2012,157.90 ,157.9,,employment
A,THS_PER,N,EMP_DC,SE,2012,235.00 ,235.0,,employment
A,THS_PER,N,EMP_DC,SI,2012,44.33 ,44.33,,employment
A,THS_PER,N,EMP_DC,SK,2012,91.55 ,91.55,,employment
A,THS_PER,N,SAL_DC,AT,2012,203.75 ,203.75,,employees
A,THS_PER,N,SAL_DC,BE,2012,344.80 ,344.8,,employees
A,THS_PER,N,SAL_DC,BG,2012,127.54 ,127.54,,employees
A,THS_PER,N,SAL_DC,CZ,2012,128.21 ,128.21,,employees
A,THS_PER,N,SAL_DC,DE,2012,2705.00 ,2705.0,,employees
A,THS_PER,N,SAL_DC,EE,2012,18.27 ,18.27,,employees
A,THS_PER,N,SAL_DC,ES,2012,1115.30 ,1115.3,,employees
A,THS_PER,N,SAL_DC,FI,2012,139.50 ,139.5,,employees
A,THS_PER,N,SAL_DC,FR,2012,1859.20 ,1859.2,,employees
A,THS_PER,N,SAL_DC,HU,2012,161.12 ,161.12,,employees
A,THS_PER,N,SAL_DC,IT,2012,997.70 ,997.7,,employees
A,THS_PER,N,SAL_DC,LV,2012,32.34 ,32.34,,employees
A,THS_PER,N,SAL_DC,NL,2012,742.00 ,742.0,,employees
A,THS_PER,N,SAL_DC,NO,2012,117.00 ,117.0,,employees
A,THS_PER,N,SAL_DC,PL,2012,390.20 ,390.2,,employees
A,THS_PER,N,SAL_DC,PT,2012,241.52 ,241.52,,employees
A,THS_PER,N,SAL_DC,RO,2012,155.20 ,155.2,,employees
A,THS_PER,N,SAL_DC,SE,2012,224.00 ,224.0,,employees
A,THS_PER,N,SAL_DC,SI,2012,40.50 ,40.5,,employees
A,THS_PER,N,SAL_DC,SK,2012,82.03 ,82.03,,employees
A,THS_PER,B,EMP_DC,AT,2013,6.08 ,6.08,,employment
A,THS_PER,B,EMP_DC,BE,2013,2.70 ,2.7,,employment
A,THS_PER,B,EMP_DC,BG,2013,25.47 ,25.47,,employment
A,THS_PER,B,EMP_DC,CZ,2013,31.76 ,31.76,,employment
A,THS_PER,B,EMP_DC,DE,2013,63.00 ,63.0,,employment
A,THS_PER,B,EMP_DC,EE,2013,4.54 ,4.54,,employment
A,THS_PER,B,EMP_DC,ES,2013,22.80 ,22.8,,employment
A,THS_PER,B,EMP_DC,FI,2013,7.50 ,7.5,,employment
A,THS_PER,B,EMP_DC,FR,2013,20.20 ,20.2,,employment
A,THS_PER,B,EMP_DC,HU,2013,4.83 ,4.83,,employment
A,THS_PER,B,EMP_DC,IT,2013,23.00 ,23.0,,employment
A,THS_PER,B,EMP_DC,LV,2013,2.64 ,2.64,,employment
A,THS_PER,B,EMP_DC,NL,2013,10.00 ,10.0,,employment
A,THS_PER,B,EMP_DC,NO,2013,72.00 ,72.0,,employment
A,THS_PER,B,EMP_DC,PL,2013,265.50 ,265.5,,employment
A,THS_PER,B,EMP_DC,PT,2013,11.92 ,11.92,,employment
A,THS_PER,B,EMP_DC,RO,2013,79.70 ,79.7,,employment
A,THS_PER,B,EMP_DC,SE,2013,10.00 ,10.0,,employment
A,THS_PER,B,EMP_DC,SI,2013,2.70 ,2.7,,employment
A,THS_PER,B,EMP_DC,SK,2013,6.39 ,6.39,,employment
A,THS_PER,B,SAL_DC,AT,2013,5.96 ,5.96,,employees
A,THS_PER,B,SAL_DC,BE,2013,2.70 ,2.7,,employees
A,THS_PER,B,SAL_DC,BG,2013,25.39 ,25.39,,employees
A,THS_PER,B,SAL_DC,CZ,2013,31.67 ,31.67,,employees
A,THS_PER,B,SAL_DC,DE,2013,61.00 ,61.0,,employees
A,THS_PER,B,SAL_DC,EE,2013,4.46 ,4.46,,employees
A,THS_PER,B,SAL_DC,ES,2013,22.00 ,22.0,,employees
A,THS_PER,B,SAL_DC,FI,2013,6.60 ,6.6,,employees
A,THS_PER,B,SAL_DC,FR,2013,19.60 ,19.6,,employees
A,THS_PER,B,SAL_DC,HU,2013,4.79 ,4.79,,employees
A,THS_PER,B,SAL_DC,IT,2013,20.70 ,20.7,,employees
A,THS_PER,B,SAL_DC,LV,2013,2.48 ,2.48,,employees
A,THS_PER,B,SAL_DC,NL,2013,10.00 ,10.0,,employees
A,THS_PER,B,SAL_DC,NO,2013,71.00 ,71.0,,employees
A,THS_PER,B,SAL_DC,PL,2013,265.10 ,265.1,,employees
A,THS_PER,B,SAL_DC,PT,2013,10.61 ,10.61,,employees
A,THS_PER,B,SAL_DC,RO,2013,79.50 ,79.5,,employees
A,THS_PER,B,SAL_DC,SE,2013,10.00 ,10.0,,employees
A,THS_PER,B,SAL_DC,SI,2013,2.66 ,2.66,,employees
A,THS_PER,B,SAL_DC,SK,2013,6.35 ,6.35,,employees
A,THS_PER,C,EMP_DC,AT,2013,632.26 ,632.26,,employment
A,THS_PER,C,EMP_DC,BE,2013,518.00 ,518.0,,employment
A,THS_PER,C,EMP_DC,BG,2013,584.37 ,584.37,,employment
A,THS_PER,C,EMP_DC,CZ,2013,1317.88 ,1317.88,,employment
A,THS_PER,C,EMP_DC,DE,2013,7438.00 ,7438.0,,employment
A,THS_PER,C,EMP_DC,EE,2013,112.67 ,112.67,,employment
A,THS_PER,C,EMP_DC,ES,2013,1891.50 ,1891.5,,employment
A,THS_PER,C,EMP_DC,FI,2013,354.90 ,354.9,,employment
A,THS_PER,C,EMP_DC,FR,2013,2769.00 ,2769.0,,employment
A,THS_PER,C,EMP_DC,HU,2013,778.42 ,778.42,,employment
A,THS_PER,C,EMP_DC,IT,2013,3877.30 ,3877.3,,employment
A,THS_PER,C,EMP_DC,LV,2013,125.36 ,125.36,,employment
A,THS_PER,C,EMP_DC,NL,2013,668.00 ,668.0,,employment
A,THS_PER,C,EMP_DC,NO,2013,236.00 ,236.0,,employment
A,THS_PER,C,EMP_DC,PL,2013,2941.00 ,2941.0,,employment
A,THS_PER,C,EMP_DC,PT,2013,672.36 ,672.36,,employment
A,THS_PER,C,EMP_DC,RO,2013,1508.20 ,1508.2,,employment
A,THS_PER,C,EMP_DC,SE,2013,559.00 ,559.0,,employment
A,THS_PER,C,EMP_DC,SI,2013,188.24 ,188.24,,employment
A,THS_PER,C,EMP_DC,SK,2013,468.73 ,468.73,,employment
A,THS_PER,C,SAL_DC,AT,2013,611.05 ,611.05,,employees
A,THS_PER,C,SAL_DC,BE,2013,498.90 ,498.9,,employees
A,THS_PER,C,SAL_DC,BG,2013,542.88 ,542.88,,employees
A,THS_PER,C,SAL_DC,CZ,2013,1206.57 ,1206.57,,employees
A,THS_PER,C,SAL_DC,DE,2013,7166.00 ,7166.0,,employees
A,THS_PER,C,SAL_DC,EE,2013,107.90 ,107.9,,employees
A,THS_PER,C,SAL_DC,ES,2013,1796.00 ,1796.0,,employees
A,THS_PER,C,SAL_DC,FI,2013,333.60 ,333.6,,employees
A,THS_PER,C,SAL_DC,FR,2013,2633.80 ,2633.8,,employees
A,THS_PER,C,SAL_DC,HU,2013,757.98 ,757.98,,employees
A,THS_PER,C,SAL_DC,IT,2013,3332.40 ,3332.4,,employees
A,THS_PER,C,SAL_DC,LV,2013,119.36 ,119.36,,employees
A,THS_PER,C,SAL_DC,NL,2013,624.00 ,624.0,,employees
A,THS_PER,C,SAL_DC,NO,2013,232.00 ,232.0,,employees
A,THS_PER,C,SAL_DC,PL,2013,2750.70 ,2750.7,,employees
A,THS_PER,C,SAL_DC,PT,2013,633.35 ,633.35,,employees
A,THS_PER,C,SAL_DC,RO,2013,1484.60 ,1484.6,,employees
A,THS_PER,C,SAL_DC,SE,2013,545.00 ,545.0,,employees
A,THS_PER,C,SAL_DC,SI,2013,176.55 ,176.55,,employees
A,THS_PER,C,SAL_DC,SK,2013,417.44 ,417.44,,employees
A,THS_PER,D,EMP_DC,AT,2013,28.10 ,28.1,,employment
A,THS_PER,D,EMP_DC,BE,2013,19.60 ,19.6,,employment
A,THS_PER,D,EMP_DC,BG,2013,31.21 ,31.21,,employment
A,THS_PER,D,EMP_DC,CZ,2013,34.87 ,34.87,,employment
A,THS_PER,D,EMP_DC,DE,2013,257.00 ,257.0,,employment
A,THS_PER,D,EMP_DC,EE,2013,8.09 ,8.09,,employment
A,THS_PER,D,EMP_DC,ES,2013,42.60 ,42.6,,employment
A,THS_PER,D,EMP_DC,FI,2013,13.50 ,13.5,,employment
A,THS_PER,D,EMP_DC,FR,2013,117.00 ,117.0,,employment
A,THS_PER,D,EMP_DC,HU,2013,32.34 ,32.34,,employment
A,THS_PER,D,EMP_DC,IT,2013,84.20 ,84.2,,employment
A,THS_PER,D,EMP_DC,LV,2013,11.49 ,11.49,,employment
A,THS_PER,D,EMP_DC,NL,2013,27.00 ,27.0,,employment
A,THS_PER,D,EMP_DC,NO,2013,15.00 ,15.0,,employment
A,THS_PER,D,EMP_DC,PL,2013,168.50 ,168.5,,employment
A,THS_PER,D,EMP_DC,PT,2013,8.09 ,8.09,,employment
A,THS_PER,D,EMP_DC,RO,2013,90.60 ,90.6,,employment
A,THS_PER,D,EMP_DC,SE,2013,28.00 ,28.0,,employment
A,THS_PER,D,EMP_DC,SI,2013,9.11 ,9.11,,employment
A,THS_PER,D,EMP_DC,SK,2013,17.97 ,17.97,,employment
A,THS_PER,D,SAL_DC,AT,2013,27.63 ,27.63,,employees
A,THS_PER,D,SAL_DC,BE,2013,19.60 ,19.6,,employees
A,THS_PER,D,SAL_DC,BG,2013,31.07 ,31.07,,employees
A,THS_PER,D,SAL_DC,CZ,2013,33.71 ,33.71,,employees
A,THS_PER,D,SAL_DC,DE,2013,257.00 ,257.0,,employees
A,THS_PER,D,SAL_DC,EE,2013,8.00 ,8.0,,employees
A,THS_PER,D,SAL_DC,ES,2013,41.90 ,41.9,,employees
A,THS_PER,D,SAL_DC,FI,2013,13.30 ,13.3,,employees
A,THS_PER,D,SAL_DC,FR,2013,115.50 ,115.5,,employees
A,THS_PER,D,SAL_DC,HU,2013,32.34 ,32.34,,employees
A,THS_PER,D,SAL_DC,IT,2013,82.20 ,82.2,,employees
A,THS_PER,D,SAL_DC,LV,2013,11.30 ,11.3,,employees
A,THS_PER,D,SAL_DC,NL,2013,26.00 ,26.0,,employees
A,THS_PER,D,SAL_DC,NO,2013,15.00 ,15.0,,employees
A,THS_PER,D,SAL_DC,PL,2013,164.40 ,164.4,,employees
A,THS_PER,D,SAL_DC,PT,2013,7.96 ,7.96,,employees
A,THS_PER,D,SAL_DC,RO,2013,90.60 ,90.6,,employees
A,THS_PER,D,SAL_DC,SE,2013,27.00 ,27.0,,employees
A,THS_PER,D,SAL_DC,SI,2013,8.07 ,8.07,,employees
A,THS_PER,D,SAL_DC,SK,2013,17.94 ,17.94,,employees
A,THS_PER,E,EMP_DC,AT,2013,22.54 ,22.54,,employment
A,THS_PER,E,EMP_DC,BE,2013,31.60 ,31.6,,employment
A,THS_PER,E,EMP_DC,BG,2013,39.35 ,39.35,,employment
A,THS_PER,E,EMP_DC,CZ,2013,57.63 ,57.63,,employment
A,THS_PER,E,EMP_DC,DE,2013,262.00 ,262.0,,employment
A,THS_PER,E,EMP_DC,EE,2013,3.05 ,3.05,,employment
A,THS_PER,E,EMP_DC,ES,2013,174.30 ,174.3,,employment
A,THS_PER,E,EMP_DC,FI,2013,12.60 ,12.6,,employment
A,THS_PER,E,EMP_DC,FR,2013,139.90 ,139.9,,employment
A,THS_PER,E,EMP_DC,HU,2013,46.49 ,46.49,,employment
A,THS_PER,E,EMP_DC,IT,2013,205.90 ,205.9,,employment
A,THS_PER,E,EMP_DC,LV,2013,6.88 ,6.88,,employment
A,THS_PER,E,EMP_DC,NL,2013,32.00 ,32.0,,employment
A,THS_PER,E,EMP_DC,NO,2013,14.00 ,14.0,,employment
A,THS_PER,E,EMP_DC,PL,2013,161.60 ,161.6,,employment
A,THS_PER,E,EMP_DC,PT,2013,40.23 ,40.23,,employment
A,THS_PER,E,EMP_DC,RO,2013,91.80 ,91.8,,employment
A,THS_PER,E,EMP_DC,SE,2013,25.00 ,25.0,,employment
A,THS_PER,E,EMP_DC,SI,2013,9.75 ,9.75,,employment
A,THS_PER,E,EMP_DC,SK,2013,23.51 ,23.51,,employment
A,THS_PER,E,SAL_DC,AT,2013,22.19 ,22.19,,employees
A,THS_PER,E,SAL_DC,BE,2013,31.30 ,31.3,,employees
A,THS_PER,E,SAL_DC,BG,2013,38.81 ,38.81,,employees
A,THS_PER,E,SAL_DC,CZ,2013,54.96 ,54.96,,employees
A,THS_PER,E,SAL_DC,DE,2013,253.00 ,253.0,,employees
A,THS_PER,E,SAL_DC,EE,2013,3.02 ,3.02,,employees
A,THS_PER,E,SAL_DC,ES,2013,172.70 ,172.7,,employees
A,THS_PER,E,SAL_DC,FI,2013,12.30 ,12.3,,employees
A,THS_PER,E,SAL_DC,FR,2013,134.10 ,134.1,,employees
A,THS_PER,E,SAL_DC,HU,2013,46.02 ,46.02,,employees
A,THS_PER,E,SAL_DC,IT,2013,197.70 ,197.7,,employees
A,THS_PER,E,SAL_DC,LV,2013,6.36 ,6.36,,employees
A,THS_PER,E,SAL_DC,NL,2013,32.00 ,32.0,,employees
A,THS_PER,E,SAL_DC,NO,2013,14.00 ,14.0,,employees
A,THS_PER,E,SAL_DC,PL,2013,155.60 ,155.6,,employees
A,THS_PER,E,SAL_DC,PT,2013,39.89 ,39.89,,employees
A,THS_PER,E,SAL_DC,RO,2013,89.90 ,89.9,,employees
A,THS_PER,E,SAL_DC,SE,2013,25.00 ,25.0,,employees
A,THS_PER,E,SAL_DC,SI,2013,9.66 ,9.66,,employees
A,THS_PER,E,SAL_DC,SK,2013,23.07 ,23.07,,employees
A,THS_PER,F,EMP_DC,AT,2013,281.95 ,281.95,,employment
A,THS_PER,F,EMP_DC,BE,2013,263.90 ,263.9,,employment
A,THS_PER,F,EMP_DC,BG,2013,179.35 ,179.35,,employment
A,THS_PER,F,EMP_DC,CZ,2013,422.41 ,422.41,,employment
A,THS_PER,F,EMP_DC,DE,2013,2417.00 ,2417.0,,employment
A,THS_PER,F,EMP_DC,EE,2013,47.44 ,47.44,,employment
A,THS_PER,F,EMP_DC,ES,2013,1051.80 ,1051.8,,employment
A,THS_PER,F,EMP_DC,FI,2013,186.70 ,186.7,,employment
A,THS_PER,F,EMP_DC,FR,2013,1884.20 ,1884.2,,employment
A,THS_PER,F,EMP_DC,HU,2013,257.84 ,257.84,,employment
A,THS_PER,F,EMP_DC,IT,2013,1614.40 ,1614.4,,employment
A,THS_PER,F,EMP_DC,LV,2013,64.56 ,64.56,,employment
A,THS_PER,F,EMP_DC,NL,2013,466.00 ,466.0,,employment
A,THS_PER,F,EMP_DC,NO,2013,206.00 ,206.0,,employment
A,THS_PER,F,EMP_DC,PL,2013,1144.10 ,1144.1,,employment
A,THS_PER,F,EMP_DC,PT,2013,286.42 ,286.42,,employment
A,THS_PER,F,EMP_DC,RO,2013,626.10 ,626.1,,employment
A,THS_PER,F,EMP_DC,SE,2013,319.00 ,319.0,,employment
A,THS_PER,F,EMP_DC,SI,2013,62.96 ,62.96,,employment
A,THS_PER,F,EMP_DC,SK,2013,167.60 ,167.6,,employment
A,THS_PER,F,SAL_DC,AT,2013,256.64 ,256.64,,employees
A,THS_PER,F,SAL_DC,BE,2013,214.90 ,214.9,,employees
A,THS_PER,F,SAL_DC,BG,2013,152.31 ,152.31,,employees
A,THS_PER,F,SAL_DC,CZ,2013,276.11 ,276.11,,employees
A,THS_PER,F,SAL_DC,DE,2013,1904.00 ,1904.0,,employees
A,THS_PER,F,SAL_DC,EE,2013,39.67 ,39.67,,employees
A,THS_PER,F,SAL_DC,ES,2013,836.80 ,836.8,,employees
A,THS_PER,F,SAL_DC,FI,2013,153.30 ,153.3,,employees
A,THS_PER,F,SAL_DC,FR,2013,1526.40 ,1526.4,,employees
A,THS_PER,F,SAL_DC,HU,2013,225.64 ,225.64,,employees
A,THS_PER,F,SAL_DC,IT,2013,948.50 ,948.5,,employees
A,THS_PER,F,SAL_DC,LV,2013,55.47 ,55.47,,employees
A,THS_PER,F,SAL_DC,NL,2013,316.00 ,316.0,,employees
A,THS_PER,F,SAL_DC,NO,2013,186.00 ,186.0,,employees
A,THS_PER,F,SAL_DC,PL,2013,868.90 ,868.9,,employees
A,THS_PER,F,SAL_DC,PT,2013,249.99 ,249.99,,employees
A,THS_PER,F,SAL_DC,RO,2013,481.00 ,481.0,,employees
A,THS_PER,F,SAL_DC,SE,2013,281.00 ,281.0,,employees
A,THS_PER,F,SAL_DC,SI,2013,50.52 ,50.52,,employees
A,THS_PER,F,SAL_DC,SK,2013,91.18 ,91.18,,employees
A,THS_PER,G,EMP_DC,AT,2013,660.36 ,660.36,,employment
A,THS_PER,G,EMP_DC,BE,2013,570.00 ,570.0,,employment
A,THS_PER,G,EMP_DC,BG,2013,522.61 ,522.61,,employment
A,THS_PER,G,EMP_DC,CZ,2013,710.90 ,710.9,,employment
A,THS_PER,G,EMP_DC,DE,2013,5875.00 ,5875.0,,employment
A,THS_PER,G,EMP_DC,EE,2013,79.70 ,79.7,,employment
A,THS_PER,G,EMP_DC,ES,2013,3263.30 ,3263.3,,employment
A,THS_PER,G,EMP_DC,FI,2013,300.40 ,300.4,,employment
A,THS_PER,G,EMP_DC,FR,2013,3466.90 ,3466.9,,employment
A,THS_PER,G,EMP_DC,HU,2013,589.95 ,589.95,,employment
A,THS_PER,G,EMP_DC,IT,2013,3670.10 ,3670.1,,employment
A,THS_PER,G,EMP_DC,LV,2013,137.45 ,137.45,,employment
A,THS_PER,G,EMP_DC,NL,2013,1391.00 ,1391.0,,employment
A,THS_PER,G,EMP_DC,NO,2013,358.00 ,358.0,,employment
A,THS_PER,G,EMP_DC,PL,2013,2220.60 ,2220.6,,employment
A,THS_PER,G,EMP_DC,PT,2013,661.93 ,661.93,,employment
A,THS_PER,G,EMP_DC,RO,2013,1062.20 ,1062.2,,employment
A,THS_PER,G,EMP_DC,SE,2013,581.00 ,581.0,,employment
A,THS_PER,G,EMP_DC,SI,2013,115.76 ,115.76,,employment
A,THS_PER,G,EMP_DC,SK,2013,369.71 ,369.71,,employment
A,THS_PER,G,SAL_DC,AT,2013,593.08 ,593.08,,employees
A,THS_PER,G,SAL_DC,BE,2013,500.60 ,500.6,,employees
A,THS_PER,G,SAL_DC,BG,2013,397.59 ,397.59,,employees
A,THS_PER,G,SAL_DC,CZ,2013,577.22 ,577.22,,employees
A,THS_PER,G,SAL_DC,DE,2013,5245.00 ,5245.0,,employees
A,THS_PER,G,SAL_DC,EE,2013,70.66 ,70.66,,employees
A,THS_PER,G,SAL_DC,ES,2013,2406.50 ,2406.5,,employees
A,THS_PER,G,SAL_DC,FI,2013,266.60 ,266.6,,employees
A,THS_PER,G,SAL_DC,FR,2013,3034.90 ,3034.9,,employees
A,THS_PER,G,SAL_DC,HU,2013,534.86 ,534.86,,employees
A,THS_PER,G,SAL_DC,IT,2013,2044.70 ,2044.7,,employees
A,THS_PER,G,SAL_DC,LV,2013,126.31 ,126.31,,employees
A,THS_PER,G,SAL_DC,NL,2013,1227.00 ,1227.0,,employees
A,THS_PER,G,SAL_DC,NO,2013,350.00 ,350.0,,employees
A,THS_PER,G,SAL_DC,PL,2013,1722.70 ,1722.7,,employees
A,THS_PER,G,SAL_DC,PT,2013,596.67 ,596.67,,employees
A,THS_PER,G,SAL_DC,RO,2013,996.60 ,996.6,,employees
A,THS_PER,G,SAL_DC,SE,2013,554.00 ,554.0,,employees
A,THS_PER,G,SAL_DC,SI,2013,100.75 ,100.75,,employees
A,THS_PER,G,SAL_DC,SK,2013,291.88 ,291.88,,employees
A,THS_PER,H,EMP_DC,AT,2013,204.71 ,204.71,,employment
A,THS_PER,H,EMP_DC,BE,2013,246.50 ,246.5,,employment
A,THS_PER,H,EMP_DC,BG,2013,185.22 ,185.22,,employment
A,THS_PER,H,EMP_DC,CZ,2013,311.42 ,311.42,,employment
A,THS_PER,H,EMP_DC,DE,2013,2096.00 ,2096.0,,employment
A,THS_PER,H,EMP_DC,EE,2013,45.69 ,45.69,,employment
A,THS_PER,H,EMP_DC,ES,2013,806.90 ,806.9,,employment
A,THS_PER,H,EMP_DC,FI,2013,149.70 ,149.7,,employment
A,THS_PER,H,EMP_DC,FR,2013,1372.80 ,1372.8,,employment
A,THS_PER,H,EMP_DC,HU,2013,253.19 ,253.19,,employment
A,THS_PER,H,EMP_DC,IT,2013,1086.00 ,1086.0,,employment
A,THS_PER,H,EMP_DC,LV,2013,66.41 ,66.41,,employment
A,THS_PER,H,EMP_DC,NL,2013,386.00 ,386.0,,employment
A,THS_PER,H,EMP_DC,NO,2013,162.00 ,162.0,,employment
A,THS_PER,H,EMP_DC,PL,2013,909.60 ,909.6,,employment
A,THS_PER,H,EMP_DC,PT,2013,157.33 ,157.33,,employment
A,THS_PER,H,EMP_DC,RO,2013,437.40 ,437.4,,employment
A,THS_PER,H,EMP_DC,SE,2013,251.00 ,251.0,,employment
A,THS_PER,H,EMP_DC,SI,2013,47.37 ,47.37,,employment
A,THS_PER,H,EMP_DC,SK,2013,135.72 ,135.72,,employment
A,THS_PER,H,SAL_DC,AT,2013,192.85 ,192.85,,employees
A,THS_PER,H,SAL_DC,BE,2013,239.90 ,239.9,,employees
A,THS_PER,H,SAL_DC,BG,2013,140.78 ,140.78,,employees
A,THS_PER,H,SAL_DC,CZ,2013,281.77 ,281.77,,employees
A,THS_PER,H,SAL_DC,DE,2013,1966.00 ,1966.0,,employees
A,THS_PER,H,SAL_DC,EE,2013,41.27 ,41.27,,employees
A,THS_PER,H,SAL_DC,ES,2013,625.30 ,625.3,,employees
A,THS_PER,H,SAL_DC,FI,2013,127.10 ,127.1,,employees
A,THS_PER,H,SAL_DC,FR,2013,1313.90 ,1313.9,,employees
A,THS_PER,H,SAL_DC,HU,2013,237.97 ,237.97,,employees
A,THS_PER,H,SAL_DC,IT,2013,934.10 ,934.1,,employees
A,THS_PER,H,SAL_DC,LV,2013,64.00 ,64.0,,employees
A,THS_PER,H,SAL_DC,NL,2013,354.00 ,354.0,,employees
A,THS_PER,H,SAL_DC,NO,2013,151.00 ,151.0,,employees
A,THS_PER,H,SAL_DC,PL,2013,775.00 ,775.0,,employees
A,THS_PER,H,SAL_DC,PT,2013,151.90 ,151.9,,employees
A,THS_PER,H,SAL_DC,RO,2013,408.20 ,408.2,,employees
A,THS_PER,H,SAL_DC,SE,2013,240.00 ,240.0,,employees
A,THS_PER,H,SAL_DC,SI,2013,41.28 ,41.28,,employees
A,THS_PER,H,SAL_DC,SK,2013,122.96 ,122.96,,employees
A,THS_PER,I,EMP_DC,AT,2013,280.13 ,280.13,,employment
A,THS_PER,I,EMP_DC,BE,2013,142.00 ,142.0,,employment
A,THS_PER,I,EMP_DC,BG,2013,145.74 ,145.74,,employment
A,THS_PER,I,EMP_DC,CZ,2013,186.83 ,186.83,,employment
A,THS_PER,I,EMP_DC,DE,2013,1763.00 ,1763.0,,employment
A,THS_PER,I,EMP_DC,EE,2013,22.00 ,22.0,,employment
A,THS_PER,I,EMP_DC,ES,2013,1257.50 ,1257.5,,employment
A,THS_PER,I,EMP_DC,FI,2013,75.30 ,75.3,,employment
A,THS_PER,I,EMP_DC,FR,2013,1148.20 ,1148.2,,employment
A,THS_PER,I,EMP_DC,HU,2013,165.32 ,165.32,,employment
A,THS_PER,I,EMP_DC,IT,2013,1423.20 ,1423.2,,employment
A,THS_PER,I,EMP_DC,LV,2013,25.10 ,25.1,,employment
A,THS_PER,I,EMP_DC,NL,2013,370.00 ,370.0,,employment
A,THS_PER,I,EMP_DC,NO,2013,86.00 ,86.0,,employment
A,THS_PER,I,EMP_DC,PL,2013,330.50 ,330.5,,employment
A,THS_PER,I,EMP_DC,PT,2013,266.85 ,266.85,,employment
A,THS_PER,I,EMP_DC,RO,2013,170.50 ,170.5,,employment
A,THS_PER,I,EMP_DC,SE,2013,164.00 ,164.0,,employment
A,THS_PER,I,EMP_DC,SI,2013,34.45 ,34.45,,employment
A,THS_PER,I,EMP_DC,SK,2013,84.02 ,84.02,,employment
A,THS_PER,I,SAL_DC,AT,2013,241.25 ,241.25,,employees
A,THS_PER,I,SAL_DC,BE,2013,113.90 ,113.9,,employees
A,THS_PER,I,SAL_DC,BG,2013,123.97 ,123.97,,employees
A,THS_PER,I,SAL_DC,CZ,2013,143.55 ,143.55,,employees
A,THS_PER,I,SAL_DC,DE,2013,1491.00 ,1491.0,,employees
A,THS_PER,I,SAL_DC,EE,2013,20.22 ,20.22,,employees
A,THS_PER,I,SAL_DC,ES,2013,1006.60 ,1006.6,,employees
A,THS_PER,I,SAL_DC,FI,2013,64.30 ,64.3,,employees
A,THS_PER,I,SAL_DC,FR,2013,985.30 ,985.3,,employees
A,THS_PER,I,SAL_DC,HU,2013,152.79 ,152.79,,employees
A,THS_PER,I,SAL_DC,IT,2013,962.40 ,962.4,,employees
A,THS_PER,I,SAL_DC,LV,2013,22.22 ,22.22,,employees
A,THS_PER,I,SAL_DC,NL,2013,308.00 ,308.0,,employees
A,THS_PER,I,SAL_DC,NO,2013,84.00 ,84.0,,employees
A,THS_PER,I,SAL_DC,PL,2013,281.10 ,281.1,,employees
A,THS_PER,I,SAL_DC,PT,2013,228.42 ,228.42,,employees
A,THS_PER,I,SAL_DC,RO,2013,167.40 ,167.4,,employees
A,THS_PER,I,SAL_DC,SE,2013,156.00 ,156.0,,employees
A,THS_PER,I,SAL_DC,SI,2013,26.39 ,26.39,,employees
A,THS_PER,I,SAL_DC,SK,2013,73.10 ,73.1,,employees
A,THS_PER,J,EMP_DC,AT,2013,108.78 ,108.78,,employment
A,THS_PER,J,EMP_DC,BE,2013,107.10 ,107.1,,employment
A,THS_PER,J,EMP_DC,BG,2013,77.59 ,77.59,,employment
A,THS_PER,J,EMP_DC,CZ,2013,129.51 ,129.51,,employment
A,THS_PER,J,EMP_DC,DE,2013,1217.00 ,1217.0,,employment
A,THS_PER,J,EMP_DC,EE,2013,19.94 ,19.94,,employment
A,THS_PER,J,EMP_DC,ES,2013,413.30 ,413.3,,employment
A,THS_PER,J,EMP_DC,FI,2013,98.60 ,98.6,,employment
A,THS_PER,J,EMP_DC,FR,2013,859.90 ,859.9,,employment
A,THS_PER,J,EMP_DC,HU,2013,113.76 ,113.76,,employment
A,THS_PER,J,EMP_DC,IT,2013,592.10 ,592.1,,employment
A,THS_PER,J,EMP_DC,LV,2013,23.69 ,23.69,,employment
A,THS_PER,J,EMP_DC,NL,2013,257.00 ,257.0,,employment
A,THS_PER,J,EMP_DC,NO,2013,90.00 ,90.0,,employment
A,THS_PER,J,EMP_DC,PL,2013,332.80 ,332.8,,employment
A,THS_PER,J,EMP_DC,PT,2013,74.60 ,74.6,,employment
A,THS_PER,J,EMP_DC,RO,2013,143.20 ,143.2,,employment
A,THS_PER,J,EMP_DC,SE,2013,190.00 ,190.0,,employment
A,THS_PER,J,EMP_DC,SI,2013,26.18 ,26.18,,employment
A,THS_PER,J,EMP_DC,SK,2013,57.34 ,57.34,,employment
A,THS_PER,J,SAL_DC,AT,2013,90.00 ,90.0,,employees
A,THS_PER,J,SAL_DC,BE,2013,96.90 ,96.9,,employees
A,THS_PER,J,SAL_DC,BG,2013,69.43 ,69.43,,employees
A,THS_PER,J,SAL_DC,CZ,2013,113.89 ,113.89,,employees
A,THS_PER,J,SAL_DC,DE,2013,1070.00 ,1070.0,,employees
A,THS_PER,J,SAL_DC,EE,2013,17.20 ,17.2,,employees
A,THS_PER,J,SAL_DC,ES,2013,382.60 ,382.6,,employees
A,THS_PER,J,SAL_DC,FI,2013,91.00 ,91.0,,employees
A,THS_PER,J,SAL_DC,FR,2013,796.00 ,796.0,,employees
A,THS_PER,J,SAL_DC,HU,2013,106.72 ,106.72,,employees
A,THS_PER,J,SAL_DC,IT,2013,458.10 ,458.1,,employees
A,THS_PER,J,SAL_DC,LV,2013,21.00 ,21.0,,employees
A,THS_PER,J,SAL_DC,NL,2013,220.00 ,220.0,,employees
A,THS_PER,J,SAL_DC,NO,2013,87.00 ,87.0,,employees
A,THS_PER,J,SAL_DC,PL,2013,276.40 ,276.4,,employees
A,THS_PER,J,SAL_DC,PT,2013,70.75 ,70.75,,employees
A,THS_PER,J,SAL_DC,RO,2013,132.00 ,132.0,,employees
A,THS_PER,J,SAL_DC,SE,2013,180.00 ,180.0,,employees
A,THS_PER,J,SAL_DC,SI,2013,21.91 ,21.91,,employees
A,THS_PER,J,SAL_DC,SK,2013,48.16 ,48.16,,employees
A,THS_PER,L,EMP_DC,AT,2013,70.55 ,70.55,,employment
A,THS_PER,L,EMP_DC,BE,2013,23.60 ,23.6,,employment
A,THS_PER,L,EMP_DC,BG,2013,26.49 ,26.49,,employment
A,THS_PER,L,EMP_DC,CZ,2013,90.31 ,90.31,,employment
A,THS_PER,L,EMP_DC,DE,2013,465.00 ,465.0,,employment
A,THS_PER,L,EMP_DC,EE,2013,11.17 ,11.17,,employment
A,THS_PER,L,EMP_DC,ES,2013,158.30 ,158.3,,employment
A,THS_PER,L,EMP_DC,FI,2013,23.80 ,23.8,,employment
A,THS_PER,L,EMP_DC,FR,2013,364.80 ,364.8,,employment
A,THS_PER,L,EMP_DC,HU,2013,66.92 ,66.92,,employment
A,THS_PER,L,EMP_DC,IT,2013,183.80 ,183.8,,employment
A,THS_PER,L,EMP_DC,LV,2013,21.09 ,21.09,,employment
A,THS_PER,L,EMP_DC,NL,2013,74.00 ,74.0,,employment
A,THS_PER,L,EMP_DC,NO,2013,26.00 ,26.0,,employment
A,THS_PER,L,EMP_DC,PL,2013,142.80 ,142.8,,employment
A,THS_PER,L,EMP_DC,PT,2013,26.50 ,26.5,,employment
A,THS_PER,L,EMP_DC,RO,2013,25.30 ,25.3,,employment
A,THS_PER,L,EMP_DC,SE,2013,76.00 ,76.0,,employment
A,THS_PER,L,EMP_DC,SI,2013,5.35 ,5.35,,employment
A,THS_PER,L,EMP_DC,SK,2013,23.07 ,23.07,,employment
A,THS_PER,L,SAL_DC,AT,2013,56.68 ,56.68,,employees
A,THS_PER,L,SAL_DC,BE,2013,20.00 ,20.0,,employees
A,THS_PER,L,SAL_DC,BG,2013,24.00 ,24.0,,employees
A,THS_PER,L,SAL_DC,CZ,2013,66.46 ,66.46,,employees
A,THS_PER,L,SAL_DC,DE,2013,400.00 ,400.0,,employees
A,THS_PER,L,SAL_DC,EE,2013,10.13 ,10.13,,employees
A,THS_PER,L,SAL_DC,ES,2013,111.30 ,111.3,,employees
A,THS_PER,L,SAL_DC,FI,2013,20.40 ,20.4,,employees
A,THS_PER,L,SAL_DC,FR,2013,325.40 ,325.4,,employees
A,THS_PER,L,SAL_DC,HU,2013,65.13 ,65.13,,employees
A,THS_PER,L,SAL_DC,IT,2013,65.60 ,65.6,,employees
A,THS_PER,L,SAL_DC,LV,2013,18.74 ,18.74,,employees
A,THS_PER,L,SAL_DC,NL,2013,63.00 ,63.0,,employees
A,THS_PER,L,SAL_DC,NO,2013,23.00 ,23.0,,employees
A,THS_PER,L,SAL_DC,PL,2013,123.80 ,123.8,,employees
A,THS_PER,L,SAL_DC,PT,2013,17.51 ,17.51,,employees
A,THS_PER,L,SAL_DC,RO,2013,23.90 ,23.9,,employees
A,THS_PER,L,SAL_DC,SE,2013,69.00 ,69.0,,employees
A,THS_PER,L,SAL_DC,SI,2013,4.58 ,4.58,,employees
A,THS_PER,L,SAL_DC,SK,2013,21.17 ,21.17,,employees
A,THS_PER,M,EMP_DC,AT,2013,252.25 ,252.25,,employment
A,THS_PER,M,EMP_DC,BE,2013,543.70 ,543.7,,employment
A,THS_PER,M,EMP_DC,BG,2013,98.84 ,98.84,,employment
A,THS_PER,M,EMP_DC,CZ,2013,278.49 ,278.49,,employment
A,THS_PER,M,EMP_DC,DE,2013,2634.00 ,2634.0,,employment
A,THS_PER,M,EMP_DC,EE,2013,25.00 ,25.0,,employment
A,THS_PER,M,EMP_DC,ES,2013,888.70 ,888.7,,employment
A,THS_PER,M,EMP_DC,FI,2013,144.90 ,144.9,,employment
A,THS_PER,M,EMP_DC,FR,2013,1778.50 ,1778.5,,employment
A,THS_PER,M,EMP_DC,HU,2013,178.39 ,178.39,,employment
A,THS_PER,M,EMP_DC,IT,2013,1596.70 ,1596.7,,employment
A,THS_PER,M,EMP_DC,LV,2013,36.35 ,36.35,,employment
A,THS_PER,M,EMP_DC,NL,2013,688.00 ,688.0,,employment
A,THS_PER,M,EMP_DC,NO,2013,130.00 ,130.0,,employment
A,THS_PER,M,EMP_DC,PL,2013,520.60 ,520.6,,employment
A,THS_PER,M,EMP_DC,PT,2013,174.08 ,174.08,,employment
A,THS_PER,M,EMP_DC,RO,2013,158.50 ,158.5,,employment
A,THS_PER,M,EMP_DC,SE,2013,311.00 ,311.0,,employment
A,THS_PER,M,EMP_DC,SI,2013,73.75 ,73.75,,employment
A,THS_PER,M,EMP_DC,SK,2013,123.88 ,123.88,,employment
A,THS_PER,M,SAL_DC,AT,2013,175.43 ,175.43,,employees
A,THS_PER,M,SAL_DC,BE,2013,146.80 ,146.8,,employees
A,THS_PER,M,SAL_DC,BG,2013,75.15 ,75.15,,employees
A,THS_PER,M,SAL_DC,CZ,2013,188.88 ,188.88,,employees
A,THS_PER,M,SAL_DC,DE,2013,1992.00 ,1992.0,,employees
A,THS_PER,M,SAL_DC,EE,2013,17.88 ,17.88,,employees
A,THS_PER,M,SAL_DC,ES,2013,631.90 ,631.9,,employees
A,THS_PER,M,SAL_DC,FI,2013,110.40 ,110.4,,employees
A,THS_PER,M,SAL_DC,FR,2013,1478.40 ,1478.4,,employees
A,THS_PER,M,SAL_DC,HU,2013,155.65 ,155.65,,employees
A,THS_PER,M,SAL_DC,IT,2013,564.30 ,564.3,,employees
A,THS_PER,M,SAL_DC,LV,2013,28.19 ,28.19,,employees
A,THS_PER,M,SAL_DC,NL,2013,484.00 ,484.0,,employees
A,THS_PER,M,SAL_DC,NO,2013,116.00 ,116.0,,employees
A,THS_PER,M,SAL_DC,PL,2013,340.80 ,340.8,,employees
A,THS_PER,M,SAL_DC,PT,2013,136.23 ,136.23,,employees
A,THS_PER,M,SAL_DC,RO,2013,138.40 ,138.4,,employees
A,THS_PER,M,SAL_DC,SE,2013,272.00 ,272.0,,employees
A,THS_PER,M,SAL_DC,SI,2013,46.64 ,46.64,,employees
A,THS_PER,M,SAL_DC,SK,2013,87.39 ,87.39,,employees
A,THS_PER,N,EMP_DC,AT,2013,227.86 ,227.86,,employment
A,THS_PER,N,EMP_DC,BE,2013,367.90 ,367.9,,employment
A,THS_PER,N,EMP_DC,BG,2013,141.72 ,141.72,,employment
A,THS_PER,N,EMP_DC,CZ,2013,147.35 ,147.35,,employment
A,THS_PER,N,EMP_DC,DE,2013,2954.00 ,2954.0,,employment
A,THS_PER,N,EMP_DC,EE,2013,19.84 ,19.84,,employment
A,THS_PER,N,EMP_DC,ES,2013,1184.80 ,1184.8,,employment
A,THS_PER,N,EMP_DC,FI,2013,148.50 ,148.5,,employment
A,THS_PER,N,EMP_DC,FR,2013,1954.10 ,1954.1,,employment
A,THS_PER,N,EMP_DC,HU,2013,172.05 ,172.05,,employment
A,THS_PER,N,EMP_DC,IT,2013,1200.20 ,1200.2,,employment
A,THS_PER,N,EMP_DC,LV,2013,34.31 ,34.31,,employment
A,THS_PER,N,EMP_DC,NL,2013,1000.00 ,1000.0,,employment
A,THS_PER,N,EMP_DC,NO,2013,122.00 ,122.0,,employment
A,THS_PER,N,EMP_DC,PL,2013,420.10 ,420.1,,employment
A,THS_PER,N,EMP_DC,PT,2013,284.61 ,284.61,,employment
A,THS_PER,N,EMP_DC,RO,2013,176.20 ,176.2,,employment
A,THS_PER,N,EMP_DC,SE,2013,238.00 ,238.0,,employment
A,THS_PER,N,EMP_DC,SI,2013,41.10 ,41.1,,employment
A,THS_PER,N,EMP_DC,SK,2013,87.84 ,87.84,,employment
A,THS_PER,N,SAL_DC,AT,2013,205.05 ,205.05,,employees
A,THS_PER,N,SAL_DC,BE,2013,347.90 ,347.9,,employees
A,THS_PER,N,SAL_DC,BG,2013,137.13 ,137.13,,employees
A,THS_PER,N,SAL_DC,CZ,2013,134.44 ,134.44,,employees
A,THS_PER,N,SAL_DC,DE,2013,2707.00 ,2707.0,,employees
A,THS_PER,N,SAL_DC,EE,2013,18.20 ,18.2,,employees
A,THS_PER,N,SAL_DC,ES,2013,1111.90 ,1111.9,,employees
A,THS_PER,N,SAL_DC,FI,2013,138.10 ,138.1,,employees
A,THS_PER,N,SAL_DC,FR,2013,1861.80 ,1861.8,,employees
A,THS_PER,N,SAL_DC,HU,2013,164.17 ,164.17,,employees
A,THS_PER,N,SAL_DC,IT,2013,999.80 ,999.8,,employees
A,THS_PER,N,SAL_DC,LV,2013,31.97 ,31.97,,employees
A,THS_PER,N,SAL_DC,NL,2013,742.00 ,742.0,,employees
A,THS_PER,N,SAL_DC,NO,2013,117.00 ,117.0,,employees
A,THS_PER,N,SAL_DC,PL,2013,390.60 ,390.6,,employees
A,THS_PER,N,SAL_DC,PT,2013,237.29 ,237.29,,employees
A,THS_PER,N,SAL_DC,RO,2013,173.00 ,173.0,,employees
A,THS_PER,N,SAL_DC,SE,2013,227.00 ,227.0,,employees
A,THS_PER,N,SAL_DC,SI,2013,36.55 ,36.55,,employees
A,THS_PER,N,SAL_DC,SK,2013,77.94 ,77.94,,employees
A,THS_PER,B,EMP_DC,AT,2014,6.21 ,6.21,,employment
A,THS_PER,B,EMP_DC,BE,2014,2.70 ,2.7,,employment
A,THS_PER,B,EMP_DC,BG,2014,25.06 ,25.06,,employment
A,THS_PER,B,EMP_DC,CZ,2014,33.73 ,33.73,,employment
A,THS_PER,B,EMP_DC,DE,2014,61.00 ,61.0,,employment
A,THS_PER,B,EMP_DC,EE,2014,3.95 ,3.95,,employment
A,THS_PER,B,EMP_DC,ES,2014,21.90 ,21.9,,employment
A,THS_PER,B,EMP_DC,FI,2014,7.60 ,7.6,,employment
A,THS_PER,B,EMP_DC,FR,2014,20.40 ,20.4,,employment
A,THS_PER,B,EMP_DC,HU,2014,6.23 ,6.23,,employment
A,THS_PER,B,EMP_DC,IT,2014,22.70 ,22.7,,employment
A,THS_PER,B,EMP_DC,LV,2014,2.48 ,2.48,,employment
A,THS_PER,B,EMP_DC,NL,2014,11.00 ,11.0,,employment
A,THS_PER,B,EMP_DC,NO,2014,73.00 ,73.0,,employment
A,THS_PER,B,EMP_DC,PL,2014,264.50 ,264.5,,employment
A,THS_PER,B,EMP_DC,PT,2014,11.67 ,11.67,,employment
A,THS_PER,B,EMP_DC,RO,2014,75.60 ,75.6,,employment
A,THS_PER,B,EMP_DC,SE,2014,10.00 ,10.0,,employment
A,THS_PER,B,EMP_DC,SI,2014,2.61 ,2.61,,employment
A,THS_PER,B,EMP_DC,SK,2014,6.29 ,6.29,,employment
A,THS_PER,B,SAL_DC,AT,2014,6.08 ,6.08,,employees
A,THS_PER,B,SAL_DC,BE,2014,2.60 ,2.6,,employees
A,THS_PER,B,SAL_DC,BG,2014,25.01 ,25.01,,employees
A,THS_PER,B,SAL_DC,CZ,2014,33.64 ,33.64,,employees
A,THS_PER,B,SAL_DC,DE,2014,59.00 ,59.0,,employees
A,THS_PER,B,SAL_DC,EE,2014,3.86 ,3.86,,employees
A,THS_PER,B,SAL_DC,ES,2014,21.00 ,21.0,,employees
A,THS_PER,B,SAL_DC,FI,2014,6.70 ,6.7,,employees
A,THS_PER,B,SAL_DC,FR,2014,19.80 ,19.8,,employees
A,THS_PER,B,SAL_DC,HU,2014,6.19 ,6.19,,employees
A,THS_PER,B,SAL_DC,IT,2014,20.70 ,20.7,,employees
A,THS_PER,B,SAL_DC,LV,2014,2.46 ,2.46,,employees
A,THS_PER,B,SAL_DC,NL,2014,11.00 ,11.0,,employees
A,THS_PER,B,SAL_DC,NO,2014,73.00 ,73.0,,employees
A,THS_PER,B,SAL_DC,PL,2014,264.50 ,264.5,,employees
A,THS_PER,B,SAL_DC,PT,2014,10.47 ,10.47,,employees
A,THS_PER,B,SAL_DC,RO,2014,74.50 ,74.5,,employees
A,THS_PER,B,SAL_DC,SE,2014,10.00 ,10.0,,employees
A,THS_PER,B,SAL_DC,SI,2014,2.57 ,2.57,,employees
A,THS_PER,B,SAL_DC,SK,2014,6.25 ,6.25,,employees
A,THS_PER,C,EMP_DC,AT,2014,633.92 ,633.92,,employment
A,THS_PER,C,EMP_DC,BE,2014,505.70 ,505.7,,employment
A,THS_PER,C,EMP_DC,BG,2014,587.37 ,587.37,,employment
A,THS_PER,C,EMP_DC,CZ,2014,1336.74 ,1336.74,,employment
A,THS_PER,C,EMP_DC,DE,2014,7481.00 ,7481.0,,employment
A,THS_PER,C,EMP_DC,EE,2014,114.42 ,114.42,,employment
A,THS_PER,C,EMP_DC,ES,2014,1874.40 ,1874.4,,employment
A,THS_PER,C,EMP_DC,FI,2014,345.10 ,345.1,,employment
A,THS_PER,C,EMP_DC,FR,2014,2753.50 ,2753.5,,employment
A,THS_PER,C,EMP_DC,HU,2014,792.08 ,792.08,,employment
A,THS_PER,C,EMP_DC,IT,2014,3804.20 ,3804.2,,employment
A,THS_PER,C,EMP_DC,LV,2014,119.03 ,119.03,,employment
A,THS_PER,C,EMP_DC,NL,2014,662.00 ,662.0,,employment
A,THS_PER,C,EMP_DC,NO,2014,237.00 ,237.0,,employment
A,THS_PER,C,EMP_DC,PL,2014,3004.80 ,3004.8,,employment
A,THS_PER,C,EMP_DC,PT,2014,686.92 ,686.92,,employment
A,THS_PER,C,EMP_DC,RO,2014,1570.10 ,1570.1,,employment
A,THS_PER,C,EMP_DC,SE,2014,552.00 ,552.0,,employment
A,THS_PER,C,EMP_DC,SI,2014,188.65 ,188.65,,employment
A,THS_PER,C,EMP_DC,SK,2014,477.89 ,477.89,,employment
A,THS_PER,C,SAL_DC,AT,2014,613.15 ,613.15,,employees
A,THS_PER,C,SAL_DC,BE,2014,486.80 ,486.8,,employees
A,THS_PER,C,SAL_DC,BG,2014,544.34 ,544.34,,employees
A,THS_PER,C,SAL_DC,CZ,2014,1223.61 ,1223.61,,employees
A,THS_PER,C,SAL_DC,DE,2014,7216.00 ,7216.0,,employees
A,THS_PER,C,SAL_DC,EE,2014,109.14 ,109.14,,employees
A,THS_PER,C,SAL_DC,ES,2014,1777.70 ,1777.7,,employees
A,THS_PER,C,SAL_DC,FI,2014,326.20 ,326.2,,employees
A,THS_PER,C,SAL_DC,FR,2014,2615.60 ,2615.6,,employees
A,THS_PER,C,SAL_DC,HU,2014,771.31 ,771.31,,employees
A,THS_PER,C,SAL_DC,IT,2014,3277.40 ,3277.4,,employees
A,THS_PER,C,SAL_DC,LV,2014,112.44 ,112.44,,employees
A,THS_PER,C,SAL_DC,NL,2014,617.00 ,617.0,,employees
A,THS_PER,C,SAL_DC,NO,2014,233.00 ,233.0,,employees
A,THS_PER,C,SAL_DC,PL,2014,2806.00 ,2806.0,,employees
A,THS_PER,C,SAL_DC,PT,2014,648.36 ,648.36,,employees
A,THS_PER,C,SAL_DC,RO,2014,1541.70 ,1541.7,,employees
A,THS_PER,C,SAL_DC,SE,2014,539.00 ,539.0,,employees
A,THS_PER,C,SAL_DC,SI,2014,176.81 ,176.81,,employees
A,THS_PER,C,SAL_DC,SK,2014,427.93 ,427.93,,employees
A,THS_PER,D,EMP_DC,AT,2014,27.89 ,27.89,,employment
A,THS_PER,D,EMP_DC,BE,2014,19.20 ,19.2,,employment
A,THS_PER,D,EMP_DC,BG,2014,31.60 ,31.6,,employment
A,THS_PER,D,EMP_DC,CZ,2014,31.45 ,31.45,,employment
A,THS_PER,D,EMP_DC,DE,2014,256.00 ,256.0,,employment
A,THS_PER,D,EMP_DC,EE,2014,7.54 ,7.54,,employment
A,THS_PER,D,EMP_DC,ES,2014,41.10 ,41.1,,employment
A,THS_PER,D,EMP_DC,FI,2014,12.80 ,12.8,,employment
A,THS_PER,D,EMP_DC,FR,2014,117.30 ,117.3,,employment
A,THS_PER,D,EMP_DC,HU,2014,31.38 ,31.38,,employment
A,THS_PER,D,EMP_DC,IT,2014,84.20 ,84.2,,employment
A,THS_PER,D,EMP_DC,LV,2014,11.53 ,11.53,,employment
A,THS_PER,D,EMP_DC,NL,2014,26.00 ,26.0,,employment
A,THS_PER,D,EMP_DC,NO,2014,15.00 ,15.0,,employment
A,THS_PER,D,EMP_DC,PL,2014,181.70 ,181.7,,employment
A,THS_PER,D,EMP_DC,PT,2014,7.88 ,7.88,,employment
A,THS_PER,D,EMP_DC,RO,2014,91.30 ,91.3,,employment
A,THS_PER,D,EMP_DC,SE,2014,28.00 ,28.0,,employment
A,THS_PER,D,EMP_DC,SI,2014,9.19 ,9.19,,employment
A,THS_PER,D,EMP_DC,SK,2014,18.29 ,18.29,,employment
A,THS_PER,D,SAL_DC,AT,2014,27.43 ,27.43,,employees
A,THS_PER,D,SAL_DC,BE,2014,19.20 ,19.2,,employees
A,THS_PER,D,SAL_DC,BG,2014,31.33 ,31.33,,employees
A,THS_PER,D,SAL_DC,CZ,2014,31.07 ,31.07,,employees
A,THS_PER,D,SAL_DC,DE,2014,256.00 ,256.0,,employees
A,THS_PER,D,SAL_DC,EE,2014,7.43 ,7.43,,employees
A,THS_PER,D,SAL_DC,ES,2014,40.30 ,40.3,,employees
A,THS_PER,D,SAL_DC,FI,2014,12.60 ,12.6,,employees
A,THS_PER,D,SAL_DC,FR,2014,115.90 ,115.9,,employees
A,THS_PER,D,SAL_DC,HU,2014,31.38 ,31.38,,employees
A,THS_PER,D,SAL_DC,IT,2014,82.10 ,82.1,,employees
A,THS_PER,D,SAL_DC,LV,2014,11.45 ,11.45,,employees
A,THS_PER,D,SAL_DC,NL,2014,25.00 ,25.0,,employees
A,THS_PER,D,SAL_DC,NO,2014,15.00 ,15.0,,employees
A,THS_PER,D,SAL_DC,PL,2014,177.20 ,177.2,,employees
A,THS_PER,D,SAL_DC,PT,2014,7.73 ,7.73,,employees
A,THS_PER,D,SAL_DC,RO,2014,91.30 ,91.3,,employees
A,THS_PER,D,SAL_DC,SE,2014,28.00 ,28.0,,employees
A,THS_PER,D,SAL_DC,SI,2014,8.14 ,8.14,,employees
A,THS_PER,D,SAL_DC,SK,2014,18.26 ,18.26,,employees
A,THS_PER,E,EMP_DC,AT,2014,22.77 ,22.77,,employment
A,THS_PER,E,EMP_DC,BE,2014,31.80 ,31.8,,employment
A,THS_PER,E,EMP_DC,BG,2014,37.66 ,37.66,,employment
A,THS_PER,E,EMP_DC,CZ,2014,60.28 ,60.28,,employment
A,THS_PER,E,EMP_DC,DE,2014,266.00 ,266.0,,employment
A,THS_PER,E,EMP_DC,EE,2014,2.99 ,2.99,,employment
A,THS_PER,E,EMP_DC,ES,2014,174.50 ,174.5,,employment
A,THS_PER,E,EMP_DC,FI,2014,12.80 ,12.8,,employment
A,THS_PER,E,EMP_DC,FR,2014,139.10 ,139.1,,employment
A,THS_PER,E,EMP_DC,HU,2014,48.65 ,48.65,,employment
A,THS_PER,E,EMP_DC,IT,2014,205.60 ,205.6,,employment
A,THS_PER,E,EMP_DC,LV,2014,6.35 ,6.35,,employment
A,THS_PER,E,EMP_DC,NL,2014,32.00 ,32.0,,employment
A,THS_PER,E,EMP_DC,NO,2014,15.00 ,15.0,,employment
A,THS_PER,E,EMP_DC,PL,2014,169.80 ,169.8,,employment
A,THS_PER,E,EMP_DC,PT,2014,39.59 ,39.59,,employment
A,THS_PER,E,EMP_DC,RO,2014,99.50 ,99.5,,employment
A,THS_PER,E,EMP_DC,SE,2014,26.00 ,26.0,,employment
A,THS_PER,E,EMP_DC,SI,2014,9.97 ,9.97,,employment
A,THS_PER,E,EMP_DC,SK,2014,22.85 ,22.85,,employment
A,THS_PER,E,SAL_DC,AT,2014,22.43 ,22.43,,employees
A,THS_PER,E,SAL_DC,BE,2014,31.40 ,31.4,,employees
A,THS_PER,E,SAL_DC,BG,2014,37.04 ,37.04,,employees
A,THS_PER,E,SAL_DC,CZ,2014,57.71 ,57.71,,employees
A,THS_PER,E,SAL_DC,DE,2014,257.00 ,257.0,,employees
A,THS_PER,E,SAL_DC,EE,2014,2.96 ,2.96,,employees
A,THS_PER,E,SAL_DC,ES,2014,172.60 ,172.6,,employees
A,THS_PER,E,SAL_DC,FI,2014,12.50 ,12.5,,employees
A,THS_PER,E,SAL_DC,FR,2014,133.10 ,133.1,,employees
A,THS_PER,E,SAL_DC,HU,2014,48.16 ,48.16,,employees
A,THS_PER,E,SAL_DC,IT,2014,197.50 ,197.5,,employees
A,THS_PER,E,SAL_DC,LV,2014,6.20 ,6.2,,employees
A,THS_PER,E,SAL_DC,NL,2014,32.00 ,32.0,,employees
A,THS_PER,E,SAL_DC,NO,2014,15.00 ,15.0,,employees
A,THS_PER,E,SAL_DC,PL,2014,165.70 ,165.7,,employees
A,THS_PER,E,SAL_DC,PT,2014,39.23 ,39.23,,employees
A,THS_PER,E,SAL_DC,RO,2014,95.20 ,95.2,,employees
A,THS_PER,E,SAL_DC,SE,2014,26.00 ,26.0,,employees
A,THS_PER,E,SAL_DC,SI,2014,9.87 ,9.87,,employees
A,THS_PER,E,SAL_DC,SK,2014,22.42 ,22.42,,employees
A,THS_PER,F,EMP_DC,AT,2014,284.77 ,284.77,,employment
A,THS_PER,F,EMP_DC,BE,2014,258.90 ,258.9,,employment
A,THS_PER,F,EMP_DC,BG,2014,177.90 ,177.9,,employment
A,THS_PER,F,EMP_DC,CZ,2014,403.72 ,403.72,,employment
A,THS_PER,F,EMP_DC,DE,2014,2430.00 ,2430.0,,employment
A,THS_PER,F,EMP_DC,EE,2014,49.04 ,49.04,,employment
A,THS_PER,F,EMP_DC,ES,2014,1028.90 ,1028.9,,employment
A,THS_PER,F,EMP_DC,FI,2014,183.70 ,183.7,,employment
A,THS_PER,F,EMP_DC,FR,2014,1871.20 ,1871.2,,employment
A,THS_PER,F,EMP_DC,HU,2014,266.36 ,266.36,,employment
A,THS_PER,F,EMP_DC,IT,2014,1549.00 ,1549.0,,employment
A,THS_PER,F,EMP_DC,LV,2014,66.71 ,66.71,,employment
A,THS_PER,F,EMP_DC,NL,2014,454.00 ,454.0,,employment
A,THS_PER,F,EMP_DC,NO,2014,211.00 ,211.0,,employment
A,THS_PER,F,EMP_DC,PL,2014,1134.20 ,1134.2,,employment
A,THS_PER,F,EMP_DC,PT,2014,274.61 ,274.61,,employment
A,THS_PER,F,EMP_DC,RO,2014,634.50 ,634.5,,employment
A,THS_PER,F,EMP_DC,SE,2014,325.00 ,325.0,,employment
A,THS_PER,F,EMP_DC,SI,2014,62.29 ,62.29,,employment
A,THS_PER,F,EMP_DC,SK,2014,164.29 ,164.29,,employment
A,THS_PER,F,SAL_DC,AT,2014,259.61 ,259.61,,employees
A,THS_PER,F,SAL_DC,BE,2014,209.50 ,209.5,,employees
A,THS_PER,F,SAL_DC,BG,2014,148.27 ,148.27,,employees
A,THS_PER,F,SAL_DC,CZ,2014,267.02 ,267.02,,employees
A,THS_PER,F,SAL_DC,DE,2014,1920.00 ,1920.0,,employees
A,THS_PER,F,SAL_DC,EE,2014,41.29 ,41.29,,employees
A,THS_PER,F,SAL_DC,ES,2014,810.10 ,810.1,,employees
A,THS_PER,F,SAL_DC,FI,2014,149.80 ,149.8,,employees
A,THS_PER,F,SAL_DC,FR,2014,1509.30 ,1509.3,,employees
A,THS_PER,F,SAL_DC,HU,2014,234.33 ,234.33,,employees
A,THS_PER,F,SAL_DC,IT,2014,894.60 ,894.6,,employees
A,THS_PER,F,SAL_DC,LV,2014,56.99 ,56.99,,employees
A,THS_PER,F,SAL_DC,NL,2014,298.00 ,298.0,,employees
A,THS_PER,F,SAL_DC,NO,2014,191.00 ,191.0,,employees
A,THS_PER,F,SAL_DC,PL,2014,869.70 ,869.7,,employees
A,THS_PER,F,SAL_DC,PT,2014,239.16 ,239.16,,employees
A,THS_PER,F,SAL_DC,RO,2014,473.70 ,473.7,,employees
A,THS_PER,F,SAL_DC,SE,2014,288.00 ,288.0,,employees
A,THS_PER,F,SAL_DC,SI,2014,50.05 ,50.05,,employees
A,THS_PER,F,SAL_DC,SK,2014,90.46 ,90.46,,employees
A,THS_PER,G,EMP_DC,AT,2014,661.96 ,661.96,,employment
A,THS_PER,G,EMP_DC,BE,2014,564.90 ,564.9,,employment
A,THS_PER,G,EMP_DC,BG,2014,524.64 ,524.64,,employment
A,THS_PER,G,EMP_DC,CZ,2014,710.24 ,710.24,,employment
A,THS_PER,G,EMP_DC,DE,2014,5876.00 ,5876.0,,employment
A,THS_PER,G,EMP_DC,EE,2014,81.58 ,81.58,,employment
A,THS_PER,G,EMP_DC,ES,2014,3268.70 ,3268.7,,employment
A,THS_PER,G,EMP_DC,FI,2014,298.70 ,298.7,,employment
A,THS_PER,G,EMP_DC,FR,2014,3447.80 ,3447.8,,employment
A,THS_PER,G,EMP_DC,HU,2014,619.37 ,619.37,,employment
A,THS_PER,G,EMP_DC,IT,2014,3644.80 ,3644.8,,employment
A,THS_PER,G,EMP_DC,LV,2014,136.56 ,136.56,,employment
A,THS_PER,G,EMP_DC,NL,2014,1394.00 ,1394.0,,employment
A,THS_PER,G,EMP_DC,NO,2014,362.00 ,362.0,,employment
A,THS_PER,G,EMP_DC,PL,2014,2296.20 ,2296.2,,employment
A,THS_PER,G,EMP_DC,PT,2014,696.33 ,696.33,,employment
A,THS_PER,G,EMP_DC,RO,2014,1090.90 ,1090.9,,employment
A,THS_PER,G,EMP_DC,SE,2014,590.00 ,590.0,,employment
A,THS_PER,G,EMP_DC,SI,2014,115.20 ,115.2,,employment
A,THS_PER,G,EMP_DC,SK,2014,373.69 ,373.69,,employment
A,THS_PER,G,SAL_DC,AT,2014,594.86 ,594.86,,employees
A,THS_PER,G,SAL_DC,BE,2014,498.00 ,498.0,,employees
A,THS_PER,G,SAL_DC,BG,2014,401.07 ,401.07,,employees
A,THS_PER,G,SAL_DC,CZ,2014,584.49 ,584.49,,employees
A,THS_PER,G,SAL_DC,DE,2014,5255.00 ,5255.0,,employees
A,THS_PER,G,SAL_DC,EE,2014,71.52 ,71.52,,employees
A,THS_PER,G,SAL_DC,ES,2014,2424.20 ,2424.2,,employees
A,THS_PER,G,SAL_DC,FI,2014,263.40 ,263.4,,employees
A,THS_PER,G,SAL_DC,FR,2014,3013.10 ,3013.1,,employees
A,THS_PER,G,SAL_DC,HU,2014,564.37 ,564.37,,employees
A,THS_PER,G,SAL_DC,IT,2014,2032.80 ,2032.8,,employees
A,THS_PER,G,SAL_DC,LV,2014,126.08 ,126.08,,employees
A,THS_PER,G,SAL_DC,NL,2014,1226.00 ,1226.0,,employees
A,THS_PER,G,SAL_DC,NO,2014,354.00 ,354.0,,employees
A,THS_PER,G,SAL_DC,PL,2014,1796.70 ,1796.7,,employees
A,THS_PER,G,SAL_DC,PT,2014,627.93 ,627.93,,employees
A,THS_PER,G,SAL_DC,RO,2014,1020.80 ,1020.8,,employees
A,THS_PER,G,SAL_DC,SE,2014,564.00 ,564.0,,employees
A,THS_PER,G,SAL_DC,SI,2014,100.60 ,100.6,,employees
A,THS_PER,G,SAL_DC,SK,2014,299.40 ,299.4,,employees
A,THS_PER,H,EMP_DC,AT,2014,206.56 ,206.56,,employment
A,THS_PER,H,EMP_DC,BE,2014,243.40 ,243.4,,employment
A,THS_PER,H,EMP_DC,BG,2014,185.58 ,185.58,,employment
A,THS_PER,H,EMP_DC,CZ,2014,313.76 ,313.76,,employment
A,THS_PER,H,EMP_DC,DE,2014,2126.00 ,2126.0,,employment
A,THS_PER,H,EMP_DC,EE,2014,44.13 ,44.13,,employment
A,THS_PER,H,EMP_DC,ES,2014,808.70 ,808.7,,employment
A,THS_PER,H,EMP_DC,FI,2014,148.40 ,148.4,,employment
A,THS_PER,H,EMP_DC,FR,2014,1377.70 ,1377.7,,employment
A,THS_PER,H,EMP_DC,HU,2014,254.70 ,254.7,,employment
A,THS_PER,H,EMP_DC,IT,2014,1087.90 ,1087.9,,employment
A,THS_PER,H,EMP_DC,LV,2014,68.05 ,68.05,,employment
A,THS_PER,H,EMP_DC,NL,2014,382.00 ,382.0,,employment
A,THS_PER,H,EMP_DC,NO,2014,154.00 ,154.0,,employment
A,THS_PER,H,EMP_DC,PL,2014,908.90 ,908.9,,employment
A,THS_PER,H,EMP_DC,PT,2014,159.63 ,159.63,,employment
A,THS_PER,H,EMP_DC,RO,2014,443.10 ,443.1,,employment
A,THS_PER,H,EMP_DC,SE,2014,247.00 ,247.0,,employment
A,THS_PER,H,EMP_DC,SI,2014,47.48 ,47.48,,employment
A,THS_PER,H,EMP_DC,SK,2014,134.69 ,134.69,,employment
A,THS_PER,H,SAL_DC,AT,2014,195.06 ,195.06,,employees
A,THS_PER,H,SAL_DC,BE,2014,237.00 ,237.0,,employees
A,THS_PER,H,SAL_DC,BG,2014,139.10 ,139.1,,employees
A,THS_PER,H,SAL_DC,CZ,2014,283.03 ,283.03,,employees
A,THS_PER,H,SAL_DC,DE,2014,1998.00 ,1998.0,,employees
A,THS_PER,H,SAL_DC,EE,2014,40.14 ,40.14,,employees
A,THS_PER,H,SAL_DC,ES,2014,635.10 ,635.1,,employees
A,THS_PER,H,SAL_DC,FI,2014,126.20 ,126.2,,employees
A,THS_PER,H,SAL_DC,FR,2014,1317.90 ,1317.9,,employees
A,THS_PER,H,SAL_DC,HU,2014,239.65 ,239.65,,employees
A,THS_PER,H,SAL_DC,IT,2014,938.10 ,938.1,,employees
A,THS_PER,H,SAL_DC,LV,2014,64.67 ,64.67,,employees
A,THS_PER,H,SAL_DC,NL,2014,348.00 ,348.0,,employees
A,THS_PER,H,SAL_DC,NO,2014,143.00 ,143.0,,employees
A,THS_PER,H,SAL_DC,PL,2014,782.80 ,782.8,,employees
A,THS_PER,H,SAL_DC,PT,2014,153.86 ,153.86,,employees
A,THS_PER,H,SAL_DC,RO,2014,414.70 ,414.7,,employees
A,THS_PER,H,SAL_DC,SE,2014,236.00 ,236.0,,employees
A,THS_PER,H,SAL_DC,SI,2014,41.68 ,41.68,,employees
A,THS_PER,H,SAL_DC,SK,2014,124.63 ,124.63,,employees
A,THS_PER,I,EMP_DC,AT,2014,285.18 ,285.18,,employment
A,THS_PER,I,EMP_DC,BE,2014,144.10 ,144.1,,employment
A,THS_PER,I,EMP_DC,BG,2014,150.18 ,150.18,,employment
A,THS_PER,I,EMP_DC,CZ,2014,178.29 ,178.29,,employment
A,THS_PER,I,EMP_DC,DE,2014,1782.00 ,1782.0,,employment
A,THS_PER,I,EMP_DC,EE,2014,24.54 ,24.54,,employment
A,THS_PER,I,EMP_DC,ES,2014,1322.00 ,1322.0,,employment
A,THS_PER,I,EMP_DC,FI,2014,75.90 ,75.9,,employment
A,THS_PER,I,EMP_DC,FR,2014,1164.50 ,1164.5,,employment
A,THS_PER,I,EMP_DC,HU,2014,153.92 ,153.92,,employment
A,THS_PER,I,EMP_DC,IT,2014,1454.40 ,1454.4,,employment
A,THS_PER,I,EMP_DC,LV,2014,26.23 ,26.23,,employment
A,THS_PER,I,EMP_DC,NL,2014,383.00 ,383.0,,employment
A,THS_PER,I,EMP_DC,NO,2014,90.00 ,90.0,,employment
A,THS_PER,I,EMP_DC,PL,2014,334.10 ,334.1,,employment
A,THS_PER,I,EMP_DC,PT,2014,277.55 ,277.55,,employment
A,THS_PER,I,EMP_DC,RO,2014,176.20 ,176.2,,employment
A,THS_PER,I,EMP_DC,SE,2014,171.00 ,171.0,,employment
A,THS_PER,I,EMP_DC,SI,2014,34.57 ,34.57,,employment
A,THS_PER,I,EMP_DC,SK,2014,88.84 ,88.84,,employment
A,THS_PER,I,SAL_DC,AT,2014,246.86 ,246.86,,employees
A,THS_PER,I,SAL_DC,BE,2014,116.40 ,116.4,,employees
A,THS_PER,I,SAL_DC,BG,2014,128.23 ,128.23,,employees
A,THS_PER,I,SAL_DC,CZ,2014,136.02 ,136.02,,employees
A,THS_PER,I,SAL_DC,DE,2014,1518.00 ,1518.0,,employees
A,THS_PER,I,SAL_DC,EE,2014,22.97 ,22.97,,employees
A,THS_PER,I,SAL_DC,ES,2014,1050.90 ,1050.9,,employees
A,THS_PER,I,SAL_DC,FI,2014,63.70 ,63.7,,employees
A,THS_PER,I,SAL_DC,FR,2014,998.80 ,998.8,,employees
A,THS_PER,I,SAL_DC,HU,2014,141.55 ,141.55,,employees
A,THS_PER,I,SAL_DC,IT,2014,985.00 ,985.0,,employees
A,THS_PER,I,SAL_DC,LV,2014,24.44 ,24.44,,employees
A,THS_PER,I,SAL_DC,NL,2014,319.00 ,319.0,,employees
A,THS_PER,I,SAL_DC,NO,2014,88.00 ,88.0,,employees
A,THS_PER,I,SAL_DC,PL,2014,286.40 ,286.4,,employees
A,THS_PER,I,SAL_DC,PT,2014,234.50 ,234.5,,employees
A,THS_PER,I,SAL_DC,RO,2014,172.20 ,172.2,,employees
A,THS_PER,I,SAL_DC,SE,2014,162.00 ,162.0,,employees
A,THS_PER,I,SAL_DC,SI,2014,26.44 ,26.44,,employees
A,THS_PER,I,SAL_DC,SK,2014,78.36 ,78.36,,employees
A,THS_PER,J,EMP_DC,AT,2014,111.49 ,111.49,,employment
A,THS_PER,J,EMP_DC,BE,2014,107.70 ,107.7,,employment
A,THS_PER,J,EMP_DC,BG,2014,78.94 ,78.94,,employment
A,THS_PER,J,EMP_DC,CZ,2014,134.23 ,134.23,,employment
A,THS_PER,J,EMP_DC,DE,2014,1234.00 ,1234.0,,employment
A,THS_PER,J,EMP_DC,EE,2014,22.60 ,22.6,,employment
A,THS_PER,J,EMP_DC,ES,2014,415.40 ,415.4,,employment
A,THS_PER,J,EMP_DC,FI,2014,98.00 ,98.0,,employment
A,THS_PER,J,EMP_DC,FR,2014,861.30 ,861.3,,employment
A,THS_PER,J,EMP_DC,HU,2014,122.31 ,122.31,,employment
A,THS_PER,J,EMP_DC,IT,2014,583.40 ,583.4,,employment
A,THS_PER,J,EMP_DC,LV,2014,26.32 ,26.32,,employment
A,THS_PER,J,EMP_DC,NL,2014,262.00 ,262.0,,employment
A,THS_PER,J,EMP_DC,NO,2014,92.00 ,92.0,,employment
A,THS_PER,J,EMP_DC,PL,2014,360.10 ,360.1,,employment
A,THS_PER,J,EMP_DC,PT,2014,78.25 ,78.25,,employment
A,THS_PER,J,EMP_DC,RO,2014,147.40 ,147.4,,employment
A,THS_PER,J,EMP_DC,SE,2014,193.00 ,193.0,,employment
A,THS_PER,J,EMP_DC,SI,2014,26.87 ,26.87,,employment
A,THS_PER,J,EMP_DC,SK,2014,59.42 ,59.42,,employment
A,THS_PER,J,SAL_DC,AT,2014,92.70 ,92.7,,employees
A,THS_PER,J,SAL_DC,BE,2014,97.10 ,97.1,,employees
A,THS_PER,J,SAL_DC,BG,2014,71.72 ,71.72,,employees
A,THS_PER,J,SAL_DC,CZ,2014,117.17 ,117.17,,employees
A,THS_PER,J,SAL_DC,DE,2014,1086.00 ,1086.0,,employees
A,THS_PER,J,SAL_DC,EE,2014,19.91 ,19.91,,employees
A,THS_PER,J,SAL_DC,ES,2014,381.10 ,381.1,,employees
A,THS_PER,J,SAL_DC,FI,2014,90.20 ,90.2,,employees
A,THS_PER,J,SAL_DC,FR,2014,796.10 ,796.1,,employees
A,THS_PER,J,SAL_DC,HU,2014,114.53 ,114.53,,employees
A,THS_PER,J,SAL_DC,IT,2014,450.00 ,450.0,,employees
A,THS_PER,J,SAL_DC,LV,2014,22.66 ,22.66,,employees
A,THS_PER,J,SAL_DC,NL,2014,223.00 ,223.0,,employees
A,THS_PER,J,SAL_DC,NO,2014,89.00 ,89.0,,employees
A,THS_PER,J,SAL_DC,PL,2014,295.30 ,295.3,,employees
A,THS_PER,J,SAL_DC,PT,2014,73.98 ,73.98,,employees
A,THS_PER,J,SAL_DC,RO,2014,136.00 ,136.0,,employees
A,THS_PER,J,SAL_DC,SE,2014,184.00 ,184.0,,employees
A,THS_PER,J,SAL_DC,SI,2014,22.02 ,22.02,,employees
A,THS_PER,J,SAL_DC,SK,2014,50.35 ,50.35,,employees
A,THS_PER,L,EMP_DC,AT,2014,69.85 ,69.85,,employment
A,THS_PER,L,EMP_DC,BE,2014,24.00 ,24.0,,employment
A,THS_PER,L,EMP_DC,BG,2014,26.82 ,26.82,,employment
A,THS_PER,L,EMP_DC,CZ,2014,90.84 ,90.84,,employment
A,THS_PER,L,EMP_DC,DE,2014,468.00 ,468.0,,employment
A,THS_PER,L,EMP_DC,EE,2014,11.03 ,11.03,,employment
A,THS_PER,L,EMP_DC,ES,2014,170.70 ,170.7,,employment
A,THS_PER,L,EMP_DC,FI,2014,23.50 ,23.5,,employment
A,THS_PER,L,EMP_DC,FR,2014,353.30 ,353.3,,employment
A,THS_PER,L,EMP_DC,HU,2014,66.18 ,66.18,,employment
A,THS_PER,L,EMP_DC,IT,2014,179.30 ,179.3,,employment
A,THS_PER,L,EMP_DC,LV,2014,21.60 ,21.6,,employment
A,THS_PER,L,EMP_DC,NL,2014,73.00 ,73.0,,employment
A,THS_PER,L,EMP_DC,NO,2014,26.00 ,26.0,,employment
A,THS_PER,L,EMP_DC,PL,2014,160.50 ,160.5,,employment
A,THS_PER,L,EMP_DC,PT,2014,28.56 ,28.56,,employment
A,THS_PER,L,EMP_DC,RO,2014,29.80 ,29.8,,employment
A,THS_PER,L,EMP_DC,SE,2014,77.00 ,77.0,,employment
A,THS_PER,L,EMP_DC,SI,2014,5.40 ,5.4,,employment
A,THS_PER,L,EMP_DC,SK,2014,22.75 ,22.75,,employment
A,THS_PER,L,SAL_DC,AT,2014,55.85 ,55.85,,employees
A,THS_PER,L,SAL_DC,BE,2014,20.30 ,20.3,,employees
A,THS_PER,L,SAL_DC,BG,2014,23.95 ,23.95,,employees
A,THS_PER,L,SAL_DC,CZ,2014,64.81 ,64.81,,employees
A,THS_PER,L,SAL_DC,DE,2014,407.00 ,407.0,,employees
A,THS_PER,L,SAL_DC,EE,2014,9.59 ,9.59,,employees
A,THS_PER,L,SAL_DC,ES,2014,112.80 ,112.8,,employees
A,THS_PER,L,SAL_DC,FI,2014,20.10 ,20.1,,employees
A,THS_PER,L,SAL_DC,FR,2014,314.00 ,314.0,,employees
A,THS_PER,L,SAL_DC,HU,2014,64.27 ,64.27,,employees
A,THS_PER,L,SAL_DC,IT,2014,64.70 ,64.7,,employees
A,THS_PER,L,SAL_DC,LV,2014,19.00 ,19.0,,employees
A,THS_PER,L,SAL_DC,NL,2014,63.00 ,63.0,,employees
A,THS_PER,L,SAL_DC,NO,2014,23.00 ,23.0,,employees
A,THS_PER,L,SAL_DC,PL,2014,135.90 ,135.9,,employees
A,THS_PER,L,SAL_DC,PT,2014,19.11 ,19.11,,employees
A,THS_PER,L,SAL_DC,RO,2014,27.70 ,27.7,,employees
A,THS_PER,L,SAL_DC,SE,2014,71.00 ,71.0,,employees
A,THS_PER,L,SAL_DC,SI,2014,4.61 ,4.61,,employees
A,THS_PER,L,SAL_DC,SK,2014,20.88 ,20.88,,employees
A,THS_PER,M,EMP_DC,AT,2014,252.62 ,252.62,,employment
A,THS_PER,M,EMP_DC,BE,2014,552.50 ,552.5,,employment
A,THS_PER,M,EMP_DC,BG,2014,105.46 ,105.46,,employment
A,THS_PER,M,EMP_DC,CZ,2014,287.36 ,287.36,,employment
A,THS_PER,M,EMP_DC,DE,2014,2687.00 ,2687.0,,employment
A,THS_PER,M,EMP_DC,EE,2014,25.71 ,25.71,,employment
A,THS_PER,M,EMP_DC,ES,2014,914.50 ,914.5,,employment
A,THS_PER,M,EMP_DC,FI,2014,146.00 ,146.0,,employment
A,THS_PER,M,EMP_DC,FR,2014,1818.70 ,1818.7,,employment
A,THS_PER,M,EMP_DC,HU,2014,210.78 ,210.78,,employment
A,THS_PER,M,EMP_DC,IT,2014,1617.30 ,1617.3,,employment
A,THS_PER,M,EMP_DC,LV,2014,38.65 ,38.65,,employment
A,THS_PER,M,EMP_DC,NL,2014,696.00 ,696.0,,employment
A,THS_PER,M,EMP_DC,NO,2014,132.00 ,132.0,,employment
A,THS_PER,M,EMP_DC,PL,2014,557.80 ,557.8,,employment
A,THS_PER,M,EMP_DC,PT,2014,186.87 ,186.87,,employment
A,THS_PER,M,EMP_DC,RO,2014,170.30 ,170.3,,employment
A,THS_PER,M,EMP_DC,SE,2014,316.00 ,316.0,,employment
A,THS_PER,M,EMP_DC,SI,2014,72.26 ,72.26,,employment
A,THS_PER,M,EMP_DC,SK,2014,121.91 ,121.91,,employment
A,THS_PER,M,SAL_DC,AT,2014,174.49 ,174.49,,employees
A,THS_PER,M,SAL_DC,BE,2014,148.80 ,148.8,,employees
A,THS_PER,M,SAL_DC,BG,2014,77.64 ,77.64,,employees
A,THS_PER,M,SAL_DC,CZ,2014,195.53 ,195.53,,employees
A,THS_PER,M,SAL_DC,DE,2014,2041.00 ,2041.0,,employees
A,THS_PER,M,SAL_DC,EE,2014,18.86 ,18.86,,employees
A,THS_PER,M,SAL_DC,ES,2014,665.60 ,665.6,,employees
A,THS_PER,M,SAL_DC,FI,2014,110.60 ,110.6,,employees
A,THS_PER,M,SAL_DC,FR,2014,1510.70 ,1510.7,,employees
A,THS_PER,M,SAL_DC,HU,2014,187.36 ,187.36,,employees
A,THS_PER,M,SAL_DC,IT,2014,576.50 ,576.5,,employees
A,THS_PER,M,SAL_DC,LV,2014,29.30 ,29.3,,employees
A,THS_PER,M,SAL_DC,NL,2014,488.00 ,488.0,,employees
A,THS_PER,M,SAL_DC,NO,2014,119.00 ,119.0,,employees
A,THS_PER,M,SAL_DC,PL,2014,360.10 ,360.1,,employees
A,THS_PER,M,SAL_DC,PT,2014,146.86 ,146.86,,employees
A,THS_PER,M,SAL_DC,RO,2014,149.20 ,149.2,,employees
A,THS_PER,M,SAL_DC,SE,2014,277.00 ,277.0,,employees
A,THS_PER,M,SAL_DC,SI,2014,45.35 ,45.35,,employees
A,THS_PER,M,SAL_DC,SK,2014,85.78 ,85.78,,employees
A,THS_PER,N,EMP_DC,AT,2014,233.57 ,233.57,,employment
A,THS_PER,N,EMP_DC,BE,2014,386.90 ,386.9,,employment
A,THS_PER,N,EMP_DC,BG,2014,127.60 ,127.6,,employment
A,THS_PER,N,EMP_DC,CZ,2014,148.50 ,148.5,,employment
A,THS_PER,N,EMP_DC,DE,2014,3009.00 ,3009.0,,employment
A,THS_PER,N,EMP_DC,EE,2014,19.16 ,19.16,,employment
A,THS_PER,N,EMP_DC,ES,2014,1243.80 ,1243.8,,employment
A,THS_PER,N,EMP_DC,FI,2014,155.20 ,155.2,,employment
A,THS_PER,N,EMP_DC,FR,2014,1982.70 ,1982.7,,employment
A,THS_PER,N,EMP_DC,HU,2014,217.98 ,217.98,,employment
A,THS_PER,N,EMP_DC,IT,2014,1229.30 ,1229.3,,employment
A,THS_PER,N,EMP_DC,LV,2014,31.65 ,31.65,,employment
A,THS_PER,N,EMP_DC,NL,2014,1026.00 ,1026.0,,employment
A,THS_PER,N,EMP_DC,NO,2014,123.00 ,123.0,,employment
A,THS_PER,N,EMP_DC,PL,2014,454.50 ,454.5,,employment
A,THS_PER,N,EMP_DC,PT,2014,314.68 ,314.68,,employment
A,THS_PER,N,EMP_DC,RO,2014,189.70 ,189.7,,employment
A,THS_PER,N,EMP_DC,SE,2014,243.00 ,243.0,,employment
A,THS_PER,N,EMP_DC,SI,2014,46.27 ,46.27,,employment
A,THS_PER,N,EMP_DC,SK,2014,90.29 ,90.29,,employment
A,THS_PER,N,SAL_DC,AT,2014,209.88 ,209.88,,employees
A,THS_PER,N,SAL_DC,BE,2014,366.20 ,366.2,,employees
A,THS_PER,N,SAL_DC,BG,2014,123.13 ,123.13,,employees
A,THS_PER,N,SAL_DC,CZ,2014,135.64 ,135.64,,employees
A,THS_PER,N,SAL_DC,DE,2014,2760.00 ,2760.0,,employees
A,THS_PER,N,SAL_DC,EE,2014,17.52 ,17.52,,employees
A,THS_PER,N,SAL_DC,ES,2014,1162.10 ,1162.1,,employees
A,THS_PER,N,SAL_DC,FI,2014,144.60 ,144.6,,employees
A,THS_PER,N,SAL_DC,FR,2014,1888.20 ,1888.2,,employees
A,THS_PER,N,SAL_DC,HU,2014,210.45 ,210.45,,employees
A,THS_PER,N,SAL_DC,IT,2014,1029.90 ,1029.9,,employees
A,THS_PER,N,SAL_DC,LV,2014,29.21 ,29.21,,employees
A,THS_PER,N,SAL_DC,NL,2014,765.00 ,765.0,,employees
A,THS_PER,N,SAL_DC,NO,2014,118.00 ,118.0,,employees
A,THS_PER,N,SAL_DC,PL,2014,411.60 ,411.6,,employees
A,THS_PER,N,SAL_DC,PT,2014,253.16 ,253.16,,employees
A,THS_PER,N,SAL_DC,RO,2014,188.10 ,188.1,,employees
A,THS_PER,N,SAL_DC,SE,2014,232.00 ,232.0,,employees
A,THS_PER,N,SAL_DC,SI,2014,41.42 ,41.42,,employees
A,THS_PER,N,SAL_DC,SK,2014,80.38 ,80.38,,employees
A,THS_PER,B,EMP_DC,AT,2015,6.14 ,6.14,,employment
A,THS_PER,B,EMP_DC,BE,2015,2.40 ,2.4,,employment
A,THS_PER,B,EMP_DC,BG,2015,24.88 ,24.88,,employment
A,THS_PER,B,EMP_DC,CZ,2015,34.21 ,34.21,,employment
A,THS_PER,B,EMP_DC,DE,2015,59.00 ,59.0,,employment
A,THS_PER,B,EMP_DC,EE,2015,3.50 ,3.5,,employment
A,THS_PER,B,EMP_DC,ES,2015,21.50 ,21.5,,employment
A,THS_PER,B,EMP_DC,FI,2015,7.10 ,7.1,,employment
A,THS_PER,B,EMP_DC,FR,2015,18.70 ,18.7,,employment
A,THS_PER,B,EMP_DC,HU,2015,6.04 ,6.04,,employment
A,THS_PER,B,EMP_DC,IT,2015,21.90 ,21.9,,employment
A,THS_PER,B,EMP_DC,LV,2015,2.63 ,2.63,,employment
A,THS_PER,B,EMP_DC,NL,2015,11.00 ,11.0,,employment
A,THS_PER,B,EMP_DC,NO,2015,67.00 ,67.0,,employment
A,THS_PER,B,EMP_DC,PL,2015,229.60 ,229.6,,employment
A,THS_PER,B,EMP_DC,PT,2015,11.52 ,11.52,,employment
A,THS_PER,B,EMP_DC,RO,2015,79.90 ,79.9,,employment
A,THS_PER,B,EMP_DC,SE,2015,9.00 ,9.0,,employment
A,THS_PER,B,EMP_DC,SI,2015,2.52 ,2.52,,employment
A,THS_PER,B,EMP_DC,SK,2015,6.07 ,6.07,,employment
A,THS_PER,B,SAL_DC,AT,2015,6.01 ,6.01,,employees
A,THS_PER,B,SAL_DC,BE,2015,2.30 ,2.3,,employees
A,THS_PER,B,SAL_DC,BG,2015,24.88 ,24.88,,employees
A,THS_PER,B,SAL_DC,CZ,2015,34.10 ,34.1,,employees
A,THS_PER,B,SAL_DC,DE,2015,57.00 ,57.0,,employees
A,THS_PER,B,SAL_DC,EE,2015,3.41 ,3.41,,employees
A,THS_PER,B,SAL_DC,ES,2015,20.50 ,20.5,,employees
A,THS_PER,B,SAL_DC,FI,2015,6.20 ,6.2,,employees
A,THS_PER,B,SAL_DC,FR,2015,18.10 ,18.1,,employees
A,THS_PER,B,SAL_DC,HU,2015,6.02 ,6.02,,employees
A,THS_PER,B,SAL_DC,IT,2015,20.00 ,20.0,,employees
A,THS_PER,B,SAL_DC,LV,2015,2.58 ,2.58,,employees
A,THS_PER,B,SAL_DC,NL,2015,11.00 ,11.0,,employees
A,THS_PER,B,SAL_DC,NO,2015,67.00 ,67.0,,employees
A,THS_PER,B,SAL_DC,PL,2015,229.10 ,229.1,,employees
A,THS_PER,B,SAL_DC,PT,2015,10.37 ,10.37,,employees
A,THS_PER,B,SAL_DC,RO,2015,79.70 ,79.7,,employees
A,THS_PER,B,SAL_DC,SE,2015,9.00 ,9.0,,employees
A,THS_PER,B,SAL_DC,SI,2015,2.48 ,2.48,,employees
A,THS_PER,B,SAL_DC,SK,2015,6.02 ,6.02,,employees
A,THS_PER,C,EMP_DC,AT,2015,636.71 ,636.71,,employment
A,THS_PER,C,EMP_DC,BE,2015,492.60 ,492.6,,employment
A,THS_PER,C,EMP_DC,BG,2015,600.95 ,600.95,,employment
A,THS_PER,C,EMP_DC,CZ,2015,1381.12 ,1381.12,,employment
A,THS_PER,C,EMP_DC,DE,2015,7512.00 ,7512.0,,employment
A,THS_PER,C,EMP_DC,EE,2015,116.01 ,116.01,,employment
A,THS_PER,C,EMP_DC,ES,2015,1925.90 ,1925.9,,employment
A,THS_PER,C,EMP_DC,FI,2015,339.90 ,339.9,,employment
A,THS_PER,C,EMP_DC,FR,2015,2698.60 ,2698.6,,employment
A,THS_PER,C,EMP_DC,HU,2015,789.74 ,789.74,,employment
A,THS_PER,C,EMP_DC,IT,2015,3771.00 ,3771.0,,employment
A,THS_PER,C,EMP_DC,LV,2015,117.42 ,117.42,,employment
A,THS_PER,C,EMP_DC,NL,2015,665.00 ,665.0,,employment
A,THS_PER,C,EMP_DC,NO,2015,230.00 ,230.0,,employment
A,THS_PER,C,EMP_DC,PL,2015,3093.70 ,3093.7,,employment
A,THS_PER,C,EMP_DC,PT,2015,708.57 ,708.57,,employment
A,THS_PER,C,EMP_DC,RO,2015,1526.50 ,1526.5,,employment
A,THS_PER,C,EMP_DC,SE,2015,542.00 ,542.0,,employment
A,THS_PER,C,EMP_DC,SI,2015,191.94 ,191.94,,employment
A,THS_PER,C,EMP_DC,SK,2015,489.54 ,489.54,,employment
A,THS_PER,C,SAL_DC,AT,2015,616.36 ,616.36,,employees
A,THS_PER,C,SAL_DC,BE,2015,473.60 ,473.6,,employees
A,THS_PER,C,SAL_DC,BG,2015,554.82 ,554.82,,employees
A,THS_PER,C,SAL_DC,CZ,2015,1268.26 ,1268.26,,employees
A,THS_PER,C,SAL_DC,DE,2015,7249.00 ,7249.0,,employees
A,THS_PER,C,SAL_DC,EE,2015,110.19 ,110.19,,employees
A,THS_PER,C,SAL_DC,ES,2015,1827.90 ,1827.9,,employees
A,THS_PER,C,SAL_DC,FI,2015,321.20 ,321.2,,employees
A,THS_PER,C,SAL_DC,FR,2015,2561.00 ,2561.0,,employees
A,THS_PER,C,SAL_DC,HU,2015,768.56 ,768.56,,employees
A,THS_PER,C,SAL_DC,IT,2015,3253.80 ,3253.8,,employees
A,THS_PER,C,SAL_DC,LV,2015,109.59 ,109.59,,employees
A,THS_PER,C,SAL_DC,NL,2015,619.00 ,619.0,,employees
A,THS_PER,C,SAL_DC,NO,2015,226.00 ,226.0,,employees
A,THS_PER,C,SAL_DC,PL,2015,2894.80 ,2894.8,,employees
A,THS_PER,C,SAL_DC,PT,2015,670.65 ,670.65,,employees
A,THS_PER,C,SAL_DC,RO,2015,1499.10 ,1499.1,,employees
A,THS_PER,C,SAL_DC,SE,2015,529.00 ,529.0,,employees
A,THS_PER,C,SAL_DC,SI,2015,180.09 ,180.09,,employees
A,THS_PER,C,SAL_DC,SK,2015,439.41 ,439.41,,employees
A,THS_PER,D,EMP_DC,AT,2015,27.51 ,27.51,,employment
A,THS_PER,D,EMP_DC,BE,2015,18.70 ,18.7,,employment
A,THS_PER,D,EMP_DC,BG,2015,31.47 ,31.47,,employment
A,THS_PER,D,EMP_DC,CZ,2015,32.93 ,32.93,,employment
A,THS_PER,D,EMP_DC,DE,2015,251.00 ,251.0,,employment
A,THS_PER,D,EMP_DC,EE,2015,7.24 ,7.24,,employment
A,THS_PER,D,EMP_DC,ES,2015,39.10 ,39.1,,employment
A,THS_PER,D,EMP_DC,FI,2015,12.30 ,12.3,,employment
A,THS_PER,D,EMP_DC,FR,2015,118.50 ,118.5,,employment
A,THS_PER,D,EMP_DC,HU,2015,29.67 ,29.67,,employment
A,THS_PER,D,EMP_DC,IT,2015,82.50 ,82.5,,employment
A,THS_PER,D,EMP_DC,LV,2015,11.25 ,11.25,,employment
A,THS_PER,D,EMP_DC,NL,2015,26.00 ,26.0,,employment
A,THS_PER,D,EMP_DC,NO,2015,16.00 ,16.0,,employment
A,THS_PER,D,EMP_DC,PL,2015,175.30 ,175.3,,employment
A,THS_PER,D,EMP_DC,PT,2015,8.62 ,8.62,,employment
A,THS_PER,D,EMP_DC,RO,2015,81.60 ,81.6,,employment
A,THS_PER,D,EMP_DC,SE,2015,28.00 ,28.0,,employment
A,THS_PER,D,EMP_DC,SI,2015,9.09 ,9.09,,employment
A,THS_PER,D,EMP_DC,SK,2015,17.87 ,17.87,,employment
A,THS_PER,D,SAL_DC,AT,2015,27.11 ,27.11,,employees
A,THS_PER,D,SAL_DC,BE,2015,18.70 ,18.7,,employees
A,THS_PER,D,SAL_DC,BG,2015,31.17 ,31.17,,employees
A,THS_PER,D,SAL_DC,CZ,2015,31.88 ,31.88,,employees
A,THS_PER,D,SAL_DC,DE,2015,251.00 ,251.0,,employees
A,THS_PER,D,SAL_DC,EE,2015,7.16 ,7.16,,employees
A,THS_PER,D,SAL_DC,ES,2015,38.20 ,38.2,,employees
A,THS_PER,D,SAL_DC,FI,2015,12.10 ,12.1,,employees
A,THS_PER,D,SAL_DC,FR,2015,117.10 ,117.1,,employees
A,THS_PER,D,SAL_DC,HU,2015,29.67 ,29.67,,employees
A,THS_PER,D,SAL_DC,IT,2015,80.30 ,80.3,,employees
A,THS_PER,D,SAL_DC,LV,2015,10.93 ,10.93,,employees
A,THS_PER,D,SAL_DC,NL,2015,26.00 ,26.0,,employees
A,THS_PER,D,SAL_DC,NO,2015,16.00 ,16.0,,employees
A,THS_PER,D,SAL_DC,PL,2015,172.70 ,172.7,,employees
A,THS_PER,D,SAL_DC,PT,2015,8.21 ,8.21,,employees
A,THS_PER,D,SAL_DC,RO,2015,81.60 ,81.6,,employees
A,THS_PER,D,SAL_DC,SE,2015,28.00 ,28.0,,employees
A,THS_PER,D,SAL_DC,SI,2015,8.08 ,8.08,,employees
A,THS_PER,D,SAL_DC,SK,2015,17.84 ,17.84,,employees
A,THS_PER,E,EMP_DC,AT,2015,22.77 ,22.77,,employment
A,THS_PER,E,EMP_DC,BE,2015,31.90 ,31.9,,employment
A,THS_PER,E,EMP_DC,BG,2015,37.75 ,37.75,,employment
A,THS_PER,E,EMP_DC,CZ,2015,60.01 ,60.01,,employment
A,THS_PER,E,EMP_DC,DE,2015,265.00 ,265.0,,employment
A,THS_PER,E,EMP_DC,EE,2015,3.01 ,3.01,,employment
A,THS_PER,E,EMP_DC,ES,2015,181.20 ,181.2,,employment
A,THS_PER,E,EMP_DC,FI,2015,13.20 ,13.2,,employment
A,THS_PER,E,EMP_DC,FR,2015,140.80 ,140.8,,employment
A,THS_PER,E,EMP_DC,HU,2015,47.57 ,47.57,,employment
A,THS_PER,E,EMP_DC,IT,2015,208.30 ,208.3,,employment
A,THS_PER,E,EMP_DC,LV,2015,7.08 ,7.08,,employment
A,THS_PER,E,EMP_DC,NL,2015,32.00 ,32.0,,employment
A,THS_PER,E,EMP_DC,NO,2015,15.00 ,15.0,,employment
A,THS_PER,E,EMP_DC,PL,2015,177.70 ,177.7,,employment
A,THS_PER,E,EMP_DC,PT,2015,40.09 ,40.09,,employment
A,THS_PER,E,EMP_DC,RO,2015,94.80 ,94.8,,employment
A,THS_PER,E,EMP_DC,SE,2015,26.00 ,26.0,,employment
A,THS_PER,E,EMP_DC,SI,2015,10.39 ,10.39,,employment
A,THS_PER,E,EMP_DC,SK,2015,22.75 ,22.75,,employment
A,THS_PER,E,SAL_DC,AT,2015,22.45 ,22.45,,employees
A,THS_PER,E,SAL_DC,BE,2015,31.40 ,31.4,,employees
A,THS_PER,E,SAL_DC,BG,2015,37.32 ,37.32,,employees
A,THS_PER,E,SAL_DC,CZ,2015,57.61 ,57.61,,employees
A,THS_PER,E,SAL_DC,DE,2015,256.00 ,256.0,,employees
A,THS_PER,E,SAL_DC,EE,2015,2.94 ,2.94,,employees
A,THS_PER,E,SAL_DC,ES,2015,179.20 ,179.2,,employees
A,THS_PER,E,SAL_DC,FI,2015,12.90 ,12.9,,employees
A,THS_PER,E,SAL_DC,FR,2015,134.70 ,134.7,,employees
A,THS_PER,E,SAL_DC,HU,2015,47.00 ,47.0,,employees
A,THS_PER,E,SAL_DC,IT,2015,200.00 ,200.0,,employees
A,THS_PER,E,SAL_DC,LV,2015,6.98 ,6.98,,employees
A,THS_PER,E,SAL_DC,NL,2015,31.00 ,31.0,,employees
A,THS_PER,E,SAL_DC,NO,2015,15.00 ,15.0,,employees
A,THS_PER,E,SAL_DC,PL,2015,171.20 ,171.2,,employees
A,THS_PER,E,SAL_DC,PT,2015,39.75 ,39.75,,employees
A,THS_PER,E,SAL_DC,RO,2015,91.20 ,91.2,,employees
A,THS_PER,E,SAL_DC,SE,2015,26.00 ,26.0,,employees
A,THS_PER,E,SAL_DC,SI,2015,10.29 ,10.29,,employees
A,THS_PER,E,SAL_DC,SK,2015,22.30 ,22.3,,employees
A,THS_PER,F,EMP_DC,AT,2015,283.64 ,283.64,,employment
A,THS_PER,F,EMP_DC,BE,2015,256.80 ,256.8,,employment
A,THS_PER,F,EMP_DC,BG,2015,182.38 ,182.38,,employment
A,THS_PER,F,EMP_DC,CZ,2015,397.35 ,397.35,,employment
A,THS_PER,F,EMP_DC,DE,2015,2428.00 ,2428.0,,employment
A,THS_PER,F,EMP_DC,EE,2015,48.50 ,48.5,,employment
A,THS_PER,F,EMP_DC,ES,2015,1101.70 ,1101.7,,employment
A,THS_PER,F,EMP_DC,FI,2015,190.40 ,190.4,,employment
A,THS_PER,F,EMP_DC,FR,2015,1824.80 ,1824.8,,employment
A,THS_PER,F,EMP_DC,HU,2015,262.85 ,262.85,,employment
A,THS_PER,F,EMP_DC,IT,2015,1528.00 ,1528.0,,employment
A,THS_PER,F,EMP_DC,LV,2015,65.50 ,65.5,,employment
A,THS_PER,F,EMP_DC,NL,2015,448.00 ,448.0,,employment
A,THS_PER,F,EMP_DC,NO,2015,216.00 ,216.0,,employment
A,THS_PER,F,EMP_DC,PL,2015,1156.30 ,1156.3,,employment
A,THS_PER,F,EMP_DC,PT,2015,278.23 ,278.23,,employment
A,THS_PER,F,EMP_DC,RO,2015,632.40 ,632.4,,employment
A,THS_PER,F,EMP_DC,SE,2015,333.00 ,333.0,,employment
A,THS_PER,F,EMP_DC,SI,2015,62.66 ,62.66,,employment
A,THS_PER,F,EMP_DC,SK,2015,162.38 ,162.38,,employment
A,THS_PER,F,SAL_DC,AT,2015,258.89 ,258.89,,employees
A,THS_PER,F,SAL_DC,BE,2015,206.20 ,206.2,,employees
A,THS_PER,F,SAL_DC,BG,2015,150.47 ,150.47,,employees
A,THS_PER,F,SAL_DC,CZ,2015,267.94 ,267.94,,employees
A,THS_PER,F,SAL_DC,DE,2015,1928.00 ,1928.0,,employees
A,THS_PER,F,SAL_DC,EE,2015,40.32 ,40.32,,employees
A,THS_PER,F,SAL_DC,ES,2015,865.50 ,865.5,,employees
A,THS_PER,F,SAL_DC,FI,2015,156.10 ,156.1,,employees
A,THS_PER,F,SAL_DC,FR,2015,1468.20 ,1468.2,,employees
A,THS_PER,F,SAL_DC,HU,2015,230.34 ,230.34,,employees
A,THS_PER,F,SAL_DC,IT,2015,895.20 ,895.2,,employees
A,THS_PER,F,SAL_DC,LV,2015,55.22 ,55.22,,employees
A,THS_PER,F,SAL_DC,NL,2015,292.00 ,292.0,,employees
A,THS_PER,F,SAL_DC,NO,2015,196.00 ,196.0,,employees
A,THS_PER,F,SAL_DC,PL,2015,900.50 ,900.5,,employees
A,THS_PER,F,SAL_DC,PT,2015,241.78 ,241.78,,employees
A,THS_PER,F,SAL_DC,RO,2015,480.30 ,480.3,,employees
A,THS_PER,F,SAL_DC,SE,2015,297.00 ,297.0,,employees
A,THS_PER,F,SAL_DC,SI,2015,50.48 ,50.48,,employees
A,THS_PER,F,SAL_DC,SK,2015,89.45 ,89.45,,employees
A,THS_PER,G,EMP_DC,AT,2015,663.27 ,663.27,,employment
A,THS_PER,G,EMP_DC,BE,2015,567.30 ,567.3,,employment
A,THS_PER,G,EMP_DC,BG,2015,521.66 ,521.66,,employment
A,THS_PER,G,EMP_DC,CZ,2015,715.55 ,715.55,,employment
A,THS_PER,G,EMP_DC,DE,2015,5860.00 ,5860.0,,employment
A,THS_PER,G,EMP_DC,EE,2015,82.60 ,82.6,,employment
A,THS_PER,G,EMP_DC,ES,2015,3359.80 ,3359.8,,employment
A,THS_PER,G,EMP_DC,FI,2015,295.80 ,295.8,,employment
A,THS_PER,G,EMP_DC,FR,2015,3493.80 ,3493.8,,employment
A,THS_PER,G,EMP_DC,HU,2015,631.69 ,631.69,,employment
A,THS_PER,G,EMP_DC,IT,2015,3651.30 ,3651.3,,employment
A,THS_PER,G,EMP_DC,LV,2015,137.80 ,137.8,,employment
A,THS_PER,G,EMP_DC,NL,2015,1408.00 ,1408.0,,employment
A,THS_PER,G,EMP_DC,NO,2015,365.00 ,365.0,,employment
A,THS_PER,G,EMP_DC,PL,2015,2337.70 ,2337.7,,employment
A,THS_PER,G,EMP_DC,PT,2015,715.08 ,715.08,,employment
A,THS_PER,G,EMP_DC,RO,2015,1128.10 ,1128.1,,employment
A,THS_PER,G,EMP_DC,SE,2015,592.00 ,592.0,,employment
A,THS_PER,G,EMP_DC,SI,2015,115.98 ,115.98,,employment
A,THS_PER,G,EMP_DC,SK,2015,375.56 ,375.56,,employment
A,THS_PER,G,SAL_DC,AT,2015,597.64 ,597.64,,employees
A,THS_PER,G,SAL_DC,BE,2015,502.00 ,502.0,,employees
A,THS_PER,G,SAL_DC,BG,2015,402.26 ,402.26,,employees
A,THS_PER,G,SAL_DC,CZ,2015,590.44 ,590.44,,employees
A,THS_PER,G,SAL_DC,DE,2015,5253.00 ,5253.0,,employees
A,THS_PER,G,SAL_DC,EE,2015,72.48 ,72.48,,employees
A,THS_PER,G,SAL_DC,ES,2015,2510.40 ,2510.4,,employees
A,THS_PER,G,SAL_DC,FI,2015,260.70 ,260.7,,employees
A,THS_PER,G,SAL_DC,FR,2015,3064.90 ,3064.9,,employees
A,THS_PER,G,SAL_DC,HU,2015,577.14 ,577.14,,employees
A,THS_PER,G,SAL_DC,IT,2015,2070.60 ,2070.6,,employees
A,THS_PER,G,SAL_DC,LV,2015,126.61 ,126.61,,employees
A,THS_PER,G,SAL_DC,NL,2015,1240.00 ,1240.0,,employees
A,THS_PER,G,SAL_DC,NO,2015,357.00 ,357.0,,employees
A,THS_PER,G,SAL_DC,PL,2015,1870.00 ,1870.0,,employees
A,THS_PER,G,SAL_DC,PT,2015,644.54 ,644.54,,employees
A,THS_PER,G,SAL_DC,RO,2015,1068.50 ,1068.5,,employees
A,THS_PER,G,SAL_DC,SE,2015,567.00 ,567.0,,employees
A,THS_PER,G,SAL_DC,SI,2015,101.30 ,101.3,,employees
A,THS_PER,G,SAL_DC,SK,2015,304.85 ,304.85,,employees
A,THS_PER,H,EMP_DC,AT,2015,208.74 ,208.74,,employment
A,THS_PER,H,EMP_DC,BE,2015,246.00 ,246.0,,employment
A,THS_PER,H,EMP_DC,BG,2015,193.33 ,193.33,,employment
A,THS_PER,H,EMP_DC,CZ,2015,321.29 ,321.29,,employment
A,THS_PER,H,EMP_DC,DE,2015,2173.00 ,2173.0,,employment
A,THS_PER,H,EMP_DC,EE,2015,45.63 ,45.63,,employment
A,THS_PER,H,EMP_DC,ES,2015,824.30 ,824.3,,employment
A,THS_PER,H,EMP_DC,FI,2015,147.90 ,147.9,,employment
A,THS_PER,H,EMP_DC,FR,2015,1377.80 ,1377.8,,employment
A,THS_PER,H,EMP_DC,HU,2015,255.34 ,255.34,,employment
A,THS_PER,H,EMP_DC,IT,2015,1101.10 ,1101.1,,employment
A,THS_PER,H,EMP_DC,LV,2015,68.67 ,68.67,,employment
A,THS_PER,H,EMP_DC,NL,2015,381.00 ,381.0,,employment
A,THS_PER,H,EMP_DC,NO,2015,154.00 ,154.0,,employment
A,THS_PER,H,EMP_DC,PL,2015,929.90 ,929.9,,employment
A,THS_PER,H,EMP_DC,PT,2015,164.24 ,164.24,,employment
A,THS_PER,H,EMP_DC,RO,2015,484.60 ,484.6,,employment
A,THS_PER,H,EMP_DC,SE,2015,244.00 ,244.0,,employment
A,THS_PER,H,EMP_DC,SI,2015,48.69 ,48.69,,employment
A,THS_PER,H,EMP_DC,SK,2015,137.59 ,137.59,,employment
A,THS_PER,H,SAL_DC,AT,2015,197.69 ,197.69,,employees
A,THS_PER,H,SAL_DC,BE,2015,239.60 ,239.6,,employees
A,THS_PER,H,SAL_DC,BG,2015,142.27 ,142.27,,employees
A,THS_PER,H,SAL_DC,CZ,2015,294.91 ,294.91,,employees
A,THS_PER,H,SAL_DC,DE,2015,2047.00 ,2047.0,,employees
A,THS_PER,H,SAL_DC,EE,2015,41.29 ,41.29,,employees
A,THS_PER,H,SAL_DC,ES,2015,656.30 ,656.3,,employees
A,THS_PER,H,SAL_DC,FI,2015,124.90 ,124.9,,employees
A,THS_PER,H,SAL_DC,FR,2015,1316.70 ,1316.7,,employees
A,THS_PER,H,SAL_DC,HU,2015,240.95 ,240.95,,employees
A,THS_PER,H,SAL_DC,IT,2015,956.40 ,956.4,,employees
A,THS_PER,H,SAL_DC,LV,2015,64.59 ,64.59,,employees
A,THS_PER,H,SAL_DC,NL,2015,348.00 ,348.0,,employees
A,THS_PER,H,SAL_DC,NO,2015,143.00 ,143.0,,employees
A,THS_PER,H,SAL_DC,PL,2015,791.60 ,791.6,,employees
A,THS_PER,H,SAL_DC,PT,2015,158.70 ,158.7,,employees
A,THS_PER,H,SAL_DC,RO,2015,463.90 ,463.9,,employees
A,THS_PER,H,SAL_DC,SE,2015,234.00 ,234.0,,employees
A,THS_PER,H,SAL_DC,SI,2015,42.96 ,42.96,,employees
A,THS_PER,H,SAL_DC,SK,2015,128.34 ,128.34,,employees
A,THS_PER,I,EMP_DC,AT,2015,291.73 ,291.73,,employment
A,THS_PER,I,EMP_DC,BE,2015,146.00 ,146.0,,employment
A,THS_PER,I,EMP_DC,BG,2015,150.43 ,150.43,,employment
A,THS_PER,I,EMP_DC,CZ,2015,181.18 ,181.18,,employment
A,THS_PER,I,EMP_DC,DE,2015,1807.00 ,1807.0,,employment
A,THS_PER,I,EMP_DC,EE,2015,25.74 ,25.74,,employment
A,THS_PER,I,EMP_DC,ES,2015,1413.30 ,1413.3,,employment
A,THS_PER,I,EMP_DC,FI,2015,77.20 ,77.2,,employment
A,THS_PER,I,EMP_DC,FR,2015,1168.30 ,1168.3,,employment
A,THS_PER,I,EMP_DC,HU,2015,163.12 ,163.12,,employment
A,THS_PER,I,EMP_DC,IT,2015,1507.90 ,1507.9,,employment
A,THS_PER,I,EMP_DC,LV,2015,27.10 ,27.1,,employment
A,THS_PER,I,EMP_DC,NL,2015,399.00 ,399.0,,employment
A,THS_PER,I,EMP_DC,NO,2015,93.00 ,93.0,,employment
A,THS_PER,I,EMP_DC,PL,2015,340.60 ,340.6,,employment
A,THS_PER,I,EMP_DC,PT,2015,289.06 ,289.06,,employment
A,THS_PER,I,EMP_DC,RO,2015,181.50 ,181.5,,employment
A,THS_PER,I,EMP_DC,SE,2015,178.00 ,178.0,,employment
A,THS_PER,I,EMP_DC,SI,2015,35.91 ,35.91,,employment
A,THS_PER,I,EMP_DC,SK,2015,87.95 ,87.95,,employment
A,THS_PER,I,SAL_DC,AT,2015,254.65 ,254.65,,employees
A,THS_PER,I,SAL_DC,BE,2015,118.70 ,118.7,,employees
A,THS_PER,I,SAL_DC,BG,2015,129.03 ,129.03,,employees
A,THS_PER,I,SAL_DC,CZ,2015,142.89 ,142.89,,employees
A,THS_PER,I,SAL_DC,DE,2015,1551.00 ,1551.0,,employees
A,THS_PER,I,SAL_DC,EE,2015,24.37 ,24.37,,employees
A,THS_PER,I,SAL_DC,ES,2015,1138.50 ,1138.5,,employees
A,THS_PER,I,SAL_DC,FI,2015,64.30 ,64.3,,employees
A,THS_PER,I,SAL_DC,FR,2015,1003.40 ,1003.4,,employees
A,THS_PER,I,SAL_DC,HU,2015,150.66 ,150.66,,employees
A,THS_PER,I,SAL_DC,IT,2015,1028.50 ,1028.5,,employees
A,THS_PER,I,SAL_DC,LV,2015,25.25 ,25.25,,employees
A,THS_PER,I,SAL_DC,NL,2015,334.00 ,334.0,,employees
A,THS_PER,I,SAL_DC,NO,2015,90.00 ,90.0,,employees
A,THS_PER,I,SAL_DC,PL,2015,288.80 ,288.8,,employees
A,THS_PER,I,SAL_DC,PT,2015,245.48 ,245.48,,employees
A,THS_PER,I,SAL_DC,RO,2015,179.50 ,179.5,,employees
A,THS_PER,I,SAL_DC,SE,2015,170.00 ,170.0,,employees
A,THS_PER,I,SAL_DC,SI,2015,27.54 ,27.54,,employees
A,THS_PER,I,SAL_DC,SK,2015,77.55 ,77.55,,employees
A,THS_PER,J,EMP_DC,AT,2015,111.99 ,111.99,,employment
A,THS_PER,J,EMP_DC,BE,2015,108.90 ,108.9,,employment
A,THS_PER,J,EMP_DC,BG,2015,84.96 ,84.96,,employment
A,THS_PER,J,EMP_DC,CZ,2015,137.14 ,137.14,,employment
A,THS_PER,J,EMP_DC,DE,2015,1222.00 ,1222.0,,employment
A,THS_PER,J,EMP_DC,EE,2015,25.29 ,25.29,,employment
A,THS_PER,J,EMP_DC,ES,2015,434.80 ,434.8,,employment
A,THS_PER,J,EMP_DC,FI,2015,99.90 ,99.9,,employment
A,THS_PER,J,EMP_DC,FR,2015,878.80 ,878.8,,employment
A,THS_PER,J,EMP_DC,HU,2015,127.45 ,127.45,,employment
A,THS_PER,J,EMP_DC,IT,2015,590.00 ,590.0,,employment
A,THS_PER,J,EMP_DC,LV,2015,28.26 ,28.26,,employment
A,THS_PER,J,EMP_DC,NL,2015,270.00 ,270.0,,employment
A,THS_PER,J,EMP_DC,NO,2015,93.00 ,93.0,,employment
A,THS_PER,J,EMP_DC,PL,2015,374.60 ,374.6,,employment
A,THS_PER,J,EMP_DC,PT,2015,83.97 ,83.97,,employment
A,THS_PER,J,EMP_DC,RO,2015,171.20 ,171.2,,employment
A,THS_PER,J,EMP_DC,SE,2015,200.00 ,200.0,,employment
A,THS_PER,J,EMP_DC,SI,2015,27.62 ,27.62,,employment
A,THS_PER,J,EMP_DC,SK,2015,61.07 ,61.07,,employment
A,THS_PER,J,SAL_DC,AT,2015,93.74 ,93.74,,employees
A,THS_PER,J,SAL_DC,BE,2015,98.30 ,98.3,,employees
A,THS_PER,J,SAL_DC,BG,2015,77.82 ,77.82,,employees
A,THS_PER,J,SAL_DC,CZ,2015,119.53 ,119.53,,employees
A,THS_PER,J,SAL_DC,DE,2015,1075.00 ,1075.0,,employees
A,THS_PER,J,SAL_DC,EE,2015,22.41 ,22.41,,employees
A,THS_PER,J,SAL_DC,ES,2015,397.60 ,397.6,,employees
A,THS_PER,J,SAL_DC,FI,2015,91.60 ,91.6,,employees
A,THS_PER,J,SAL_DC,FR,2015,814.30 ,814.3,,employees
A,THS_PER,J,SAL_DC,HU,2015,118.52 ,118.52,,employees
A,THS_PER,J,SAL_DC,IT,2015,461.10 ,461.1,,employees
A,THS_PER,J,SAL_DC,LV,2015,24.74 ,24.74,,employees
A,THS_PER,J,SAL_DC,NL,2015,229.00 ,229.0,,employees
A,THS_PER,J,SAL_DC,NO,2015,90.00 ,90.0,,employees
A,THS_PER,J,SAL_DC,PL,2015,304.60 ,304.6,,employees
A,THS_PER,J,SAL_DC,PT,2015,80.09 ,80.09,,employees
A,THS_PER,J,SAL_DC,RO,2015,159.00 ,159.0,,employees
A,THS_PER,J,SAL_DC,SE,2015,191.00 ,191.0,,employees
A,THS_PER,J,SAL_DC,SI,2015,22.31 ,22.31,,employees
A,THS_PER,J,SAL_DC,SK,2015,51.90 ,51.9,,employees
A,THS_PER,L,EMP_DC,AT,2015,68.71 ,68.71,,employment
A,THS_PER,L,EMP_DC,BE,2015,24.90 ,24.9,,employment
A,THS_PER,L,EMP_DC,BG,2015,26.11 ,26.11,,employment
A,THS_PER,L,EMP_DC,CZ,2015,90.31 ,90.31,,employment
A,THS_PER,L,EMP_DC,DE,2015,468.00 ,468.0,,employment
A,THS_PER,L,EMP_DC,EE,2015,11.08 ,11.08,,employment
A,THS_PER,L,EMP_DC,ES,2015,180.00 ,180.0,,employment
A,THS_PER,L,EMP_DC,FI,2015,25.00 ,25.0,,employment
A,THS_PER,L,EMP_DC,FR,2015,345.00 ,345.0,,employment
A,THS_PER,L,EMP_DC,HU,2015,65.69 ,65.69,,employment
A,THS_PER,L,EMP_DC,IT,2015,182.30 ,182.3,,employment
A,THS_PER,L,EMP_DC,LV,2015,21.86 ,21.86,,employment
A,THS_PER,L,EMP_DC,NL,2015,73.00 ,73.0,,employment
A,THS_PER,L,EMP_DC,NO,2015,27.00 ,27.0,,employment
A,THS_PER,L,EMP_DC,PL,2015,172.50 ,172.5,,employment
A,THS_PER,L,EMP_DC,PT,2015,30.23 ,30.23,,employment
A,THS_PER,L,EMP_DC,RO,2015,31.80 ,31.8,,employment
A,THS_PER,L,EMP_DC,SE,2015,80.00 ,80.0,,employment
A,THS_PER,L,EMP_DC,SI,2015,5.46 ,5.46,,employment
A,THS_PER,L,EMP_DC,SK,2015,22.86 ,22.86,,employment
A,THS_PER,L,SAL_DC,AT,2015,54.32 ,54.32,,employees
A,THS_PER,L,SAL_DC,BE,2015,21.00 ,21.0,,employees
A,THS_PER,L,SAL_DC,BG,2015,23.19 ,23.19,,employees
A,THS_PER,L,SAL_DC,CZ,2015,63.52 ,63.52,,employees
A,THS_PER,L,SAL_DC,DE,2015,411.00 ,411.0,,employees
A,THS_PER,L,SAL_DC,EE,2015,9.24 ,9.24,,employees
A,THS_PER,L,SAL_DC,ES,2015,117.40 ,117.4,,employees
A,THS_PER,L,SAL_DC,FI,2015,21.20 ,21.2,,employees
A,THS_PER,L,SAL_DC,FR,2015,306.00 ,306.0,,employees
A,THS_PER,L,SAL_DC,HU,2015,63.63 ,63.63,,employees
A,THS_PER,L,SAL_DC,IT,2015,68.50 ,68.5,,employees
A,THS_PER,L,SAL_DC,LV,2015,19.54 ,19.54,,employees
A,THS_PER,L,SAL_DC,NL,2015,62.00 ,62.0,,employees
A,THS_PER,L,SAL_DC,NO,2015,24.00 ,24.0,,employees
A,THS_PER,L,SAL_DC,PL,2015,148.30 ,148.3,,employees
A,THS_PER,L,SAL_DC,PT,2015,19.27 ,19.27,,employees
A,THS_PER,L,SAL_DC,RO,2015,29.40 ,29.4,,employees
A,THS_PER,L,SAL_DC,SE,2015,73.00 ,73.0,,employees
A,THS_PER,L,SAL_DC,SI,2015,4.63 ,4.63,,employees
A,THS_PER,L,SAL_DC,SK,2015,21.03 ,21.03,,employees
A,THS_PER,M,EMP_DC,AT,2015,253.90 ,253.9,,employment
A,THS_PER,M,EMP_DC,BE,2015,564.70 ,564.7,,employment
A,THS_PER,M,EMP_DC,BG,2015,107.39 ,107.39,,employment
A,THS_PER,M,EMP_DC,CZ,2015,293.77 ,293.77,,employment
A,THS_PER,M,EMP_DC,DE,2015,2734.00 ,2734.0,,employment
A,THS_PER,M,EMP_DC,EE,2015,25.28 ,25.28,,employment
A,THS_PER,M,EMP_DC,ES,2015,943.30 ,943.3,,employment
A,THS_PER,M,EMP_DC,FI,2015,149.70 ,149.7,,employment
A,THS_PER,M,EMP_DC,FR,2015,1832.10 ,1832.1,,employment
A,THS_PER,M,EMP_DC,HU,2015,223.39 ,223.39,,employment
A,THS_PER,M,EMP_DC,IT,2015,1644.30 ,1644.3,,employment
A,THS_PER,M,EMP_DC,LV,2015,40.57 ,40.57,,employment
A,THS_PER,M,EMP_DC,NL,2015,705.00 ,705.0,,employment
A,THS_PER,M,EMP_DC,NO,2015,133.00 ,133.0,,employment
A,THS_PER,M,EMP_DC,PL,2015,564.50 ,564.5,,employment
A,THS_PER,M,EMP_DC,PT,2015,194.37 ,194.37,,employment
A,THS_PER,M,EMP_DC,RO,2015,166.50 ,166.5,,employment
A,THS_PER,M,EMP_DC,SE,2015,322.00 ,322.0,,employment
A,THS_PER,M,EMP_DC,SI,2015,73.14 ,73.14,,employment
A,THS_PER,M,EMP_DC,SK,2015,128.20 ,128.2,,employment
A,THS_PER,M,SAL_DC,AT,2015,176.68 ,176.68,,employees
A,THS_PER,M,SAL_DC,BE,2015,152.50 ,152.5,,employees
A,THS_PER,M,SAL_DC,BG,2015,78.81 ,78.81,,employees
A,THS_PER,M,SAL_DC,CZ,2015,201.79 ,201.79,,employees
A,THS_PER,M,SAL_DC,DE,2015,2097.00 ,2097.0,,employees
A,THS_PER,M,SAL_DC,EE,2015,19.07 ,19.07,,employees
A,THS_PER,M,SAL_DC,ES,2015,697.50 ,697.5,,employees
A,THS_PER,M,SAL_DC,FI,2015,112.60 ,112.6,,employees
A,THS_PER,M,SAL_DC,FR,2015,1523.20 ,1523.2,,employees
A,THS_PER,M,SAL_DC,HU,2015,201.12 ,201.12,,employees
A,THS_PER,M,SAL_DC,IT,2015,594.50 ,594.5,,employees
A,THS_PER,M,SAL_DC,LV,2015,30.80 ,30.8,,employees
A,THS_PER,M,SAL_DC,NL,2015,498.00 ,498.0,,employees
A,THS_PER,M,SAL_DC,NO,2015,120.00 ,120.0,,employees
A,THS_PER,M,SAL_DC,PL,2015,364.20 ,364.2,,employees
A,THS_PER,M,SAL_DC,PT,2015,153.39 ,153.39,,employees
A,THS_PER,M,SAL_DC,RO,2015,148.10 ,148.1,,employees
A,THS_PER,M,SAL_DC,SE,2015,284.00 ,284.0,,employees
A,THS_PER,M,SAL_DC,SI,2015,45.55 ,45.55,,employees
A,THS_PER,M,SAL_DC,SK,2015,92.07 ,92.07,,employees
A,THS_PER,N,EMP_DC,AT,2015,236.01 ,236.01,,employment
A,THS_PER,N,EMP_DC,BE,2015,409.80 ,409.8,,employment
A,THS_PER,N,EMP_DC,BG,2015,125.84 ,125.84,,employment
A,THS_PER,N,EMP_DC,CZ,2015,153.36 ,153.36,,employment
A,THS_PER,N,EMP_DC,DE,2015,3092.00 ,3092.0,,employment
A,THS_PER,N,EMP_DC,EE,2015,18.75 ,18.75,,employment
A,THS_PER,N,EMP_DC,ES,2015,1322.90 ,1322.9,,employment
A,THS_PER,N,EMP_DC,FI,2015,153.90 ,153.9,,employment
A,THS_PER,N,EMP_DC,FR,2015,2011.90 ,2011.9,,employment
A,THS_PER,N,EMP_DC,HU,2015,234.31 ,234.31,,employment
A,THS_PER,N,EMP_DC,IT,2015,1277.20 ,1277.2,,employment
A,THS_PER,N,EMP_DC,LV,2015,32.12 ,32.12,,employment
A,THS_PER,N,EMP_DC,NL,2015,1086.00 ,1086.0,,employment
A,THS_PER,N,EMP_DC,NO,2015,119.00 ,119.0,,employment
A,THS_PER,N,EMP_DC,PL,2015,438.80 ,438.8,,employment
A,THS_PER,N,EMP_DC,PT,2015,331.73 ,331.73,,employment
A,THS_PER,N,EMP_DC,RO,2015,196.50 ,196.5,,employment
A,THS_PER,N,EMP_DC,SE,2015,255.00 ,255.0,,employment
A,THS_PER,N,EMP_DC,SI,2015,48.49 ,48.49,,employment
A,THS_PER,N,EMP_DC,SK,2015,102.93 ,102.93,,employment
A,THS_PER,N,SAL_DC,AT,2015,211.99 ,211.99,,employees
A,THS_PER,N,SAL_DC,BE,2015,388.00 ,388.0,,employees
A,THS_PER,N,SAL_DC,BG,2015,120.26 ,120.26,,employees
A,THS_PER,N,SAL_DC,CZ,2015,138.91 ,138.91,,employees
A,THS_PER,N,SAL_DC,DE,2015,2842.00 ,2842.0,,employees
A,THS_PER,N,SAL_DC,EE,2015,17.49 ,17.49,,employees
A,THS_PER,N,SAL_DC,ES,2015,1237.00 ,1237.0,,employees
A,THS_PER,N,SAL_DC,FI,2015,142.70 ,142.7,,employees
A,THS_PER,N,SAL_DC,FR,2015,1916.30 ,1916.3,,employees
A,THS_PER,N,SAL_DC,HU,2015,225.99 ,225.99,,employees
A,THS_PER,N,SAL_DC,IT,2015,1076.70 ,1076.7,,employees
A,THS_PER,N,SAL_DC,LV,2015,28.85 ,28.85,,employees
A,THS_PER,N,SAL_DC,NL,2015,824.00 ,824.0,,employees
A,THS_PER,N,SAL_DC,NO,2015,114.00 ,114.0,,employees
A,THS_PER,N,SAL_DC,PL,2015,394.00 ,394.0,,employees
A,THS_PER,N,SAL_DC,PT,2015,265.20 ,265.2,,employees
A,THS_PER,N,SAL_DC,RO,2015,193.00 ,193.0,,employees
A,THS_PER,N,SAL_DC,SE,2015,244.00 ,244.0,,employees
A,THS_PER,N,SAL_DC,SI,2015,43.19 ,43.19,,employees
A,THS_PER,N,SAL_DC,SK,2015,92.48 ,92.48,,employees
A,THS_PER,B,EMP_DC,AT,2016,6.15 ,6.15,,employment
A,THS_PER,B,EMP_DC,BE,2016,2.40 ,2.4,,employment
A,THS_PER,B,EMP_DC,BG,2016,23.41 ,23.41,,employment
A,THS_PER,B,EMP_DC,CZ,2016,31.07 ,31.07,,employment
A,THS_PER,B,EMP_DC,DE,2016,55.00 ,55.0,,employment
A,THS_PER,B,EMP_DC,EE,2016,3.50 ,3.5,,employment
A,THS_PER,B,EMP_DC,ES,2016,20.10 ,20.1,,employment
A,THS_PER,B,EMP_DC,FI,2016,7.40 ,7.4,,employment
A,THS_PER,B,EMP_DC,FR,2016,18.10 ,18.1,,employment
A,THS_PER,B,EMP_DC,HU,2016,6.03 ,6.03,,employment
A,THS_PER,B,EMP_DC,IT,2016,21.20 ,21.2,,employment
A,THS_PER,B,EMP_DC,LV,2016,2.50 ,2.5,,employment
A,THS_PER,B,EMP_DC,NL,2016,10.00 ,10.0,,employment
A,THS_PER,B,EMP_DC,NO,2016,59.00 ,59.0,,employment
A,THS_PER,B,EMP_DC,PL,2016,227.20 ,227.2,,employment
A,THS_PER,B,EMP_DC,PT,2016,11.28 ,11.28,,employment
A,THS_PER,B,EMP_DC,RO,2016,76.40 ,76.4,,employment
A,THS_PER,B,EMP_DC,SE,2016,9.00 ,9.0,,employment
A,THS_PER,B,EMP_DC,SI,2016,2.49 ,2.49,,employment
A,THS_PER,B,EMP_DC,SK,2016,5.86 ,5.86,,employment
A,THS_PER,B,SAL_DC,AT,2016,6.02 ,6.02,,employees
A,THS_PER,B,SAL_DC,BE,2016,2.30 ,2.3,,employees
A,THS_PER,B,SAL_DC,BG,2016,23.37 ,23.37,,employees
A,THS_PER,B,SAL_DC,CZ,2016,30.95 ,30.95,,employees
A,THS_PER,B,SAL_DC,DE,2016,53.00 ,53.0,,employees
A,THS_PER,B,SAL_DC,EE,2016,3.44 ,3.44,,employees
A,THS_PER,B,SAL_DC,ES,2016,19.00 ,19.0,,employees
A,THS_PER,B,SAL_DC,FI,2016,6.50 ,6.5,,employees
A,THS_PER,B,SAL_DC,FR,2016,17.50 ,17.5,,employees
A,THS_PER,B,SAL_DC,HU,2016,6.01 ,6.01,,employees
A,THS_PER,B,SAL_DC,IT,2016,19.30 ,19.3,,employees
A,THS_PER,B,SAL_DC,LV,2016,2.50 ,2.5,,employees
A,THS_PER,B,SAL_DC,NL,2016,10.00 ,10.0,,employees
A,THS_PER,B,SAL_DC,NO,2016,59.00 ,59.0,,employees
A,THS_PER,B,SAL_DC,PL,2016,226.90 ,226.9,,employees
A,THS_PER,B,SAL_DC,PT,2016,10.11 ,10.11,,employees
A,THS_PER,B,SAL_DC,RO,2016,76.20 ,76.2,,employees
A,THS_PER,B,SAL_DC,SE,2016,9.00 ,9.0,,employees
A,THS_PER,B,SAL_DC,SI,2016,2.45 ,2.45,,employees
A,THS_PER,B,SAL_DC,SK,2016,5.81 ,5.81,,employees
A,THS_PER,C,EMP_DC,AT,2016,642.38 ,642.38,,employment
A,THS_PER,C,EMP_DC,BE,2016,493.10 ,493.1,,employment
A,THS_PER,C,EMP_DC,BG,2016,608.57 ,608.57,,employment
A,THS_PER,C,EMP_DC,CZ,2016,1401.36 ,1401.36,,employment
A,THS_PER,C,EMP_DC,DE,2016,7534.00 ,7534.0,,employment
A,THS_PER,C,EMP_DC,EE,2016,119.83 ,119.83,,employment
A,THS_PER,C,EMP_DC,ES,2016,1997.80 ,1997.8,,employment
A,THS_PER,C,EMP_DC,FI,2016,336.30 ,336.3,,employment
A,THS_PER,C,EMP_DC,FR,2016,2685.60 ,2685.6,,employment
A,THS_PER,C,EMP_DC,HU,2016,822.65 ,822.65,,employment
A,THS_PER,C,EMP_DC,IT,2016,3806.10 ,3806.1,,employment
A,THS_PER,C,EMP_DC,LV,2016,118.04 ,118.04,,employment
A,THS_PER,C,EMP_DC,NL,2016,674.00 ,674.0,,employment
A,THS_PER,C,EMP_DC,NO,2016,220.00 ,220.0,,employment
A,THS_PER,C,EMP_DC,PL,2016,3260.30 ,3260.3,,employment
A,THS_PER,C,EMP_DC,PT,2016,714.95 ,714.95,,employment
A,THS_PER,C,EMP_DC,RO,2016,1570.20 ,1570.2,,employment
A,THS_PER,C,EMP_DC,SE,2016,533.00 ,533.0,,employment
A,THS_PER,C,EMP_DC,SI,2016,197.86 ,197.86,,employment
A,THS_PER,C,EMP_DC,SK,2016,507.60 ,507.6,,employment
A,THS_PER,C,SAL_DC,AT,2016,622.02 ,622.02,,employees
A,THS_PER,C,SAL_DC,BE,2016,473.80 ,473.8,,employees
A,THS_PER,C,SAL_DC,BG,2016,565.50 ,565.5,,employees
A,THS_PER,C,SAL_DC,CZ,2016,1288.32 ,1288.32,,employees
A,THS_PER,C,SAL_DC,DE,2016,7272.00 ,7272.0,,employees
A,THS_PER,C,SAL_DC,EE,2016,113.74 ,113.74,,employees
A,THS_PER,C,SAL_DC,ES,2016,1894.90 ,1894.9,,employees
A,THS_PER,C,SAL_DC,FI,2016,317.50 ,317.5,,employees
A,THS_PER,C,SAL_DC,FR,2016,2549.80 ,2549.8,,employees
A,THS_PER,C,SAL_DC,HU,2016,801.54 ,801.54,,employees
A,THS_PER,C,SAL_DC,IT,2016,3297.90 ,3297.9,,employees
A,THS_PER,C,SAL_DC,LV,2016,110.07 ,110.07,,employees
A,THS_PER,C,SAL_DC,NL,2016,628.00 ,628.0,,employees
A,THS_PER,C,SAL_DC,NO,2016,216.00 ,216.0,,employees
A,THS_PER,C,SAL_DC,PL,2016,3056.40 ,3056.4,,employees
A,THS_PER,C,SAL_DC,PT,2016,678.38 ,678.38,,employees
A,THS_PER,C,SAL_DC,RO,2016,1538.00 ,1538.0,,employees
A,THS_PER,C,SAL_DC,SE,2016,521.00 ,521.0,,employees
A,THS_PER,C,SAL_DC,SI,2016,186.09 ,186.09,,employees
A,THS_PER,C,SAL_DC,SK,2016,457.21 ,457.21,,employees
A,THS_PER,D,EMP_DC,AT,2016,27.64 ,27.64,,employment
A,THS_PER,D,EMP_DC,BE,2016,18.70 ,18.7,,employment
A,THS_PER,D,EMP_DC,BG,2016,30.75 ,30.75,,employment
A,THS_PER,D,EMP_DC,CZ,2016,34.26 ,34.26,,employment
A,THS_PER,D,EMP_DC,DE,2016,251.00 ,251.0,,employment
A,THS_PER,D,EMP_DC,EE,2016,6.99 ,6.99,,employment
A,THS_PER,D,EMP_DC,ES,2016,38.50 ,38.5,,employment
A,THS_PER,D,EMP_DC,FI,2016,12.50 ,12.5,,employment
A,THS_PER,D,EMP_DC,FR,2016,118.90 ,118.9,,employment
A,THS_PER,D,EMP_DC,HU,2016,28.60 ,28.6,,employment
A,THS_PER,D,EMP_DC,IT,2016,81.50 ,81.5,,employment
A,THS_PER,D,EMP_DC,LV,2016,11.33 ,11.33,,employment
A,THS_PER,D,EMP_DC,NL,2016,26.00 ,26.0,,employment
A,THS_PER,D,EMP_DC,NO,2016,16.00 ,16.0,,employment
A,THS_PER,D,EMP_DC,PL,2016,173.80 ,173.8,,employment
A,THS_PER,D,EMP_DC,PT,2016,8.52 ,8.52,,employment
A,THS_PER,D,EMP_DC,RO,2016,80.60 ,80.6,,employment
A,THS_PER,D,EMP_DC,SE,2016,28.00 ,28.0,,employment
A,THS_PER,D,EMP_DC,SI,2016,9.00 ,9.0,,employment
A,THS_PER,D,EMP_DC,SK,2016,17.45 ,17.45,,employment
A,THS_PER,D,SAL_DC,AT,2016,27.24 ,27.24,,employees
A,THS_PER,D,SAL_DC,BE,2016,18.70 ,18.7,,employees
A,THS_PER,D,SAL_DC,BG,2016,30.58 ,30.58,,employees
A,THS_PER,D,SAL_DC,CZ,2016,31.67 ,31.67,,employees
A,THS_PER,D,SAL_DC,DE,2016,251.00 ,251.0,,employees
A,THS_PER,D,SAL_DC,EE,2016,6.93 ,6.93,,employees
A,THS_PER,D,SAL_DC,ES,2016,37.40 ,37.4,,employees
A,THS_PER,D,SAL_DC,FI,2016,12.30 ,12.3,,employees
A,THS_PER,D,SAL_DC,FR,2016,117.50 ,117.5,,employees
A,THS_PER,D,SAL_DC,HU,2016,28.60 ,28.6,,employees
A,THS_PER,D,SAL_DC,IT,2016,79.40 ,79.4,,employees
A,THS_PER,D,SAL_DC,LV,2016,10.92 ,10.92,,employees
A,THS_PER,D,SAL_DC,NL,2016,25.00 ,25.0,,employees
A,THS_PER,D,SAL_DC,NO,2016,16.00 ,16.0,,employees
A,THS_PER,D,SAL_DC,PL,2016,170.00 ,170.0,,employees
A,THS_PER,D,SAL_DC,PT,2016,8.52 ,8.52,,employees
A,THS_PER,D,SAL_DC,RO,2016,80.50 ,80.5,,employees
A,THS_PER,D,SAL_DC,SE,2016,28.00 ,28.0,,employees
A,THS_PER,D,SAL_DC,SI,2016,8.01 ,8.01,,employees
A,THS_PER,D,SAL_DC,SK,2016,17.42 ,17.42,,employees
A,THS_PER,E,EMP_DC,AT,2016,23.45 ,23.45,,employment
A,THS_PER,E,EMP_DC,BE,2016,32.00 ,32.0,,employment
A,THS_PER,E,EMP_DC,BG,2016,37.75 ,37.75,,employment
A,THS_PER,E,EMP_DC,CZ,2016,60.46 ,60.46,,employment
A,THS_PER,E,EMP_DC,DE,2016,267.00 ,267.0,,employment
A,THS_PER,E,EMP_DC,EE,2016,3.04 ,3.04,,employment
A,THS_PER,E,EMP_DC,ES,2016,190.00 ,190.0,,employment
A,THS_PER,E,EMP_DC,FI,2016,13.30 ,13.3,,employment
A,THS_PER,E,EMP_DC,FR,2016,142.50 ,142.5,,employment
A,THS_PER,E,EMP_DC,HU,2016,46.62 ,46.62,,employment
A,THS_PER,E,EMP_DC,IT,2016,213.60 ,213.6,,employment
A,THS_PER,E,EMP_DC,LV,2016,7.17 ,7.17,,employment
A,THS_PER,E,EMP_DC,NL,2016,33.00 ,33.0,,employment
A,THS_PER,E,EMP_DC,NO,2016,16.00 ,16.0,,employment
A,THS_PER,E,EMP_DC,PL,2016,171.90 ,171.9,,employment
A,THS_PER,E,EMP_DC,PT,2016,40.97 ,40.97,,employment
A,THS_PER,E,EMP_DC,RO,2016,106.40 ,106.4,,employment
A,THS_PER,E,EMP_DC,SE,2016,26.00 ,26.0,,employment
A,THS_PER,E,EMP_DC,SI,2016,9.98 ,9.98,,employment
A,THS_PER,E,EMP_DC,SK,2016,23.39 ,23.39,,employment
A,THS_PER,E,SAL_DC,AT,2016,23.15 ,23.15,,employees
A,THS_PER,E,SAL_DC,BE,2016,31.50 ,31.5,,employees
A,THS_PER,E,SAL_DC,BG,2016,37.27 ,37.27,,employees
A,THS_PER,E,SAL_DC,CZ,2016,58.06 ,58.06,,employees
A,THS_PER,E,SAL_DC,DE,2016,258.00 ,258.0,,employees
A,THS_PER,E,SAL_DC,EE,2016,2.91 ,2.91,,employees
A,THS_PER,E,SAL_DC,ES,2016,187.90 ,187.9,,employees
A,THS_PER,E,SAL_DC,FI,2016,13.00 ,13.0,,employees
A,THS_PER,E,SAL_DC,FR,2016,136.50 ,136.5,,employees
A,THS_PER,E,SAL_DC,HU,2016,46.08 ,46.08,,employees
A,THS_PER,E,SAL_DC,IT,2016,206.20 ,206.2,,employees
A,THS_PER,E,SAL_DC,LV,2016,6.93 ,6.93,,employees
A,THS_PER,E,SAL_DC,NL,2016,32.00 ,32.0,,employees
A,THS_PER,E,SAL_DC,NO,2016,16.00 ,16.0,,employees
A,THS_PER,E,SAL_DC,PL,2016,165.30 ,165.3,,employees
A,THS_PER,E,SAL_DC,PT,2016,40.59 ,40.59,,employees
A,THS_PER,E,SAL_DC,RO,2016,101.90 ,101.9,,employees
A,THS_PER,E,SAL_DC,SE,2016,26.00 ,26.0,,employees
A,THS_PER,E,SAL_DC,SI,2016,9.89 ,9.89,,employees
A,THS_PER,E,SAL_DC,SK,2016,22.97 ,22.97,,employees
A,THS_PER,F,EMP_DC,AT,2016,287.69 ,287.69,,employment
A,THS_PER,F,EMP_DC,BE,2016,258.40 ,258.4,,employment
A,THS_PER,F,EMP_DC,BG,2016,175.18 ,175.18,,employment
A,THS_PER,F,EMP_DC,CZ,2016,392.95 ,392.95,,employment
A,THS_PER,F,EMP_DC,DE,2016,2449.00 ,2449.0,,employment
A,THS_PER,F,EMP_DC,EE,2016,48.15 ,48.15,,employment
A,THS_PER,F,EMP_DC,ES,2016,1119.80 ,1119.8,,employment
A,THS_PER,F,EMP_DC,FI,2016,197.80 ,197.8,,employment
A,THS_PER,F,EMP_DC,FR,2016,1784.30 ,1784.3,,employment
A,THS_PER,F,EMP_DC,HU,2016,280.55 ,280.55,,employment
A,THS_PER,F,EMP_DC,IT,2016,1527.70 ,1527.7,,employment
A,THS_PER,F,EMP_DC,LV,2016,60.23 ,60.23,,employment
A,THS_PER,F,EMP_DC,NL,2016,452.00 ,452.0,,employment
A,THS_PER,F,EMP_DC,NO,2016,222.00 ,222.0,,employment
A,THS_PER,F,EMP_DC,PL,2016,1170.80 ,1170.8,,employment
A,THS_PER,F,EMP_DC,PT,2016,285.54 ,285.54,,employment
A,THS_PER,F,EMP_DC,RO,2016,673.90 ,673.9,,employment
A,THS_PER,F,EMP_DC,SE,2016,338.00 ,338.0,,employment
A,THS_PER,F,EMP_DC,SI,2016,62.15 ,62.15,,employment
A,THS_PER,F,EMP_DC,SK,2016,164.94 ,164.94,,employment
A,THS_PER,F,SAL_DC,AT,2016,262.77 ,262.77,,employees
A,THS_PER,F,SAL_DC,BE,2016,206.20 ,206.2,,employees
A,THS_PER,F,SAL_DC,BG,2016,143.53 ,143.53,,employees
A,THS_PER,F,SAL_DC,CZ,2016,258.55 ,258.55,,employees
A,THS_PER,F,SAL_DC,DE,2016,1959.00 ,1959.0,,employees
A,THS_PER,F,SAL_DC,EE,2016,39.27 ,39.27,,employees
A,THS_PER,F,SAL_DC,ES,2016,884.70 ,884.7,,employees
A,THS_PER,F,SAL_DC,FI,2016,161.40 ,161.4,,employees
A,THS_PER,F,SAL_DC,FR,2016,1435.10 ,1435.1,,employees
A,THS_PER,F,SAL_DC,HU,2016,247.78 ,247.78,,employees
A,THS_PER,F,SAL_DC,IT,2016,904.00 ,904.0,,employees
A,THS_PER,F,SAL_DC,LV,2016,49.01 ,49.01,,employees
A,THS_PER,F,SAL_DC,NL,2016,291.00 ,291.0,,employees
A,THS_PER,F,SAL_DC,NO,2016,202.00 ,202.0,,employees
A,THS_PER,F,SAL_DC,PL,2016,882.30 ,882.3,,employees
A,THS_PER,F,SAL_DC,PT,2016,247.83 ,247.83,,employees
A,THS_PER,F,SAL_DC,RO,2016,504.70 ,504.7,,employees
A,THS_PER,F,SAL_DC,SE,2016,304.00 ,304.0,,employees
A,THS_PER,F,SAL_DC,SI,2016,50.05 ,50.05,,employees
A,THS_PER,F,SAL_DC,SK,2016,91.42 ,91.42,,employees
A,THS_PER,G,EMP_DC,AT,2016,666.32 ,666.32,,employment
A,THS_PER,G,EMP_DC,BE,2016,569.90 ,569.9,,employment
A,THS_PER,G,EMP_DC,BG,2016,523.34 ,523.34,,employment
A,THS_PER,G,EMP_DC,CZ,2016,704.47 ,704.47,,employment
A,THS_PER,G,EMP_DC,DE,2016,5901.00 ,5901.0,,employment
A,THS_PER,G,EMP_DC,EE,2016,84.76 ,84.76,,employment
A,THS_PER,G,EMP_DC,ES,2016,3397.70 ,3397.7,,employment
A,THS_PER,G,EMP_DC,FI,2016,291.90 ,291.9,,employment
A,THS_PER,G,EMP_DC,FR,2016,3478.40 ,3478.4,,employment
A,THS_PER,G,EMP_DC,HU,2016,629.29 ,629.29,,employment
A,THS_PER,G,EMP_DC,IT,2016,3721.40 ,3721.4,,employment
A,THS_PER,G,EMP_DC,LV,2016,138.01 ,138.01,,employment
A,THS_PER,G,EMP_DC,NL,2016,1427.00 ,1427.0,,employment
A,THS_PER,G,EMP_DC,NO,2016,364.00 ,364.0,,employment
A,THS_PER,G,EMP_DC,PL,2016,2359.90 ,2359.9,,employment
A,THS_PER,G,EMP_DC,PT,2016,726.28 ,726.28,,employment
A,THS_PER,G,EMP_DC,RO,2016,1155.00 ,1155.0,,employment
A,THS_PER,G,EMP_DC,SE,2016,594.00 ,594.0,,employment
A,THS_PER,G,EMP_DC,SI,2016,117.56 ,117.56,,employment
A,THS_PER,G,EMP_DC,SK,2016,381.12 ,381.12,,employment
A,THS_PER,G,SAL_DC,AT,2016,600.89 ,600.89,,employees
A,THS_PER,G,SAL_DC,BE,2016,506.20 ,506.2,,employees
A,THS_PER,G,SAL_DC,BG,2016,409.85 ,409.85,,employees
A,THS_PER,G,SAL_DC,CZ,2016,585.09 ,585.09,,employees
A,THS_PER,G,SAL_DC,DE,2016,5301.00 ,5301.0,,employees
A,THS_PER,G,SAL_DC,EE,2016,74.33 ,74.33,,employees
A,THS_PER,G,SAL_DC,ES,2016,2544.50 ,2544.5,,employees
A,THS_PER,G,SAL_DC,FI,2016,258.30 ,258.3,,employees
A,THS_PER,G,SAL_DC,FR,2016,3057.60 ,3057.6,,employees
A,THS_PER,G,SAL_DC,HU,2016,576.37 ,576.37,,employees
A,THS_PER,G,SAL_DC,IT,2016,2148.60 ,2148.6,,employees
A,THS_PER,G,SAL_DC,LV,2016,124.77 ,124.77,,employees
A,THS_PER,G,SAL_DC,NL,2016,1260.00 ,1260.0,,employees
A,THS_PER,G,SAL_DC,NO,2016,357.00 ,357.0,,employees
A,THS_PER,G,SAL_DC,PL,2016,1908.60 ,1908.6,,employees
A,THS_PER,G,SAL_DC,PT,2016,654.03 ,654.03,,employees
A,THS_PER,G,SAL_DC,RO,2016,1093.60 ,1093.6,,employees
A,THS_PER,G,SAL_DC,SE,2016,571.00 ,571.0,,employees
A,THS_PER,G,SAL_DC,SI,2016,103.24 ,103.24,,employees
A,THS_PER,G,SAL_DC,SK,2016,312.88 ,312.88,,employees
A,THS_PER,H,EMP_DC,AT,2016,212.15 ,212.15,,employment
A,THS_PER,H,EMP_DC,BE,2016,246.90 ,246.9,,employment
A,THS_PER,H,EMP_DC,BG,2016,206.17 ,206.17,,employment
A,THS_PER,H,EMP_DC,CZ,2016,325.01 ,325.01,,employment
A,THS_PER,H,EMP_DC,DE,2016,2216.00 ,2216.0,,employment
A,THS_PER,H,EMP_DC,EE,2016,46.58 ,46.58,,employment
A,THS_PER,H,EMP_DC,ES,2016,849.00 ,849.0,,employment
A,THS_PER,H,EMP_DC,FI,2016,145.10 ,145.1,,employment
A,THS_PER,H,EMP_DC,FR,2016,1398.30 ,1398.3,,employment
A,THS_PER,H,EMP_DC,HU,2016,265.75 ,265.75,,employment
A,THS_PER,H,EMP_DC,IT,2016,1122.50 ,1122.5,,employment
A,THS_PER,H,EMP_DC,LV,2016,67.60 ,67.6,,employment
A,THS_PER,H,EMP_DC,NL,2016,384.00 ,384.0,,employment
A,THS_PER,H,EMP_DC,NO,2016,153.00 ,153.0,,employment
A,THS_PER,H,EMP_DC,PL,2016,960.90 ,960.9,,employment
A,THS_PER,H,EMP_DC,PT,2016,168.72 ,168.72,,employment
A,THS_PER,H,EMP_DC,RO,2016,485.80 ,485.8,,employment
A,THS_PER,H,EMP_DC,SE,2016,249.00 ,249.0,,employment
A,THS_PER,H,EMP_DC,SI,2016,50.48 ,50.48,,employment
A,THS_PER,H,EMP_DC,SK,2016,138.41 ,138.41,,employment
A,THS_PER,H,SAL_DC,AT,2016,201.08 ,201.08,,employees
A,THS_PER,H,SAL_DC,BE,2016,240.50 ,240.5,,employees
A,THS_PER,H,SAL_DC,BG,2016,147.50 ,147.5,,employees
A,THS_PER,H,SAL_DC,CZ,2016,297.68 ,297.68,,employees
A,THS_PER,H,SAL_DC,DE,2016,2091.00 ,2091.0,,employees
A,THS_PER,H,SAL_DC,EE,2016,41.78 ,41.78,,employees
A,THS_PER,H,SAL_DC,ES,2016,678.60 ,678.6,,employees
A,THS_PER,H,SAL_DC,FI,2016,123.10 ,123.1,,employees
A,THS_PER,H,SAL_DC,FR,2016,1334.30 ,1334.3,,employees
A,THS_PER,H,SAL_DC,HU,2016,251.17 ,251.17,,employees
A,THS_PER,H,SAL_DC,IT,2016,982.20 ,982.2,,employees
A,THS_PER,H,SAL_DC,LV,2016,63.50 ,63.5,,employees
A,THS_PER,H,SAL_DC,NL,2016,350.00 ,350.0,,employees
A,THS_PER,H,SAL_DC,NO,2016,142.00 ,142.0,,employees
A,THS_PER,H,SAL_DC,PL,2016,812.80 ,812.8,,employees
A,THS_PER,H,SAL_DC,PT,2016,163.18 ,163.18,,employees
A,THS_PER,H,SAL_DC,RO,2016,462.50 ,462.5,,employees
A,THS_PER,H,SAL_DC,SE,2016,239.00 ,239.0,,employees
A,THS_PER,H,SAL_DC,SI,2016,44.94 ,44.94,,employees
A,THS_PER,H,SAL_DC,SK,2016,129.10 ,129.1,,employees
A,THS_PER,I,EMP_DC,AT,2016,297.04 ,297.04,,employment
A,THS_PER,I,EMP_DC,BE,2016,147.00 ,147.0,,employment
A,THS_PER,I,EMP_DC,BG,2016,157.75 ,157.75,,employment
A,THS_PER,I,EMP_DC,CZ,2016,186.03 ,186.03,,employment
A,THS_PER,I,EMP_DC,DE,2016,1832.00 ,1832.0,,employment
A,THS_PER,I,EMP_DC,EE,2016,25.55 ,25.55,,employment
A,THS_PER,I,EMP_DC,ES,2016,1452.40 ,1452.4,,employment
A,THS_PER,I,EMP_DC,FI,2016,79.00 ,79.0,,employment
A,THS_PER,I,EMP_DC,FR,2016,1188.40 ,1188.4,,employment
A,THS_PER,I,EMP_DC,HU,2016,193.56 ,193.56,,employment
A,THS_PER,I,EMP_DC,IT,2016,1570.70 ,1570.7,,employment
A,THS_PER,I,EMP_DC,LV,2016,27.46 ,27.46,,employment
A,THS_PER,I,EMP_DC,NL,2016,415.00 ,415.0,,employment
A,THS_PER,I,EMP_DC,NO,2016,96.00 ,96.0,,employment
A,THS_PER,I,EMP_DC,PL,2016,377.00 ,377.0,,employment
A,THS_PER,I,EMP_DC,PT,2016,311.19 ,311.19,,employment
A,THS_PER,I,EMP_DC,RO,2016,200.80 ,200.8,,employment
A,THS_PER,I,EMP_DC,SE,2016,190.00 ,190.0,,employment
A,THS_PER,I,EMP_DC,SI,2016,37.51 ,37.51,,employment
A,THS_PER,I,EMP_DC,SK,2016,88.94 ,88.94,,employment
A,THS_PER,I,SAL_DC,AT,2016,260.51 ,260.51,,employees
A,THS_PER,I,SAL_DC,BE,2016,120.20 ,120.2,,employees
A,THS_PER,I,SAL_DC,BG,2016,135.61 ,135.61,,employees
A,THS_PER,I,SAL_DC,CZ,2016,146.94 ,146.94,,employees
A,THS_PER,I,SAL_DC,DE,2016,1585.00 ,1585.0,,employees
A,THS_PER,I,SAL_DC,EE,2016,24.22 ,24.22,,employees
A,THS_PER,I,SAL_DC,ES,2016,1189.40 ,1189.4,,employees
A,THS_PER,I,SAL_DC,FI,2016,66.00 ,66.0,,employees
A,THS_PER,I,SAL_DC,FR,2016,1025.60 ,1025.6,,employees
A,THS_PER,I,SAL_DC,HU,2016,179.12 ,179.12,,employees
A,THS_PER,I,SAL_DC,IT,2016,1093.20 ,1093.2,,employees
A,THS_PER,I,SAL_DC,LV,2016,25.05 ,25.05,,employees
A,THS_PER,I,SAL_DC,NL,2016,349.00 ,349.0,,employees
A,THS_PER,I,SAL_DC,NO,2016,94.00 ,94.0,,employees
A,THS_PER,I,SAL_DC,PL,2016,316.50 ,316.5,,employees
A,THS_PER,I,SAL_DC,PT,2016,261.27 ,261.27,,employees
A,THS_PER,I,SAL_DC,RO,2016,197.60 ,197.6,,employees
A,THS_PER,I,SAL_DC,SE,2016,183.00 ,183.0,,employees
A,THS_PER,I,SAL_DC,SI,2016,29.02 ,29.02,,employees
A,THS_PER,I,SAL_DC,SK,2016,78.68 ,78.68,,employees
A,THS_PER,J,EMP_DC,AT,2016,116.56 ,116.56,,employment
A,THS_PER,J,EMP_DC,BE,2016,110.90 ,110.9,,employment
A,THS_PER,J,EMP_DC,BG,2016,90.20 ,90.2,,employment
A,THS_PER,J,EMP_DC,CZ,2016,142.89 ,142.89,,employment
A,THS_PER,J,EMP_DC,DE,2016,1252.00 ,1252.0,,employment
A,THS_PER,J,EMP_DC,EE,2016,28.30 ,28.3,,employment
A,THS_PER,J,EMP_DC,ES,2016,453.70 ,453.7,,employment
A,THS_PER,J,EMP_DC,FI,2016,100.30 ,100.3,,employment
A,THS_PER,J,EMP_DC,FR,2016,900.40 ,900.4,,employment
A,THS_PER,J,EMP_DC,HU,2016,133.80 ,133.8,,employment
A,THS_PER,J,EMP_DC,IT,2016,605.80 ,605.8,,employment
A,THS_PER,J,EMP_DC,LV,2016,30.53 ,30.53,,employment
A,THS_PER,J,EMP_DC,NL,2016,279.00 ,279.0,,employment
A,THS_PER,J,EMP_DC,NO,2016,93.00 ,93.0,,employment
A,THS_PER,J,EMP_DC,PL,2016,366.20 ,366.2,,employment
A,THS_PER,J,EMP_DC,PT,2016,86.89 ,86.89,,employment
A,THS_PER,J,EMP_DC,RO,2016,165.90 ,165.9,,employment
A,THS_PER,J,EMP_DC,SE,2016,199.00 ,199.0,,employment
A,THS_PER,J,EMP_DC,SI,2016,28.76 ,28.76,,employment
A,THS_PER,J,EMP_DC,SK,2016,64.39 ,64.39,,employment
A,THS_PER,J,SAL_DC,AT,2016,98.36 ,98.36,,employees
A,THS_PER,J,SAL_DC,BE,2016,100.30 ,100.3,,employees
A,THS_PER,J,SAL_DC,BG,2016,83.13 ,83.13,,employees
A,THS_PER,J,SAL_DC,CZ,2016,124.81 ,124.81,,employees
A,THS_PER,J,SAL_DC,DE,2016,1106.00 ,1106.0,,employees
A,THS_PER,J,SAL_DC,EE,2016,24.88 ,24.88,,employees
A,THS_PER,J,SAL_DC,ES,2016,413.90 ,413.9,,employees
A,THS_PER,J,SAL_DC,FI,2016,92.70 ,92.7,,employees
A,THS_PER,J,SAL_DC,FR,2016,836.10 ,836.1,,employees
A,THS_PER,J,SAL_DC,HU,2016,123.19 ,123.19,,employees
A,THS_PER,J,SAL_DC,IT,2016,489.10 ,489.1,,employees
A,THS_PER,J,SAL_DC,LV,2016,28.71 ,28.71,,employees
A,THS_PER,J,SAL_DC,NL,2016,238.00 ,238.0,,employees
A,THS_PER,J,SAL_DC,NO,2016,90.00 ,90.0,,employees
A,THS_PER,J,SAL_DC,PL,2016,287.50 ,287.5,,employees
A,THS_PER,J,SAL_DC,PT,2016,82.26 ,82.26,,employees
A,THS_PER,J,SAL_DC,RO,2016,151.60 ,151.6,,employees
A,THS_PER,J,SAL_DC,SE,2016,190.00 ,190.0,,employees
A,THS_PER,J,SAL_DC,SI,2016,23.04 ,23.04,,employees
A,THS_PER,J,SAL_DC,SK,2016,55.06 ,55.06,,employees
A,THS_PER,L,EMP_DC,AT,2016,68.68 ,68.68,,employment
A,THS_PER,L,EMP_DC,BE,2016,25.90 ,25.9,,employment
A,THS_PER,L,EMP_DC,BG,2016,26.45 ,26.45,,employment
A,THS_PER,L,EMP_DC,CZ,2016,91.21 ,91.21,,employment
A,THS_PER,L,EMP_DC,DE,2016,467.00 ,467.0,,employment
A,THS_PER,L,EMP_DC,EE,2016,10.69 ,10.69,,employment
A,THS_PER,L,EMP_DC,ES,2016,189.30 ,189.3,,employment
A,THS_PER,L,EMP_DC,FI,2016,25.30 ,25.3,,employment
A,THS_PER,L,EMP_DC,FR,2016,353.30 ,353.3,,employment
A,THS_PER,L,EMP_DC,HU,2016,67.76 ,67.76,,employment
A,THS_PER,L,EMP_DC,IT,2016,188.40 ,188.4,,employment
A,THS_PER,L,EMP_DC,LV,2016,21.77 ,21.77,,employment
A,THS_PER,L,EMP_DC,NL,2016,74.00 ,74.0,,employment
A,THS_PER,L,EMP_DC,NO,2016,27.00 ,27.0,,employment
A,THS_PER,L,EMP_DC,PL,2016,162.40 ,162.4,,employment
A,THS_PER,L,EMP_DC,PT,2016,35.39 ,35.39,,employment
A,THS_PER,L,EMP_DC,RO,2016,28.00 ,28.0,,employment
A,THS_PER,L,EMP_DC,SE,2016,82.00 ,82.0,,employment
A,THS_PER,L,EMP_DC,SI,2016,5.71 ,5.71,,employment
A,THS_PER,L,EMP_DC,SK,2016,25.58 ,25.58,,employment
A,THS_PER,L,SAL_DC,AT,2016,54.33 ,54.33,,employees
A,THS_PER,L,SAL_DC,BE,2016,21.90 ,21.9,,employees
A,THS_PER,L,SAL_DC,BG,2016,23.21 ,23.21,,employees
A,THS_PER,L,SAL_DC,CZ,2016,62.87 ,62.87,,employees
A,THS_PER,L,SAL_DC,DE,2016,413.00 ,413.0,,employees
A,THS_PER,L,SAL_DC,EE,2016,8.56 ,8.56,,employees
A,THS_PER,L,SAL_DC,ES,2016,121.40 ,121.4,,employees
A,THS_PER,L,SAL_DC,FI,2016,21.70 ,21.7,,employees
A,THS_PER,L,SAL_DC,FR,2016,314.00 ,314.0,,employees
A,THS_PER,L,SAL_DC,HU,2016,65.15 ,65.15,,employees
A,THS_PER,L,SAL_DC,IT,2016,74.50 ,74.5,,employees
A,THS_PER,L,SAL_DC,LV,2016,19.12 ,19.12,,employees
A,THS_PER,L,SAL_DC,NL,2016,63.00 ,63.0,,employees
A,THS_PER,L,SAL_DC,NO,2016,24.00 ,24.0,,employees
A,THS_PER,L,SAL_DC,PL,2016,139.50 ,139.5,,employees
A,THS_PER,L,SAL_DC,PT,2016,22.71 ,22.71,,employees
A,THS_PER,L,SAL_DC,RO,2016,26.80 ,26.8,,employees
A,THS_PER,L,SAL_DC,SE,2016,75.00 ,75.0,,employees
A,THS_PER,L,SAL_DC,SI,2016,4.76 ,4.76,,employees
A,THS_PER,L,SAL_DC,SK,2016,23.78 ,23.78,,employees
A,THS_PER,M,EMP_DC,AT,2016,257.99 ,257.99,,employment
A,THS_PER,M,EMP_DC,BE,2016,580.90 ,580.9,,employment
A,THS_PER,M,EMP_DC,BG,2016,111.93 ,111.93,,employment
A,THS_PER,M,EMP_DC,CZ,2016,305.55 ,305.55,,employment
A,THS_PER,M,EMP_DC,DE,2016,2777.00 ,2777.0,,employment
A,THS_PER,M,EMP_DC,EE,2016,26.21 ,26.21,,employment
A,THS_PER,M,EMP_DC,ES,2016,970.60 ,970.6,,employment
A,THS_PER,M,EMP_DC,FI,2016,152.40 ,152.4,,employment
A,THS_PER,M,EMP_DC,FR,2016,1878.60 ,1878.6,,employment
A,THS_PER,M,EMP_DC,HU,2016,242.06 ,242.06,,employment
A,THS_PER,M,EMP_DC,IT,2016,1656.90 ,1656.9,,employment
A,THS_PER,M,EMP_DC,LV,2016,42.37 ,42.37,,employment
A,THS_PER,M,EMP_DC,NL,2016,721.00 ,721.0,,employment
A,THS_PER,M,EMP_DC,NO,2016,131.00 ,131.0,,employment
A,THS_PER,M,EMP_DC,PL,2016,592.80 ,592.8,,employment
A,THS_PER,M,EMP_DC,PT,2016,202.81 ,202.81,,employment
A,THS_PER,M,EMP_DC,RO,2016,176.20 ,176.2,,employment
A,THS_PER,M,EMP_DC,SE,2016,325.00 ,325.0,,employment
A,THS_PER,M,EMP_DC,SI,2016,73.85 ,73.85,,employment
A,THS_PER,M,EMP_DC,SK,2016,131.58 ,131.58,,employment
A,THS_PER,M,SAL_DC,AT,2016,179.72 ,179.72,,employees
A,THS_PER,M,SAL_DC,BE,2016,158.70 ,158.7,,employees
A,THS_PER,M,SAL_DC,BG,2016,82.72 ,82.72,,employees
A,THS_PER,M,SAL_DC,CZ,2016,207.67 ,207.67,,employees
A,THS_PER,M,SAL_DC,DE,2016,2149.00 ,2149.0,,employees
A,THS_PER,M,SAL_DC,EE,2016,19.98 ,19.98,,employees
A,THS_PER,M,SAL_DC,ES,2016,714.40 ,714.4,,employees
A,THS_PER,M,SAL_DC,FI,2016,114.20 ,114.2,,employees
A,THS_PER,M,SAL_DC,FR,2016,1567.30 ,1567.3,,employees
A,THS_PER,M,SAL_DC,HU,2016,218.27 ,218.27,,employees
A,THS_PER,M,SAL_DC,IT,2016,619.10 ,619.1,,employees
A,THS_PER,M,SAL_DC,LV,2016,32.55 ,32.55,,employees
A,THS_PER,M,SAL_DC,NL,2016,515.00 ,515.0,,employees
A,THS_PER,M,SAL_DC,NO,2016,118.00 ,118.0,,employees
A,THS_PER,M,SAL_DC,PL,2016,366.90 ,366.9,,employees
A,THS_PER,M,SAL_DC,PT,2016,159.60 ,159.6,,employees
A,THS_PER,M,SAL_DC,RO,2016,157.00 ,157.0,,employees
A,THS_PER,M,SAL_DC,SE,2016,289.00 ,289.0,,employees
A,THS_PER,M,SAL_DC,SI,2016,45.69 ,45.69,,employees
A,THS_PER,M,SAL_DC,SK,2016,95.25 ,95.25,,employees
A,THS_PER,N,EMP_DC,AT,2016,246.06 ,246.06,,employment
A,THS_PER,N,EMP_DC,BE,2016,427.00 ,427.0,,employment
A,THS_PER,N,EMP_DC,BG,2016,132.10 ,132.1,,employment
A,THS_PER,N,EMP_DC,CZ,2016,151.74 ,151.74,,employment
A,THS_PER,N,EMP_DC,DE,2016,3197.00 ,3197.0,,employment
A,THS_PER,N,EMP_DC,EE,2016,20.39 ,20.39,,employment
A,THS_PER,N,EMP_DC,ES,2016,1330.50 ,1330.5,,employment
A,THS_PER,N,EMP_DC,FI,2016,163.90 ,163.9,,employment
A,THS_PER,N,EMP_DC,FR,2016,2108.40 ,2108.4,,employment
A,THS_PER,N,EMP_DC,HU,2016,229.28 ,229.28,,employment
A,THS_PER,N,EMP_DC,IT,2016,1324.70 ,1324.7,,employment
A,THS_PER,N,EMP_DC,LV,2016,30.87 ,30.87,,employment
A,THS_PER,N,EMP_DC,NL,2016,1141.00 ,1141.0,,employment
A,THS_PER,N,EMP_DC,NO,2016,119.00 ,119.0,,employment
A,THS_PER,N,EMP_DC,PL,2016,446.10 ,446.1,,employment
A,THS_PER,N,EMP_DC,PT,2016,350.74 ,350.74,,employment
A,THS_PER,N,EMP_DC,RO,2016,200.70 ,200.7,,employment
A,THS_PER,N,EMP_DC,SE,2016,268.00 ,268.0,,employment
A,THS_PER,N,EMP_DC,SI,2016,50.65 ,50.65,,employment
A,THS_PER,N,EMP_DC,SK,2016,110.30 ,110.3,,employment
A,THS_PER,N,SAL_DC,AT,2016,221.84 ,221.84,,employees
A,THS_PER,N,SAL_DC,BE,2016,404.30 ,404.3,,employees
A,THS_PER,N,SAL_DC,BG,2016,126.29 ,126.29,,employees
A,THS_PER,N,SAL_DC,CZ,2016,137.38 ,137.38,,employees
A,THS_PER,N,SAL_DC,DE,2016,2948.00 ,2948.0,,employees
A,THS_PER,N,SAL_DC,EE,2016,18.99 ,18.99,,employees
A,THS_PER,N,SAL_DC,ES,2016,1240.80 ,1240.8,,employees
A,THS_PER,N,SAL_DC,FI,2016,152.00 ,152.0,,employees
A,THS_PER,N,SAL_DC,FR,2016,2011.40 ,2011.4,,employees
A,THS_PER,N,SAL_DC,HU,2016,219.79 ,219.79,,employees
A,THS_PER,N,SAL_DC,IT,2016,1123.00 ,1123.0,,employees
A,THS_PER,N,SAL_DC,LV,2016,28.48 ,28.48,,employees
A,THS_PER,N,SAL_DC,NL,2016,877.00 ,877.0,,employees
A,THS_PER,N,SAL_DC,NO,2016,115.00 ,115.0,,employees
A,THS_PER,N,SAL_DC,PL,2016,407.70 ,407.7,,employees
A,THS_PER,N,SAL_DC,PT,2016,278.68 ,278.68,,employees
A,THS_PER,N,SAL_DC,RO,2016,198.80 ,198.8,,employees
A,THS_PER,N,SAL_DC,SE,2016,257.00 ,257.0,,employees
A,THS_PER,N,SAL_DC,SI,2016,45.19 ,45.19,,employees
A,THS_PER,N,SAL_DC,SK,2016,99.59 ,99.59,,employees
A,THS_PER,B,EMP_DC,AT,2017,6.24 ,6.24,,employment
A,THS_PER,B,EMP_DC,BE,2017,2.50 ,2.5,,employment
A,THS_PER,B,EMP_DC,BG,2017,23.34 ,23.34,,employment
A,THS_PER,B,EMP_DC,CZ,2017,29.15 ,29.15,,employment
A,THS_PER,B,EMP_DC,DE,2017,53.00 ,53.0,,employment
A,THS_PER,B,EMP_DC,EE,2017,4.13 ,4.13,,employment
A,THS_PER,B,EMP_DC,ES,2017,19.60 ,19.6,,employment
A,THS_PER,B,EMP_DC,FI,2017,7.50 ,7.5,,employment
A,THS_PER,B,EMP_DC,FR,2017,17.00 ,17.0,,employment
A,THS_PER,B,EMP_DC,HU,2017,6.25 ,6.25,,employment
A,THS_PER,B,EMP_DC,IT,2017,21.00 ,21.0,,employment
A,THS_PER,B,EMP_DC,LV,2017,2.36 ,2.36,,employment
A,THS_PER,B,EMP_DC,NL,2017,9.00 ,9.0,,employment
A,THS_PER,B,EMP_DC,NO,2017,57.00 ,57.0,,employment
A,THS_PER,B,EMP_DC,PL,2017,207.40 ,207.4,,employment
A,THS_PER,B,EMP_DC,PT,2017,11.38 ,11.38,,employment
A,THS_PER,B,EMP_DC,RO,2017,71.20 ,71.2,,employment
A,THS_PER,B,EMP_DC,SE,2017,9.00 ,9.0,,employment
A,THS_PER,B,EMP_DC,SI,2017,2.45 ,2.45,,employment
A,THS_PER,B,EMP_DC,SK,2017,5.59 ,5.59,,employment
A,THS_PER,B,SAL_DC,AT,2017,6.10 ,6.1,,employees
A,THS_PER,B,SAL_DC,BE,2017,2.40 ,2.4,,employees
A,THS_PER,B,SAL_DC,BG,2017,23.30 ,23.3,,employees
A,THS_PER,B,SAL_DC,CZ,2017,29.04 ,29.04,,employees
A,THS_PER,B,SAL_DC,DE,2017,51.00 ,51.0,,employees
A,THS_PER,B,SAL_DC,EE,2017,4.09 ,4.09,,employees
A,THS_PER,B,SAL_DC,ES,2017,18.80 ,18.8,,employees
A,THS_PER,B,SAL_DC,FI,2017,6.60 ,6.6,,employees
A,THS_PER,B,SAL_DC,FR,2017,16.40 ,16.4,,employees
A,THS_PER,B,SAL_DC,HU,2017,6.22 ,6.22,,employees
A,THS_PER,B,SAL_DC,IT,2017,19.20 ,19.2,,employees
A,THS_PER,B,SAL_DC,LV,2017,2.32 ,2.32,,employees
A,THS_PER,B,SAL_DC,NL,2017,9.00 ,9.0,,employees
A,THS_PER,B,SAL_DC,NO,2017,57.00 ,57.0,,employees
A,THS_PER,B,SAL_DC,PL,2017,206.90 ,206.9,,employees
A,THS_PER,B,SAL_DC,PT,2017,10.14 ,10.14,,employees
A,THS_PER,B,SAL_DC,RO,2017,70.60 ,70.6,,employees
A,THS_PER,B,SAL_DC,SE,2017,9.00 ,9.0,,employees
A,THS_PER,B,SAL_DC,SI,2017,2.41 ,2.41,,employees
A,THS_PER,B,SAL_DC,SK,2017,5.55 ,5.55,,employees
A,THS_PER,C,EMP_DC,AT,2017,648.28 ,648.28,,employment
A,THS_PER,C,EMP_DC,BE,2017,496.50 ,496.5,,employment
A,THS_PER,C,EMP_DC,BG,2017,615.19 ,615.19,,employment
A,THS_PER,C,EMP_DC,CZ,2017,1428.17 ,1428.17,,employment
A,THS_PER,C,EMP_DC,DE,2017,7603.00 ,7603.0,,employment
A,THS_PER,C,EMP_DC,EE,2017,121.01 ,121.01,,employment
A,THS_PER,C,EMP_DC,ES,2017,2053.70 ,2053.7,,employment
A,THS_PER,C,EMP_DC,FI,2017,336.60 ,336.6,,employment
A,THS_PER,C,EMP_DC,FR,2017,2670.10 ,2670.1,,employment
A,THS_PER,C,EMP_DC,HU,2017,859.62 ,859.62,,employment
A,THS_PER,C,EMP_DC,IT,2017,3828.40 ,3828.4,,employment
A,THS_PER,C,EMP_DC,LV,2017,117.84 ,117.84,,employment
A,THS_PER,C,EMP_DC,NL,2017,685.00 ,685.0,,employment
A,THS_PER,C,EMP_DC,NO,2017,216.00 ,216.0,,employment
A,THS_PER,C,EMP_DC,PL,2017,3405.20 ,3405.2,,employment
A,THS_PER,C,EMP_DC,PT,2017,735.60 ,735.6,,employment
A,THS_PER,C,EMP_DC,RO,2017,1625.70 ,1625.7,,employment
A,THS_PER,C,EMP_DC,SE,2017,546.00 ,546.0,,employment
A,THS_PER,C,EMP_DC,SI,2017,205.15 ,205.15,,employment
A,THS_PER,C,EMP_DC,SK,2017,526.84 ,526.84,,employment
A,THS_PER,C,SAL_DC,AT,2017,628.01 ,628.01,,employees
A,THS_PER,C,SAL_DC,BE,2017,477.20 ,477.2,,employees
A,THS_PER,C,SAL_DC,BG,2017,570.14 ,570.14,,employees
A,THS_PER,C,SAL_DC,CZ,2017,1316.13 ,1316.13,,employees
A,THS_PER,C,SAL_DC,DE,2017,7345.00 ,7345.0,,employees
A,THS_PER,C,SAL_DC,EE,2017,114.32 ,114.32,,employees
A,THS_PER,C,SAL_DC,ES,2017,1951.80 ,1951.8,,employees
A,THS_PER,C,SAL_DC,FI,2017,319.10 ,319.1,,employees
A,THS_PER,C,SAL_DC,FR,2017,2534.10 ,2534.1,,employees
A,THS_PER,C,SAL_DC,HU,2017,836.59 ,836.59,,employees
A,THS_PER,C,SAL_DC,IT,2017,3334.70 ,3334.7,,employees
A,THS_PER,C,SAL_DC,LV,2017,109.40 ,109.4,,employees
A,THS_PER,C,SAL_DC,NL,2017,639.00 ,639.0,,employees
A,THS_PER,C,SAL_DC,NO,2017,213.00 ,213.0,,employees
A,THS_PER,C,SAL_DC,PL,2017,3191.20 ,3191.2,,employees
A,THS_PER,C,SAL_DC,PT,2017,697.87 ,697.87,,employees
A,THS_PER,C,SAL_DC,RO,2017,1592.90 ,1592.9,,employees
A,THS_PER,C,SAL_DC,SE,2017,534.00 ,534.0,,employees
A,THS_PER,C,SAL_DC,SI,2017,193.29 ,193.29,,employees
A,THS_PER,C,SAL_DC,SK,2017,476.31 ,476.31,,employees
A,THS_PER,D,EMP_DC,AT,2017,26.86 ,26.86,,employment
A,THS_PER,D,EMP_DC,BE,2017,18.50 ,18.5,,employment
A,THS_PER,D,EMP_DC,BG,2017,30.56 ,30.56,,employment
A,THS_PER,D,EMP_DC,CZ,2017,34.95 ,34.95,,employment
A,THS_PER,D,EMP_DC,DE,2017,255.00 ,255.0,,employment
A,THS_PER,D,EMP_DC,EE,2017,6.54 ,6.54,,employment
A,THS_PER,D,EMP_DC,ES,2017,40.40 ,40.4,,employment
A,THS_PER,D,EMP_DC,FI,2017,12.30 ,12.3,,employment
A,THS_PER,D,EMP_DC,FR,2017,117.10 ,117.1,,employment
A,THS_PER,D,EMP_DC,HU,2017,30.49 ,30.49,,employment
A,THS_PER,D,EMP_DC,IT,2017,79.80 ,79.8,,employment
A,THS_PER,D,EMP_DC,LV,2017,11.43 ,11.43,,employment
A,THS_PER,D,EMP_DC,NL,2017,26.00 ,26.0,,employment
A,THS_PER,D,EMP_DC,NO,2017,16.00 ,16.0,,employment
A,THS_PER,D,EMP_DC,PL,2017,159.10 ,159.1,,employment
A,THS_PER,D,EMP_DC,PT,2017,8.66 ,8.66,,employment
A,THS_PER,D,EMP_DC,RO,2017,80.90 ,80.9,,employment
A,THS_PER,D,EMP_DC,SE,2017,29.00 ,29.0,,employment
A,THS_PER,D,EMP_DC,SI,2017,8.89 ,8.89,,employment
A,THS_PER,D,EMP_DC,SK,2017,17.24 ,17.24,,employment
A,THS_PER,D,SAL_DC,AT,2017,26.47 ,26.47,,employees
A,THS_PER,D,SAL_DC,BE,2017,18.50 ,18.5,,employees
A,THS_PER,D,SAL_DC,BG,2017,30.32 ,30.32,,employees
A,THS_PER,D,SAL_DC,CZ,2017,32.23 ,32.23,,employees
A,THS_PER,D,SAL_DC,DE,2017,255.00 ,255.0,,employees
A,THS_PER,D,SAL_DC,EE,2017,6.49 ,6.49,,employees
A,THS_PER,D,SAL_DC,ES,2017,38.90 ,38.9,,employees
A,THS_PER,D,SAL_DC,FI,2017,12.10 ,12.1,,employees
A,THS_PER,D,SAL_DC,FR,2017,115.60 ,115.6,,employees
A,THS_PER,D,SAL_DC,HU,2017,30.49 ,30.49,,employees
A,THS_PER,D,SAL_DC,IT,2017,78.10 ,78.1,,employees
A,THS_PER,D,SAL_DC,LV,2017,11.13 ,11.13,,employees
A,THS_PER,D,SAL_DC,NL,2017,25.00 ,25.0,,employees
A,THS_PER,D,SAL_DC,NO,2017,16.00 ,16.0,,employees
A,THS_PER,D,SAL_DC,PL,2017,157.00 ,157.0,,employees
A,THS_PER,D,SAL_DC,PT,2017,8.66 ,8.66,,employees
A,THS_PER,D,SAL_DC,RO,2017,80.90 ,80.9,,employees
A,THS_PER,D,SAL_DC,SE,2017,28.00 ,28.0,,employees
A,THS_PER,D,SAL_DC,SI,2017,7.93 ,7.93,,employees
A,THS_PER,D,SAL_DC,SK,2017,17.22 ,17.22,,employees
A,THS_PER,E,EMP_DC,AT,2017,23.70 ,23.7,,employment
A,THS_PER,E,EMP_DC,BE,2017,32.60 ,32.6,,employment
A,THS_PER,E,EMP_DC,BG,2017,39.04 ,39.04,,employment
A,THS_PER,E,EMP_DC,CZ,2017,61.19 ,61.19,,employment
A,THS_PER,E,EMP_DC,DE,2017,273.00 ,273.0,,employment
A,THS_PER,E,EMP_DC,EE,2017,3.30 ,3.3,,employment
A,THS_PER,E,EMP_DC,ES,2017,187.70 ,187.7,,employment
A,THS_PER,E,EMP_DC,FI,2017,13.60 ,13.6,,employment
A,THS_PER,E,EMP_DC,FR,2017,142.00 ,142.0,,employment
A,THS_PER,E,EMP_DC,HU,2017,48.42 ,48.42,,employment
A,THS_PER,E,EMP_DC,IT,2017,216.50 ,216.5,,employment
A,THS_PER,E,EMP_DC,LV,2017,7.13 ,7.13,,employment
A,THS_PER,E,EMP_DC,NL,2017,34.00 ,34.0,,employment
A,THS_PER,E,EMP_DC,NO,2017,16.00 ,16.0,,employment
A,THS_PER,E,EMP_DC,PL,2017,165.10 ,165.1,,employment
A,THS_PER,E,EMP_DC,PT,2017,42.21 ,42.21,,employment
A,THS_PER,E,EMP_DC,RO,2017,112.00 ,112.0,,employment
A,THS_PER,E,EMP_DC,SE,2017,27.00 ,27.0,,employment
A,THS_PER,E,EMP_DC,SI,2017,9.63 ,9.63,,employment
A,THS_PER,E,EMP_DC,SK,2017,24.12 ,24.12,,employment
A,THS_PER,E,SAL_DC,AT,2017,23.41 ,23.41,,employees
A,THS_PER,E,SAL_DC,BE,2017,32.10 ,32.1,,employees
A,THS_PER,E,SAL_DC,BG,2017,38.35 ,38.35,,employees
A,THS_PER,E,SAL_DC,CZ,2017,58.87 ,58.87,,employees
A,THS_PER,E,SAL_DC,DE,2017,264.00 ,264.0,,employees
A,THS_PER,E,SAL_DC,EE,2017,3.12 ,3.12,,employees
A,THS_PER,E,SAL_DC,ES,2017,185.40 ,185.4,,employees
A,THS_PER,E,SAL_DC,FI,2017,13.30 ,13.3,,employees
A,THS_PER,E,SAL_DC,FR,2017,136.00 ,136.0,,employees
A,THS_PER,E,SAL_DC,HU,2017,47.44 ,47.44,,employees
A,THS_PER,E,SAL_DC,IT,2017,209.20 ,209.2,,employees
A,THS_PER,E,SAL_DC,LV,2017,6.74 ,6.74,,employees
A,THS_PER,E,SAL_DC,NL,2017,33.00 ,33.0,,employees
A,THS_PER,E,SAL_DC,NO,2017,16.00 ,16.0,,employees
A,THS_PER,E,SAL_DC,PL,2017,156.50 ,156.5,,employees
A,THS_PER,E,SAL_DC,PT,2017,41.88 ,41.88,,employees
A,THS_PER,E,SAL_DC,RO,2017,106.80 ,106.8,,employees
A,THS_PER,E,SAL_DC,SE,2017,26.00 ,26.0,,employees
A,THS_PER,E,SAL_DC,SI,2017,9.54 ,9.54,,employees
A,THS_PER,E,SAL_DC,SK,2017,23.72 ,23.72,,employees
A,THS_PER,F,EMP_DC,AT,2017,294.40 ,294.4,,employment
A,THS_PER,F,EMP_DC,BE,2017,259.70 ,259.7,,employment
A,THS_PER,F,EMP_DC,BG,2017,175.44 ,175.44,,employment
A,THS_PER,F,EMP_DC,CZ,2017,391.85 ,391.85,,employment
A,THS_PER,F,EMP_DC,DE,2017,2483.00 ,2483.0,,employment
A,THS_PER,F,EMP_DC,EE,2017,47.38 ,47.38,,employment
A,THS_PER,F,EMP_DC,ES,2017,1166.10 ,1166.1,,employment
A,THS_PER,F,EMP_DC,FI,2017,199.40 ,199.4,,employment
A,THS_PER,F,EMP_DC,FR,2017,1772.80 ,1772.8,,employment
A,THS_PER,F,EMP_DC,HU,2017,305.58 ,305.58,,employment
A,THS_PER,F,EMP_DC,IT,2017,1513.60 ,1513.6,,employment
A,THS_PER,F,EMP_DC,LV,2017,63.50 ,63.5,,employment
A,THS_PER,F,EMP_DC,NL,2017,467.00 ,467.0,,employment
A,THS_PER,F,EMP_DC,NO,2017,232.00 ,232.0,,employment
A,THS_PER,F,EMP_DC,PL,2017,1169.00 ,1169.0,,employment
A,THS_PER,F,EMP_DC,PT,2017,299.35 ,299.35,,employment
A,THS_PER,F,EMP_DC,RO,2017,695.30 ,695.3,,employment
A,THS_PER,F,EMP_DC,SE,2017,363.00 ,363.0,,employment
A,THS_PER,F,EMP_DC,SI,2017,63.55 ,63.55,,employment
A,THS_PER,F,EMP_DC,SK,2017,169.34 ,169.34,,employment
A,THS_PER,F,SAL_DC,AT,2017,269.04 ,269.04,,employees
A,THS_PER,F,SAL_DC,BE,2017,206.10 ,206.1,,employees
A,THS_PER,F,SAL_DC,BG,2017,141.85 ,141.85,,employees
A,THS_PER,F,SAL_DC,CZ,2017,255.26 ,255.26,,employees
A,THS_PER,F,SAL_DC,DE,2017,1996.00 ,1996.0,,employees
A,THS_PER,F,SAL_DC,EE,2017,37.63 ,37.63,,employees
A,THS_PER,F,SAL_DC,ES,2017,930.10 ,930.1,,employees
A,THS_PER,F,SAL_DC,FI,2017,164.50 ,164.5,,employees
A,THS_PER,F,SAL_DC,FR,2017,1429.20 ,1429.2,,employees
A,THS_PER,F,SAL_DC,HU,2017,271.34 ,271.34,,employees
A,THS_PER,F,SAL_DC,IT,2017,905.30 ,905.3,,employees
A,THS_PER,F,SAL_DC,LV,2017,52.49 ,52.49,,employees
A,THS_PER,F,SAL_DC,NL,2017,300.00 ,300.0,,employees
A,THS_PER,F,SAL_DC,NO,2017,213.00 ,213.0,,employees
A,THS_PER,F,SAL_DC,PL,2017,863.40 ,863.4,,employees
A,THS_PER,F,SAL_DC,PT,2017,259.62 ,259.62,,employees
A,THS_PER,F,SAL_DC,RO,2017,514.90 ,514.9,,employees
A,THS_PER,F,SAL_DC,SE,2017,330.00 ,330.0,,employees
A,THS_PER,F,SAL_DC,SI,2017,51.40 ,51.4,,employees
A,THS_PER,F,SAL_DC,SK,2017,95.41 ,95.41,,employees
A,THS_PER,G,EMP_DC,AT,2017,670.21 ,670.21,,employment
A,THS_PER,G,EMP_DC,BE,2017,569.10 ,569.1,,employment
A,THS_PER,G,EMP_DC,BG,2017,529.18 ,529.18,,employment
A,THS_PER,G,EMP_DC,CZ,2017,699.47 ,699.47,,employment
A,THS_PER,G,EMP_DC,DE,2017,5927.00 ,5927.0,,employment
A,THS_PER,G,EMP_DC,EE,2017,85.52 ,85.52,,employment
A,THS_PER,G,EMP_DC,ES,2017,3426.40 ,3426.4,,employment
A,THS_PER,G,EMP_DC,FI,2017,284.90 ,284.9,,employment
A,THS_PER,G,EMP_DC,FR,2017,3545.00 ,3545.0,,employment
A,THS_PER,G,EMP_DC,HU,2017,643.57 ,643.57,,employment
A,THS_PER,G,EMP_DC,IT,2017,3759.70 ,3759.7,,employment
A,THS_PER,G,EMP_DC,LV,2017,136.10 ,136.1,,employment
A,THS_PER,G,EMP_DC,NL,2017,1455.00 ,1455.0,,employment
A,THS_PER,G,EMP_DC,NO,2017,366.00 ,366.0,,employment
A,THS_PER,G,EMP_DC,PL,2017,2336.20 ,2336.2,,employment
A,THS_PER,G,EMP_DC,PT,2017,736.28 ,736.28,,employment
A,THS_PER,G,EMP_DC,RO,2017,1188.20 ,1188.2,,employment
A,THS_PER,G,EMP_DC,SE,2017,605.00 ,605.0,,employment
A,THS_PER,G,EMP_DC,SI,2017,120.41 ,120.41,,employment
A,THS_PER,G,EMP_DC,SK,2017,385.03 ,385.03,,employment
A,THS_PER,G,SAL_DC,AT,2017,604.16 ,604.16,,employees
A,THS_PER,G,SAL_DC,BE,2017,507.60 ,507.6,,employees
A,THS_PER,G,SAL_DC,BG,2017,407.97 ,407.97,,employees
A,THS_PER,G,SAL_DC,CZ,2017,586.03 ,586.03,,employees
A,THS_PER,G,SAL_DC,DE,2017,5356.00 ,5356.0,,employees
A,THS_PER,G,SAL_DC,EE,2017,75.65 ,75.65,,employees
A,THS_PER,G,SAL_DC,ES,2017,2596.00 ,2596.0,,employees
A,THS_PER,G,SAL_DC,FI,2017,253.90 ,253.9,,employees
A,THS_PER,G,SAL_DC,FR,2017,3128.70 ,3128.7,,employees
A,THS_PER,G,SAL_DC,HU,2017,591.12 ,591.12,,employees
A,THS_PER,G,SAL_DC,IT,2017,2216.70 ,2216.7,,employees
A,THS_PER,G,SAL_DC,LV,2017,123.92 ,123.92,,employees
A,THS_PER,G,SAL_DC,NL,2017,1290.00 ,1290.0,,employees
A,THS_PER,G,SAL_DC,NO,2017,359.00 ,359.0,,employees
A,THS_PER,G,SAL_DC,PL,2017,1891.10 ,1891.1,,employees
A,THS_PER,G,SAL_DC,PT,2017,663.89 ,663.89,,employees
A,THS_PER,G,SAL_DC,RO,2017,1130.60 ,1130.6,,employees
A,THS_PER,G,SAL_DC,SE,2017,583.00 ,583.0,,employees
A,THS_PER,G,SAL_DC,SI,2017,106.18 ,106.18,,employees
A,THS_PER,G,SAL_DC,SK,2017,318.98 ,318.98,,employees
A,THS_PER,H,EMP_DC,AT,2017,215.58 ,215.58,,employment
A,THS_PER,H,EMP_DC,BE,2017,250.30 ,250.3,,employment
A,THS_PER,H,EMP_DC,BG,2017,204.49 ,204.49,,employment
A,THS_PER,H,EMP_DC,CZ,2017,332.51 ,332.51,,employment
A,THS_PER,H,EMP_DC,DE,2017,2268.00 ,2268.0,,employment
A,THS_PER,H,EMP_DC,EE,2017,48.28 ,48.28,,employment
A,THS_PER,H,EMP_DC,ES,2017,875.80 ,875.8,,employment
A,THS_PER,H,EMP_DC,FI,2017,143.80 ,143.8,,employment
A,THS_PER,H,EMP_DC,FR,2017,1415.30 ,1415.3,,employment
A,THS_PER,H,EMP_DC,HU,2017,274.07 ,274.07,,employment
A,THS_PER,H,EMP_DC,IT,2017,1149.40 ,1149.4,,employment
A,THS_PER,H,EMP_DC,LV,2017,65.31 ,65.31,,employment
A,THS_PER,H,EMP_DC,NL,2017,390.00 ,390.0,,employment
A,THS_PER,H,EMP_DC,NO,2017,150.00 ,150.0,,employment
A,THS_PER,H,EMP_DC,PL,2017,1008.00 ,1008.0,,employment
A,THS_PER,H,EMP_DC,PT,2017,174.56 ,174.56,,employment
A,THS_PER,H,EMP_DC,RO,2017,509.50 ,509.5,,employment
A,THS_PER,H,EMP_DC,SE,2017,254.00 ,254.0,,employment
A,THS_PER,H,EMP_DC,SI,2017,53.17 ,53.17,,employment
A,THS_PER,H,EMP_DC,SK,2017,141.06 ,141.06,,employment
A,THS_PER,H,SAL_DC,AT,2017,204.31 ,204.31,,employees
A,THS_PER,H,SAL_DC,BE,2017,243.90 ,243.9,,employees
A,THS_PER,H,SAL_DC,BG,2017,148.97 ,148.97,,employees
A,THS_PER,H,SAL_DC,CZ,2017,304.48 ,304.48,,employees
A,THS_PER,H,SAL_DC,DE,2017,2145.00 ,2145.0,,employees
A,THS_PER,H,SAL_DC,EE,2017,43.05 ,43.05,,employees
A,THS_PER,H,SAL_DC,ES,2017,702.10 ,702.1,,employees
A,THS_PER,H,SAL_DC,FI,2017,123.40 ,123.4,,employees
A,THS_PER,H,SAL_DC,FR,2017,1346.00 ,1346.0,,employees
A,THS_PER,H,SAL_DC,HU,2017,259.18 ,259.18,,employees
A,THS_PER,H,SAL_DC,IT,2017,1009.20 ,1009.2,,employees
A,THS_PER,H,SAL_DC,LV,2017,61.67 ,61.67,,employees
A,THS_PER,H,SAL_DC,NL,2017,355.00 ,355.0,,employees
A,THS_PER,H,SAL_DC,NO,2017,139.00 ,139.0,,employees
A,THS_PER,H,SAL_DC,PL,2017,855.90 ,855.9,,employees
A,THS_PER,H,SAL_DC,PT,2017,168.57 ,168.57,,employees
A,THS_PER,H,SAL_DC,RO,2017,483.50 ,483.5,,employees
A,THS_PER,H,SAL_DC,SE,2017,244.00 ,244.0,,employees
A,THS_PER,H,SAL_DC,SI,2017,47.74 ,47.74,,employees
A,THS_PER,H,SAL_DC,SK,2017,131.91 ,131.91,,employees
A,THS_PER,I,EMP_DC,AT,2017,299.67 ,299.67,,employment
A,THS_PER,I,EMP_DC,BE,2017,148.20 ,148.2,,employment
A,THS_PER,I,EMP_DC,BG,2017,155.71 ,155.71,,employment
A,THS_PER,I,EMP_DC,CZ,2017,192.30 ,192.3,,employment
A,THS_PER,I,EMP_DC,DE,2017,1851.00 ,1851.0,,employment
A,THS_PER,I,EMP_DC,EE,2017,26.41 ,26.41,,employment
A,THS_PER,I,EMP_DC,ES,2017,1521.40 ,1521.4,,employment
A,THS_PER,I,EMP_DC,FI,2017,79.60 ,79.6,,employment
A,THS_PER,I,EMP_DC,FR,2017,1217.50 ,1217.5,,employment
A,THS_PER,I,EMP_DC,HU,2017,177.60 ,177.6,,employment
A,THS_PER,I,EMP_DC,IT,2017,1691.30 ,1691.3,,employment
A,THS_PER,I,EMP_DC,LV,2017,27.70 ,27.7,,employment
A,THS_PER,I,EMP_DC,NL,2017,431.00 ,431.0,,employment
A,THS_PER,I,EMP_DC,NO,2017,101.00 ,101.0,,employment
A,THS_PER,I,EMP_DC,PL,2017,387.00 ,387.0,,employment
A,THS_PER,I,EMP_DC,PT,2017,338.36 ,338.36,,employment
A,THS_PER,I,EMP_DC,RO,2017,198.80 ,198.8,,employment
A,THS_PER,I,EMP_DC,SE,2017,194.00 ,194.0,,employment
A,THS_PER,I,EMP_DC,SI,2017,39.17 ,39.17,,employment
A,THS_PER,I,EMP_DC,SK,2017,93.58 ,93.58,,employment
A,THS_PER,I,SAL_DC,AT,2017,263.53 ,263.53,,employees
A,THS_PER,I,SAL_DC,BE,2017,122.00 ,122.0,,employees
A,THS_PER,I,SAL_DC,BG,2017,134.24 ,134.24,,employees
A,THS_PER,I,SAL_DC,CZ,2017,154.29 ,154.29,,employees
A,THS_PER,I,SAL_DC,DE,2017,1613.00 ,1613.0,,employees
A,THS_PER,I,SAL_DC,EE,2017,24.94 ,24.94,,employees
A,THS_PER,I,SAL_DC,ES,2017,1285.10 ,1285.1,,employees
A,THS_PER,I,SAL_DC,FI,2017,67.30 ,67.3,,employees
A,THS_PER,I,SAL_DC,FR,2017,1055.90 ,1055.9,,employees
A,THS_PER,I,SAL_DC,HU,2017,166.10 ,166.1,,employees
A,THS_PER,I,SAL_DC,IT,2017,1213.60 ,1213.6,,employees
A,THS_PER,I,SAL_DC,LV,2017,25.65 ,25.65,,employees
A,THS_PER,I,SAL_DC,NL,2017,366.00 ,366.0,,employees
A,THS_PER,I,SAL_DC,NO,2017,99.00 ,99.0,,employees
A,THS_PER,I,SAL_DC,PL,2017,328.70 ,328.7,,employees
A,THS_PER,I,SAL_DC,PT,2017,286.64 ,286.64,,employees
A,THS_PER,I,SAL_DC,RO,2017,195.20 ,195.2,,employees
A,THS_PER,I,SAL_DC,SE,2017,187.00 ,187.0,,employees
A,THS_PER,I,SAL_DC,SI,2017,30.22 ,30.22,,employees
A,THS_PER,I,SAL_DC,SK,2017,83.55 ,83.55,,employees
A,THS_PER,J,EMP_DC,AT,2017,119.98 ,119.98,,employment
A,THS_PER,J,EMP_DC,BE,2017,115.40 ,115.4,,employment
A,THS_PER,J,EMP_DC,BG,2017,94.24 ,94.24,,employment
A,THS_PER,J,EMP_DC,CZ,2017,149.41 ,149.41,,employment
A,THS_PER,J,EMP_DC,DE,2017,1287.00 ,1287.0,,employment
A,THS_PER,J,EMP_DC,EE,2017,29.45 ,29.45,,employment
A,THS_PER,J,EMP_DC,ES,2017,488.10 ,488.1,,employment
A,THS_PER,J,EMP_DC,FI,2017,104.40 ,104.4,,employment
A,THS_PER,J,EMP_DC,FR,2017,912.60 ,912.6,,employment
A,THS_PER,J,EMP_DC,HU,2017,139.14 ,139.14,,employment
A,THS_PER,J,EMP_DC,IT,2017,612.90 ,612.9,,employment
A,THS_PER,J,EMP_DC,LV,2017,32.05 ,32.05,,employment
A,THS_PER,J,EMP_DC,NL,2017,293.00 ,293.0,,employment
A,THS_PER,J,EMP_DC,NO,2017,94.00 ,94.0,,employment
A,THS_PER,J,EMP_DC,PL,2017,385.90 ,385.9,,employment
A,THS_PER,J,EMP_DC,PT,2017,94.05 ,94.05,,employment
A,THS_PER,J,EMP_DC,RO,2017,184.40 ,184.4,,employment
A,THS_PER,J,EMP_DC,SE,2017,208.00 ,208.0,,employment
A,THS_PER,J,EMP_DC,SI,2017,29.70 ,29.7,,employment
A,THS_PER,J,EMP_DC,SK,2017,67.25 ,67.25,,employment
A,THS_PER,J,SAL_DC,AT,2017,101.65 ,101.65,,employees
A,THS_PER,J,SAL_DC,BE,2017,104.30 ,104.3,,employees
A,THS_PER,J,SAL_DC,BG,2017,87.02 ,87.02,,employees
A,THS_PER,J,SAL_DC,CZ,2017,130.13 ,130.13,,employees
A,THS_PER,J,SAL_DC,DE,2017,1140.00 ,1140.0,,employees
A,THS_PER,J,SAL_DC,EE,2017,25.67 ,25.67,,employees
A,THS_PER,J,SAL_DC,ES,2017,445.50 ,445.5,,employees
A,THS_PER,J,SAL_DC,FI,2017,97.10 ,97.1,,employees
A,THS_PER,J,SAL_DC,FR,2017,847.40 ,847.4,,employees
A,THS_PER,J,SAL_DC,HU,2017,125.57 ,125.57,,employees
A,THS_PER,J,SAL_DC,IT,2017,497.50 ,497.5,,employees
A,THS_PER,J,SAL_DC,LV,2017,28.47 ,28.47,,employees
A,THS_PER,J,SAL_DC,NL,2017,251.00 ,251.0,,employees
A,THS_PER,J,SAL_DC,NO,2017,91.00 ,91.0,,employees
A,THS_PER,J,SAL_DC,PL,2017,301.50 ,301.5,,employees
A,THS_PER,J,SAL_DC,PT,2017,89.23 ,89.23,,employees
A,THS_PER,J,SAL_DC,RO,2017,172.50 ,172.5,,employees
A,THS_PER,J,SAL_DC,SE,2017,199.00 ,199.0,,employees
A,THS_PER,J,SAL_DC,SI,2017,23.64 ,23.64,,employees
A,THS_PER,J,SAL_DC,SK,2017,57.80 ,57.8,,employees
A,THS_PER,L,EMP_DC,AT,2017,69.33 ,69.33,,employment
A,THS_PER,L,EMP_DC,BE,2017,26.90 ,26.9,,employment
A,THS_PER,L,EMP_DC,BG,2017,27.02 ,27.02,,employment
A,THS_PER,L,EMP_DC,CZ,2017,90.03 ,90.03,,employment
A,THS_PER,L,EMP_DC,DE,2017,472.00 ,472.0,,employment
A,THS_PER,L,EMP_DC,EE,2017,10.52 ,10.52,,employment
A,THS_PER,L,EMP_DC,ES,2017,200.40 ,200.4,,employment
A,THS_PER,L,EMP_DC,FI,2017,25.30 ,25.3,,employment
A,THS_PER,L,EMP_DC,FR,2017,366.00 ,366.0,,employment
A,THS_PER,L,EMP_DC,HU,2017,71.23 ,71.23,,employment
A,THS_PER,L,EMP_DC,IT,2017,187.60 ,187.6,,employment
A,THS_PER,L,EMP_DC,LV,2017,21.39 ,21.39,,employment
A,THS_PER,L,EMP_DC,NL,2017,75.00 ,75.0,,employment
A,THS_PER,L,EMP_DC,NO,2017,28.00 ,28.0,,employment
A,THS_PER,L,EMP_DC,PL,2017,146.60 ,146.6,,employment
A,THS_PER,L,EMP_DC,PT,2017,44.07 ,44.07,,employment
A,THS_PER,L,EMP_DC,RO,2017,23.00 ,23.0,,employment
A,THS_PER,L,EMP_DC,SE,2017,87.00 ,87.0,,employment
A,THS_PER,L,EMP_DC,SI,2017,6.16 ,6.16,,employment
A,THS_PER,L,EMP_DC,SK,2017,27.63 ,27.63,,employment
A,THS_PER,L,SAL_DC,AT,2017,54.75 ,54.75,,employees
A,THS_PER,L,SAL_DC,BE,2017,22.60 ,22.6,,employees
A,THS_PER,L,SAL_DC,BG,2017,23.44 ,23.44,,employees
A,THS_PER,L,SAL_DC,CZ,2017,61.14 ,61.14,,employees
A,THS_PER,L,SAL_DC,DE,2017,418.00 ,418.0,,employees
A,THS_PER,L,SAL_DC,EE,2017,8.50 ,8.5,,employees
A,THS_PER,L,SAL_DC,ES,2017,131.80 ,131.8,,employees
A,THS_PER,L,SAL_DC,FI,2017,21.50 ,21.5,,employees
A,THS_PER,L,SAL_DC,FR,2017,325.40 ,325.4,,employees
A,THS_PER,L,SAL_DC,HU,2017,68.23 ,68.23,,employees
A,THS_PER,L,SAL_DC,IT,2017,78.50 ,78.5,,employees
A,THS_PER,L,SAL_DC,LV,2017,17.69 ,17.69,,employees
A,THS_PER,L,SAL_DC,NL,2017,64.00 ,64.0,,employees
A,THS_PER,L,SAL_DC,NO,2017,25.00 ,25.0,,employees
A,THS_PER,L,SAL_DC,PL,2017,124.20 ,124.2,,employees
A,THS_PER,L,SAL_DC,PT,2017,28.36 ,28.36,,employees
A,THS_PER,L,SAL_DC,RO,2017,22.90 ,22.9,,employees
A,THS_PER,L,SAL_DC,SE,2017,80.00 ,80.0,,employees
A,THS_PER,L,SAL_DC,SI,2017,5.05 ,5.05,,employees
A,THS_PER,L,SAL_DC,SK,2017,25.88 ,25.88,,employees
A,THS_PER,M,EMP_DC,AT,2017,264.47 ,264.47,,employment
A,THS_PER,M,EMP_DC,BE,2017,597.30 ,597.3,,employment
A,THS_PER,M,EMP_DC,BG,2017,113.17 ,113.17,,employment
A,THS_PER,M,EMP_DC,CZ,2017,313.83 ,313.83,,employment
A,THS_PER,M,EMP_DC,DE,2017,2836.00 ,2836.0,,employment
A,THS_PER,M,EMP_DC,EE,2017,27.98 ,27.98,,employment
A,THS_PER,M,EMP_DC,ES,2017,1009.90 ,1009.9,,employment
A,THS_PER,M,EMP_DC,FI,2017,154.10 ,154.1,,employment
A,THS_PER,M,EMP_DC,FR,2017,1911.90 ,1911.9,,employment
A,THS_PER,M,EMP_DC,HU,2017,258.95 ,258.95,,employment
A,THS_PER,M,EMP_DC,IT,2017,1659.30 ,1659.3,,employment
A,THS_PER,M,EMP_DC,LV,2017,42.69 ,42.69,,employment
A,THS_PER,M,EMP_DC,NL,2017,728.00 ,728.0,,employment
A,THS_PER,M,EMP_DC,NO,2017,133.00 ,133.0,,employment
A,THS_PER,M,EMP_DC,PL,2017,622.00 ,622.0,,employment
A,THS_PER,M,EMP_DC,PT,2017,213.88 ,213.88,,employment
A,THS_PER,M,EMP_DC,RO,2017,185.90 ,185.9,,employment
A,THS_PER,M,EMP_DC,SE,2017,345.00 ,345.0,,employment
A,THS_PER,M,EMP_DC,SI,2017,75.94 ,75.94,,employment
A,THS_PER,M,EMP_DC,SK,2017,135.25 ,135.25,,employment
A,THS_PER,M,SAL_DC,AT,2017,185.53 ,185.53,,employees
A,THS_PER,M,SAL_DC,BE,2017,164.80 ,164.8,,employees
A,THS_PER,M,SAL_DC,BG,2017,84.97 ,84.97,,employees
A,THS_PER,M,SAL_DC,CZ,2017,212.43 ,212.43,,employees
A,THS_PER,M,SAL_DC,DE,2017,2211.00 ,2211.0,,employees
A,THS_PER,M,SAL_DC,EE,2017,20.28 ,20.28,,employees
A,THS_PER,M,SAL_DC,ES,2017,736.80 ,736.8,,employees
A,THS_PER,M,SAL_DC,FI,2017,117.60 ,117.6,,employees
A,THS_PER,M,SAL_DC,FR,2017,1593.10 ,1593.1,,employees
A,THS_PER,M,SAL_DC,HU,2017,232.39 ,232.39,,employees
A,THS_PER,M,SAL_DC,IT,2017,634.50 ,634.5,,employees
A,THS_PER,M,SAL_DC,LV,2017,33.99 ,33.99,,employees
A,THS_PER,M,SAL_DC,NL,2017,523.00 ,523.0,,employees
A,THS_PER,M,SAL_DC,NO,2017,120.00 ,120.0,,employees
A,THS_PER,M,SAL_DC,PL,2017,391.00 ,391.0,,employees
A,THS_PER,M,SAL_DC,PT,2017,166.67 ,166.67,,employees
A,THS_PER,M,SAL_DC,RO,2017,166.00 ,166.0,,employees
A,THS_PER,M,SAL_DC,SE,2017,310.00 ,310.0,,employees
A,THS_PER,M,SAL_DC,SI,2017,46.87 ,46.87,,employees
A,THS_PER,M,SAL_DC,SK,2017,98.36 ,98.36,,employees
A,THS_PER,N,EMP_DC,AT,2017,260.23 ,260.23,,employment
A,THS_PER,N,EMP_DC,BE,2017,444.20 ,444.2,,employment
A,THS_PER,N,EMP_DC,BG,2017,132.39 ,132.39,,employment
A,THS_PER,N,EMP_DC,CZ,2017,153.84 ,153.84,,employment
A,THS_PER,N,EMP_DC,DE,2017,3304.00 ,3304.0,,employment
A,THS_PER,N,EMP_DC,EE,2017,22.55 ,22.55,,employment
A,THS_PER,N,EMP_DC,ES,2017,1383.30 ,1383.3,,employment
A,THS_PER,N,EMP_DC,FI,2017,172.00 ,172.0,,employment
A,THS_PER,N,EMP_DC,FR,2017,2260.10 ,2260.1,,employment
A,THS_PER,N,EMP_DC,HU,2017,232.91 ,232.91,,employment
A,THS_PER,N,EMP_DC,IT,2017,1410.30 ,1410.3,,employment
A,THS_PER,N,EMP_DC,LV,2017,32.36 ,32.36,,employment
A,THS_PER,N,EMP_DC,NL,2017,1210.00 ,1210.0,,employment
A,THS_PER,N,EMP_DC,NO,2017,125.00 ,125.0,,employment
A,THS_PER,N,EMP_DC,PL,2017,459.40 ,459.4,,employment
A,THS_PER,N,EMP_DC,PT,2017,385.99 ,385.99,,employment
A,THS_PER,N,EMP_DC,RO,2017,198.00 ,198.0,,employment
A,THS_PER,N,EMP_DC,SE,2017,277.00 ,277.0,,employment
A,THS_PER,N,EMP_DC,SI,2017,54.94 ,54.94,,employment
A,THS_PER,N,EMP_DC,SK,2017,109.03 ,109.03,,employment
A,THS_PER,N,SAL_DC,AT,2017,235.54 ,235.54,,employees
A,THS_PER,N,SAL_DC,BE,2017,420.60 ,420.6,,employees
A,THS_PER,N,SAL_DC,BG,2017,126.93 ,126.93,,employees
A,THS_PER,N,SAL_DC,CZ,2017,139.64 ,139.64,,employees
A,THS_PER,N,SAL_DC,DE,2017,3053.00 ,3053.0,,employees
A,THS_PER,N,SAL_DC,EE,2017,20.99 ,20.99,,employees
A,THS_PER,N,SAL_DC,ES,2017,1296.60 ,1296.6,,employees
A,THS_PER,N,SAL_DC,FI,2017,160.80 ,160.8,,employees
A,THS_PER,N,SAL_DC,FR,2017,2159.70 ,2159.7,,employees
A,THS_PER,N,SAL_DC,HU,2017,221.44 ,221.44,,employees
A,THS_PER,N,SAL_DC,IT,2017,1204.90 ,1204.9,,employees
A,THS_PER,N,SAL_DC,LV,2017,30.32 ,30.32,,employees
A,THS_PER,N,SAL_DC,NL,2017,943.00 ,943.0,,employees
A,THS_PER,N,SAL_DC,NO,2017,121.00 ,121.0,,employees
A,THS_PER,N,SAL_DC,PL,2017,426.50 ,426.5,,employees
A,THS_PER,N,SAL_DC,PT,2017,303.29 ,303.29,,employees
A,THS_PER,N,SAL_DC,RO,2017,195.90 ,195.9,,employees
A,THS_PER,N,SAL_DC,SE,2017,266.00 ,266.0,,employees
A,THS_PER,N,SAL_DC,SI,2017,49.16 ,49.16,,employees
A,THS_PER,N,SAL_DC,SK,2017,98.02 ,98.02,,employees
A,THS_PER,B,EMP_DC,AT,2018,6.26 ,6.26,,employment
A,THS_PER,B,EMP_DC,BE,2018,2.50 ,2.5,,employment
A,THS_PER,B,EMP_DC,BG,2018,23.01 ,23.01,,employment
A,THS_PER,B,EMP_DC,CZ,2018,27.35 ,27.35,,employment
A,THS_PER,B,EMP_DC,DE,2018,48.00 ,48.0,,employment
A,THS_PER,B,EMP_DC,EE,2018,4.57 ,4.57,,employment
A,THS_PER,B,EMP_DC,ES,2018,20.30 ,20.3,,employment
A,THS_PER,B,EMP_DC,FI,2018,7.90 ,7.9,,employment
A,THS_PER,B,EMP_DC,FR,2018,16.90 ,16.9,,employment
A,THS_PER,B,EMP_DC,HU,2018,8.58 ,8.58,,employment
A,THS_PER,B,EMP_DC,IT,2018,20.80 ,20.8,,employment
A,THS_PER,B,EMP_DC,LV,2018,2.50 ,2.5,,employment
A,THS_PER,B,EMP_DC,NL,2018,8.00 ,8.0,,employment
A,THS_PER,B,EMP_DC,NO,2018,57.00 ,57.0,,employment
A,THS_PER,B,EMP_DC,PL,2018,192.60 ,192.6,,employment
A,THS_PER,B,EMP_DC,PT,2018,11.42 ,11.42,,employment
A,THS_PER,B,EMP_DC,RO,2018,72.00 ,72.0,,employment
A,THS_PER,B,EMP_DC,SE,2018,10.00 ,10.0,,employment
A,THS_PER,B,EMP_DC,SI,2018,2.44 ,2.44,,employment
A,THS_PER,B,EMP_DC,SK,2018,6.11 ,6.11,,employment
A,THS_PER,B,SAL_DC,AT,2018,6.11 ,6.11,,employees
A,THS_PER,B,SAL_DC,BE,2018,2.50 ,2.5,,employees
A,THS_PER,B,SAL_DC,BG,2018,22.83 ,22.83,,employees
A,THS_PER,B,SAL_DC,CZ,2018,27.22 ,27.22,,employees
A,THS_PER,B,SAL_DC,DE,2018,46.00 ,46.0,,employees
A,THS_PER,B,SAL_DC,EE,2018,4.53 ,4.53,,employees
A,THS_PER,B,SAL_DC,ES,2018,19.60 ,19.6,,employees
A,THS_PER,B,SAL_DC,FI,2018,7.00 ,7.0,,employees
A,THS_PER,B,SAL_DC,FR,2018,16.30 ,16.3,,employees
A,THS_PER,B,SAL_DC,HU,2018,8.55 ,8.55,,employees
A,THS_PER,B,SAL_DC,IT,2018,19.00 ,19.0,,employees
A,THS_PER,B,SAL_DC,LV,2018,2.37 ,2.37,,employees
A,THS_PER,B,SAL_DC,NL,2018,8.00 ,8.0,,employees
A,THS_PER,B,SAL_DC,NO,2018,57.00 ,57.0,,employees
A,THS_PER,B,SAL_DC,PL,2018,191.10 ,191.1,,employees
A,THS_PER,B,SAL_DC,PT,2018,10.17 ,10.17,,employees
A,THS_PER,B,SAL_DC,RO,2018,71.90 ,71.9,,employees
A,THS_PER,B,SAL_DC,SE,2018,10.00 ,10.0,,employees
A,THS_PER,B,SAL_DC,SI,2018,2.41 ,2.41,,employees
A,THS_PER,B,SAL_DC,SK,2018,6.07 ,6.07,,employees
A,THS_PER,C,EMP_DC,AT,2018,664.64 ,664.64,,employment
A,THS_PER,C,EMP_DC,BE,2018,499.60 ,499.6,,employment
A,THS_PER,C,EMP_DC,BG,2018,618.26 ,618.26,,employment
A,THS_PER,C,EMP_DC,CZ,2018,1427.74 ,1427.74,,employment
A,THS_PER,C,EMP_DC,DE,2018,7731.00 ,7731.0,,employment
A,THS_PER,C,EMP_DC,EE,2018,121.25 ,121.25,,employment
A,THS_PER,C,EMP_DC,ES,2018,2098.40 ,2098.4,,employment
A,THS_PER,C,EMP_DC,FI,2018,342.30 ,342.3,,employment
A,THS_PER,C,EMP_DC,FR,2018,2671.40 ,2671.4,,employment
A,THS_PER,C,EMP_DC,HU,2018,879.75 ,879.75,,employment
A,THS_PER,C,EMP_DC,IT,2018,3867.30 ,3867.3,,employment
A,THS_PER,C,EMP_DC,LV,2018,118.97 ,118.97,,employment
A,THS_PER,C,EMP_DC,NL,2018,704.00 ,704.0,,employment
A,THS_PER,C,EMP_DC,NO,2018,219.00 ,219.0,,employment
A,THS_PER,C,EMP_DC,PL,2018,3456.50 ,3456.5,,employment
A,THS_PER,C,EMP_DC,PT,2018,756.42 ,756.42,,employment
A,THS_PER,C,EMP_DC,RO,2018,1617.40 ,1617.4,,employment
A,THS_PER,C,EMP_DC,SE,2018,559.00 ,559.0,,employment
A,THS_PER,C,EMP_DC,SI,2018,214.57 ,214.57,,employment
A,THS_PER,C,EMP_DC,SK,2018,536.04 ,536.04,,employment
A,THS_PER,C,SAL_DC,AT,2018,644.33 ,644.33,,employees
A,THS_PER,C,SAL_DC,BE,2018,480.50 ,480.5,,employees
A,THS_PER,C,SAL_DC,BG,2018,571.35 ,571.35,,employees
A,THS_PER,C,SAL_DC,CZ,2018,1317.23 ,1317.23,,employees
A,THS_PER,C,SAL_DC,DE,2018,7476.00 ,7476.0,,employees
A,THS_PER,C,SAL_DC,EE,2018,114.54 ,114.54,,employees
A,THS_PER,C,SAL_DC,ES,2018,1997.70 ,1997.7,,employees
A,THS_PER,C,SAL_DC,FI,2018,325.20 ,325.2,,employees
A,THS_PER,C,SAL_DC,FR,2018,2534.90 ,2534.9,,employees
A,THS_PER,C,SAL_DC,HU,2018,855.74 ,855.74,,employees
A,THS_PER,C,SAL_DC,IT,2018,3382.40 ,3382.4,,employees
A,THS_PER,C,SAL_DC,LV,2018,111.23 ,111.23,,employees
A,THS_PER,C,SAL_DC,NL,2018,657.00 ,657.0,,employees
A,THS_PER,C,SAL_DC,NO,2018,216.00 ,216.0,,employees
A,THS_PER,C,SAL_DC,PL,2018,3238.10 ,3238.1,,employees
A,THS_PER,C,SAL_DC,PT,2018,717.03 ,717.03,,employees
A,THS_PER,C,SAL_DC,RO,2018,1586.80 ,1586.8,,employees
A,THS_PER,C,SAL_DC,SE,2018,547.00 ,547.0,,employees
A,THS_PER,C,SAL_DC,SI,2018,202.46 ,202.46,,employees
A,THS_PER,C,SAL_DC,SK,2018,485.97 ,485.97,,employees
A,THS_PER,D,EMP_DC,AT,2018,26.95 ,26.95,,employment
A,THS_PER,D,EMP_DC,BE,2018,18.20 ,18.2,,employment
A,THS_PER,D,EMP_DC,BG,2018,30.99 ,30.99,,employment
A,THS_PER,D,EMP_DC,CZ,2018,37.37 ,37.37,,employment
A,THS_PER,D,EMP_DC,DE,2018,259.00 ,259.0,,employment
A,THS_PER,D,EMP_DC,EE,2018,6.40 ,6.4,,employment
A,THS_PER,D,EMP_DC,ES,2018,39.50 ,39.5,,employment
A,THS_PER,D,EMP_DC,FI,2018,12.30 ,12.3,,employment
A,THS_PER,D,EMP_DC,FR,2018,119.20 ,119.2,,employment
A,THS_PER,D,EMP_DC,HU,2018,28.36 ,28.36,,employment
A,THS_PER,D,EMP_DC,IT,2018,79.50 ,79.5,,employment
A,THS_PER,D,EMP_DC,LV,2018,10.87 ,10.87,,employment
A,THS_PER,D,EMP_DC,NL,2018,27.00 ,27.0,,employment
A,THS_PER,D,EMP_DC,NO,2018,16.00 ,16.0,,employment
A,THS_PER,D,EMP_DC,PL,2018,156.20 ,156.2,,employment
A,THS_PER,D,EMP_DC,PT,2018,9.16 ,9.16,,employment
A,THS_PER,D,EMP_DC,RO,2018,86.10 ,86.1,,employment
A,THS_PER,D,EMP_DC,SE,2018,28.00 ,28.0,,employment
A,THS_PER,D,EMP_DC,SI,2018,8.83 ,8.83,,employment
A,THS_PER,D,EMP_DC,SK,2018,17.52 ,17.52,,employment
A,THS_PER,D,SAL_DC,AT,2018,26.57 ,26.57,,employees
A,THS_PER,D,SAL_DC,BE,2018,18.20 ,18.2,,employees
A,THS_PER,D,SAL_DC,BG,2018,30.72 ,30.72,,employees
A,THS_PER,D,SAL_DC,CZ,2018,34.17 ,34.17,,employees
A,THS_PER,D,SAL_DC,DE,2018,259.00 ,259.0,,employees
A,THS_PER,D,SAL_DC,EE,2018,6.33 ,6.33,,employees
A,THS_PER,D,SAL_DC,ES,2018,38.00 ,38.0,,employees
A,THS_PER,D,SAL_DC,FI,2018,12.10 ,12.1,,employees
A,THS_PER,D,SAL_DC,FR,2018,117.60 ,117.6,,employees
A,THS_PER,D,SAL_DC,HU,2018,28.36 ,28.36,,employees
A,THS_PER,D,SAL_DC,IT,2018,77.40 ,77.4,,employees
A,THS_PER,D,SAL_DC,LV,2018,10.72 ,10.72,,employees
A,THS_PER,D,SAL_DC,NL,2018,26.00 ,26.0,,employees
A,THS_PER,D,SAL_DC,NO,2018,16.00 ,16.0,,employees
A,THS_PER,D,SAL_DC,PL,2018,154.30 ,154.3,,employees
A,THS_PER,D,SAL_DC,PT,2018,9.16 ,9.16,,employees
A,THS_PER,D,SAL_DC,RO,2018,86.10 ,86.1,,employees
A,THS_PER,D,SAL_DC,SE,2018,28.00 ,28.0,,employees
A,THS_PER,D,SAL_DC,SI,2018,7.88 ,7.88,,employees
A,THS_PER,D,SAL_DC,SK,2018,17.49 ,17.49,,employees
A,THS_PER,E,EMP_DC,AT,2018,24.14 ,24.14,,employment
A,THS_PER,E,EMP_DC,BE,2018,32.80 ,32.8,,employment
A,THS_PER,E,EMP_DC,BG,2018,40.18 ,40.18,,employment
A,THS_PER,E,EMP_DC,CZ,2018,62.18 ,62.18,,employment
A,THS_PER,E,EMP_DC,DE,2018,285.00 ,285.0,,employment
A,THS_PER,E,EMP_DC,EE,2018,3.22 ,3.22,,employment
A,THS_PER,E,EMP_DC,ES,2018,191.10 ,191.1,,employment
A,THS_PER,E,EMP_DC,FI,2018,14.00 ,14.0,,employment
A,THS_PER,E,EMP_DC,FR,2018,141.20 ,141.2,,employment
A,THS_PER,E,EMP_DC,HU,2018,49.42 ,49.42,,employment
A,THS_PER,E,EMP_DC,IT,2018,221.90 ,221.9,,employment
A,THS_PER,E,EMP_DC,LV,2018,7.07 ,7.07,,employment
A,THS_PER,E,EMP_DC,NL,2018,35.00 ,35.0,,employment
A,THS_PER,E,EMP_DC,NO,2018,17.00 ,17.0,,employment
A,THS_PER,E,EMP_DC,PL,2018,158.60 ,158.6,,employment
A,THS_PER,E,EMP_DC,PT,2018,41.92 ,41.92,,employment
A,THS_PER,E,EMP_DC,RO,2018,113.40 ,113.4,,employment
A,THS_PER,E,EMP_DC,SE,2018,28.00 ,28.0,,employment
A,THS_PER,E,EMP_DC,SI,2018,9.92 ,9.92,,employment
A,THS_PER,E,EMP_DC,SK,2018,24.45 ,24.45,,employment
A,THS_PER,E,SAL_DC,AT,2018,23.84 ,23.84,,employees
A,THS_PER,E,SAL_DC,BE,2018,32.30 ,32.3,,employees
A,THS_PER,E,SAL_DC,BG,2018,39.42 ,39.42,,employees
A,THS_PER,E,SAL_DC,CZ,2018,59.55 ,59.55,,employees
A,THS_PER,E,SAL_DC,DE,2018,276.00 ,276.0,,employees
A,THS_PER,E,SAL_DC,EE,2018,3.08 ,3.08,,employees
A,THS_PER,E,SAL_DC,ES,2018,188.90 ,188.9,,employees
A,THS_PER,E,SAL_DC,FI,2018,13.70 ,13.7,,employees
A,THS_PER,E,SAL_DC,FR,2018,135.20 ,135.2,,employees
A,THS_PER,E,SAL_DC,HU,2018,48.44 ,48.44,,employees
A,THS_PER,E,SAL_DC,IT,2018,214.60 ,214.6,,employees
A,THS_PER,E,SAL_DC,LV,2018,7.02 ,7.02,,employees
A,THS_PER,E,SAL_DC,NL,2018,34.00 ,34.0,,employees
A,THS_PER,E,SAL_DC,NO,2018,17.00 ,17.0,,employees
A,THS_PER,E,SAL_DC,PL,2018,150.60 ,150.6,,employees
A,THS_PER,E,SAL_DC,PT,2018,41.54 ,41.54,,employees
A,THS_PER,E,SAL_DC,RO,2018,108.80 ,108.8,,employees
A,THS_PER,E,SAL_DC,SE,2018,27.00 ,27.0,,employees
A,THS_PER,E,SAL_DC,SI,2018,9.84 ,9.84,,employees
A,THS_PER,E,SAL_DC,SK,2018,24.05 ,24.05,,employees
A,THS_PER,F,EMP_DC,AT,2018,300.86 ,300.86,,employment
A,THS_PER,F,EMP_DC,BE,2018,266.00 ,266.0,,employment
A,THS_PER,F,EMP_DC,BG,2018,184.54 ,184.54,,employment
A,THS_PER,F,EMP_DC,CZ,2018,393.24 ,393.24,,employment
A,THS_PER,F,EMP_DC,DE,2018,2526.00 ,2526.0,,employment
A,THS_PER,F,EMP_DC,EE,2018,48.99 ,48.99,,employment
A,THS_PER,F,EMP_DC,ES,2018,1244.10 ,1244.1,,employment
A,THS_PER,F,EMP_DC,FI,2018,207.70 ,207.7,,employment
A,THS_PER,F,EMP_DC,FR,2018,1798.10 ,1798.1,,employment
A,THS_PER,F,EMP_DC,HU,2018,338.02 ,338.02,,employment
A,THS_PER,F,EMP_DC,IT,2018,1512.60 ,1512.6,,employment
A,THS_PER,F,EMP_DC,LV,2018,69.45 ,69.45,,employment
A,THS_PER,F,EMP_DC,NL,2018,489.00 ,489.0,,employment
A,THS_PER,F,EMP_DC,NO,2018,240.00 ,240.0,,employment
A,THS_PER,F,EMP_DC,PL,2018,1198.10 ,1198.1,,employment
A,THS_PER,F,EMP_DC,PT,2018,313.83 ,313.83,,employment
A,THS_PER,F,EMP_DC,RO,2018,676.20 ,676.2,,employment
A,THS_PER,F,EMP_DC,SE,2018,375.00 ,375.0,,employment
A,THS_PER,F,EMP_DC,SI,2018,67.65 ,67.65,,employment
A,THS_PER,F,EMP_DC,SK,2018,173.18 ,173.18,,employment
A,THS_PER,F,SAL_DC,AT,2018,275.34 ,275.34,,employees
A,THS_PER,F,SAL_DC,BE,2018,211.40 ,211.4,,employees
A,THS_PER,F,SAL_DC,BG,2018,149.30 ,149.3,,employees
A,THS_PER,F,SAL_DC,CZ,2018,255.38 ,255.38,,employees
A,THS_PER,F,SAL_DC,DE,2018,2042.00 ,2042.0,,employees
A,THS_PER,F,SAL_DC,EE,2018,38.89 ,38.89,,employees
A,THS_PER,F,SAL_DC,ES,2018,1003.00 ,1003.0,,employees
A,THS_PER,F,SAL_DC,FI,2018,172.00 ,172.0,,employees
A,THS_PER,F,SAL_DC,FR,2018,1455.10 ,1455.1,,employees
A,THS_PER,F,SAL_DC,HU,2018,298.47 ,298.47,,employees
A,THS_PER,F,SAL_DC,IT,2018,914.80 ,914.8,,employees
A,THS_PER,F,SAL_DC,LV,2018,60.17 ,60.17,,employees
A,THS_PER,F,SAL_DC,NL,2018,310.00 ,310.0,,employees
A,THS_PER,F,SAL_DC,NO,2018,222.00 ,222.0,,employees
A,THS_PER,F,SAL_DC,PL,2018,885.60 ,885.6,,employees
A,THS_PER,F,SAL_DC,PT,2018,270.66 ,270.66,,employees
A,THS_PER,F,SAL_DC,RO,2018,517.20 ,517.2,,employees
A,THS_PER,F,SAL_DC,SE,2018,342.00 ,342.0,,employees
A,THS_PER,F,SAL_DC,SI,2018,55.11 ,55.11,,employees
A,THS_PER,F,SAL_DC,SK,2018,98.50 ,98.5,,employees
A,THS_PER,G,EMP_DC,AT,2018,676.06 ,676.06,,employment
A,THS_PER,G,EMP_DC,BE,2018,570.30 ,570.3,,employment
A,THS_PER,G,EMP_DC,BG,2018,539.63 ,539.63,,employment
A,THS_PER,G,EMP_DC,CZ,2018,702.52 ,702.52,,employment
A,THS_PER,G,EMP_DC,DE,2018,5976.00 ,5976.0,,employment
A,THS_PER,G,EMP_DC,EE,2018,86.26 ,86.26,,employment
A,THS_PER,G,EMP_DC,ES,2018,3389.50 ,3389.5,,employment
A,THS_PER,G,EMP_DC,FI,2018,289.00 ,289.0,,employment
A,THS_PER,G,EMP_DC,FR,2018,3575.50 ,3575.5,,employment
A,THS_PER,G,EMP_DC,HU,2018,642.37 ,642.37,,employment
A,THS_PER,G,EMP_DC,IT,2018,3752.20 ,3752.2,,employment
A,THS_PER,G,EMP_DC,LV,2018,138.11 ,138.11,,employment
A,THS_PER,G,EMP_DC,NL,2018,1485.00 ,1485.0,,employment
A,THS_PER,G,EMP_DC,NO,2018,366.00 ,366.0,,employment
A,THS_PER,G,EMP_DC,PL,2018,2301.50 ,2301.5,,employment
A,THS_PER,G,EMP_DC,PT,2018,747.13 ,747.13,,employment
A,THS_PER,G,EMP_DC,RO,2018,1220.70 ,1220.7,,employment
A,THS_PER,G,EMP_DC,SE,2018,615.00 ,615.0,,employment
A,THS_PER,G,EMP_DC,SI,2018,123.02 ,123.02,,employment
A,THS_PER,G,EMP_DC,SK,2018,386.84 ,386.84,,employment
A,THS_PER,G,SAL_DC,AT,2018,610.26 ,610.26,,employees
A,THS_PER,G,SAL_DC,BE,2018,510.30 ,510.3,,employees
A,THS_PER,G,SAL_DC,BG,2018,409.51 ,409.51,,employees
A,THS_PER,G,SAL_DC,CZ,2018,593.42 ,593.42,,employees
A,THS_PER,G,SAL_DC,DE,2018,5416.00 ,5416.0,,employees
A,THS_PER,G,SAL_DC,EE,2018,76.27 ,76.27,,employees
A,THS_PER,G,SAL_DC,ES,2018,2575.80 ,2575.8,,employees
A,THS_PER,G,SAL_DC,FI,2018,255.90 ,255.9,,employees
A,THS_PER,G,SAL_DC,FR,2018,3162.80 ,3162.8,,employees
A,THS_PER,G,SAL_DC,HU,2018,594.13 ,594.13,,employees
A,THS_PER,G,SAL_DC,IT,2018,2246.30 ,2246.3,,employees
A,THS_PER,G,SAL_DC,LV,2018,127.66 ,127.66,,employees
A,THS_PER,G,SAL_DC,NL,2018,1323.00 ,1323.0,,employees
A,THS_PER,G,SAL_DC,NO,2018,359.00 ,359.0,,employees
A,THS_PER,G,SAL_DC,PL,2018,1878.70 ,1878.7,,employees
A,THS_PER,G,SAL_DC,PT,2018,669.30 ,669.3,,employees
A,THS_PER,G,SAL_DC,RO,2018,1175.40 ,1175.4,,employees
A,THS_PER,G,SAL_DC,SE,2018,593.00 ,593.0,,employees
A,THS_PER,G,SAL_DC,SI,2018,108.93 ,108.93,,employees
A,THS_PER,G,SAL_DC,SK,2018,322.09 ,322.09,,employees
A,THS_PER,H,EMP_DC,AT,2018,221.65 ,221.65,,employment
A,THS_PER,H,EMP_DC,BE,2018,255.40 ,255.4,,employment
A,THS_PER,H,EMP_DC,BG,2018,209.88 ,209.88,,employment
A,THS_PER,H,EMP_DC,CZ,2018,337.96 ,337.96,,employment
A,THS_PER,H,EMP_DC,DE,2018,2336.00 ,2336.0,,employment
A,THS_PER,H,EMP_DC,EE,2018,48.59 ,48.59,,employment
A,THS_PER,H,EMP_DC,ES,2018,887.00 ,887.0,,employment
A,THS_PER,H,EMP_DC,FI,2018,145.90 ,145.9,,employment
A,THS_PER,H,EMP_DC,FR,2018,1442.80 ,1442.8,,employment
A,THS_PER,H,EMP_DC,HU,2018,275.44 ,275.44,,employment
A,THS_PER,H,EMP_DC,IT,2018,1159.90 ,1159.9,,employment
A,THS_PER,H,EMP_DC,LV,2018,65.88 ,65.88,,employment
A,THS_PER,H,EMP_DC,NL,2018,404.00 ,404.0,,employment
A,THS_PER,H,EMP_DC,NO,2018,151.00 ,151.0,,employment
A,THS_PER,H,EMP_DC,PL,2018,1034.80 ,1034.8,,employment
A,THS_PER,H,EMP_DC,PT,2018,182.23 ,182.23,,employment
A,THS_PER,H,EMP_DC,RO,2018,526.80 ,526.8,,employment
A,THS_PER,H,EMP_DC,SE,2018,262.00 ,262.0,,employment
A,THS_PER,H,EMP_DC,SI,2018,55.56 ,55.56,,employment
A,THS_PER,H,EMP_DC,SK,2018,147.59 ,147.59,,employment
A,THS_PER,H,SAL_DC,AT,2018,210.12 ,210.12,,employees
A,THS_PER,H,SAL_DC,BE,2018,248.40 ,248.4,,employees
A,THS_PER,H,SAL_DC,BG,2018,152.72 ,152.72,,employees
A,THS_PER,H,SAL_DC,CZ,2018,310.22 ,310.22,,employees
A,THS_PER,H,SAL_DC,DE,2018,2218.00 ,2218.0,,employees
A,THS_PER,H,SAL_DC,EE,2018,43.10 ,43.1,,employees
A,THS_PER,H,SAL_DC,ES,2018,715.60 ,715.6,,employees
A,THS_PER,H,SAL_DC,FI,2018,126.20 ,126.2,,employees
A,THS_PER,H,SAL_DC,FR,2018,1363.70 ,1363.7,,employees
A,THS_PER,H,SAL_DC,HU,2018,260.00 ,260.0,,employees
A,THS_PER,H,SAL_DC,IT,2018,1025.60 ,1025.6,,employees
A,THS_PER,H,SAL_DC,LV,2018,60.90 ,60.9,,employees
A,THS_PER,H,SAL_DC,NL,2018,369.00 ,369.0,,employees
A,THS_PER,H,SAL_DC,NO,2018,140.00 ,140.0,,employees
A,THS_PER,H,SAL_DC,PL,2018,883.10 ,883.1,,employees
A,THS_PER,H,SAL_DC,PT,2018,174.46 ,174.46,,employees
A,THS_PER,H,SAL_DC,RO,2018,503.20 ,503.2,,employees
A,THS_PER,H,SAL_DC,SE,2018,252.00 ,252.0,,employees
A,THS_PER,H,SAL_DC,SI,2018,50.21 ,50.21,,employees
A,THS_PER,H,SAL_DC,SK,2018,138.54 ,138.54,,employees
A,THS_PER,I,EMP_DC,AT,2018,301.93 ,301.93,,employment
A,THS_PER,I,EMP_DC,BE,2018,149.20 ,149.2,,employment
A,THS_PER,I,EMP_DC,BG,2018,151.77 ,151.77,,employment
A,THS_PER,I,EMP_DC,CZ,2018,193.85 ,193.85,,employment
A,THS_PER,I,EMP_DC,DE,2018,1869.00 ,1869.0,,employment
A,THS_PER,I,EMP_DC,EE,2018,27.40 ,27.4,,employment
A,THS_PER,I,EMP_DC,ES,2018,1592.70 ,1592.7,,employment
A,THS_PER,I,EMP_DC,FI,2018,83.50 ,83.5,,employment
A,THS_PER,I,EMP_DC,FR,2018,1260.40 ,1260.4,,employment
A,THS_PER,I,EMP_DC,HU,2018,180.21 ,180.21,,employment
A,THS_PER,I,EMP_DC,IT,2018,1738.40 ,1738.4,,employment
A,THS_PER,I,EMP_DC,LV,2018,28.78 ,28.78,,employment
A,THS_PER,I,EMP_DC,NL,2018,450.00 ,450.0,,employment
A,THS_PER,I,EMP_DC,NO,2018,103.00 ,103.0,,employment
A,THS_PER,I,EMP_DC,PL,2018,410.00 ,410.0,,employment
A,THS_PER,I,EMP_DC,PT,2018,363.81 ,363.81,,employment
A,THS_PER,I,EMP_DC,RO,2018,215.00 ,215.0,,employment
A,THS_PER,I,EMP_DC,SE,2018,195.00 ,195.0,,employment
A,THS_PER,I,EMP_DC,SI,2018,41.56 ,41.56,,employment
A,THS_PER,I,EMP_DC,SK,2018,96.33 ,96.33,,employment
A,THS_PER,I,SAL_DC,AT,2018,266.22 ,266.22,,employees
A,THS_PER,I,SAL_DC,BE,2018,123.80 ,123.8,,employees
A,THS_PER,I,SAL_DC,BG,2018,132.43 ,132.43,,employees
A,THS_PER,I,SAL_DC,CZ,2018,156.10 ,156.1,,employees
A,THS_PER,I,SAL_DC,DE,2018,1637.00 ,1637.0,,employees
A,THS_PER,I,SAL_DC,EE,2018,25.71 ,25.71,,employees
A,THS_PER,I,SAL_DC,ES,2018,1360.80 ,1360.8,,employees
A,THS_PER,I,SAL_DC,FI,2018,70.90 ,70.9,,employees
A,THS_PER,I,SAL_DC,FR,2018,1099.40 ,1099.4,,employees
A,THS_PER,I,SAL_DC,HU,2018,168.36 ,168.36,,employees
A,THS_PER,I,SAL_DC,IT,2018,1265.30 ,1265.3,,employees
A,THS_PER,I,SAL_DC,LV,2018,27.54 ,27.54,,employees
A,THS_PER,I,SAL_DC,NL,2018,383.00 ,383.0,,employees
A,THS_PER,I,SAL_DC,NO,2018,101.00 ,101.0,,employees
A,THS_PER,I,SAL_DC,PL,2018,345.60 ,345.6,,employees
A,THS_PER,I,SAL_DC,PT,2018,300.80 ,300.8,,employees
A,THS_PER,I,SAL_DC,RO,2018,210.90 ,210.9,,employees
A,THS_PER,I,SAL_DC,SE,2018,188.00 ,188.0,,employees
A,THS_PER,I,SAL_DC,SI,2018,31.90 ,31.9,,employees
A,THS_PER,I,SAL_DC,SK,2018,86.54 ,86.54,,employees
A,THS_PER,J,EMP_DC,AT,2018,124.90 ,124.9,,employment
A,THS_PER,J,EMP_DC,BE,2018,119.30 ,119.3,,employment
A,THS_PER,J,EMP_DC,BG,2018,99.54 ,99.54,,employment
A,THS_PER,J,EMP_DC,CZ,2018,156.18 ,156.18,,employment
A,THS_PER,J,EMP_DC,DE,2018,1330.00 ,1330.0,,employment
A,THS_PER,J,EMP_DC,EE,2018,30.97 ,30.97,,employment
A,THS_PER,J,EMP_DC,ES,2018,507.10 ,507.1,,employment
A,THS_PER,J,EMP_DC,FI,2018,108.70 ,108.7,,employment
A,THS_PER,J,EMP_DC,FR,2018,949.10 ,949.1,,employment
A,THS_PER,J,EMP_DC,HU,2018,144.96 ,144.96,,employment
A,THS_PER,J,EMP_DC,IT,2018,622.10 ,622.1,,employment
A,THS_PER,J,EMP_DC,LV,2018,34.78 ,34.78,,employment
A,THS_PER,J,EMP_DC,NL,2018,305.00 ,305.0,,employment
A,THS_PER,J,EMP_DC,NO,2018,97.00 ,97.0,,employment
A,THS_PER,J,EMP_DC,PL,2018,419.10 ,419.1,,employment
A,THS_PER,J,EMP_DC,PT,2018,102.96 ,102.96,,employment
A,THS_PER,J,EMP_DC,RO,2018,182.10 ,182.1,,employment
A,THS_PER,J,EMP_DC,SE,2018,213.00 ,213.0,,employment
A,THS_PER,J,EMP_DC,SI,2018,31.13 ,31.13,,employment
A,THS_PER,J,EMP_DC,SK,2018,71.23 ,71.23,,employment
A,THS_PER,J,SAL_DC,AT,2018,105.99 ,105.99,,employees
A,THS_PER,J,SAL_DC,BE,2018,107.40 ,107.4,,employees
A,THS_PER,J,SAL_DC,BG,2018,91.57 ,91.57,,employees
A,THS_PER,J,SAL_DC,CZ,2018,135.56 ,135.56,,employees
A,THS_PER,J,SAL_DC,DE,2018,1186.00 ,1186.0,,employees
A,THS_PER,J,SAL_DC,EE,2018,27.21 ,27.21,,employees
A,THS_PER,J,SAL_DC,ES,2018,464.50 ,464.5,,employees
A,THS_PER,J,SAL_DC,FI,2018,101.60 ,101.6,,employees
A,THS_PER,J,SAL_DC,FR,2018,881.50 ,881.5,,employees
A,THS_PER,J,SAL_DC,HU,2018,127.57 ,127.57,,employees
A,THS_PER,J,SAL_DC,IT,2018,506.30 ,506.3,,employees
A,THS_PER,J,SAL_DC,LV,2018,31.04 ,31.04,,employees
A,THS_PER,J,SAL_DC,NL,2018,261.00 ,261.0,,employees
A,THS_PER,J,SAL_DC,NO,2018,94.00 ,94.0,,employees
A,THS_PER,J,SAL_DC,PL,2018,319.70 ,319.7,,employees
A,THS_PER,J,SAL_DC,PT,2018,97.90 ,97.9,,employees
A,THS_PER,J,SAL_DC,RO,2018,172.20 ,172.2,,employees
A,THS_PER,J,SAL_DC,SE,2018,205.00 ,205.0,,employees
A,THS_PER,J,SAL_DC,SI,2018,24.57 ,24.57,,employees
A,THS_PER,J,SAL_DC,SK,2018,61.40 ,61.4,,employees
A,THS_PER,L,EMP_DC,AT,2018,69.89 ,69.89,,employment
A,THS_PER,L,EMP_DC,BE,2018,27.60 ,27.6,,employment
A,THS_PER,L,EMP_DC,BG,2018,26.47 ,26.47,,employment
A,THS_PER,L,EMP_DC,CZ,2018,89.68 ,89.68,,employment
A,THS_PER,L,EMP_DC,DE,2018,475.00 ,475.0,,employment
A,THS_PER,L,EMP_DC,EE,2018,10.50 ,10.5,,employment
A,THS_PER,L,EMP_DC,ES,2018,216.10 ,216.1,,employment
A,THS_PER,L,EMP_DC,FI,2018,25.80 ,25.8,,employment
A,THS_PER,L,EMP_DC,FR,2018,371.70 ,371.7,,employment
A,THS_PER,L,EMP_DC,HU,2018,75.17 ,75.17,,employment
A,THS_PER,L,EMP_DC,IT,2018,188.50 ,188.5,,employment
A,THS_PER,L,EMP_DC,LV,2018,22.03 ,22.03,,employment
A,THS_PER,L,EMP_DC,NL,2018,75.00 ,75.0,,employment
A,THS_PER,L,EMP_DC,NO,2018,28.00 ,28.0,,employment
A,THS_PER,L,EMP_DC,PL,2018,151.70 ,151.7,,employment
A,THS_PER,L,EMP_DC,PT,2018,49.47 ,49.47,,employment
A,THS_PER,L,EMP_DC,RO,2018,25.60 ,25.6,,employment
A,THS_PER,L,EMP_DC,SE,2018,88.00 ,88.0,,employment
A,THS_PER,L,EMP_DC,SI,2018,6.54 ,6.54,,employment
A,THS_PER,L,EMP_DC,SK,2018,29.28 ,29.28,,employment
A,THS_PER,L,SAL_DC,AT,2018,55.04 ,55.04,,employees
A,THS_PER,L,SAL_DC,BE,2018,23.00 ,23.0,,employees
A,THS_PER,L,SAL_DC,BG,2018,22.52 ,22.52,,employees
A,THS_PER,L,SAL_DC,CZ,2018,60.67 ,60.67,,employees
A,THS_PER,L,SAL_DC,DE,2018,422.00 ,422.0,,employees
A,THS_PER,L,SAL_DC,EE,2018,8.52 ,8.52,,employees
A,THS_PER,L,SAL_DC,ES,2018,140.60 ,140.6,,employees
A,THS_PER,L,SAL_DC,FI,2018,21.90 ,21.9,,employees
A,THS_PER,L,SAL_DC,FR,2018,329.10 ,329.1,,employees
A,THS_PER,L,SAL_DC,HU,2018,72.75 ,72.75,,employees
A,THS_PER,L,SAL_DC,IT,2018,78.40 ,78.4,,employees
A,THS_PER,L,SAL_DC,LV,2018,19.62 ,19.62,,employees
A,THS_PER,L,SAL_DC,NL,2018,64.00 ,64.0,,employees
A,THS_PER,L,SAL_DC,NO,2018,26.00 ,26.0,,employees
A,THS_PER,L,SAL_DC,PL,2018,127.00 ,127.0,,employees
A,THS_PER,L,SAL_DC,PT,2018,31.31 ,31.31,,employees
A,THS_PER,L,SAL_DC,RO,2018,25.40 ,25.4,,employees
A,THS_PER,L,SAL_DC,SE,2018,81.00 ,81.0,,employees
A,THS_PER,L,SAL_DC,SI,2018,5.26 ,5.26,,employees
A,THS_PER,L,SAL_DC,SK,2018,27.56 ,27.56,,employees
A,THS_PER,M,EMP_DC,AT,2018,272.69 ,272.69,,employment
A,THS_PER,M,EMP_DC,BE,2018,612.10 ,612.1,,employment
A,THS_PER,M,EMP_DC,BG,2018,113.31 ,113.31,,employment
A,THS_PER,M,EMP_DC,CZ,2018,321.31 ,321.31,,employment
A,THS_PER,M,EMP_DC,DE,2018,2901.00 ,2901.0,,employment
A,THS_PER,M,EMP_DC,EE,2018,30.24 ,30.24,,employment
A,THS_PER,M,EMP_DC,ES,2018,1041.60 ,1041.6,,employment
A,THS_PER,M,EMP_DC,FI,2018,159.60 ,159.6,,employment
A,THS_PER,M,EMP_DC,FR,2018,1941.30 ,1941.3,,employment
A,THS_PER,M,EMP_DC,HU,2018,265.21 ,265.21,,employment
A,THS_PER,M,EMP_DC,IT,2018,1683.10 ,1683.1,,employment
A,THS_PER,M,EMP_DC,LV,2018,42.39 ,42.39,,employment
A,THS_PER,M,EMP_DC,NL,2018,748.00 ,748.0,,employment
A,THS_PER,M,EMP_DC,NO,2018,138.00 ,138.0,,employment
A,THS_PER,M,EMP_DC,PL,2018,612.20 ,612.2,,employment
A,THS_PER,M,EMP_DC,PT,2018,224.62 ,224.62,,employment
A,THS_PER,M,EMP_DC,RO,2018,188.20 ,188.2,,employment
A,THS_PER,M,EMP_DC,SE,2018,355.00 ,355.0,,employment
A,THS_PER,M,EMP_DC,SI,2018,78.54 ,78.54,,employment
A,THS_PER,M,EMP_DC,SK,2018,142.16 ,142.16,,employment
A,THS_PER,M,SAL_DC,AT,2018,192.72 ,192.72,,employees
A,THS_PER,M,SAL_DC,BE,2018,170.20 ,170.2,,employees
A,THS_PER,M,SAL_DC,BG,2018,84.97 ,84.97,,employees
A,THS_PER,M,SAL_DC,CZ,2018,219.62 ,219.62,,employees
A,THS_PER,M,SAL_DC,DE,2018,2286.00 ,2286.0,,employees
A,THS_PER,M,SAL_DC,EE,2018,21.14 ,21.14,,employees
A,THS_PER,M,SAL_DC,ES,2018,764.00 ,764.0,,employees
A,THS_PER,M,SAL_DC,FI,2018,122.00 ,122.0,,employees
A,THS_PER,M,SAL_DC,FR,2018,1610.60 ,1610.6,,employees
A,THS_PER,M,SAL_DC,HU,2018,235.83 ,235.83,,employees
A,THS_PER,M,SAL_DC,IT,2018,647.10 ,647.1,,employees
A,THS_PER,M,SAL_DC,LV,2018,35.88 ,35.88,,employees
A,THS_PER,M,SAL_DC,NL,2018,542.00 ,542.0,,employees
A,THS_PER,M,SAL_DC,NO,2018,125.00 ,125.0,,employees
A,THS_PER,M,SAL_DC,PL,2018,365.90 ,365.9,,employees
A,THS_PER,M,SAL_DC,PT,2018,175.29 ,175.29,,employees
A,THS_PER,M,SAL_DC,RO,2018,170.40 ,170.4,,employees
A,THS_PER,M,SAL_DC,SE,2018,321.00 ,321.0,,employees
A,THS_PER,M,SAL_DC,SI,2018,48.06 ,48.06,,employees
A,THS_PER,M,SAL_DC,SK,2018,104.67 ,104.67,,employees
A,THS_PER,N,EMP_DC,AT,2018,271.09 ,271.09,,employment
A,THS_PER,N,EMP_DC,BE,2018,458.70 ,458.7,,employment
A,THS_PER,N,EMP_DC,BG,2018,132.14 ,132.14,,employment
A,THS_PER,N,EMP_DC,CZ,2018,153.43 ,153.43,,employment
A,THS_PER,N,EMP_DC,DE,2018,3314.00 ,3314.0,,employment
A,THS_PER,N,EMP_DC,EE,2018,23.56 ,23.56,,employment
A,THS_PER,N,EMP_DC,ES,2018,1409.10 ,1409.1,,employment
A,THS_PER,N,EMP_DC,FI,2018,184.50 ,184.5,,employment
A,THS_PER,N,EMP_DC,FR,2018,2361.80 ,2361.8,,employment
A,THS_PER,N,EMP_DC,HU,2018,248.20 ,248.2,,employment
A,THS_PER,N,EMP_DC,IT,2018,1496.00 ,1496.0,,employment
A,THS_PER,N,EMP_DC,LV,2018,33.61 ,33.61,,employment
A,THS_PER,N,EMP_DC,NL,2018,1262.00 ,1262.0,,employment
A,THS_PER,N,EMP_DC,NO,2018,132.00 ,132.0,,employment
A,THS_PER,N,EMP_DC,PL,2018,453.00 ,453.0,,employment
A,THS_PER,N,EMP_DC,PT,2018,397.00 ,397.0,,employment
A,THS_PER,N,EMP_DC,RO,2018,202.30 ,202.3,,employment
A,THS_PER,N,EMP_DC,SE,2018,284.00 ,284.0,,employment
A,THS_PER,N,EMP_DC,SI,2018,55.84 ,55.84,,employment
A,THS_PER,N,EMP_DC,SK,2018,114.03 ,114.03,,employment
A,THS_PER,N,SAL_DC,AT,2018,246.10 ,246.1,,employees
A,THS_PER,N,SAL_DC,BE,2018,434.20 ,434.2,,employees
A,THS_PER,N,SAL_DC,BG,2018,126.80 ,126.8,,employees
A,THS_PER,N,SAL_DC,CZ,2018,138.70 ,138.7,,employees
A,THS_PER,N,SAL_DC,DE,2018,3064.00 ,3064.0,,employees
A,THS_PER,N,SAL_DC,EE,2018,21.40 ,21.4,,employees
A,THS_PER,N,SAL_DC,ES,2018,1321.20 ,1321.2,,employees
A,THS_PER,N,SAL_DC,FI,2018,173.50 ,173.5,,employees
A,THS_PER,N,SAL_DC,FR,2018,2255.80 ,2255.8,,employees
A,THS_PER,N,SAL_DC,HU,2018,235.70 ,235.7,,employees
A,THS_PER,N,SAL_DC,IT,2018,1282.00 ,1282.0,,employees
A,THS_PER,N,SAL_DC,LV,2018,31.00 ,31.0,,employees
A,THS_PER,N,SAL_DC,NL,2018,991.00 ,991.0,,employees
A,THS_PER,N,SAL_DC,NO,2018,128.00 ,128.0,,employees
A,THS_PER,N,SAL_DC,PL,2018,410.50 ,410.5,,employees
A,THS_PER,N,SAL_DC,PT,2018,307.15 ,307.15,,employees
A,THS_PER,N,SAL_DC,RO,2018,200.50 ,200.5,,employees
A,THS_PER,N,SAL_DC,SE,2018,274.00 ,274.0,,employees
A,THS_PER,N,SAL_DC,SI,2018,49.80 ,49.8,,employees
A,THS_PER,N,SAL_DC,SK,2018,102.68 ,102.68,,employees
A,THS_PER,B,EMP_DC,AT,2019,6.45 ,6.45,,employment
A,THS_PER,B,EMP_DC,BE,2019,2.60 ,2.6,,employment
A,THS_PER,B,EMP_DC,BG,2019,22.27 ,22.27,,employment
A,THS_PER,B,EMP_DC,CZ,2019,27.49 ,27.49,,employment
A,THS_PER,B,EMP_DC,DE,2019,46.00 ,46.0,,employment
A,THS_PER,B,EMP_DC,EE,2019,4.46 ,4.46,,employment
A,THS_PER,B,EMP_DC,ES,2019,19.60 ,19.6,,employment
A,THS_PER,B,EMP_DC,FI,2019,8.30 ,8.3,,employment
A,THS_PER,B,EMP_DC,FR,2019,16.30 ,16.3,,employment
A,THS_PER,B,EMP_DC,HU,2019,7.70 ,7.7,,employment
A,THS_PER,B,EMP_DC,IT,2019,20.60 ,20.6,,employment
A,THS_PER,B,EMP_DC,LV,2019,2.53 ,2.53,,employment
A,THS_PER,B,EMP_DC,NL,2019,8.00 ,8.0,,employment
A,THS_PER,B,EMP_DC,NO,2019,61.00 ,61.0,,employment
A,THS_PER,B,EMP_DC,PL,2019,219.90 b,219.9,b,employment
A,THS_PER,B,EMP_DC,PT,2019,10.95 ,10.95,,employment
A,THS_PER,B,EMP_DC,RO,2019,62.00 ,62.0,,employment
A,THS_PER,B,EMP_DC,SE,2019,10.00 ,10.0,,employment
A,THS_PER,B,EMP_DC,SI,2019,2.47 ,2.47,,employment
A,THS_PER,B,EMP_DC,SK,2019,5.85 ,5.85,,employment
A,THS_PER,B,SAL_DC,AT,2019,6.27 ,6.27,,employees
A,THS_PER,B,SAL_DC,BE,2019,2.50 ,2.5,,employees
A,THS_PER,B,SAL_DC,BG,2019,22.10 ,22.1,,employees
A,THS_PER,B,SAL_DC,CZ,2019,27.34 ,27.34,,employees
A,THS_PER,B,SAL_DC,DE,2019,44.00 ,44.0,,employees
A,THS_PER,B,SAL_DC,EE,2019,4.41 ,4.41,,employees
A,THS_PER,B,SAL_DC,ES,2019,19.10 ,19.1,,employees
A,THS_PER,B,SAL_DC,FI,2019,7.30 ,7.3,,employees
A,THS_PER,B,SAL_DC,FR,2019,15.70 ,15.7,,employees
A,THS_PER,B,SAL_DC,HU,2019,7.68 ,7.68,,employees
A,THS_PER,B,SAL_DC,IT,2019,18.90 ,18.9,,employees
A,THS_PER,B,SAL_DC,LV,2019,2.40 ,2.4,,employees
A,THS_PER,B,SAL_DC,NL,2019,8.00 ,8.0,,employees
A,THS_PER,B,SAL_DC,NO,2019,61.00 ,61.0,,employees
A,THS_PER,B,SAL_DC,PL,2019,219.40 b,219.4,b,employees
A,THS_PER,B,SAL_DC,PT,2019,9.75 ,9.75,,employees
A,THS_PER,B,SAL_DC,RO,2019,62.00 ,62.0,,employees
A,THS_PER,B,SAL_DC,SE,2019,10.00 ,10.0,,employees
A,THS_PER,B,SAL_DC,SI,2019,2.43 ,2.43,,employees
A,THS_PER,B,SAL_DC,SK,2019,5.80 ,5.8,,employees
A,THS_PER,C,EMP_DC,AT,2019,676.85 ,676.85,,employment
A,THS_PER,C,EMP_DC,BE,2019,504.10 ,504.1,,employment
A,THS_PER,C,EMP_DC,BG,2019,609.83 ,609.83,,employment
A,THS_PER,C,EMP_DC,CZ,2019,1414.52 ,1414.52,,employment
A,THS_PER,C,EMP_DC,DE,2019,7773.00 ,7773.0,,employment
A,THS_PER,C,EMP_DC,EE,2019,121.03 ,121.03,,employment
A,THS_PER,C,EMP_DC,ES,2019,2156.10 ,2156.1,,employment
A,THS_PER,C,EMP_DC,FI,2019,343.40 ,343.4,,employment
A,THS_PER,C,EMP_DC,FR,2019,2705.30 ,2705.3,,employment
A,THS_PER,C,EMP_DC,HU,2019,881.98 ,881.98,,employment
A,THS_PER,C,EMP_DC,IT,2019,3893.30 ,3893.3,,employment
A,THS_PER,C,EMP_DC,LV,2019,115.37 ,115.37,,employment
A,THS_PER,C,EMP_DC,NL,2019,723.00 ,723.0,,employment
A,THS_PER,C,EMP_DC,NO,2019,224.00 ,224.0,,employment
A,THS_PER,C,EMP_DC,PL,2019,3450.70 b,3450.7,b,employment
A,THS_PER,C,EMP_DC,PT,2019,748.96 ,748.96,,employment
A,THS_PER,C,EMP_DC,RO,2019,1586.40 ,1586.4,,employment
A,THS_PER,C,EMP_DC,SE,2019,556.00 ,556.0,,employment
A,THS_PER,C,EMP_DC,SI,2019,220.08 ,220.08,,employment
A,THS_PER,C,EMP_DC,SK,2019,537.41 ,537.41,,employment
A,THS_PER,C,SAL_DC,AT,2019,656.15 ,656.15,,employees
A,THS_PER,C,SAL_DC,BE,2019,485.10 ,485.1,,employees
A,THS_PER,C,SAL_DC,BG,2019,562.99 ,562.99,,employees
A,THS_PER,C,SAL_DC,CZ,2019,1302.93 ,1302.93,,employees
A,THS_PER,C,SAL_DC,DE,2019,7529.00 ,7529.0,,employees
A,THS_PER,C,SAL_DC,EE,2019,114.18 ,114.18,,employees
A,THS_PER,C,SAL_DC,ES,2019,2059.90 ,2059.9,,employees
A,THS_PER,C,SAL_DC,FI,2019,327.30 ,327.3,,employees
A,THS_PER,C,SAL_DC,FR,2019,2565.10 ,2565.1,,employees
A,THS_PER,C,SAL_DC,HU,2019,856.16 ,856.16,,employees
A,THS_PER,C,SAL_DC,IT,2019,3418.10 ,3418.1,,employees
A,THS_PER,C,SAL_DC,LV,2019,108.07 ,108.07,,employees
A,THS_PER,C,SAL_DC,NL,2019,676.00 ,676.0,,employees
A,THS_PER,C,SAL_DC,NO,2019,221.00 ,221.0,,employees
A,THS_PER,C,SAL_DC,PL,2019,3237.90 b,3237.9,b,employees
A,THS_PER,C,SAL_DC,PT,2019,710.10 ,710.1,,employees
A,THS_PER,C,SAL_DC,RO,2019,1558.50 ,1558.5,,employees
A,THS_PER,C,SAL_DC,SE,2019,545.00 ,545.0,,employees
A,THS_PER,C,SAL_DC,SI,2019,207.79 ,207.79,,employees
A,THS_PER,C,SAL_DC,SK,2019,486.03 ,486.03,,employees
A,THS_PER,D,EMP_DC,AT,2019,27.18 ,27.18,,employment
A,THS_PER,D,EMP_DC,BE,2019,18.30 ,18.3,,employment
A,THS_PER,D,EMP_DC,BG,2019,30.67 ,30.67,,employment
A,THS_PER,D,EMP_DC,CZ,2019,39.11 ,39.11,,employment
A,THS_PER,D,EMP_DC,DE,2019,262.00 ,262.0,,employment
A,THS_PER,D,EMP_DC,EE,2019,5.24 ,5.24,,employment
A,THS_PER,D,EMP_DC,ES,2019,39.80 ,39.8,,employment
A,THS_PER,D,EMP_DC,FI,2019,12.80 ,12.8,,employment
A,THS_PER,D,EMP_DC,FR,2019,119.10 ,119.1,,employment
A,THS_PER,D,EMP_DC,HU,2019,29.48 ,29.48,,employment
A,THS_PER,D,EMP_DC,IT,2019,78.80 ,78.8,,employment
A,THS_PER,D,EMP_DC,LV,2019,11.02 ,11.02,,employment
A,THS_PER,D,EMP_DC,NL,2019,27.00 ,27.0,,employment
A,THS_PER,D,EMP_DC,NO,2019,16.00 ,16.0,,employment
A,THS_PER,D,EMP_DC,PL,2019,163.80 b,163.8,b,employment
A,THS_PER,D,EMP_DC,PT,2019,8.94 ,8.94,,employment
A,THS_PER,D,EMP_DC,RO,2019,85.90 ,85.9,,employment
A,THS_PER,D,EMP_DC,SE,2019,29.00 ,29.0,,employment
A,THS_PER,D,EMP_DC,SI,2019,8.77 ,8.77,,employment
A,THS_PER,D,EMP_DC,SK,2019,17.62 ,17.62,,employment
A,THS_PER,D,SAL_DC,AT,2019,26.76 ,26.76,,employees
A,THS_PER,D,SAL_DC,BE,2019,18.30 ,18.3,,employees
A,THS_PER,D,SAL_DC,BG,2019,30.50 ,30.5,,employees
A,THS_PER,D,SAL_DC,CZ,2019,35.96 ,35.96,,employees
A,THS_PER,D,SAL_DC,DE,2019,262.00 ,262.0,,employees
A,THS_PER,D,SAL_DC,EE,2019,5.18 ,5.18,,employees
A,THS_PER,D,SAL_DC,ES,2019,38.30 ,38.3,,employees
A,THS_PER,D,SAL_DC,FI,2019,12.60 ,12.6,,employees
A,THS_PER,D,SAL_DC,FR,2019,117.50 ,117.5,,employees
A,THS_PER,D,SAL_DC,HU,2019,29.48 ,29.48,,employees
A,THS_PER,D,SAL_DC,IT,2019,76.50 ,76.5,,employees
A,THS_PER,D,SAL_DC,LV,2019,10.90 ,10.9,,employees
A,THS_PER,D,SAL_DC,NL,2019,26.00 ,26.0,,employees
A,THS_PER,D,SAL_DC,NO,2019,16.00 ,16.0,,employees
A,THS_PER,D,SAL_DC,PL,2019,161.30 b,161.3,b,employees
A,THS_PER,D,SAL_DC,PT,2019,8.94 ,8.94,,employees
A,THS_PER,D,SAL_DC,RO,2019,85.90 ,85.9,,employees
A,THS_PER,D,SAL_DC,SE,2019,29.00 ,29.0,,employees
A,THS_PER,D,SAL_DC,SI,2019,7.85 ,7.85,,employees
A,THS_PER,D,SAL_DC,SK,2019,17.59 ,17.59,,employees
A,THS_PER,E,EMP_DC,AT,2019,24.45 ,24.45,,employment
A,THS_PER,E,EMP_DC,BE,2019,33.60 ,33.6,,employment
A,THS_PER,E,EMP_DC,BG,2019,39.99 ,39.99,,employment
A,THS_PER,E,EMP_DC,CZ,2019,61.44 ,61.44,,employment
A,THS_PER,E,EMP_DC,DE,2019,293.00 ,293.0,,employment
A,THS_PER,E,EMP_DC,EE,2019,3.52 ,3.52,,employment
A,THS_PER,E,EMP_DC,ES,2019,200.50 ,200.5,,employment
A,THS_PER,E,EMP_DC,FI,2019,14.20 ,14.2,,employment
A,THS_PER,E,EMP_DC,FR,2019,144.00 ,144.0,,employment
A,THS_PER,E,EMP_DC,HU,2019,50.45 ,50.45,,employment
A,THS_PER,E,EMP_DC,IT,2019,227.80 ,227.8,,employment
A,THS_PER,E,EMP_DC,LV,2019,7.40 ,7.4,,employment
A,THS_PER,E,EMP_DC,NL,2019,36.00 ,36.0,,employment
A,THS_PER,E,EMP_DC,NO,2019,17.00 ,17.0,,employment
A,THS_PER,E,EMP_DC,PL,2019,189.00 b,189.0,b,employment
A,THS_PER,E,EMP_DC,PT,2019,42.58 ,42.58,,employment
A,THS_PER,E,EMP_DC,RO,2019,123.30 ,123.3,,employment
A,THS_PER,E,EMP_DC,SE,2019,28.00 ,28.0,,employment
A,THS_PER,E,EMP_DC,SI,2019,10.01 ,10.01,,employment
A,THS_PER,E,EMP_DC,SK,2019,24.84 ,24.84,,employment
A,THS_PER,E,SAL_DC,AT,2019,24.17 ,24.17,,employees
A,THS_PER,E,SAL_DC,BE,2019,33.20 ,33.2,,employees
A,THS_PER,E,SAL_DC,BG,2019,39.34 ,39.34,,employees
A,THS_PER,E,SAL_DC,CZ,2019,58.91 ,58.91,,employees
A,THS_PER,E,SAL_DC,DE,2019,284.00 ,284.0,,employees
A,THS_PER,E,SAL_DC,EE,2019,3.34 ,3.34,,employees
A,THS_PER,E,SAL_DC,ES,2019,198.20 ,198.2,,employees
A,THS_PER,E,SAL_DC,FI,2019,13.80 ,13.8,,employees
A,THS_PER,E,SAL_DC,FR,2019,137.80 ,137.8,,employees
A,THS_PER,E,SAL_DC,HU,2019,49.45 ,49.45,,employees
A,THS_PER,E,SAL_DC,IT,2019,220.10 ,220.1,,employees
A,THS_PER,E,SAL_DC,LV,2019,7.35 ,7.35,,employees
A,THS_PER,E,SAL_DC,NL,2019,35.00 ,35.0,,employees
A,THS_PER,E,SAL_DC,NO,2019,17.00 ,17.0,,employees
A,THS_PER,E,SAL_DC,PL,2019,184.90 b,184.9,b,employees
A,THS_PER,E,SAL_DC,PT,2019,42.25 ,42.25,,employees
A,THS_PER,E,SAL_DC,RO,2019,117.20 ,117.2,,employees
A,THS_PER,E,SAL_DC,SE,2019,28.00 ,28.0,,employees
A,THS_PER,E,SAL_DC,SI,2019,9.93 ,9.93,,employees
A,THS_PER,E,SAL_DC,SK,2019,24.43 ,24.43,,employees
A,THS_PER,F,EMP_DC,AT,2019,310.12 ,310.12,,employment
A,THS_PER,F,EMP_DC,BE,2019,268.70 ,268.7,,employment
A,THS_PER,F,EMP_DC,BG,2019,192.83 ,192.83,,employment
A,THS_PER,F,EMP_DC,CZ,2019,394.24 ,394.24,,employment
A,THS_PER,F,EMP_DC,DE,2019,2559.00 ,2559.0,,employment
A,THS_PER,F,EMP_DC,EE,2019,50.55 ,50.55,,employment
A,THS_PER,F,EMP_DC,ES,2019,1353.20 ,1353.2,,employment
A,THS_PER,F,EMP_DC,FI,2019,203.70 ,203.7,,employment
A,THS_PER,F,EMP_DC,FR,2019,1852.30 ,1852.3,,employment
A,THS_PER,F,EMP_DC,HU,2019,358.22 ,358.22,,employment
A,THS_PER,F,EMP_DC,IT,2019,1514.10 ,1514.1,,employment
A,THS_PER,F,EMP_DC,LV,2019,63.97 ,63.97,,employment
A,THS_PER,F,EMP_DC,NL,2019,514.00 ,514.0,,employment
A,THS_PER,F,EMP_DC,NO,2019,248.00 ,248.0,,employment
A,THS_PER,F,EMP_DC,PL,2019,1277.20 b,1277.2,b,employment
A,THS_PER,F,EMP_DC,PT,2019,327.71 ,327.71,,employment
A,THS_PER,F,EMP_DC,RO,2019,717.50 ,717.5,,employment
A,THS_PER,F,EMP_DC,SE,2019,376.00 ,376.0,,employment
A,THS_PER,F,EMP_DC,SI,2019,73.78 ,73.78,,employment
A,THS_PER,F,EMP_DC,SK,2019,182.53 ,182.53,,employment
A,THS_PER,F,SAL_DC,AT,2019,284.59 ,284.59,,employees
A,THS_PER,F,SAL_DC,BE,2019,212.40 ,212.4,,employees
A,THS_PER,F,SAL_DC,BG,2019,157.74 ,157.74,,employees
A,THS_PER,F,SAL_DC,CZ,2019,260.86 ,260.86,,employees
A,THS_PER,F,SAL_DC,DE,2019,2081.00 ,2081.0,,employees
A,THS_PER,F,SAL_DC,EE,2019,39.98 ,39.98,,employees
A,THS_PER,F,SAL_DC,ES,2019,1096.70 ,1096.7,,employees
A,THS_PER,F,SAL_DC,FI,2019,168.10 ,168.1,,employees
A,THS_PER,F,SAL_DC,FR,2019,1503.00 ,1503.0,,employees
A,THS_PER,F,SAL_DC,HU,2019,313.05 ,313.05,,employees
A,THS_PER,F,SAL_DC,IT,2019,932.30 ,932.3,,employees
A,THS_PER,F,SAL_DC,LV,2019,56.65 ,56.65,,employees
A,THS_PER,F,SAL_DC,NL,2019,321.00 ,321.0,,employees
A,THS_PER,F,SAL_DC,NO,2019,231.00 ,231.0,,employees
A,THS_PER,F,SAL_DC,PL,2019,934.30 b,934.3,b,employees
A,THS_PER,F,SAL_DC,PT,2019,281.83 ,281.83,,employees
A,THS_PER,F,SAL_DC,RO,2019,549.10 ,549.1,,employees
A,THS_PER,F,SAL_DC,SE,2019,345.00 ,345.0,,employees
A,THS_PER,F,SAL_DC,SI,2019,60.85 ,60.85,,employees
A,THS_PER,F,SAL_DC,SK,2019,103.02 ,103.02,,employees
A,THS_PER,G,EMP_DC,AT,2019,684.34 ,684.34,,employment
A,THS_PER,G,EMP_DC,BE,2019,572.30 ,572.3,,employment
A,THS_PER,G,EMP_DC,BG,2019,529.57 ,529.57,,employment
A,THS_PER,G,EMP_DC,CZ,2019,693.86 ,693.86,,employment
A,THS_PER,G,EMP_DC,DE,2019,5985.00 ,5985.0,,employment
A,THS_PER,G,EMP_DC,EE,2019,84.96 ,84.96,,employment
A,THS_PER,G,EMP_DC,ES,2019,3499.10 ,3499.1,,employment
A,THS_PER,G,EMP_DC,FI,2019,289.00 ,289.0,,employment
A,THS_PER,G,EMP_DC,FR,2019,3590.40 ,3590.4,,employment
A,THS_PER,G,EMP_DC,HU,2019,652.40 ,652.4,,employment
A,THS_PER,G,EMP_DC,IT,2019,3789.20 ,3789.2,,employment
A,THS_PER,G,EMP_DC,LV,2019,143.90 ,143.9,,employment
A,THS_PER,G,EMP_DC,NL,2019,1505.00 ,1505.0,,employment
A,THS_PER,G,EMP_DC,NO,2019,364.00 ,364.0,,employment
A,THS_PER,G,EMP_DC,PL,2019,2371.40 b,2371.4,b,employment
A,THS_PER,G,EMP_DC,PT,2019,754.14 ,754.14,,employment
A,THS_PER,G,EMP_DC,RO,2019,1251.10 ,1251.1,,employment
A,THS_PER,G,EMP_DC,SE,2019,616.00 ,616.0,,employment
A,THS_PER,G,EMP_DC,SI,2019,125.48 ,125.48,,employment
A,THS_PER,G,EMP_DC,SK,2019,384.19 ,384.19,,employment
A,THS_PER,G,SAL_DC,AT,2019,619.16 ,619.16,,employees
A,THS_PER,G,SAL_DC,BE,2019,513.20 ,513.2,,employees
A,THS_PER,G,SAL_DC,BG,2019,417.27 ,417.27,,employees
A,THS_PER,G,SAL_DC,CZ,2019,586.99 ,586.99,,employees
A,THS_PER,G,SAL_DC,DE,2019,5437.00 ,5437.0,,employees
A,THS_PER,G,SAL_DC,EE,2019,75.92 ,75.92,,employees
A,THS_PER,G,SAL_DC,ES,2019,2678.90 ,2678.9,,employees
A,THS_PER,G,SAL_DC,FI,2019,256.00 ,256.0,,employees
A,THS_PER,G,SAL_DC,FR,2019,3165.90 ,3165.9,,employees
A,THS_PER,G,SAL_DC,HU,2019,603.02 ,603.02,,employees
A,THS_PER,G,SAL_DC,IT,2019,2286.30 ,2286.3,,employees
A,THS_PER,G,SAL_DC,LV,2019,133.25 ,133.25,,employees
A,THS_PER,G,SAL_DC,NL,2019,1345.00 ,1345.0,,employees
A,THS_PER,G,SAL_DC,NO,2019,358.00 ,358.0,,employees
A,THS_PER,G,SAL_DC,PL,2019,1927.70 b,1927.7,b,employees
A,THS_PER,G,SAL_DC,PT,2019,662.58 ,662.58,,employees
A,THS_PER,G,SAL_DC,RO,2019,1201.80 ,1201.8,,employees
A,THS_PER,G,SAL_DC,SE,2019,595.00 ,595.0,,employees
A,THS_PER,G,SAL_DC,SI,2019,111.45 ,111.45,,employees
A,THS_PER,G,SAL_DC,SK,2019,321.49 ,321.49,,employees
A,THS_PER,H,EMP_DC,AT,2019,221.21 ,221.21,,employment
A,THS_PER,H,EMP_DC,BE,2019,261.70 ,261.7,,employment
A,THS_PER,H,EMP_DC,BG,2019,208.51 ,208.51,,employment
A,THS_PER,H,EMP_DC,CZ,2019,337.32 ,337.32,,employment
A,THS_PER,H,EMP_DC,DE,2019,2372.00 ,2372.0,,employment
A,THS_PER,H,EMP_DC,EE,2019,46.01 ,46.01,,employment
A,THS_PER,H,EMP_DC,ES,2019,916.60 ,916.6,,employment
A,THS_PER,H,EMP_DC,FI,2019,148.10 ,148.1,,employment
A,THS_PER,H,EMP_DC,FR,2019,1467.80 ,1467.8,,employment
A,THS_PER,H,EMP_DC,HU,2019,277.32 ,277.32,,employment
A,THS_PER,H,EMP_DC,IT,2019,1166.80 ,1166.8,,employment
A,THS_PER,H,EMP_DC,LV,2019,72.43 ,72.43,,employment
A,THS_PER,H,EMP_DC,NL,2019,414.00 ,414.0,,employment
A,THS_PER,H,EMP_DC,NO,2019,151.00 ,151.0,,employment
A,THS_PER,H,EMP_DC,PL,2019,1062.90 b,1062.9,b,employment
A,THS_PER,H,EMP_DC,PT,2019,190.58 ,190.58,,employment
A,THS_PER,H,EMP_DC,RO,2019,529.20 ,529.2,,employment
A,THS_PER,H,EMP_DC,SE,2019,267.00 ,267.0,,employment
A,THS_PER,H,EMP_DC,SI,2019,58.29 ,58.29,,employment
A,THS_PER,H,EMP_DC,SK,2019,149.03 ,149.03,,employment
A,THS_PER,H,SAL_DC,AT,2019,209.45 ,209.45,,employees
A,THS_PER,H,SAL_DC,BE,2019,254.60 ,254.6,,employees
A,THS_PER,H,SAL_DC,BG,2019,153.11 ,153.11,,employees
A,THS_PER,H,SAL_DC,CZ,2019,312.06 ,312.06,,employees
A,THS_PER,H,SAL_DC,DE,2019,2255.00 ,2255.0,,employees
A,THS_PER,H,SAL_DC,EE,2019,41.00 ,41.0,,employees
A,THS_PER,H,SAL_DC,ES,2019,749.90 ,749.9,,employees
A,THS_PER,H,SAL_DC,FI,2019,127.50 ,127.5,,employees
A,THS_PER,H,SAL_DC,FR,2019,1379.30 ,1379.3,,employees
A,THS_PER,H,SAL_DC,HU,2019,261.23 ,261.23,,employees
A,THS_PER,H,SAL_DC,IT,2019,1035.20 ,1035.2,,employees
A,THS_PER,H,SAL_DC,LV,2019,67.72 ,67.72,,employees
A,THS_PER,H,SAL_DC,NL,2019,376.00 ,376.0,,employees
A,THS_PER,H,SAL_DC,NO,2019,141.00 ,141.0,,employees
A,THS_PER,H,SAL_DC,PL,2019,920.80 b,920.8,b,employees
A,THS_PER,H,SAL_DC,PT,2019,179.88 ,179.88,,employees
A,THS_PER,H,SAL_DC,RO,2019,502.60 ,502.6,,employees
A,THS_PER,H,SAL_DC,SE,2019,257.00 ,257.0,,employees
A,THS_PER,H,SAL_DC,SI,2019,53.00 ,53.0,,employees
A,THS_PER,H,SAL_DC,SK,2019,140.21 ,140.21,,employees
A,THS_PER,I,EMP_DC,AT,2019,307.47 ,307.47,,employment
A,THS_PER,I,EMP_DC,BE,2019,151.60 ,151.6,,employment
A,THS_PER,I,EMP_DC,BG,2019,155.92 ,155.92,,employment
A,THS_PER,I,EMP_DC,CZ,2019,192.98 ,192.98,,employment
A,THS_PER,I,EMP_DC,DE,2019,1890.00 ,1890.0,,employment
A,THS_PER,I,EMP_DC,EE,2019,27.31 ,27.31,,employment
A,THS_PER,I,EMP_DC,ES,2019,1662.10 ,1662.1,,employment
A,THS_PER,I,EMP_DC,FI,2019,88.00 ,88.0,,employment
A,THS_PER,I,EMP_DC,FR,2019,1302.90 ,1302.9,,employment
A,THS_PER,I,EMP_DC,HU,2019,184.39 ,184.39,,employment
A,THS_PER,I,EMP_DC,IT,2019,1762.90 ,1762.9,,employment
A,THS_PER,I,EMP_DC,LV,2019,32.48 ,32.48,,employment
A,THS_PER,I,EMP_DC,NL,2019,465.00 ,465.0,,employment
A,THS_PER,I,EMP_DC,NO,2019,105.00 ,105.0,,employment
A,THS_PER,I,EMP_DC,PL,2019,423.80 b,423.8,b,employment
A,THS_PER,I,EMP_DC,PT,2019,374.21 ,374.21,,employment
A,THS_PER,I,EMP_DC,RO,2019,216.80 ,216.8,,employment
A,THS_PER,I,EMP_DC,SE,2019,193.00 ,193.0,,employment
A,THS_PER,I,EMP_DC,SI,2019,43.22 ,43.22,,employment
A,THS_PER,I,EMP_DC,SK,2019,100.37 ,100.37,,employment
A,THS_PER,I,SAL_DC,AT,2019,272.41 ,272.41,,employees
A,THS_PER,I,SAL_DC,BE,2019,126.80 ,126.8,,employees
A,THS_PER,I,SAL_DC,BG,2019,135.86 ,135.86,,employees
A,THS_PER,I,SAL_DC,CZ,2019,155.55 ,155.55,,employees
A,THS_PER,I,SAL_DC,DE,2019,1663.00 ,1663.0,,employees
A,THS_PER,I,SAL_DC,EE,2019,25.66 ,25.66,,employees
A,THS_PER,I,SAL_DC,ES,2019,1444.00 ,1444.0,,employees
A,THS_PER,I,SAL_DC,FI,2019,74.20 ,74.2,,employees
A,THS_PER,I,SAL_DC,FR,2019,1137.00 ,1137.0,,employees
A,THS_PER,I,SAL_DC,HU,2019,173.72 ,173.72,,employees
A,THS_PER,I,SAL_DC,IT,2019,1292.90 ,1292.9,,employees
A,THS_PER,I,SAL_DC,LV,2019,31.23 ,31.23,,employees
A,THS_PER,I,SAL_DC,NL,2019,398.00 ,398.0,,employees
A,THS_PER,I,SAL_DC,NO,2019,104.00 ,104.0,,employees
A,THS_PER,I,SAL_DC,PL,2019,359.30 b,359.3,b,employees
A,THS_PER,I,SAL_DC,PT,2019,307.69 ,307.69,,employees
A,THS_PER,I,SAL_DC,RO,2019,214.20 ,214.2,,employees
A,THS_PER,I,SAL_DC,SE,2019,187.00 ,187.0,,employees
A,THS_PER,I,SAL_DC,SI,2019,32.95 ,32.95,,employees
A,THS_PER,I,SAL_DC,SK,2019,90.78 ,90.78,,employees
A,THS_PER,J,EMP_DC,AT,2019,130.06 ,130.06,,employment
A,THS_PER,J,EMP_DC,BE,2019,125.40 ,125.4,,employment
A,THS_PER,J,EMP_DC,BG,2019,106.98 ,106.98,,employment
A,THS_PER,J,EMP_DC,CZ,2019,162.04 ,162.04,,employment
A,THS_PER,J,EMP_DC,DE,2019,1380.00 ,1380.0,,employment
A,THS_PER,J,EMP_DC,EE,2019,29.78 ,29.78,,employment
A,THS_PER,J,EMP_DC,ES,2019,520.10 ,520.1,,employment
A,THS_PER,J,EMP_DC,FI,2019,110.40 ,110.4,,employment
A,THS_PER,J,EMP_DC,FR,2019,980.80 ,980.8,,employment
A,THS_PER,J,EMP_DC,HU,2019,153.35 ,153.35,,employment
A,THS_PER,J,EMP_DC,IT,2019,631.80 ,631.8,,employment
A,THS_PER,J,EMP_DC,LV,2019,32.78 ,32.78,,employment
A,THS_PER,J,EMP_DC,NL,2019,317.00 ,317.0,,employment
A,THS_PER,J,EMP_DC,NO,2019,102.00 ,102.0,,employment
A,THS_PER,J,EMP_DC,PL,2019,473.80 b,473.8,b,employment
A,THS_PER,J,EMP_DC,PT,2019,110.72 ,110.72,,employment
A,THS_PER,J,EMP_DC,RO,2019,174.60 ,174.6,,employment
A,THS_PER,J,EMP_DC,SE,2019,220.00 ,220.0,,employment
A,THS_PER,J,EMP_DC,SI,2019,32.17 ,32.17,,employment
A,THS_PER,J,EMP_DC,SK,2019,73.24 ,73.24,,employment
A,THS_PER,J,SAL_DC,AT,2019,110.38 ,110.38,,employees
A,THS_PER,J,SAL_DC,BE,2019,112.70 ,112.7,,employees
A,THS_PER,J,SAL_DC,BG,2019,99.99 ,99.99,,employees
A,THS_PER,J,SAL_DC,CZ,2019,141.32 ,141.32,,employees
A,THS_PER,J,SAL_DC,DE,2019,1240.00 ,1240.0,,employees
A,THS_PER,J,SAL_DC,EE,2019,26.06 ,26.06,,employees
A,THS_PER,J,SAL_DC,ES,2019,480.30 ,480.3,,employees
A,THS_PER,J,SAL_DC,FI,2019,103.90 ,103.9,,employees
A,THS_PER,J,SAL_DC,FR,2019,909.30 ,909.3,,employees
A,THS_PER,J,SAL_DC,HU,2019,132.76 ,132.76,,employees
A,THS_PER,J,SAL_DC,IT,2019,514.60 ,514.6,,employees
A,THS_PER,J,SAL_DC,LV,2019,27.98 ,27.98,,employees
A,THS_PER,J,SAL_DC,NL,2019,272.00 ,272.0,,employees
A,THS_PER,J,SAL_DC,NO,2019,99.00 ,99.0,,employees
A,THS_PER,J,SAL_DC,PL,2019,362.20 b,362.2,b,employees
A,THS_PER,J,SAL_DC,PT,2019,104.97 ,104.97,,employees
A,THS_PER,J,SAL_DC,RO,2019,171.30 ,171.3,,employees
A,THS_PER,J,SAL_DC,SE,2019,211.00 ,211.0,,employees
A,THS_PER,J,SAL_DC,SI,2019,25.51 ,25.51,,employees
A,THS_PER,J,SAL_DC,SK,2019,62.73 ,62.73,,employees
A,THS_PER,L,EMP_DC,AT,2019,71.56 ,71.56,,employment
A,THS_PER,L,EMP_DC,BE,2019,28.70 ,28.7,,employment
A,THS_PER,L,EMP_DC,BG,2019,26.23 ,26.23,,employment
A,THS_PER,L,EMP_DC,CZ,2019,91.15 ,91.15,,employment
A,THS_PER,L,EMP_DC,DE,2019,479.00 ,479.0,,employment
A,THS_PER,L,EMP_DC,EE,2019,10.42 ,10.42,,employment
A,THS_PER,L,EMP_DC,ES,2019,226.70 ,226.7,,employment
A,THS_PER,L,EMP_DC,FI,2019,26.00 ,26.0,,employment
A,THS_PER,L,EMP_DC,FR,2019,373.00 ,373.0,,employment
A,THS_PER,L,EMP_DC,HU,2019,75.63 ,75.63,,employment
A,THS_PER,L,EMP_DC,IT,2019,194.00 ,194.0,,employment
A,THS_PER,L,EMP_DC,LV,2019,23.99 ,23.99,,employment
A,THS_PER,L,EMP_DC,NL,2019,76.00 ,76.0,,employment
A,THS_PER,L,EMP_DC,NO,2019,28.00 ,28.0,,employment
A,THS_PER,L,EMP_DC,PL,2019,165.80 b,165.8,b,employment
A,THS_PER,L,EMP_DC,PT,2019,57.05 ,57.05,,employment
A,THS_PER,L,EMP_DC,RO,2019,30.70 ,30.7,,employment
A,THS_PER,L,EMP_DC,SE,2019,89.00 ,89.0,,employment
A,THS_PER,L,EMP_DC,SI,2019,6.84 ,6.84,,employment
A,THS_PER,L,EMP_DC,SK,2019,28.80 ,28.8,,employment
A,THS_PER,L,SAL_DC,AT,2019,56.33 ,56.33,,employees
A,THS_PER,L,SAL_DC,BE,2019,23.90 ,23.9,,employees
A,THS_PER,L,SAL_DC,BG,2019,23.09 ,23.09,,employees
A,THS_PER,L,SAL_DC,CZ,2019,61.09 ,61.09,,employees
A,THS_PER,L,SAL_DC,DE,2019,428.00 ,428.0,,employees
A,THS_PER,L,SAL_DC,EE,2019,8.74 ,8.74,,employees
A,THS_PER,L,SAL_DC,ES,2019,150.60 ,150.6,,employees
A,THS_PER,L,SAL_DC,FI,2019,22.40 ,22.4,,employees
A,THS_PER,L,SAL_DC,FR,2019,327.90 ,327.9,,employees
A,THS_PER,L,SAL_DC,HU,2019,73.38 ,73.38,,employees
A,THS_PER,L,SAL_DC,IT,2019,78.60 ,78.6,,employees
A,THS_PER,L,SAL_DC,LV,2019,21.19 ,21.19,,employees
A,THS_PER,L,SAL_DC,NL,2019,66.00 ,66.0,,employees
A,THS_PER,L,SAL_DC,NO,2019,25.00 ,25.0,,employees
A,THS_PER,L,SAL_DC,PL,2019,130.40 b,130.4,b,employees
A,THS_PER,L,SAL_DC,PT,2019,36.30 ,36.3,,employees
A,THS_PER,L,SAL_DC,RO,2019,30.20 ,30.2,,employees
A,THS_PER,L,SAL_DC,SE,2019,82.00 ,82.0,,employees
A,THS_PER,L,SAL_DC,SI,2019,5.37 ,5.37,,employees
A,THS_PER,L,SAL_DC,SK,2019,27.11 ,27.11,,employees
A,THS_PER,M,EMP_DC,AT,2019,280.39 ,280.39,,employment
A,THS_PER,M,EMP_DC,BE,2019,628.60 ,628.6,,employment
A,THS_PER,M,EMP_DC,BG,2019,112.58 ,112.58,,employment
A,THS_PER,M,EMP_DC,CZ,2019,318.54 ,318.54,,employment
A,THS_PER,M,EMP_DC,DE,2019,2945.00 ,2945.0,,employment
A,THS_PER,M,EMP_DC,EE,2019,30.24 ,30.24,,employment
A,THS_PER,M,EMP_DC,ES,2019,1098.30 ,1098.3,,employment
A,THS_PER,M,EMP_DC,FI,2019,163.20 ,163.2,,employment
A,THS_PER,M,EMP_DC,FR,2019,2005.20 ,2005.2,,employment
A,THS_PER,M,EMP_DC,HU,2019,266.37 ,266.37,,employment
A,THS_PER,M,EMP_DC,IT,2019,1693.80 ,1693.8,,employment
A,THS_PER,M,EMP_DC,LV,2019,37.33 ,37.33,,employment
A,THS_PER,M,EMP_DC,NL,2019,765.00 ,765.0,,employment
A,THS_PER,M,EMP_DC,NO,2019,143.00 ,143.0,,employment
A,THS_PER,M,EMP_DC,PL,2019,670.10 b,670.1,b,employment
A,THS_PER,M,EMP_DC,PT,2019,238.64 ,238.64,,employment
A,THS_PER,M,EMP_DC,RO,2019,188.00 ,188.0,,employment
A,THS_PER,M,EMP_DC,SE,2019,363.00 ,363.0,,employment
A,THS_PER,M,EMP_DC,SI,2019,80.56 ,80.56,,employment
A,THS_PER,M,EMP_DC,SK,2019,145.64 ,145.64,,employment
A,THS_PER,M,SAL_DC,AT,2019,200.03 ,200.03,,employees
A,THS_PER,M,SAL_DC,BE,2019,177.20 ,177.2,,employees
A,THS_PER,M,SAL_DC,BG,2019,85.34 ,85.34,,employees
A,THS_PER,M,SAL_DC,CZ,2019,215.11 ,215.11,,employees
A,THS_PER,M,SAL_DC,DE,2019,2349.00 ,2349.0,,employees
A,THS_PER,M,SAL_DC,EE,2019,20.96 ,20.96,,employees
A,THS_PER,M,SAL_DC,ES,2019,816.10 ,816.1,,employees
A,THS_PER,M,SAL_DC,FI,2019,124.70 ,124.7,,employees
A,THS_PER,M,SAL_DC,FR,2019,1656.90 ,1656.9,,employees
A,THS_PER,M,SAL_DC,HU,2019,234.54 ,234.54,,employees
A,THS_PER,M,SAL_DC,IT,2019,654.50 ,654.5,,employees
A,THS_PER,M,SAL_DC,LV,2019,30.88 ,30.88,,employees
A,THS_PER,M,SAL_DC,NL,2019,557.00 ,557.0,,employees
A,THS_PER,M,SAL_DC,NO,2019,131.00 ,131.0,,employees
A,THS_PER,M,SAL_DC,PL,2019,425.20 b,425.2,b,employees
A,THS_PER,M,SAL_DC,PT,2019,186.60 ,186.6,,employees
A,THS_PER,M,SAL_DC,RO,2019,169.00 ,169.0,,employees
A,THS_PER,M,SAL_DC,SE,2019,329.00 ,329.0,,employees
A,THS_PER,M,SAL_DC,SI,2019,49.47 ,49.47,,employees
A,THS_PER,M,SAL_DC,SK,2019,106.67 ,106.67,,employees
A,THS_PER,N,EMP_DC,AT,2019,274.34 ,274.34,,employment
A,THS_PER,N,EMP_DC,BE,2019,466.70 ,466.7,,employment
A,THS_PER,N,EMP_DC,BG,2019,135.72 ,135.72,,employment
A,THS_PER,N,EMP_DC,CZ,2019,154.82 ,154.82,,employment
A,THS_PER,N,EMP_DC,DE,2019,3255.00 ,3255.0,,employment
A,THS_PER,N,EMP_DC,EE,2019,23.59 ,23.59,,employment
A,THS_PER,N,EMP_DC,ES,2019,1459.80 ,1459.8,,employment
A,THS_PER,N,EMP_DC,FI,2019,197.20 ,197.2,,employment
A,THS_PER,N,EMP_DC,FR,2019,2393.80 ,2393.8,,employment
A,THS_PER,N,EMP_DC,HU,2019,258.75 ,258.75,,employment
A,THS_PER,N,EMP_DC,IT,2019,1510.40 ,1510.4,,employment
A,THS_PER,N,EMP_DC,LV,2019,33.48 ,33.48,,employment
A,THS_PER,N,EMP_DC,NL,2019,1270.00 ,1270.0,,employment
A,THS_PER,N,EMP_DC,NO,2019,136.00 ,136.0,,employment
A,THS_PER,N,EMP_DC,PL,2019,457.70 b,457.7,b,employment
A,THS_PER,N,EMP_DC,PT,2019,387.33 ,387.33,,employment
A,THS_PER,N,EMP_DC,RO,2019,216.80 ,216.8,,employment
A,THS_PER,N,EMP_DC,SE,2019,286.00 ,286.0,,employment
A,THS_PER,N,EMP_DC,SI,2019,54.33 ,54.33,,employment
A,THS_PER,N,EMP_DC,SK,2019,112.24 ,112.24,,employment
A,THS_PER,N,SAL_DC,AT,2019,249.22 ,249.22,,employees
A,THS_PER,N,SAL_DC,BE,2019,441.00 ,441.0,,employees
A,THS_PER,N,SAL_DC,BG,2019,130.69 ,130.69,,employees
A,THS_PER,N,SAL_DC,CZ,2019,139.96 ,139.96,,employees
A,THS_PER,N,SAL_DC,DE,2019,3009.00 ,3009.0,,employees
A,THS_PER,N,SAL_DC,EE,2019,21.53 ,21.53,,employees
A,THS_PER,N,SAL_DC,ES,2019,1359.10 ,1359.1,,employees
A,THS_PER,N,SAL_DC,FI,2019,185.00 ,185.0,,employees
A,THS_PER,N,SAL_DC,FR,2019,2280.90 ,2280.9,,employees
A,THS_PER,N,SAL_DC,HU,2019,243.91 ,243.91,,employees
A,THS_PER,N,SAL_DC,IT,2019,1290.90 ,1290.9,,employees
A,THS_PER,N,SAL_DC,LV,2019,30.07 ,30.07,,employees
A,THS_PER,N,SAL_DC,NL,2019,993.00 ,993.0,,employees
A,THS_PER,N,SAL_DC,NO,2019,132.00 ,132.0,,employees
A,THS_PER,N,SAL_DC,PL,2019,407.50 b,407.5,b,employees
A,THS_PER,N,SAL_DC,PT,2019,298.54 ,298.54,,employees
A,THS_PER,N,SAL_DC,RO,2019,214.80 ,214.8,,employees
A,THS_PER,N,SAL_DC,SE,2019,276.00 ,276.0,,employees
A,THS_PER,N,SAL_DC,SI,2019,48.04 ,48.04,,employees
A,THS_PER,N,SAL_DC,SK,2019,99.84 ,99.84,,employees
A,THS_PER,B,EMP_DC,AT,2020,6.20 ,6.2,,employment
A,THS_PER,B,EMP_DC,BE,2020,2.50 ,2.5,,employment
A,THS_PER,B,EMP_DC,BG,2020,21.97 ,21.97,,employment
A,THS_PER,B,EMP_DC,CZ,2020,25.42 ,25.42,,employment
A,THS_PER,B,EMP_DC,DE,2020,43.00 ,43.0,,employment
A,THS_PER,B,EMP_DC,EE,2020,3.99 ,3.99,,employment
A,THS_PER,B,EMP_DC,ES,2020,19.70 ,19.7,,employment
A,THS_PER,B,EMP_DC,FI,2020,8.30 ,8.3,,employment
A,THS_PER,B,EMP_DC,FR,2020,16.30 ,16.3,,employment
A,THS_PER,B,EMP_DC,HU,2020,7.36 ,7.36,,employment
A,THS_PER,B,EMP_DC,IT,2020,19.90 ,19.9,,employment
A,THS_PER,B,EMP_DC,LV,2020,2.60 ,2.6,,employment
A,THS_PER,B,EMP_DC,NL,2020,8.00 ,8.0,,employment
A,THS_PER,B,EMP_DC,NO,2020,64.00 ,64.0,,employment
A,THS_PER,B,EMP_DC,PL,2020,214.20 ,214.2,,employment
A,THS_PER,B,EMP_DC,PT,2020,10.96 ,10.96,,employment
A,THS_PER,B,EMP_DC,RO,2020,60.00 ,60.0,,employment
A,THS_PER,B,EMP_DC,SE,2020,10.00 ,10.0,,employment
A,THS_PER,B,EMP_DC,SI,2020,2.36 ,2.36,,employment
A,THS_PER,B,EMP_DC,SK,2020,5.35 ,5.35,,employment
A,THS_PER,B,SAL_DC,AT,2020,6.01 ,6.01,,employees
A,THS_PER,B,SAL_DC,BE,2020,2.50 ,2.5,,employees
A,THS_PER,B,SAL_DC,BG,2020,21.83 ,21.83,,employees
A,THS_PER,B,SAL_DC,CZ,2020,25.30 ,25.3,,employees
A,THS_PER,B,SAL_DC,DE,2020,41.00 ,41.0,,employees
A,THS_PER,B,SAL_DC,EE,2020,3.92 ,3.92,,employees
A,THS_PER,B,SAL_DC,ES,2020,19.30 ,19.3,,employees
A,THS_PER,B,SAL_DC,FI,2020,7.40 ,7.4,,employees
A,THS_PER,B,SAL_DC,FR,2020,15.70 ,15.7,,employees
A,THS_PER,B,SAL_DC,HU,2020,7.34 ,7.34,,employees
A,THS_PER,B,SAL_DC,IT,2020,18.60 ,18.6,,employees
A,THS_PER,B,SAL_DC,LV,2020,2.60 ,2.6,,employees
A,THS_PER,B,SAL_DC,NL,2020,8.00 ,8.0,,employees
A,THS_PER,B,SAL_DC,NO,2020,63.00 ,63.0,,employees
A,THS_PER,B,SAL_DC,PL,2020,213.70 ,213.7,,employees
A,THS_PER,B,SAL_DC,PT,2020,9.76 ,9.76,,employees
A,THS_PER,B,SAL_DC,RO,2020,59.90 ,59.9,,employees
A,THS_PER,B,SAL_DC,SE,2020,10.00 ,10.0,,employees
A,THS_PER,B,SAL_DC,SI,2020,2.33 ,2.33,,employees
A,THS_PER,B,SAL_DC,SK,2020,5.29 ,5.29,,employees
A,THS_PER,C,EMP_DC,AT,2020,671.57 ,671.57,,employment
A,THS_PER,C,EMP_DC,BE,2020,500.50 ,500.5,,employment
A,THS_PER,C,EMP_DC,BG,2020,581.35 ,581.35,,employment
A,THS_PER,C,EMP_DC,CZ,2020,1350.13 ,1350.13,,employment
A,THS_PER,C,EMP_DC,DE,2020,7586.00 ,7586.0,,employment
A,THS_PER,C,EMP_DC,EE,2020,119.03 ,119.03,,employment
A,THS_PER,C,EMP_DC,ES,2020,2067.00 ,2067.0,,employment
A,THS_PER,C,EMP_DC,FI,2020,337.20 ,337.2,,employment
A,THS_PER,C,EMP_DC,FR,2020,2694.40 ,2694.4,,employment
A,THS_PER,C,EMP_DC,HU,2020,854.77 ,854.77,,employment
A,THS_PER,C,EMP_DC,IT,2020,3812.50 ,3812.5,,employment
A,THS_PER,C,EMP_DC,LV,2020,114.64 ,114.64,,employment
A,THS_PER,C,EMP_DC,NL,2020,725.00 ,725.0,,employment
A,THS_PER,C,EMP_DC,NO,2020,219.00 ,219.0,,employment
A,THS_PER,C,EMP_DC,PL,2020,3343.80 ,3343.8,,employment
A,THS_PER,C,EMP_DC,PT,2020,725.16 ,725.16,,employment
A,THS_PER,C,EMP_DC,RO,2020,1485.40 ,1485.4,,employment
A,THS_PER,C,EMP_DC,SE,2020,546.00 ,546.0,,employment
A,THS_PER,C,EMP_DC,SI,2020,215.71 ,215.71,,employment
A,THS_PER,C,EMP_DC,SK,2020,514.96 ,514.96,,employment
A,THS_PER,C,SAL_DC,AT,2020,650.56 ,650.56,,employees
A,THS_PER,C,SAL_DC,BE,2020,481.40 ,481.4,,employees
A,THS_PER,C,SAL_DC,BG,2020,535.33 ,535.33,,employees
A,THS_PER,C,SAL_DC,CZ,2020,1243.79 ,1243.79,,employees
A,THS_PER,C,SAL_DC,DE,2020,7341.00 ,7341.0,,employees
A,THS_PER,C,SAL_DC,EE,2020,112.53 ,112.53,,employees
A,THS_PER,C,SAL_DC,ES,2020,1968.60 ,1968.6,,employees
A,THS_PER,C,SAL_DC,FI,2020,321.00 ,321.0,,employees
A,THS_PER,C,SAL_DC,FR,2020,2549.30 ,2549.3,,employees
A,THS_PER,C,SAL_DC,HU,2020,828.59 ,828.59,,employees
A,THS_PER,C,SAL_DC,IT,2020,3383.70 ,3383.7,,employees
A,THS_PER,C,SAL_DC,LV,2020,107.37 ,107.37,,employees
A,THS_PER,C,SAL_DC,NL,2020,677.00 ,677.0,,employees
A,THS_PER,C,SAL_DC,NO,2020,216.00 ,216.0,,employees
A,THS_PER,C,SAL_DC,PL,2020,3122.50 ,3122.5,,employees
A,THS_PER,C,SAL_DC,PT,2020,689.38 ,689.38,,employees
A,THS_PER,C,SAL_DC,RO,2020,1460.10 ,1460.1,,employees
A,THS_PER,C,SAL_DC,SE,2020,535.00 ,535.0,,employees
A,THS_PER,C,SAL_DC,SI,2020,203.19 ,203.19,,employees
A,THS_PER,C,SAL_DC,SK,2020,464.77 ,464.77,,employees
A,THS_PER,D,EMP_DC,AT,2020,27.23 ,27.23,,employment
A,THS_PER,D,EMP_DC,BE,2020,18.60 ,18.6,,employment
A,THS_PER,D,EMP_DC,BG,2020,30.78 ,30.78,,employment
A,THS_PER,D,EMP_DC,CZ,2020,39.93 ,39.93,,employment
A,THS_PER,D,EMP_DC,DE,2020,268.00 ,268.0,,employment
A,THS_PER,D,EMP_DC,EE,2020,4.97 ,4.97,,employment
A,THS_PER,D,EMP_DC,ES,2020,41.20 ,41.2,,employment
A,THS_PER,D,EMP_DC,FI,2020,13.30 ,13.3,,employment
A,THS_PER,D,EMP_DC,FR,2020,121.30 ,121.3,,employment
A,THS_PER,D,EMP_DC,HU,2020,23.96 ,23.96,,employment
A,THS_PER,D,EMP_DC,IT,2020,77.80 ,77.8,,employment
A,THS_PER,D,EMP_DC,LV,2020,10.62 ,10.62,,employment
A,THS_PER,D,EMP_DC,NL,2020,28.00 ,28.0,,employment
A,THS_PER,D,EMP_DC,NO,2020,17.00 ,17.0,,employment
A,THS_PER,D,EMP_DC,PL,2020,177.30 ,177.3,,employment
A,THS_PER,D,EMP_DC,PT,2020,8.92 ,8.92,,employment
A,THS_PER,D,EMP_DC,RO,2020,87.50 ,87.5,,employment
A,THS_PER,D,EMP_DC,SE,2020,30.00 ,30.0,,employment
A,THS_PER,D,EMP_DC,SI,2020,8.77 ,8.77,,employment
A,THS_PER,D,EMP_DC,SK,2020,17.54 ,17.54,,employment
A,THS_PER,D,SAL_DC,AT,2020,26.86 ,26.86,,employees
A,THS_PER,D,SAL_DC,BE,2020,18.60 ,18.6,,employees
A,THS_PER,D,SAL_DC,BG,2020,30.35 ,30.35,,employees
A,THS_PER,D,SAL_DC,CZ,2020,36.63 ,36.63,,employees
A,THS_PER,D,SAL_DC,DE,2020,268.00 ,268.0,,employees
A,THS_PER,D,SAL_DC,EE,2020,4.95 ,4.95,,employees
A,THS_PER,D,SAL_DC,ES,2020,38.20 ,38.2,,employees
A,THS_PER,D,SAL_DC,FI,2020,13.10 ,13.1,,employees
A,THS_PER,D,SAL_DC,FR,2020,119.50 ,119.5,,employees
A,THS_PER,D,SAL_DC,HU,2020,23.96 ,23.96,,employees
A,THS_PER,D,SAL_DC,IT,2020,75.50 ,75.5,,employees
A,THS_PER,D,SAL_DC,LV,2020,10.54 ,10.54,,employees
A,THS_PER,D,SAL_DC,NL,2020,27.00 ,27.0,,employees
A,THS_PER,D,SAL_DC,NO,2020,17.00 ,17.0,,employees
A,THS_PER,D,SAL_DC,PL,2020,172.00 ,172.0,,employees
A,THS_PER,D,SAL_DC,PT,2020,8.92 ,8.92,,employees
A,THS_PER,D,SAL_DC,RO,2020,87.40 ,87.4,,employees
A,THS_PER,D,SAL_DC,SE,2020,30.00 ,30.0,,employees
A,THS_PER,D,SAL_DC,SI,2020,7.87 ,7.87,,employees
A,THS_PER,D,SAL_DC,SK,2020,17.51 ,17.51,,employees
A,THS_PER,E,EMP_DC,AT,2020,24.31 ,24.31,,employment
A,THS_PER,E,EMP_DC,BE,2020,34.20 ,34.2,,employment
A,THS_PER,E,EMP_DC,BG,2020,39.60 ,39.6,,employment
A,THS_PER,E,EMP_DC,CZ,2020,61.35 ,61.35,,employment
A,THS_PER,E,EMP_DC,DE,2020,293.00 ,293.0,,employment
A,THS_PER,E,EMP_DC,EE,2020,3.82 ,3.82,,employment
A,THS_PER,E,EMP_DC,ES,2020,201.50 ,201.5,,employment
A,THS_PER,E,EMP_DC,FI,2020,14.20 ,14.2,,employment
A,THS_PER,E,EMP_DC,FR,2020,147.40 ,147.4,,employment
A,THS_PER,E,EMP_DC,HU,2020,49.69 ,49.69,,employment
A,THS_PER,E,EMP_DC,IT,2020,228.20 ,228.2,,employment
A,THS_PER,E,EMP_DC,LV,2020,7.26 ,7.26,,employment
A,THS_PER,E,EMP_DC,NL,2020,36.00 ,36.0,,employment
A,THS_PER,E,EMP_DC,NO,2020,18.00 ,18.0,,employment
A,THS_PER,E,EMP_DC,PL,2020,194.70 ,194.7,,employment
A,THS_PER,E,EMP_DC,PT,2020,44.00 ,44.0,,employment
A,THS_PER,E,EMP_DC,RO,2020,123.40 ,123.4,,employment
A,THS_PER,E,EMP_DC,SE,2020,29.00 ,29.0,,employment
A,THS_PER,E,EMP_DC,SI,2020,10.75 ,10.75,,employment
A,THS_PER,E,EMP_DC,SK,2020,24.57 ,24.57,,employment
A,THS_PER,E,SAL_DC,AT,2020,23.97 ,23.97,,employees
A,THS_PER,E,SAL_DC,BE,2020,33.80 ,33.8,,employees
A,THS_PER,E,SAL_DC,BG,2020,38.92 ,38.92,,employees
A,THS_PER,E,SAL_DC,CZ,2020,58.52 ,58.52,,employees
A,THS_PER,E,SAL_DC,DE,2020,284.00 ,284.0,,employees
A,THS_PER,E,SAL_DC,EE,2020,3.63 ,3.63,,employees
A,THS_PER,E,SAL_DC,ES,2020,198.50 ,198.5,,employees
A,THS_PER,E,SAL_DC,FI,2020,13.80 ,13.8,,employees
A,THS_PER,E,SAL_DC,FR,2020,141.10 ,141.1,,employees
A,THS_PER,E,SAL_DC,HU,2020,48.72 ,48.72,,employees
A,THS_PER,E,SAL_DC,IT,2020,220.70 ,220.7,,employees
A,THS_PER,E,SAL_DC,LV,2020,7.26 ,7.26,,employees
A,THS_PER,E,SAL_DC,NL,2020,35.00 ,35.0,,employees
A,THS_PER,E,SAL_DC,NO,2020,18.00 ,18.0,,employees
A,THS_PER,E,SAL_DC,PL,2020,190.90 ,190.9,,employees
A,THS_PER,E,SAL_DC,PT,2020,43.70 ,43.7,,employees
A,THS_PER,E,SAL_DC,RO,2020,109.60 ,109.6,,employees
A,THS_PER,E,SAL_DC,SE,2020,29.00 ,29.0,,employees
A,THS_PER,E,SAL_DC,SI,2020,10.68 ,10.68,,employees
A,THS_PER,E,SAL_DC,SK,2020,24.17 ,24.17,,employees
A,THS_PER,F,EMP_DC,AT,2020,311.51 ,311.51,,employment
A,THS_PER,F,EMP_DC,BE,2020,273.20 ,273.2,,employment
A,THS_PER,F,EMP_DC,BG,2020,190.33 ,190.33,,employment
A,THS_PER,F,EMP_DC,CZ,2020,386.40 ,386.4,,employment
A,THS_PER,F,EMP_DC,DE,2020,2593.00 ,2593.0,,employment
A,THS_PER,F,EMP_DC,EE,2020,50.36 ,50.36,,employment
A,THS_PER,F,EMP_DC,ES,2020,1287.30 ,1287.3,,employment
A,THS_PER,F,EMP_DC,FI,2020,198.50 ,198.5,,employment
A,THS_PER,F,EMP_DC,FR,2020,1912.70 ,1912.7,,employment
A,THS_PER,F,EMP_DC,HU,2020,371.54 ,371.54,,employment
A,THS_PER,F,EMP_DC,IT,2020,1539.00 ,1539.0,,employment
A,THS_PER,F,EMP_DC,LV,2020,63.29 ,63.29,,employment
A,THS_PER,F,EMP_DC,NL,2020,525.00 ,525.0,,employment
A,THS_PER,F,EMP_DC,NO,2020,247.00 ,247.0,,employment
A,THS_PER,F,EMP_DC,PL,2020,1306.30 ,1306.3,,employment
A,THS_PER,F,EMP_DC,PT,2020,333.68 ,333.68,,employment
A,THS_PER,F,EMP_DC,RO,2020,737.10 ,737.1,,employment
A,THS_PER,F,EMP_DC,SE,2020,374.00 ,374.0,,employment
A,THS_PER,F,EMP_DC,SI,2020,75.89 ,75.89,,employment
A,THS_PER,F,EMP_DC,SK,2020,181.83 ,181.83,,employment
A,THS_PER,F,SAL_DC,AT,2020,286.35 ,286.35,,employees
A,THS_PER,F,SAL_DC,BE,2020,213.70 ,213.7,,employees
A,THS_PER,F,SAL_DC,BG,2020,154.37 ,154.37,,employees
A,THS_PER,F,SAL_DC,CZ,2020,257.03 ,257.03,,employees
A,THS_PER,F,SAL_DC,DE,2020,2125.00 ,2125.0,,employees
A,THS_PER,F,SAL_DC,EE,2020,39.44 ,39.44,,employees
A,THS_PER,F,SAL_DC,ES,2020,1041.20 ,1041.2,,employees
A,THS_PER,F,SAL_DC,FI,2020,163.30 ,163.3,,employees
A,THS_PER,F,SAL_DC,FR,2020,1551.60 ,1551.6,,employees
A,THS_PER,F,SAL_DC,HU,2020,319.99 ,319.99,,employees
A,THS_PER,F,SAL_DC,IT,2020,954.80 ,954.8,,employees
A,THS_PER,F,SAL_DC,LV,2020,54.58 ,54.58,,employees
A,THS_PER,F,SAL_DC,NL,2020,327.00 ,327.0,,employees
A,THS_PER,F,SAL_DC,NO,2020,231.00 ,231.0,,employees
A,THS_PER,F,SAL_DC,PL,2020,942.30 ,942.3,,employees
A,THS_PER,F,SAL_DC,PT,2020,286.35 ,286.35,,employees
A,THS_PER,F,SAL_DC,RO,2020,566.50 ,566.5,,employees
A,THS_PER,F,SAL_DC,SE,2020,343.00 ,343.0,,employees
A,THS_PER,F,SAL_DC,SI,2020,62.41 ,62.41,,employees
A,THS_PER,F,SAL_DC,SK,2020,101.77 ,101.77,,employees
A,THS_PER,G,EMP_DC,AT,2020,674.30 ,674.3,,employment
A,THS_PER,G,EMP_DC,BE,2020,571.60 ,571.6,,employment
A,THS_PER,G,EMP_DC,BG,2020,517.63 ,517.63,,employment
A,THS_PER,G,EMP_DC,CZ,2020,689.38 ,689.38,,employment
A,THS_PER,G,EMP_DC,DE,2020,5921.00 ,5921.0,,employment
A,THS_PER,G,EMP_DC,EE,2020,83.56 ,83.56,,employment
A,THS_PER,G,EMP_DC,ES,2020,3391.30 ,3391.3,,employment
A,THS_PER,G,EMP_DC,FI,2020,276.70 ,276.7,,employment
A,THS_PER,G,EMP_DC,FR,2020,3625.00 ,3625.0,,employment
A,THS_PER,G,EMP_DC,HU,2020,638.63 ,638.63,,employment
A,THS_PER,G,EMP_DC,IT,2020,3649.30 ,3649.3,,employment
A,THS_PER,G,EMP_DC,LV,2020,141.61 ,141.61,,employment
A,THS_PER,G,EMP_DC,NL,2020,1511.00 ,1511.0,,employment
A,THS_PER,G,EMP_DC,NO,2020,357.00 ,357.0,,employment
A,THS_PER,G,EMP_DC,PL,2020,2296.10 ,2296.1,,employment
A,THS_PER,G,EMP_DC,PT,2020,719.90 ,719.9,,employment
A,THS_PER,G,EMP_DC,RO,2020,1281.90 ,1281.9,,employment
A,THS_PER,G,EMP_DC,SE,2020,603.00 ,603.0,,employment
A,THS_PER,G,EMP_DC,SI,2020,125.04 ,125.04,,employment
A,THS_PER,G,EMP_DC,SK,2020,376.30 ,376.3,,employment
A,THS_PER,G,SAL_DC,AT,2020,610.31 ,610.31,,employees
A,THS_PER,G,SAL_DC,BE,2020,512.10 ,512.1,,employees
A,THS_PER,G,SAL_DC,BG,2020,407.52 ,407.52,,employees
A,THS_PER,G,SAL_DC,CZ,2020,582.36 ,582.36,,employees
A,THS_PER,G,SAL_DC,DE,2020,5400.00 ,5400.0,,employees
A,THS_PER,G,SAL_DC,EE,2020,74.86 ,74.86,,employees
A,THS_PER,G,SAL_DC,ES,2020,2618.50 ,2618.5,,employees
A,THS_PER,G,SAL_DC,FI,2020,246.10 ,246.1,,employees
A,THS_PER,G,SAL_DC,FR,2020,3198.50 ,3198.5,,employees
A,THS_PER,G,SAL_DC,HU,2020,589.29 ,589.29,,employees
A,THS_PER,G,SAL_DC,IT,2020,2257.80 ,2257.8,,employees
A,THS_PER,G,SAL_DC,LV,2020,128.44 ,128.44,,employees
A,THS_PER,G,SAL_DC,NL,2020,1350.00 ,1350.0,,employees
A,THS_PER,G,SAL_DC,NO,2020,352.00 ,352.0,,employees
A,THS_PER,G,SAL_DC,PL,2020,1882.80 ,1882.8,,employees
A,THS_PER,G,SAL_DC,PT,2020,636.32 ,636.32,,employees
A,THS_PER,G,SAL_DC,RO,2020,1237.50 ,1237.5,,employees
A,THS_PER,G,SAL_DC,SE,2020,582.00 ,582.0,,employees
A,THS_PER,G,SAL_DC,SI,2020,111.40 ,111.4,,employees
A,THS_PER,G,SAL_DC,SK,2020,316.94 ,316.94,,employees
A,THS_PER,H,EMP_DC,AT,2020,216.15 ,216.15,,employment
A,THS_PER,H,EMP_DC,BE,2020,263.50 ,263.5,,employment
A,THS_PER,H,EMP_DC,BG,2020,200.86 ,200.86,,employment
A,THS_PER,H,EMP_DC,CZ,2020,327.75 ,327.75,,employment
A,THS_PER,H,EMP_DC,DE,2020,2374.00 ,2374.0,,employment
A,THS_PER,H,EMP_DC,EE,2020,44.70 ,44.7,,employment
A,THS_PER,H,EMP_DC,ES,2020,863.10 ,863.1,,employment
A,THS_PER,H,EMP_DC,FI,2020,139.80 ,139.8,,employment
A,THS_PER,H,EMP_DC,FR,2020,1485.60 ,1485.6,,employment
A,THS_PER,H,EMP_DC,HU,2020,263.96 ,263.96,,employment
A,THS_PER,H,EMP_DC,IT,2020,1146.30 ,1146.3,,employment
A,THS_PER,H,EMP_DC,LV,2020,68.49 ,68.49,,employment
A,THS_PER,H,EMP_DC,NL,2020,408.00 ,408.0,,employment
A,THS_PER,H,EMP_DC,NO,2020,143.00 ,143.0,,employment
A,THS_PER,H,EMP_DC,PL,2020,1121.30 ,1121.3,,employment
A,THS_PER,H,EMP_DC,PT,2020,186.45 ,186.45,,employment
A,THS_PER,H,EMP_DC,RO,2020,535.10 ,535.1,,employment
A,THS_PER,H,EMP_DC,SE,2020,257.00 ,257.0,,employment
A,THS_PER,H,EMP_DC,SI,2020,57.22 ,57.22,,employment
A,THS_PER,H,EMP_DC,SK,2020,145.50 ,145.5,,employment
A,THS_PER,H,SAL_DC,AT,2020,204.49 ,204.49,,employees
A,THS_PER,H,SAL_DC,BE,2020,256.20 ,256.2,,employees
A,THS_PER,H,SAL_DC,BG,2020,150.30 ,150.3,,employees
A,THS_PER,H,SAL_DC,CZ,2020,302.37 ,302.37,,employees
A,THS_PER,H,SAL_DC,DE,2020,2262.00 ,2262.0,,employees
A,THS_PER,H,SAL_DC,EE,2020,39.92 ,39.92,,employees
A,THS_PER,H,SAL_DC,ES,2020,702.40 ,702.4,,employees
A,THS_PER,H,SAL_DC,FI,2020,120.30 ,120.3,,employees
A,THS_PER,H,SAL_DC,FR,2020,1383.50 ,1383.5,,employees
A,THS_PER,H,SAL_DC,HU,2020,246.94 ,246.94,,employees
A,THS_PER,H,SAL_DC,IT,2020,1022.10 ,1022.1,,employees
A,THS_PER,H,SAL_DC,LV,2020,65.09 ,65.09,,employees
A,THS_PER,H,SAL_DC,NL,2020,370.00 ,370.0,,employees
A,THS_PER,H,SAL_DC,NO,2020,134.00 ,134.0,,employees
A,THS_PER,H,SAL_DC,PL,2020,980.30 ,980.3,,employees
A,THS_PER,H,SAL_DC,PT,2020,175.76 ,175.76,,employees
A,THS_PER,H,SAL_DC,RO,2020,508.70 ,508.7,,employees
A,THS_PER,H,SAL_DC,SE,2020,248.00 ,248.0,,employees
A,THS_PER,H,SAL_DC,SI,2020,52.00 ,52.0,,employees
A,THS_PER,H,SAL_DC,SK,2020,137.08 ,137.08,,employees
A,THS_PER,I,EMP_DC,AT,2020,261.87 ,261.87,,employment
A,THS_PER,I,EMP_DC,BE,2020,140.90 ,140.9,,employment
A,THS_PER,I,EMP_DC,BG,2020,121.39 ,121.39,,employment
A,THS_PER,I,EMP_DC,CZ,2020,174.09 ,174.09,,employment
A,THS_PER,I,EMP_DC,DE,2020,1742.00 ,1742.0,,employment
A,THS_PER,I,EMP_DC,EE,2020,24.86 ,24.86,,employment
A,THS_PER,I,EMP_DC,ES,2020,1231.10 ,1231.1,,employment
A,THS_PER,I,EMP_DC,FI,2020,74.70 ,74.7,,employment
A,THS_PER,I,EMP_DC,FR,2020,1243.20 ,1243.2,,employment
A,THS_PER,I,EMP_DC,HU,2020,163.42 ,163.42,,employment
A,THS_PER,I,EMP_DC,IT,2020,1558.20 ,1558.2,,employment
A,THS_PER,I,EMP_DC,LV,2020,29.28 ,29.28,,employment
A,THS_PER,I,EMP_DC,NL,2020,423.00 ,423.0,,employment
A,THS_PER,I,EMP_DC,NO,2020,93.00 ,93.0,,employment
A,THS_PER,I,EMP_DC,PL,2020,375.70 ,375.7,,employment
A,THS_PER,I,EMP_DC,PT,2020,335.43 ,335.43,,employment
A,THS_PER,I,EMP_DC,RO,2020,201.40 ,201.4,,employment
A,THS_PER,I,EMP_DC,SE,2020,168.00 ,168.0,,employment
A,THS_PER,I,EMP_DC,SI,2020,41.43 ,41.43,,employment
A,THS_PER,I,EMP_DC,SK,2020,94.75 ,94.75,,employment
A,THS_PER,I,SAL_DC,AT,2020,227.38 ,227.38,,employees
A,THS_PER,I,SAL_DC,BE,2020,116.40 ,116.4,,employees
A,THS_PER,I,SAL_DC,BG,2020,103.48 ,103.48,,employees
A,THS_PER,I,SAL_DC,CZ,2020,138.55 ,138.55,,employees
A,THS_PER,I,SAL_DC,DE,2020,1521.00 ,1521.0,,employees
A,THS_PER,I,SAL_DC,EE,2020,23.15 ,23.15,,employees
A,THS_PER,I,SAL_DC,ES,2020,1032.20 ,1032.2,,employees
A,THS_PER,I,SAL_DC,FI,2020,61.20 ,61.2,,employees
A,THS_PER,I,SAL_DC,FR,2020,1075.40 ,1075.4,,employees
A,THS_PER,I,SAL_DC,HU,2020,152.95 ,152.95,,employees
A,THS_PER,I,SAL_DC,IT,2020,1110.60 ,1110.6,,employees
A,THS_PER,I,SAL_DC,LV,2020,27.23 ,27.23,,employees
A,THS_PER,I,SAL_DC,NL,2020,359.00 ,359.0,,employees
A,THS_PER,I,SAL_DC,NO,2020,92.00 ,92.0,,employees
A,THS_PER,I,SAL_DC,PL,2020,317.50 ,317.5,,employees
A,THS_PER,I,SAL_DC,PT,2020,277.45 ,277.45,,employees
A,THS_PER,I,SAL_DC,RO,2020,199.10 ,199.1,,employees
A,THS_PER,I,SAL_DC,SE,2020,161.00 ,161.0,,employees
A,THS_PER,I,SAL_DC,SI,2020,31.36 ,31.36,,employees
A,THS_PER,I,SAL_DC,SK,2020,85.89 ,85.89,,employees
A,THS_PER,J,EMP_DC,AT,2020,132.54 ,132.54,,employment
A,THS_PER,J,EMP_DC,BE,2020,126.10 ,126.1,,employment
A,THS_PER,J,EMP_DC,BG,2020,113.59 ,113.59,,employment
A,THS_PER,J,EMP_DC,CZ,2020,165.90 ,165.9,,employment
A,THS_PER,J,EMP_DC,DE,2020,1404.00 ,1404.0,,employment
A,THS_PER,J,EMP_DC,EE,2020,30.84 ,30.84,,employment
A,THS_PER,J,EMP_DC,ES,2020,525.90 ,525.9,,employment
A,THS_PER,J,EMP_DC,FI,2020,111.50 ,111.5,,employment
A,THS_PER,J,EMP_DC,FR,2020,1019.80 ,1019.8,,employment
A,THS_PER,J,EMP_DC,HU,2020,163.03 ,163.03,,employment
A,THS_PER,J,EMP_DC,IT,2020,635.00 ,635.0,,employment
A,THS_PER,J,EMP_DC,LV,2020,33.52 ,33.52,,employment
A,THS_PER,J,EMP_DC,NL,2020,326.00 ,326.0,,employment
A,THS_PER,J,EMP_DC,NO,2020,101.00 ,101.0,,employment
A,THS_PER,J,EMP_DC,PL,2020,490.90 ,490.9,,employment
A,THS_PER,J,EMP_DC,PT,2020,116.88 ,116.88,,employment
A,THS_PER,J,EMP_DC,RO,2020,188.90 ,188.9,,employment
A,THS_PER,J,EMP_DC,SE,2020,223.00 ,223.0,,employment
A,THS_PER,J,EMP_DC,SI,2020,33.36 ,33.36,,employment
A,THS_PER,J,EMP_DC,SK,2020,75.09 ,75.09,,employment
A,THS_PER,J,SAL_DC,AT,2020,112.99 ,112.99,,employees
A,THS_PER,J,SAL_DC,BE,2020,113.10 ,113.1,,employees
A,THS_PER,J,SAL_DC,BG,2020,107.19 ,107.19,,employees
A,THS_PER,J,SAL_DC,CZ,2020,143.80 ,143.8,,employees
A,THS_PER,J,SAL_DC,DE,2020,1268.00 ,1268.0,,employees
A,THS_PER,J,SAL_DC,EE,2020,26.93 ,26.93,,employees
A,THS_PER,J,SAL_DC,ES,2020,488.90 ,488.9,,employees
A,THS_PER,J,SAL_DC,FI,2020,104.80 ,104.8,,employees
A,THS_PER,J,SAL_DC,FR,2020,942.30 ,942.3,,employees
A,THS_PER,J,SAL_DC,HU,2020,140.90 ,140.9,,employees
A,THS_PER,J,SAL_DC,IT,2020,525.10 ,525.1,,employees
A,THS_PER,J,SAL_DC,LV,2020,28.37 ,28.37,,employees
A,THS_PER,J,SAL_DC,NL,2020,280.00 ,280.0,,employees
A,THS_PER,J,SAL_DC,NO,2020,98.00 ,98.0,,employees
A,THS_PER,J,SAL_DC,PL,2020,373.20 ,373.2,,employees
A,THS_PER,J,SAL_DC,PT,2020,111.28 ,111.28,,employees
A,THS_PER,J,SAL_DC,RO,2020,183.00 ,183.0,,employees
A,THS_PER,J,SAL_DC,SE,2020,214.00 ,214.0,,employees
A,THS_PER,J,SAL_DC,SI,2020,26.38 ,26.38,,employees
A,THS_PER,J,SAL_DC,SK,2020,64.11 ,64.11,,employees
A,THS_PER,L,EMP_DC,AT,2020,72.62 ,72.62,,employment
A,THS_PER,L,EMP_DC,BE,2020,28.70 ,28.7,,employment
A,THS_PER,L,EMP_DC,BG,2020,25.93 ,25.93,,employment
A,THS_PER,L,EMP_DC,CZ,2020,90.28 ,90.28,,employment
A,THS_PER,L,EMP_DC,DE,2020,478.00 ,478.0,,employment
A,THS_PER,L,EMP_DC,EE,2020,10.96 ,10.96,,employment
A,THS_PER,L,EMP_DC,ES,2020,227.20 ,227.2,,employment
A,THS_PER,L,EMP_DC,FI,2020,27.30 ,27.3,,employment
A,THS_PER,L,EMP_DC,FR,2020,382.40 ,382.4,,employment
A,THS_PER,L,EMP_DC,HU,2020,75.09 ,75.09,,employment
A,THS_PER,L,EMP_DC,IT,2020,187.40 ,187.4,,employment
A,THS_PER,L,EMP_DC,LV,2020,23.21 ,23.21,,employment
A,THS_PER,L,EMP_DC,NL,2020,76.00 ,76.0,,employment
A,THS_PER,L,EMP_DC,NO,2020,28.00 ,28.0,,employment
A,THS_PER,L,EMP_DC,PL,2020,148.30 ,148.3,,employment
A,THS_PER,L,EMP_DC,PT,2020,59.80 ,59.8,,employment
A,THS_PER,L,EMP_DC,RO,2020,29.70 ,29.7,,employment
A,THS_PER,L,EMP_DC,SE,2020,89.00 ,89.0,,employment
A,THS_PER,L,EMP_DC,SI,2020,7.10 ,7.1,,employment
A,THS_PER,L,EMP_DC,SK,2020,28.41 ,28.41,,employment
A,THS_PER,L,SAL_DC,AT,2020,57.15 ,57.15,,employees
A,THS_PER,L,SAL_DC,BE,2020,23.90 ,23.9,,employees
A,THS_PER,L,SAL_DC,BG,2020,22.85 ,22.85,,employees
A,THS_PER,L,SAL_DC,CZ,2020,59.42 ,59.42,,employees
A,THS_PER,L,SAL_DC,DE,2020,427.00 ,427.0,,employees
A,THS_PER,L,SAL_DC,EE,2020,9.02 ,9.02,,employees
A,THS_PER,L,SAL_DC,ES,2020,135.00 ,135.0,,employees
A,THS_PER,L,SAL_DC,FI,2020,23.40 ,23.4,,employees
A,THS_PER,L,SAL_DC,FR,2020,332.70 ,332.7,,employees
A,THS_PER,L,SAL_DC,HU,2020,72.58 ,72.58,,employees
A,THS_PER,L,SAL_DC,IT,2020,77.20 ,77.2,,employees
A,THS_PER,L,SAL_DC,LV,2020,18.86 ,18.86,,employees
A,THS_PER,L,SAL_DC,NL,2020,67.00 ,67.0,,employees
A,THS_PER,L,SAL_DC,NO,2020,26.00 ,26.0,,employees
A,THS_PER,L,SAL_DC,PL,2020,112.70 ,112.7,,employees
A,THS_PER,L,SAL_DC,PT,2020,37.47 ,37.47,,employees
A,THS_PER,L,SAL_DC,RO,2020,29.00 ,29.0,,employees
A,THS_PER,L,SAL_DC,SE,2020,82.00 ,82.0,,employees
A,THS_PER,L,SAL_DC,SI,2020,5.51 ,5.51,,employees
A,THS_PER,L,SAL_DC,SK,2020,26.80 ,26.8,,employees
A,THS_PER,M,EMP_DC,AT,2020,283.28 ,283.28,,employment
A,THS_PER,M,EMP_DC,BE,2020,643.30 ,643.3,,employment
A,THS_PER,M,EMP_DC,BG,2020,115.73 ,115.73,,employment
A,THS_PER,M,EMP_DC,CZ,2020,307.15 ,307.15,,employment
A,THS_PER,M,EMP_DC,DE,2020,2935.00 ,2935.0,,employment
A,THS_PER,M,EMP_DC,EE,2020,30.96 ,30.96,,employment
A,THS_PER,M,EMP_DC,ES,2020,1102.80 ,1102.8,,employment
A,THS_PER,M,EMP_DC,FI,2020,165.10 ,165.1,,employment
A,THS_PER,M,EMP_DC,FR,2020,2043.80 ,2043.8,,employment
A,THS_PER,M,EMP_DC,HU,2020,268.40 ,268.4,,employment
A,THS_PER,M,EMP_DC,IT,2020,1737.60 ,1737.6,,employment
A,THS_PER,M,EMP_DC,LV,2020,36.54 ,36.54,,employment
A,THS_PER,M,EMP_DC,NL,2020,772.00 ,772.0,,employment
A,THS_PER,M,EMP_DC,NO,2020,143.00 ,143.0,,employment
A,THS_PER,M,EMP_DC,PL,2020,701.30 ,701.3,,employment
A,THS_PER,M,EMP_DC,PT,2020,243.40 ,243.4,,employment
A,THS_PER,M,EMP_DC,RO,2020,180.80 ,180.8,,employment
A,THS_PER,M,EMP_DC,SE,2020,361.00 ,361.0,,employment
A,THS_PER,M,EMP_DC,SI,2020,81.11 ,81.11,,employment
A,THS_PER,M,EMP_DC,SK,2020,147.49 ,147.49,,employment
A,THS_PER,M,SAL_DC,AT,2020,201.73 ,201.73,,employees
A,THS_PER,M,SAL_DC,BE,2020,183.80 ,183.8,,employees
A,THS_PER,M,SAL_DC,BG,2020,85.13 ,85.13,,employees
A,THS_PER,M,SAL_DC,CZ,2020,208.44 ,208.44,,employees
A,THS_PER,M,SAL_DC,DE,2020,2372.00 ,2372.0,,employees
A,THS_PER,M,SAL_DC,EE,2020,21.84 ,21.84,,employees
A,THS_PER,M,SAL_DC,ES,2020,811.60 ,811.6,,employees
A,THS_PER,M,SAL_DC,FI,2020,126.40 ,126.4,,employees
A,THS_PER,M,SAL_DC,FR,2020,1679.40 ,1679.4,,employees
A,THS_PER,M,SAL_DC,HU,2020,234.82 ,234.82,,employees
A,THS_PER,M,SAL_DC,IT,2020,658.60 ,658.6,,employees
A,THS_PER,M,SAL_DC,LV,2020,24.98 ,24.98,,employees
A,THS_PER,M,SAL_DC,NL,2020,568.00 ,568.0,,employees
A,THS_PER,M,SAL_DC,NO,2020,130.00 ,130.0,,employees
A,THS_PER,M,SAL_DC,PL,2020,449.50 ,449.5,,employees
A,THS_PER,M,SAL_DC,PT,2020,188.94 ,188.94,,employees
A,THS_PER,M,SAL_DC,RO,2020,157.60 ,157.6,,employees
A,THS_PER,M,SAL_DC,SE,2020,328.00 ,328.0,,employees
A,THS_PER,M,SAL_DC,SI,2020,49.71 ,49.71,,employees
A,THS_PER,M,SAL_DC,SK,2020,108.85 ,108.85,,employees
A,THS_PER,N,EMP_DC,AT,2020,251.99 ,251.99,,employment
A,THS_PER,N,EMP_DC,BE,2020,447.30 ,447.3,,employment
A,THS_PER,N,EMP_DC,BG,2020,132.94 ,132.94,,employment
A,THS_PER,N,EMP_DC,CZ,2020,148.71 ,148.71,,employment
A,THS_PER,N,EMP_DC,DE,2020,3117.00 ,3117.0,,employment
A,THS_PER,N,EMP_DC,EE,2020,22.08 ,22.08,,employment
A,THS_PER,N,EMP_DC,ES,2020,1409.40 ,1409.4,,employment
A,THS_PER,N,EMP_DC,FI,2020,184.50 ,184.5,,employment
A,THS_PER,N,EMP_DC,FR,2020,2242.00 ,2242.0,,employment
A,THS_PER,N,EMP_DC,HU,2020,229.89 ,229.89,,employment
A,THS_PER,N,EMP_DC,IT,2020,1446.40 ,1446.4,,employment
A,THS_PER,N,EMP_DC,LV,2020,33.16 ,33.16,,employment
A,THS_PER,N,EMP_DC,NL,2020,1164.00 ,1164.0,,employment
A,THS_PER,N,EMP_DC,NO,2020,126.00 ,126.0,,employment
A,THS_PER,N,EMP_DC,PL,2020,443.70 ,443.7,,employment
A,THS_PER,N,EMP_DC,PT,2020,362.97 ,362.97,,employment
A,THS_PER,N,EMP_DC,RO,2020,213.50 ,213.5,,employment
A,THS_PER,N,EMP_DC,SE,2020,268.00 ,268.0,,employment
A,THS_PER,N,EMP_DC,SI,2020,48.45 ,48.45,,employment
A,THS_PER,N,EMP_DC,SK,2020,107.76 ,107.76,,employment
A,THS_PER,N,SAL_DC,AT,2020,227.78 ,227.78,,employees
A,THS_PER,N,SAL_DC,BE,2020,420.80 ,420.8,,employees
A,THS_PER,N,SAL_DC,BG,2020,127.90 ,127.9,,employees
A,THS_PER,N,SAL_DC,CZ,2020,132.49 ,132.49,,employees
A,THS_PER,N,SAL_DC,DE,2020,2881.00 ,2881.0,,employees
A,THS_PER,N,SAL_DC,EE,2020,19.70 ,19.7,,employees
A,THS_PER,N,SAL_DC,ES,2020,1311.20 ,1311.2,,employees
A,THS_PER,N,SAL_DC,FI,2020,171.80 ,171.8,,employees
A,THS_PER,N,SAL_DC,FR,2020,2119.10 ,2119.1,,employees
A,THS_PER,N,SAL_DC,HU,2020,214.13 ,214.13,,employees
A,THS_PER,N,SAL_DC,IT,2020,1233.40 ,1233.4,,employees
A,THS_PER,N,SAL_DC,LV,2020,30.31 ,30.31,,employees
A,THS_PER,N,SAL_DC,NL,2020,883.00 ,883.0,,employees
A,THS_PER,N,SAL_DC,NO,2020,122.00 ,122.0,,employees
A,THS_PER,N,SAL_DC,PL,2020,398.20 ,398.2,,employees
A,THS_PER,N,SAL_DC,PT,2020,275.74 ,275.74,,employees
A,THS_PER,N,SAL_DC,RO,2020,210.80 ,210.8,,employees
A,THS_PER,N,SAL_DC,SE,2020,258.00 ,258.0,,employees
A,THS_PER,N,SAL_DC,SI,2020,42.06 ,42.06,,employees
A,THS_PER,N,SAL_DC,SK,2020,94.96 ,94.96,,employees
A,CP_MEUR,B,P51G,AT,2012,250.5 ,250.5,,gfcf
A,CP_MEUR,B,P51G,BE,2012,54.9 ,54.9,,gfcf
A,CP_MEUR,B,P51G,BG,2012,138.9 ,138.9,,gfcf
A,CP_MEUR,B,P51G,CZ,2012,581.2 ,581.2,,gfcf
A,CP_MEUR,B,P51G,DE,2012,1242.0 ,1242.0,,gfcf
A,CP_MEUR,B,P51G,EE,2012,78.0 ,78.0,,gfcf
A,CP_MEUR,B,P51G,ES,2012,820.0 ,820.0,,gfcf
A,CP_MEUR,B,P51G,FI,2012,473.0 ,473.0,,gfcf
A,CP_MEUR,B,P51G,FR,2012,927.1 ,927.1,,gfcf
A,CP_MEUR,B,P51G,HU,2012,55.8 ,55.8,,gfcf
A,CP_MEUR,B,P51G,IT,2012,1980.0 ,1980.0,,gfcf
A,CP_MEUR,B,P51G,LV,2012,40.1 ,40.1,,gfcf
A,CP_MEUR,B,P51G,NL,2012,2850.0 ,2850.0,,gfcf
A,CP_MEUR,B,P51G,NO,2012,25719.9 ,25719.9,,gfcf
A,CP_MEUR,B,P51G,PL,2012,1889.7 ,1889.7,,gfcf
A,CP_MEUR,B,P51G,PT,2012,135.3 ,135.3,,gfcf
A,CP_MEUR,B,P51G,RO,2012,1021.3 ,1021.3,,gfcf
A,CP_MEUR,B,P51G,SE,2012,1552.5 ,1552.5,,gfcf
A,CP_MEUR,B,P51G,SI,2012,37.5 ,37.5,,gfcf
A,CP_MEUR,B,P51G,SK,2012,26.4 ,26.4,,gfcf
A,CP_MEUR,C,P51G,AT,2012,12259.2 ,12259.2,,gfcf
A,CP_MEUR,C,P51G,BE,2012,12344.7 ,12344.7,,gfcf
A,CP_MEUR,C,P51G,BG,2012,1354.4 ,1354.4,,gfcf
A,CP_MEUR,C,P51G,CZ,2012,8741.2 ,8741.2,,gfcf
A,CP_MEUR,C,P51G,DE,2012,105453.0 ,105453.0,,gfcf
A,CP_MEUR,C,P51G,EE,2012,586.8 ,586.8,,gfcf
A,CP_MEUR,C,P51G,ES,2012,18034.0 ,18034.0,,gfcf
A,CP_MEUR,C,P51G,FI,2012,6845.0 ,6845.0,,gfcf
A,CP_MEUR,C,P51G,FR,2012,43817.0 ,43817.0,,gfcf
A,CP_MEUR,C,P51G,HU,2012,5966.9 ,5966.9,,gfcf
A,CP_MEUR,C,P51G,IT,2012,53484.7 ,53484.7,,gfcf
A,CP_MEUR,C,P51G,LV,2012,687.4 ,687.4,,gfcf
A,CP_MEUR,C,P51G,NL,2012,12676.0 ,12676.0,,gfcf
A,CP_MEUR,C,P51G,NO,2012,4173.9 ,4173.9,,gfcf
A,CP_MEUR,C,P51G,PL,2012,12225.2 ,12225.2,,gfcf
A,CP_MEUR,C,P51G,PT,2012,3800.7 ,3800.7,,gfcf
A,CP_MEUR,C,P51G,RO,2012,5430.3 ,5430.3,,gfcf
A,CP_MEUR,C,P51G,SE,2012,14273.2 ,14273.2,,gfcf
A,CP_MEUR,C,P51G,SI,2012,1536.6 ,1536.6,,gfcf
A,CP_MEUR,C,P51G,SK,2012,3821.6 ,3821.6,,gfcf
A,CP_MEUR,D,P51G,AT,2012,3301.2 ,3301.2,,gfcf
A,CP_MEUR,D,P51G,BE,2012,2770.4 ,2770.4,,gfcf
A,CP_MEUR,D,P51G,BG,2012,1726.3 ,1726.3,,gfcf
A,CP_MEUR,D,P51G,CZ,2012,2458.6 ,2458.6,,gfcf
A,CP_MEUR,D,P51G,DE,2012,12431.0 ,12431.0,,gfcf
A,CP_MEUR,D,P51G,EE,2012,651.0 ,651.0,,gfcf
A,CP_MEUR,D,P51G,ES,2012,18807.0 ,18807.0,,gfcf
A,CP_MEUR,D,P51G,FI,2012,1784.0 ,1784.0,,gfcf
A,CP_MEUR,D,P51G,FR,2012,14800.4 ,14800.4,,gfcf
A,CP_MEUR,D,P51G,HU,2012,590.4 ,590.4,,gfcf
A,CP_MEUR,D,P51G,IT,2012,13206.1 ,13206.1,,gfcf
A,CP_MEUR,D,P51G,LV,2012,577.3 ,577.3,,gfcf
A,CP_MEUR,D,P51G,NL,2012,5482.0 ,5482.0,,gfcf
A,CP_MEUR,D,P51G,NO,2012,2469.7 ,2469.7,,gfcf
A,CP_MEUR,D,P51G,PL,2012,4639.0 ,4639.0,,gfcf
A,CP_MEUR,D,P51G,PT,2012,1686.9 ,1686.9,,gfcf
A,CP_MEUR,D,P51G,RO,2012,3440.4 ,3440.4,,gfcf
A,CP_MEUR,D,P51G,SE,2012,4682.3 ,4682.3,,gfcf
A,CP_MEUR,D,P51G,SI,2012,560.3 ,560.3,,gfcf
A,CP_MEUR,D,P51G,SK,2012,1750.3 ,1750.3,,gfcf
A,CP_MEUR,E,P51G,AT,2012,1032.5 ,1032.5,,gfcf
A,CP_MEUR,E,P51G,BE,2012,1660.4 ,1660.4,,gfcf
A,CP_MEUR,E,P51G,BG,2012,40.6 ,40.6,,gfcf
A,CP_MEUR,E,P51G,CZ,2012,581.1 ,581.1,,gfcf
A,CP_MEUR,E,P51G,DE,2012,9193.0 ,9193.0,,gfcf
A,CP_MEUR,E,P51G,EE,2012,179.4 ,179.4,,gfcf
A,CP_MEUR,E,P51G,ES,2012,2961.0 ,2961.0,,gfcf
A,CP_MEUR,E,P51G,FI,2012,605.0 ,605.0,,gfcf
A,CP_MEUR,E,P51G,FR,2012,5818.8 ,5818.8,,gfcf
A,CP_MEUR,E,P51G,HU,2012,378.7 ,378.7,,gfcf
A,CP_MEUR,E,P51G,IT,2012,4803.3 ,4803.3,,gfcf
A,CP_MEUR,E,P51G,LV,2012,147.6 ,147.6,,gfcf
A,CP_MEUR,E,P51G,NL,2012,1235.0 ,1235.0,,gfcf
A,CP_MEUR,E,P51G,NO,2012,1288.7 ,1288.7,,gfcf
A,CP_MEUR,E,P51G,PL,2012,2708.4 ,2708.4,,gfcf
A,CP_MEUR,E,P51G,PT,2012,871.8 ,871.8,,gfcf
A,CP_MEUR,E,P51G,RO,2012,836.3 ,836.3,,gfcf
A,CP_MEUR,E,P51G,SE,2012,1272.8 ,1272.8,,gfcf
A,CP_MEUR,E,P51G,SI,2012,46.9 ,46.9,,gfcf
A,CP_MEUR,E,P51G,SK,2012,372.5 ,372.5,,gfcf
A,CP_MEUR,F,P51G,AT,2012,1401.2 ,1401.2,,gfcf
A,CP_MEUR,F,P51G,BE,2012,3065.0 ,3065.0,,gfcf
A,CP_MEUR,F,P51G,BG,2012,982.2 ,982.2,,gfcf
A,CP_MEUR,F,P51G,CZ,2012,1188.6 ,1188.6,,gfcf
A,CP_MEUR,F,P51G,DE,2012,5764.0 ,5764.0,,gfcf
A,CP_MEUR,F,P51G,EE,2012,115.7 ,115.7,,gfcf
A,CP_MEUR,F,P51G,ES,2012,4652.0 ,4652.0,,gfcf
A,CP_MEUR,F,P51G,FI,2012,887.0 ,887.0,,gfcf
A,CP_MEUR,F,P51G,FR,2012,8650.5 ,8650.5,,gfcf
A,CP_MEUR,F,P51G,HU,2012,256.1 ,256.1,,gfcf
A,CP_MEUR,F,P51G,IT,2012,5955.9 ,5955.9,,gfcf
A,CP_MEUR,F,P51G,LV,2012,93.9 ,93.9,,gfcf
A,CP_MEUR,F,P51G,NL,2012,2274.0 ,2274.0,,gfcf
A,CP_MEUR,F,P51G,NO,2012,2291.6 ,2291.6,,gfcf
A,CP_MEUR,F,P51G,PL,2012,2019.0 ,2019.0,,gfcf
A,CP_MEUR,F,P51G,PT,2012,750.8 ,750.8,,gfcf
A,CP_MEUR,F,P51G,RO,2012,4449.0 ,4449.0,,gfcf
A,CP_MEUR,F,P51G,SE,2012,2806.3 ,2806.3,,gfcf
A,CP_MEUR,F,P51G,SI,2012,135.1 ,135.1,,gfcf
A,CP_MEUR,F,P51G,SK,2012,465.7 ,465.7,,gfcf
A,CP_MEUR,G,P51G,AT,2012,3731.0 ,3731.0,,gfcf
A,CP_MEUR,G,P51G,BE,2012,6680.2 ,6680.2,,gfcf
A,CP_MEUR,G,P51G,BG,2012,593.3 ,593.3,,gfcf
A,CP_MEUR,G,P51G,CZ,2012,2388.7 ,2388.7,,gfcf
A,CP_MEUR,G,P51G,DE,2012,21129.0 ,21129.0,,gfcf
A,CP_MEUR,G,P51G,EE,2012,264.5 ,264.5,,gfcf
A,CP_MEUR,G,P51G,ES,2012,16512.0 ,16512.0,,gfcf
A,CP_MEUR,G,P51G,FI,2012,1868.0 ,1868.0,,gfcf
A,CP_MEUR,G,P51G,FR,2012,16528.6 ,16528.6,,gfcf
A,CP_MEUR,G,P51G,HU,2012,1271.1 ,1271.1,,gfcf
A,CP_MEUR,G,P51G,IT,2012,15028.3 ,15028.3,,gfcf
A,CP_MEUR,G,P51G,LV,2012,308.1 ,308.1,,gfcf
A,CP_MEUR,G,P51G,NL,2012,6955.0 ,6955.0,,gfcf
A,CP_MEUR,G,P51G,NO,2012,1696.3 ,1696.3,,gfcf
A,CP_MEUR,G,P51G,PL,2012,6345.3 ,6345.3,,gfcf
A,CP_MEUR,G,P51G,PT,2012,1518.9 ,1518.9,,gfcf
A,CP_MEUR,G,P51G,RO,2012,3077.2 ,3077.2,,gfcf
A,CP_MEUR,G,P51G,SE,2012,5634.4 ,5634.4,,gfcf
A,CP_MEUR,G,P51G,SI,2012,411.9 ,411.9,,gfcf
A,CP_MEUR,G,P51G,SK,2012,936.6 ,936.6,,gfcf
A,CP_MEUR,H,P51G,AT,2012,5690.0 ,5690.0,,gfcf
A,CP_MEUR,H,P51G,BE,2012,6363.2 ,6363.2,,gfcf
A,CP_MEUR,H,P51G,BG,2012,217.0 ,217.0,,gfcf
A,CP_MEUR,H,P51G,CZ,2012,3045.5 ,3045.5,,gfcf
A,CP_MEUR,H,P51G,DE,2012,29612.0 ,29612.0,,gfcf
A,CP_MEUR,H,P51G,EE,2012,495.2 ,495.2,,gfcf
A,CP_MEUR,H,P51G,ES,2012,15521.0 ,15521.0,,gfcf
A,CP_MEUR,H,P51G,FI,2012,1437.0 ,1437.0,,gfcf
A,CP_MEUR,H,P51G,FR,2012,20997.7 ,20997.7,,gfcf
A,CP_MEUR,H,P51G,HU,2012,1735.6 ,1735.6,,gfcf
A,CP_MEUR,H,P51G,IT,2012,22840.8 ,22840.8,,gfcf
A,CP_MEUR,H,P51G,LV,2012,653.5 ,653.5,,gfcf
A,CP_MEUR,H,P51G,NL,2012,6700.0 ,6700.0,,gfcf
A,CP_MEUR,H,P51G,NO,2012,4160.6 ,4160.6,,gfcf
A,CP_MEUR,H,P51G,PL,2012,12123.9 ,12123.9,,gfcf
A,CP_MEUR,H,P51G,PT,2012,1446.9 ,1446.9,,gfcf
A,CP_MEUR,H,P51G,RO,2012,2994.2 ,2994.2,,gfcf
A,CP_MEUR,H,P51G,SE,2012,8905.3 ,8905.3,,gfcf
A,CP_MEUR,H,P51G,SI,2012,372.6 ,372.6,,gfcf
A,CP_MEUR,H,P51G,SK,2012,1213.9 ,1213.9,,gfcf
A,CP_MEUR,I,P51G,AT,2012,1195.2 ,1195.2,,gfcf
A,CP_MEUR,I,P51G,BE,2012,1030.2 ,1030.2,,gfcf
A,CP_MEUR,I,P51G,BG,2012,220.2 ,220.2,,gfcf
A,CP_MEUR,I,P51G,CZ,2012,387.1 ,387.1,,gfcf
A,CP_MEUR,I,P51G,DE,2012,3804.0 ,3804.0,,gfcf
A,CP_MEUR,I,P51G,EE,2012,39.2 ,39.2,,gfcf
A,CP_MEUR,I,P51G,ES,2012,3205.0 ,3205.0,,gfcf
A,CP_MEUR,I,P51G,FI,2012,225.0 ,225.0,,gfcf
A,CP_MEUR,I,P51G,FR,2012,5168.0 ,5168.0,,gfcf
A,CP_MEUR,I,P51G,HU,2012,131.0 ,131.0,,gfcf
A,CP_MEUR,I,P51G,IT,2012,6006.1 ,6006.1,,gfcf
A,CP_MEUR,I,P51G,LV,2012,33.0 ,33.0,,gfcf
A,CP_MEUR,I,P51G,NL,2012,808.0 ,808.0,,gfcf
A,CP_MEUR,I,P51G,NO,2012,295.8 ,295.8,,gfcf
A,CP_MEUR,I,P51G,PL,2012,790.0 ,790.0,,gfcf
A,CP_MEUR,I,P51G,PT,2012,777.6 ,777.6,,gfcf
A,CP_MEUR,I,P51G,RO,2012,434.8 ,434.8,,gfcf
A,CP_MEUR,I,P51G,SE,2012,807.2 ,807.2,,gfcf
A,CP_MEUR,I,P51G,SI,2012,86.0 ,86.0,,gfcf
A,CP_MEUR,I,P51G,SK,2012,100.9 ,100.9,,gfcf
A,CP_MEUR,J,P51G,AT,2012,3076.9 ,3076.9,,gfcf
A,CP_MEUR,J,P51G,BE,2012,4143.1 ,4143.1,,gfcf
A,CP_MEUR,J,P51G,BG,2012,439.0 ,439.0,,gfcf
A,CP_MEUR,J,P51G,CZ,2012,1770.7 ,1770.7,,gfcf
A,CP_MEUR,J,P51G,DE,2012,19994.0 ,19994.0,,gfcf
A,CP_MEUR,J,P51G,EE,2012,230.8 ,230.8,,gfcf
A,CP_MEUR,J,P51G,ES,2012,11560.0 ,11560.0,,gfcf
A,CP_MEUR,J,P51G,FI,2012,1839.0 ,1839.0,,gfcf
A,CP_MEUR,J,P51G,FR,2012,22499.3 ,22499.3,,gfcf
A,CP_MEUR,J,P51G,HU,2012,1103.7 ,1103.7,,gfcf
A,CP_MEUR,J,P51G,IT,2012,16156.5 ,16156.5,,gfcf
A,CP_MEUR,J,P51G,LV,2012,195.9 ,195.9,,gfcf
A,CP_MEUR,J,P51G,NL,2012,5554.0 ,5554.0,,gfcf
A,CP_MEUR,J,P51G,NO,2012,2535.4 ,2535.4,,gfcf
A,CP_MEUR,J,P51G,PL,2012,2761.2 ,2761.2,,gfcf
A,CP_MEUR,J,P51G,PT,2012,2054.3 ,2054.3,,gfcf
A,CP_MEUR,J,P51G,RO,2012,1257.3 ,1257.3,,gfcf
A,CP_MEUR,J,P51G,SE,2012,8258.6 ,8258.6,,gfcf
A,CP_MEUR,J,P51G,SI,2012,303.1 ,303.1,,gfcf
A,CP_MEUR,J,P51G,SK,2012,748.6 ,748.6,,gfcf
A,CP_MEUR,L,P51G,AT,2012,22367.5 ,22367.5,,gfcf
A,CP_MEUR,L,P51G,BE,2012,25693.7 ,25693.7,,gfcf
A,CP_MEUR,L,P51G,BG,2012,685.4 ,685.4,,gfcf
A,CP_MEUR,L,P51G,CZ,2012,9354.6 ,9354.6,,gfcf
A,CP_MEUR,L,P51G,DE,2012,180379.0 ,180379.0,,gfcf
A,CP_MEUR,L,P51G,EE,2012,620.6 ,620.6,,gfcf
A,CP_MEUR,L,P51G,ES,2012,49061.0 ,49061.0,,gfcf
A,CP_MEUR,L,P51G,FI,2012,18467.0 ,18467.0,,gfcf
A,CP_MEUR,L,P51G,FR,2012,154637.7 ,154637.7,,gfcf
A,CP_MEUR,L,P51G,HU,2012,2355.7 ,2355.7,,gfcf
A,CP_MEUR,L,P51G,IT,2012,92402.1 ,92402.1,,gfcf
A,CP_MEUR,L,P51G,LV,2012,1091.6 ,1091.6,,gfcf
A,CP_MEUR,L,P51G,NL,2012,28029.0 ,28029.0,,gfcf
A,CP_MEUR,L,P51G,NO,2012,23616.0 ,23616.0,,gfcf
A,CP_MEUR,L,P51G,PL,2012,12743.1 ,12743.1,,gfcf
A,CP_MEUR,L,P51G,PT,2012,5538.5 ,5538.5,,gfcf
A,CP_MEUR,L,P51G,RO,2012,5922.1 ,5922.1,,gfcf
A,CP_MEUR,L,P51G,SE,2012,21789.2 ,21789.2,,gfcf
A,CP_MEUR,L,P51G,SI,2012,942.8 ,942.8,,gfcf
A,CP_MEUR,L,P51G,SK,2012,2657.0 ,2657.0,,gfcf
A,CP_MEUR,M,P51G,AT,2012,2387.2 ,2387.2,,gfcf
A,CP_MEUR,M,P51G,BE,2012,4763.2 ,4763.2,,gfcf
A,CP_MEUR,M,P51G,BG,2012,164.8 ,164.8,,gfcf
A,CP_MEUR,M,P51G,CZ,2012,1752.9 ,1752.9,,gfcf
A,CP_MEUR,M,P51G,DE,2012,15619.0 ,15619.0,,gfcf
A,CP_MEUR,M,P51G,EE,2012,257.6 ,257.6,,gfcf
A,CP_MEUR,M,P51G,ES,2012,8163.0 ,8163.0,,gfcf
A,CP_MEUR,M,P51G,FI,2012,1308.0 ,1308.0,,gfcf
A,CP_MEUR,M,P51G,FR,2012,32894.6 ,32894.6,,gfcf
A,CP_MEUR,M,P51G,HU,2012,591.6 ,591.6,,gfcf
A,CP_MEUR,M,P51G,IT,2012,12959.9 ,12959.9,,gfcf
A,CP_MEUR,M,P51G,LV,2012,136.8 ,136.8,,gfcf
A,CP_MEUR,M,P51G,NL,2012,3788.0 ,3788.0,,gfcf
A,CP_MEUR,M,P51G,NO,2012,1748.6 ,1748.6,,gfcf
A,CP_MEUR,M,P51G,PL,2012,1805.6 ,1805.6,,gfcf
A,CP_MEUR,M,P51G,PT,2012,949.7 ,949.7,,gfcf
A,CP_MEUR,M,P51G,RO,2012,962.0 ,962.0,,gfcf
A,CP_MEUR,M,P51G,SE,2012,6546.1 ,6546.1,,gfcf
A,CP_MEUR,M,P51G,SI,2012,420.4 ,420.4,,gfcf
A,CP_MEUR,M,P51G,SK,2012,122.5 ,122.5,,gfcf
A,CP_MEUR,N,P51G,AT,2012,4164.0 ,4164.0,,gfcf
A,CP_MEUR,N,P51G,BE,2012,3427.1 ,3427.1,,gfcf
A,CP_MEUR,N,P51G,BG,2012,157.7 ,157.7,,gfcf
A,CP_MEUR,N,P51G,CZ,2012,751.9 ,751.9,,gfcf
A,CP_MEUR,N,P51G,DE,2012,43454.0 ,43454.0,,gfcf
A,CP_MEUR,N,P51G,EE,2012,230.9 ,230.9,,gfcf
A,CP_MEUR,N,P51G,ES,2012,2707.0 ,2707.0,,gfcf
A,CP_MEUR,N,P51G,FI,2012,618.0 ,618.0,,gfcf
A,CP_MEUR,N,P51G,FR,2012,17474.5 ,17474.5,,gfcf
A,CP_MEUR,N,P51G,HU,2012,374.0 ,374.0,,gfcf
A,CP_MEUR,N,P51G,IT,2012,6863.3 ,6863.3,,gfcf
A,CP_MEUR,N,P51G,LV,2012,113.9 ,113.9,,gfcf
A,CP_MEUR,N,P51G,NL,2012,4964.0 ,4964.0,,gfcf
A,CP_MEUR,N,P51G,NO,2012,963.9 ,963.9,,gfcf
A,CP_MEUR,N,P51G,PL,2012,802.7 ,802.7,,gfcf
A,CP_MEUR,N,P51G,PT,2012,460.9 ,460.9,,gfcf
A,CP_MEUR,N,P51G,RO,2012,557.2 ,557.2,,gfcf
A,CP_MEUR,N,P51G,SE,2012,1822.7 ,1822.7,,gfcf
A,CP_MEUR,N,P51G,SI,2012,43.4 ,43.4,,gfcf
A,CP_MEUR,N,P51G,SK,2012,194.6 ,194.6,,gfcf
A,CP_MEUR,B,P51G,AT,2013,381.6 ,381.6,,gfcf
A,CP_MEUR,B,P51G,BE,2013,57.4 ,57.4,,gfcf
A,CP_MEUR,B,P51G,BG,2013,137.8 ,137.8,,gfcf
A,CP_MEUR,B,P51G,CZ,2013,681.4 ,681.4,,gfcf
A,CP_MEUR,B,P51G,DE,2013,1236.0 ,1236.0,,gfcf
A,CP_MEUR,B,P51G,EE,2013,69.7 ,69.7,,gfcf
A,CP_MEUR,B,P51G,ES,2013,652.0 ,652.0,,gfcf
A,CP_MEUR,B,P51G,FI,2013,349.0 ,349.0,,gfcf
A,CP_MEUR,B,P51G,FR,2013,771.5 ,771.5,,gfcf
A,CP_MEUR,B,P51G,HU,2013,45.1 ,45.1,,gfcf
A,CP_MEUR,B,P51G,IT,2013,1822.7 ,1822.7,,gfcf
A,CP_MEUR,B,P51G,LV,2013,48.3 ,48.3,,gfcf
A,CP_MEUR,B,P51G,NL,2013,2575.0 ,2575.0,,gfcf
A,CP_MEUR,B,P51G,NO,2013,28671.7 ,28671.7,,gfcf
A,CP_MEUR,B,P51G,PL,2013,1859.0 ,1859.0,,gfcf
A,CP_MEUR,B,P51G,PT,2013,149.5 ,149.5,,gfcf
A,CP_MEUR,B,P51G,RO,2013,1042.9 ,1042.9,,gfcf
A,CP_MEUR,B,P51G,SE,2013,1406.5 ,1406.5,,gfcf
A,CP_MEUR,B,P51G,SI,2013,40.6 ,40.6,,gfcf
A,CP_MEUR,B,P51G,SK,2013,18.5 ,18.5,,gfcf
A,CP_MEUR,C,P51G,AT,2013,13574.9 ,13574.9,,gfcf
A,CP_MEUR,C,P51G,BE,2013,12068.9 ,12068.9,,gfcf
A,CP_MEUR,C,P51G,BG,2013,1344.8 ,1344.8,,gfcf
A,CP_MEUR,C,P51G,CZ,2013,8735.8 ,8735.8,,gfcf
A,CP_MEUR,C,P51G,DE,2013,104293.0 ,104293.0,,gfcf
A,CP_MEUR,C,P51G,EE,2013,598.3 ,598.3,,gfcf
A,CP_MEUR,C,P51G,ES,2013,17988.0 ,17988.0,,gfcf
A,CP_MEUR,C,P51G,FI,2013,6321.0 ,6321.0,,gfcf
A,CP_MEUR,C,P51G,FR,2013,43861.2 ,43861.2,,gfcf
A,CP_MEUR,C,P51G,HU,2013,6441.2 ,6441.2,,gfcf
A,CP_MEUR,C,P51G,IT,2013,49719.1 ,49719.1,,gfcf
A,CP_MEUR,C,P51G,LV,2013,439.2 ,439.2,,gfcf
A,CP_MEUR,C,P51G,NL,2013,12153.0 ,12153.0,,gfcf
A,CP_MEUR,C,P51G,NO,2013,3880.3 ,3880.3,,gfcf
A,CP_MEUR,C,P51G,PL,2013,12725.4 ,12725.4,,gfcf
A,CP_MEUR,C,P51G,PT,2013,3612.5 ,3612.5,,gfcf
A,CP_MEUR,C,P51G,RO,2013,4337.8 ,4337.8,,gfcf
A,CP_MEUR,C,P51G,SE,2013,14630.2 ,14630.2,,gfcf
A,CP_MEUR,C,P51G,SI,2013,1600.6 ,1600.6,,gfcf
A,CP_MEUR,C,P51G,SK,2013,3553.3 ,3553.3,,gfcf
A,CP_MEUR,D,P51G,AT,2013,2650.3 ,2650.3,,gfcf
A,CP_MEUR,D,P51G,BE,2013,2894.2 ,2894.2,,gfcf
A,CP_MEUR,D,P51G,BG,2013,1712.6 ,1712.6,,gfcf
A,CP_MEUR,D,P51G,CZ,2013,2363.9 ,2363.9,,gfcf
A,CP_MEUR,D,P51G,DE,2013,11902.0 ,11902.0,,gfcf
A,CP_MEUR,D,P51G,EE,2013,562.5 ,562.5,,gfcf
A,CP_MEUR,D,P51G,ES,2013,19990.0 ,19990.0,,gfcf
A,CP_MEUR,D,P51G,FI,2013,2079.0 ,2079.0,,gfcf
A,CP_MEUR,D,P51G,FR,2013,14700.5 ,14700.5,,gfcf
A,CP_MEUR,D,P51G,HU,2013,553.1 ,553.1,,gfcf
A,CP_MEUR,D,P51G,IT,2013,15026.2 ,15026.2,,gfcf
A,CP_MEUR,D,P51G,LV,2013,466.4 ,466.4,,gfcf
A,CP_MEUR,D,P51G,NL,2013,5650.0 ,5650.0,,gfcf
A,CP_MEUR,D,P51G,NO,2013,2533.6 ,2533.6,,gfcf
A,CP_MEUR,D,P51G,PL,2013,4896.5 ,4896.5,,gfcf
A,CP_MEUR,D,P51G,PT,2013,1800.0 ,1800.0,,gfcf
A,CP_MEUR,D,P51G,RO,2013,3884.2 ,3884.2,,gfcf
A,CP_MEUR,D,P51G,SE,2013,4782.5 ,4782.5,,gfcf
A,CP_MEUR,D,P51G,SI,2013,957.9 ,957.9,,gfcf
A,CP_MEUR,D,P51G,SK,2013,1065.3 ,1065.3,,gfcf
A,CP_MEUR,E,P51G,AT,2013,1029.9 ,1029.9,,gfcf
A,CP_MEUR,E,P51G,BE,2013,1477.8 ,1477.8,,gfcf
A,CP_MEUR,E,P51G,BG,2013,63.7 ,63.7,,gfcf
A,CP_MEUR,E,P51G,CZ,2013,549.6 ,549.6,,gfcf
A,CP_MEUR,E,P51G,DE,2013,9047.0 ,9047.0,,gfcf
A,CP_MEUR,E,P51G,EE,2013,216.0 ,216.0,,gfcf
A,CP_MEUR,E,P51G,ES,2013,2622.0 ,2622.0,,gfcf
A,CP_MEUR,E,P51G,FI,2013,583.0 ,583.0,,gfcf
A,CP_MEUR,E,P51G,FR,2013,5869.4 ,5869.4,,gfcf
A,CP_MEUR,E,P51G,HU,2013,472.1 ,472.1,,gfcf
A,CP_MEUR,E,P51G,IT,2013,3786.6 ,3786.6,,gfcf
A,CP_MEUR,E,P51G,LV,2013,118.0 ,118.0,,gfcf
A,CP_MEUR,E,P51G,NL,2013,1052.0 ,1052.0,,gfcf
A,CP_MEUR,E,P51G,NO,2013,1133.1 ,1133.1,,gfcf
A,CP_MEUR,E,P51G,PL,2013,2455.5 ,2455.5,,gfcf
A,CP_MEUR,E,P51G,PT,2013,703.3 ,703.3,,gfcf
A,CP_MEUR,E,P51G,RO,2013,955.5 ,955.5,,gfcf
A,CP_MEUR,E,P51G,SE,2013,1365.0 ,1365.0,,gfcf
A,CP_MEUR,E,P51G,SI,2013,35.9 ,35.9,,gfcf
A,CP_MEUR,E,P51G,SK,2013,498.5 ,498.5,,gfcf
A,CP_MEUR,F,P51G,AT,2013,1493.9 ,1493.9,,gfcf
A,CP_MEUR,F,P51G,BE,2013,3061.7 ,3061.7,,gfcf
A,CP_MEUR,F,P51G,BG,2013,990.5 ,990.5,,gfcf
A,CP_MEUR,F,P51G,CZ,2013,1006.2 ,1006.2,,gfcf
A,CP_MEUR,F,P51G,DE,2013,5481.0 ,5481.0,,gfcf
A,CP_MEUR,F,P51G,EE,2013,120.1 ,120.1,,gfcf
A,CP_MEUR,F,P51G,ES,2013,5916.0 ,5916.0,,gfcf
A,CP_MEUR,F,P51G,FI,2013,798.0 ,798.0,,gfcf
A,CP_MEUR,F,P51G,FR,2013,8057.6 ,8057.6,,gfcf
A,CP_MEUR,F,P51G,HU,2013,391.9 ,391.9,,gfcf
A,CP_MEUR,F,P51G,IT,2013,5132.5 ,5132.5,,gfcf
A,CP_MEUR,F,P51G,LV,2013,125.8 ,125.8,,gfcf
A,CP_MEUR,F,P51G,NL,2013,2387.0 ,2387.0,,gfcf
A,CP_MEUR,F,P51G,NO,2013,1869.4 ,1869.4,,gfcf
A,CP_MEUR,F,P51G,PL,2013,2148.9 ,2148.9,,gfcf
A,CP_MEUR,F,P51G,PT,2013,665.9 ,665.9,,gfcf
A,CP_MEUR,F,P51G,RO,2013,3192.0 ,3192.0,,gfcf
A,CP_MEUR,F,P51G,SE,2013,2799.2 ,2799.2,,gfcf
A,CP_MEUR,F,P51G,SI,2013,119.6 ,119.6,,gfcf
A,CP_MEUR,F,P51G,SK,2013,515.9 ,515.9,,gfcf
A,CP_MEUR,G,P51G,AT,2013,3803.5 ,3803.5,,gfcf
A,CP_MEUR,G,P51G,BE,2013,6519.7 ,6519.7,,gfcf
A,CP_MEUR,G,P51G,BG,2013,589.6 ,589.6,,gfcf
A,CP_MEUR,G,P51G,CZ,2013,2121.3 ,2121.3,,gfcf
A,CP_MEUR,G,P51G,DE,2013,19937.0 ,19937.0,,gfcf
A,CP_MEUR,G,P51G,EE,2013,277.7 ,277.7,,gfcf
A,CP_MEUR,G,P51G,ES,2013,17169.0 ,17169.0,,gfcf
A,CP_MEUR,G,P51G,FI,2013,1588.0 ,1588.0,,gfcf
A,CP_MEUR,G,P51G,FR,2013,16216.5 ,16216.5,,gfcf
A,CP_MEUR,G,P51G,HU,2013,1415.6 ,1415.6,,gfcf
A,CP_MEUR,G,P51G,IT,2013,15134.9 ,15134.9,,gfcf
A,CP_MEUR,G,P51G,LV,2013,302.7 ,302.7,,gfcf
A,CP_MEUR,G,P51G,NL,2013,7838.0 ,7838.0,,gfcf
A,CP_MEUR,G,P51G,NO,2013,1902.7 ,1902.7,,gfcf
A,CP_MEUR,G,P51G,PL,2013,6016.4 ,6016.4,,gfcf
A,CP_MEUR,G,P51G,PT,2013,1566.2 ,1566.2,,gfcf
A,CP_MEUR,G,P51G,RO,2013,2784.4 ,2784.4,,gfcf
A,CP_MEUR,G,P51G,SE,2013,5993.4 ,5993.4,,gfcf
A,CP_MEUR,G,P51G,SI,2013,359.9 ,359.9,,gfcf
A,CP_MEUR,G,P51G,SK,2013,875.9 ,875.9,,gfcf
A,CP_MEUR,H,P51G,AT,2013,5750.2 ,5750.2,,gfcf
A,CP_MEUR,H,P51G,BE,2013,6543.8 ,6543.8,,gfcf
A,CP_MEUR,H,P51G,BG,2013,215.5 ,215.5,,gfcf
A,CP_MEUR,H,P51G,CZ,2013,2913.0 ,2913.0,,gfcf
A,CP_MEUR,H,P51G,DE,2013,30353.0 ,30353.0,,gfcf
A,CP_MEUR,H,P51G,EE,2013,569.2 ,569.2,,gfcf
A,CP_MEUR,H,P51G,ES,2013,11905.0 ,11905.0,,gfcf
A,CP_MEUR,H,P51G,FI,2013,1467.0 ,1467.0,,gfcf
A,CP_MEUR,H,P51G,FR,2013,23198.0 ,23198.0,,gfcf
A,CP_MEUR,H,P51G,HU,2013,2128.0 ,2128.0,,gfcf
A,CP_MEUR,H,P51G,IT,2013,19123.1 ,19123.1,,gfcf
A,CP_MEUR,H,P51G,LV,2013,711.2 ,711.2,,gfcf
A,CP_MEUR,H,P51G,NL,2013,6470.0 ,6470.0,,gfcf
A,CP_MEUR,H,P51G,NO,2013,3209.7 ,3209.7,,gfcf
A,CP_MEUR,H,P51G,PL,2013,10220.8 ,10220.8,,gfcf
A,CP_MEUR,H,P51G,PT,2013,1430.7 ,1430.7,,gfcf
A,CP_MEUR,H,P51G,RO,2013,3970.9 ,3970.9,,gfcf
A,CP_MEUR,H,P51G,SE,2013,8091.5 ,8091.5,,gfcf
A,CP_MEUR,H,P51G,SI,2013,394.2 ,394.2,,gfcf
A,CP_MEUR,H,P51G,SK,2013,1411.1 ,1411.1,,gfcf
A,CP_MEUR,I,P51G,AT,2013,1222.5 ,1222.5,,gfcf
A,CP_MEUR,I,P51G,BE,2013,887.1 ,887.1,,gfcf
A,CP_MEUR,I,P51G,BG,2013,218.4 ,218.4,,gfcf
A,CP_MEUR,I,P51G,CZ,2013,371.4 ,371.4,,gfcf
A,CP_MEUR,I,P51G,DE,2013,3456.0 ,3456.0,,gfcf
A,CP_MEUR,I,P51G,EE,2013,65.0 ,65.0,,gfcf
A,CP_MEUR,I,P51G,ES,2013,3109.0 ,3109.0,,gfcf
A,CP_MEUR,I,P51G,FI,2013,168.0 ,168.0,,gfcf
A,CP_MEUR,I,P51G,FR,2013,5761.7 ,5761.7,,gfcf
A,CP_MEUR,I,P51G,HU,2013,169.7 ,169.7,,gfcf
A,CP_MEUR,I,P51G,IT,2013,4601.3 ,4601.3,,gfcf
A,CP_MEUR,I,P51G,LV,2013,80.3 ,80.3,,gfcf
A,CP_MEUR,I,P51G,NL,2013,804.0 ,804.0,,gfcf
A,CP_MEUR,I,P51G,NO,2013,284.4 ,284.4,,gfcf
A,CP_MEUR,I,P51G,PL,2013,627.3 ,627.3,,gfcf
A,CP_MEUR,I,P51G,PT,2013,629.5 ,629.5,,gfcf
A,CP_MEUR,I,P51G,RO,2013,299.4 ,299.4,,gfcf
A,CP_MEUR,I,P51G,SE,2013,795.5 ,795.5,,gfcf
A,CP_MEUR,I,P51G,SI,2013,88.2 ,88.2,,gfcf
A,CP_MEUR,I,P51G,SK,2013,428.8 ,428.8,,gfcf
A,CP_MEUR,J,P51G,AT,2013,3231.2 ,3231.2,,gfcf
A,CP_MEUR,J,P51G,BE,2013,4480.8 ,4480.8,,gfcf
A,CP_MEUR,J,P51G,BG,2013,441.4 ,441.4,,gfcf
A,CP_MEUR,J,P51G,CZ,2013,1976.8 ,1976.8,,gfcf
A,CP_MEUR,J,P51G,DE,2013,21963.0 ,21963.0,,gfcf
A,CP_MEUR,J,P51G,EE,2013,210.3 ,210.3,,gfcf
A,CP_MEUR,J,P51G,ES,2013,9177.0 ,9177.0,,gfcf
A,CP_MEUR,J,P51G,FI,2013,2015.0 ,2015.0,,gfcf
A,CP_MEUR,J,P51G,FR,2013,23222.2 ,23222.2,,gfcf
A,CP_MEUR,J,P51G,HU,2013,1128.5 ,1128.5,,gfcf
A,CP_MEUR,J,P51G,IT,2013,15797.1 ,15797.1,,gfcf
A,CP_MEUR,J,P51G,LV,2013,237.6 ,237.6,,gfcf
A,CP_MEUR,J,P51G,NL,2013,5840.0 ,5840.0,,gfcf
A,CP_MEUR,J,P51G,NO,2013,2652.7 ,2652.7,,gfcf
A,CP_MEUR,J,P51G,PL,2013,2855.5 ,2855.5,,gfcf
A,CP_MEUR,J,P51G,PT,2013,2076.9 ,2076.9,,gfcf
A,CP_MEUR,J,P51G,RO,2013,1223.1 ,1223.1,,gfcf
A,CP_MEUR,J,P51G,SE,2013,8165.5 ,8165.5,,gfcf
A,CP_MEUR,J,P51G,SI,2013,279.4 ,279.4,,gfcf
A,CP_MEUR,J,P51G,SK,2013,687.2 ,687.2,,gfcf
A,CP_MEUR,L,P51G,AT,2013,23133.5 ,23133.5,,gfcf
A,CP_MEUR,L,P51G,BE,2013,25330.7 ,25330.7,,gfcf
A,CP_MEUR,L,P51G,BG,2013,680.0 ,680.0,,gfcf
A,CP_MEUR,L,P51G,CZ,2013,9231.9 ,9231.9,,gfcf
A,CP_MEUR,L,P51G,DE,2013,184028.0 ,184028.0,,gfcf
A,CP_MEUR,L,P51G,EE,2013,865.3 ,865.3,,gfcf
A,CP_MEUR,L,P51G,ES,2013,39377.0 ,39377.0,,gfcf
A,CP_MEUR,L,P51G,FI,2013,17602.0 ,17602.0,,gfcf
A,CP_MEUR,L,P51G,FR,2013,153460.2 ,153460.2,,gfcf
A,CP_MEUR,L,P51G,HU,2013,2378.8 ,2378.8,,gfcf
A,CP_MEUR,L,P51G,IT,2013,86760.8 ,86760.8,,gfcf
A,CP_MEUR,L,P51G,LV,2013,1165.9 ,1165.9,,gfcf
A,CP_MEUR,L,P51G,NL,2013,24951.0 ,24951.0,,gfcf
A,CP_MEUR,L,P51G,NO,2013,23996.6 ,23996.6,,gfcf
A,CP_MEUR,L,P51G,PL,2013,12579.9 ,12579.9,,gfcf
A,CP_MEUR,L,P51G,PT,2013,4692.4 ,4692.4,,gfcf
A,CP_MEUR,L,P51G,RO,2013,4541.4 ,4541.4,,gfcf
A,CP_MEUR,L,P51G,SE,2013,23183.8 ,23183.8,,gfcf
A,CP_MEUR,L,P51G,SI,2013,870.4 ,870.4,,gfcf
A,CP_MEUR,L,P51G,SK,2013,2938.3 ,2938.3,,gfcf
A,CP_MEUR,M,P51G,AT,2013,2257.7 ,2257.7,,gfcf
A,CP_MEUR,M,P51G,BE,2013,4927.5 ,4927.5,,gfcf
A,CP_MEUR,M,P51G,BG,2013,164.7 ,164.7,,gfcf
A,CP_MEUR,M,P51G,CZ,2013,1570.3 ,1570.3,,gfcf
A,CP_MEUR,M,P51G,DE,2013,16245.0 ,16245.0,,gfcf
A,CP_MEUR,M,P51G,EE,2013,227.8 ,227.8,,gfcf
A,CP_MEUR,M,P51G,ES,2013,6578.0 ,6578.0,,gfcf
A,CP_MEUR,M,P51G,FI,2013,1226.0 ,1226.0,,gfcf
A,CP_MEUR,M,P51G,FR,2013,33588.6 ,33588.6,,gfcf
A,CP_MEUR,M,P51G,HU,2013,687.7 ,687.7,,gfcf
A,CP_MEUR,M,P51G,IT,2013,13196.3 ,13196.3,,gfcf
A,CP_MEUR,M,P51G,LV,2013,133.7 ,133.7,,gfcf
A,CP_MEUR,M,P51G,NL,2013,4280.0 ,4280.0,,gfcf
A,CP_MEUR,M,P51G,NO,2013,1893.1 ,1893.1,,gfcf
A,CP_MEUR,M,P51G,PL,2013,1652.7 ,1652.7,,gfcf
A,CP_MEUR,M,P51G,PT,2013,1053.5 ,1053.5,,gfcf
A,CP_MEUR,M,P51G,RO,2013,888.9 ,888.9,,gfcf
A,CP_MEUR,M,P51G,SE,2013,6757.2 ,6757.2,,gfcf
A,CP_MEUR,M,P51G,SI,2013,398.4 ,398.4,,gfcf
A,CP_MEUR,M,P51G,SK,2013,443.9 ,443.9,,gfcf
A,CP_MEUR,N,P51G,AT,2013,4259.4 ,4259.4,,gfcf
A,CP_MEUR,N,P51G,BE,2013,3177.3 ,3177.3,,gfcf
A,CP_MEUR,N,P51G,BG,2013,160.9 ,160.9,,gfcf
A,CP_MEUR,N,P51G,CZ,2013,606.4 ,606.4,,gfcf
A,CP_MEUR,N,P51G,DE,2013,43090.0 ,43090.0,,gfcf
A,CP_MEUR,N,P51G,EE,2013,141.2 ,141.2,,gfcf
A,CP_MEUR,N,P51G,ES,2013,4398.0 ,4398.0,,gfcf
A,CP_MEUR,N,P51G,FI,2013,586.0 ,586.0,,gfcf
A,CP_MEUR,N,P51G,FR,2013,16628.4 ,16628.4,,gfcf
A,CP_MEUR,N,P51G,HU,2013,579.3 ,579.3,,gfcf
A,CP_MEUR,N,P51G,IT,2013,5006.0 ,5006.0,,gfcf
A,CP_MEUR,N,P51G,LV,2013,88.9 ,88.9,,gfcf
A,CP_MEUR,N,P51G,NL,2013,7452.0 ,7452.0,,gfcf
A,CP_MEUR,N,P51G,NO,2013,854.1 ,854.1,,gfcf
A,CP_MEUR,N,P51G,PL,2013,983.0 ,983.0,,gfcf
A,CP_MEUR,N,P51G,PT,2013,449.1 ,449.1,,gfcf
A,CP_MEUR,N,P51G,RO,2013,529.9 ,529.9,,gfcf
A,CP_MEUR,N,P51G,SE,2013,1352.7 ,1352.7,,gfcf
A,CP_MEUR,N,P51G,SI,2013,38.3 ,38.3,,gfcf
A,CP_MEUR,N,P51G,SK,2013,86.1 ,86.1,,gfcf
A,CP_MEUR,B,P51G,AT,2014,389.3 ,389.3,,gfcf
A,CP_MEUR,B,P51G,BE,2014,58.3 ,58.3,,gfcf
A,CP_MEUR,B,P51G,BG,2014,261.5 ,261.5,,gfcf
A,CP_MEUR,B,P51G,CZ,2014,475.1 ,475.1,,gfcf
A,CP_MEUR,B,P51G,DE,2014,1498.0 ,1498.0,,gfcf
A,CP_MEUR,B,P51G,EE,2014,66.1 ,66.1,,gfcf
A,CP_MEUR,B,P51G,ES,2014,1003.0 ,1003.0,,gfcf
A,CP_MEUR,B,P51G,FI,2014,313.0 ,313.0,,gfcf
A,CP_MEUR,B,P51G,FR,2014,773.8 ,773.8,,gfcf
A,CP_MEUR,B,P51G,HU,2014,54.7 ,54.7,,gfcf
A,CP_MEUR,B,P51G,IT,2014,2842.2 ,2842.2,,gfcf
A,CP_MEUR,B,P51G,LV,2014,29.5 ,29.5,,gfcf
A,CP_MEUR,B,P51G,NL,2014,3270.0 ,3270.0,,gfcf
A,CP_MEUR,B,P51G,NO,2014,27189.1 ,27189.1,,gfcf
A,CP_MEUR,B,P51G,PL,2014,2087.8 ,2087.8,,gfcf
A,CP_MEUR,B,P51G,PT,2014,168.0 ,168.0,,gfcf
A,CP_MEUR,B,P51G,RO,2014,1460.1 ,1460.1,,gfcf
A,CP_MEUR,B,P51G,SE,2014,1047.5 ,1047.5,,gfcf
A,CP_MEUR,B,P51G,SI,2014,10.9 ,10.9,,gfcf
A,CP_MEUR,B,P51G,SK,2014,15.0 ,15.0,,gfcf
A,CP_MEUR,C,P51G,AT,2014,13094.7 ,13094.7,,gfcf
A,CP_MEUR,C,P51G,BE,2014,12028.4 ,12028.4,,gfcf
A,CP_MEUR,C,P51G,BG,2014,1368.1 ,1368.1,,gfcf
A,CP_MEUR,C,P51G,CZ,2014,9138.3 ,9138.3,,gfcf
A,CP_MEUR,C,P51G,DE,2014,109702.0 ,109702.0,,gfcf
A,CP_MEUR,C,P51G,EE,2014,682.2 ,682.2,,gfcf
A,CP_MEUR,C,P51G,ES,2014,17557.0 ,17557.0,,gfcf
A,CP_MEUR,C,P51G,FI,2014,6274.0 ,6274.0,,gfcf
A,CP_MEUR,C,P51G,FR,2014,45694.6 ,45694.6,,gfcf
A,CP_MEUR,C,P51G,HU,2014,6534.7 ,6534.7,,gfcf
A,CP_MEUR,C,P51G,IT,2014,53054.3 ,53054.3,,gfcf
A,CP_MEUR,C,P51G,LV,2014,574.2 ,574.2,,gfcf
A,CP_MEUR,C,P51G,NL,2014,12797.0 ,12797.0,,gfcf
A,CP_MEUR,C,P51G,NO,2014,3933.7 ,3933.7,,gfcf
A,CP_MEUR,C,P51G,PL,2014,15052.2 ,15052.2,,gfcf
A,CP_MEUR,C,P51G,PT,2014,4134.7 ,4134.7,,gfcf
A,CP_MEUR,C,P51G,RO,2014,4646.7 ,4646.7,,gfcf
A,CP_MEUR,C,P51G,SE,2014,15264.3 ,15264.3,,gfcf
A,CP_MEUR,C,P51G,SI,2014,1658.6 ,1658.6,,gfcf
A,CP_MEUR,C,P51G,SK,2014,3503.4 ,3503.4,,gfcf
A,CP_MEUR,D,P51G,AT,2014,2618.0 ,2618.0,,gfcf
A,CP_MEUR,D,P51G,BE,2014,2076.9 ,2076.9,,gfcf
A,CP_MEUR,D,P51G,BG,2014,1144.7 ,1144.7,,gfcf
A,CP_MEUR,D,P51G,CZ,2014,2112.5 ,2112.5,,gfcf
A,CP_MEUR,D,P51G,DE,2014,14257.0 ,14257.0,,gfcf
A,CP_MEUR,D,P51G,EE,2014,408.6 ,408.6,,gfcf
A,CP_MEUR,D,P51G,ES,2014,16217.0 ,16217.0,,gfcf
A,CP_MEUR,D,P51G,FI,2014,2488.0 ,2488.0,,gfcf
A,CP_MEUR,D,P51G,FR,2014,15859.2 ,15859.2,,gfcf
A,CP_MEUR,D,P51G,HU,2014,530.5 ,530.5,,gfcf
A,CP_MEUR,D,P51G,IT,2014,12150.2 ,12150.2,,gfcf
A,CP_MEUR,D,P51G,LV,2014,363.2 ,363.2,,gfcf
A,CP_MEUR,D,P51G,NL,2014,6436.0 ,6436.0,,gfcf
A,CP_MEUR,D,P51G,NO,2014,2596.4 ,2596.4,,gfcf
A,CP_MEUR,D,P51G,PL,2014,5532.1 ,5532.1,,gfcf
A,CP_MEUR,D,P51G,PT,2014,1497.7 ,1497.7,,gfcf
A,CP_MEUR,D,P51G,RO,2014,3563.1 ,3563.1,,gfcf
A,CP_MEUR,D,P51G,SE,2014,5040.0 ,5040.0,,gfcf
A,CP_MEUR,D,P51G,SI,2014,591.1 ,591.1,,gfcf
A,CP_MEUR,D,P51G,SK,2014,1409.1 ,1409.1,,gfcf
A,CP_MEUR,E,P51G,AT,2014,1050.5 ,1050.5,,gfcf
A,CP_MEUR,E,P51G,BE,2014,1453.4 ,1453.4,,gfcf
A,CP_MEUR,E,P51G,BG,2014,219.0 ,219.0,,gfcf
A,CP_MEUR,E,P51G,CZ,2014,481.0 ,481.0,,gfcf
A,CP_MEUR,E,P51G,DE,2014,10014.0 ,10014.0,,gfcf
A,CP_MEUR,E,P51G,EE,2014,90.8 ,90.8,,gfcf
A,CP_MEUR,E,P51G,ES,2014,2197.0 ,2197.0,,gfcf
A,CP_MEUR,E,P51G,FI,2014,584.0 ,584.0,,gfcf
A,CP_MEUR,E,P51G,FR,2014,6117.4 ,6117.4,,gfcf
A,CP_MEUR,E,P51G,HU,2014,499.3 ,499.3,,gfcf
A,CP_MEUR,E,P51G,IT,2014,3689.9 ,3689.9,,gfcf
A,CP_MEUR,E,P51G,LV,2014,142.2 ,142.2,,gfcf
A,CP_MEUR,E,P51G,NL,2014,1195.0 ,1195.0,,gfcf
A,CP_MEUR,E,P51G,NO,2014,1396.9 ,1396.9,,gfcf
A,CP_MEUR,E,P51G,PL,2014,2736.7 ,2736.7,,gfcf
A,CP_MEUR,E,P51G,PT,2014,729.5 ,729.5,,gfcf
A,CP_MEUR,E,P51G,RO,2014,1139.8 ,1139.8,,gfcf
A,CP_MEUR,E,P51G,SE,2014,1437.6 ,1437.6,,gfcf
A,CP_MEUR,E,P51G,SI,2014,44.8 ,44.8,,gfcf
A,CP_MEUR,E,P51G,SK,2014,462.6 ,462.6,,gfcf
A,CP_MEUR,F,P51G,AT,2014,1434.3 ,1434.3,,gfcf
A,CP_MEUR,F,P51G,BE,2014,3597.6 ,3597.6,,gfcf
A,CP_MEUR,F,P51G,BG,2014,933.5 ,933.5,,gfcf
A,CP_MEUR,F,P51G,CZ,2014,1179.1 ,1179.1,,gfcf
A,CP_MEUR,F,P51G,DE,2014,6211.0 ,6211.0,,gfcf
A,CP_MEUR,F,P51G,EE,2014,116.8 ,116.8,,gfcf
A,CP_MEUR,F,P51G,ES,2014,10288.0 ,10288.0,,gfcf
A,CP_MEUR,F,P51G,FI,2014,810.0 ,810.0,,gfcf
A,CP_MEUR,F,P51G,FR,2014,8148.1 ,8148.1,,gfcf
A,CP_MEUR,F,P51G,HU,2014,468.5 ,468.5,,gfcf
A,CP_MEUR,F,P51G,IT,2014,5337.2 ,5337.2,,gfcf
A,CP_MEUR,F,P51G,LV,2014,148.7 ,148.7,,gfcf
A,CP_MEUR,F,P51G,NL,2014,2342.0 ,2342.0,,gfcf
A,CP_MEUR,F,P51G,NO,2014,1689.1 ,1689.1,,gfcf
A,CP_MEUR,F,P51G,PL,2014,2827.5 ,2827.5,,gfcf
A,CP_MEUR,F,P51G,PT,2014,690.3 ,690.3,,gfcf
A,CP_MEUR,F,P51G,RO,2014,2397.0 ,2397.0,,gfcf
A,CP_MEUR,F,P51G,SE,2014,2498.5 ,2498.5,,gfcf
A,CP_MEUR,F,P51G,SI,2014,139.9 ,139.9,,gfcf
A,CP_MEUR,F,P51G,SK,2014,524.7 ,524.7,,gfcf
A,CP_MEUR,G,P51G,AT,2014,4407.4 ,4407.4,,gfcf
A,CP_MEUR,G,P51G,BE,2014,6409.6 ,6409.6,,gfcf
A,CP_MEUR,G,P51G,BG,2014,633.0 ,633.0,,gfcf
A,CP_MEUR,G,P51G,CZ,2014,1991.9 ,1991.9,,gfcf
A,CP_MEUR,G,P51G,DE,2014,20724.0 ,20724.0,,gfcf
A,CP_MEUR,G,P51G,EE,2014,303.2 ,303.2,,gfcf
A,CP_MEUR,G,P51G,ES,2014,15640.0 ,15640.0,,gfcf
A,CP_MEUR,G,P51G,FI,2014,1630.0 ,1630.0,,gfcf
A,CP_MEUR,G,P51G,FR,2014,16512.7 ,16512.7,,gfcf
A,CP_MEUR,G,P51G,HU,2014,1359.1 ,1359.1,,gfcf
A,CP_MEUR,G,P51G,IT,2014,14261.6 ,14261.6,,gfcf
A,CP_MEUR,G,P51G,LV,2014,348.9 ,348.9,,gfcf
A,CP_MEUR,G,P51G,NL,2014,7837.0 ,7837.0,,gfcf
A,CP_MEUR,G,P51G,NO,2014,1847.3 ,1847.3,,gfcf
A,CP_MEUR,G,P51G,PL,2014,6573.1 ,6573.1,,gfcf
A,CP_MEUR,G,P51G,PT,2014,1930.4 ,1930.4,,gfcf
A,CP_MEUR,G,P51G,RO,2014,3087.8 ,3087.8,,gfcf
A,CP_MEUR,G,P51G,SE,2014,5613.5 ,5613.5,,gfcf
A,CP_MEUR,G,P51G,SI,2014,368.1 ,368.1,,gfcf
A,CP_MEUR,G,P51G,SK,2014,1197.7 ,1197.7,,gfcf
A,CP_MEUR,H,P51G,AT,2014,5958.8 ,5958.8,,gfcf
A,CP_MEUR,H,P51G,BE,2014,7094.2 ,7094.2,,gfcf
A,CP_MEUR,H,P51G,BG,2014,465.4 ,465.4,,gfcf
A,CP_MEUR,H,P51G,CZ,2014,2916.0 ,2916.0,,gfcf
A,CP_MEUR,H,P51G,DE,2014,32381.0 ,32381.0,,gfcf
A,CP_MEUR,H,P51G,EE,2014,447.0 ,447.0,,gfcf
A,CP_MEUR,H,P51G,ES,2014,12491.0 ,12491.0,,gfcf
A,CP_MEUR,H,P51G,FI,2014,1245.0 ,1245.0,,gfcf
A,CP_MEUR,H,P51G,FR,2014,23133.6 ,23133.6,,gfcf
A,CP_MEUR,H,P51G,HU,2014,2663.5 ,2663.5,,gfcf
A,CP_MEUR,H,P51G,IT,2014,19185.3 ,19185.3,,gfcf
A,CP_MEUR,H,P51G,LV,2014,592.9 ,592.9,,gfcf
A,CP_MEUR,H,P51G,NL,2014,6070.0 ,6070.0,,gfcf
A,CP_MEUR,H,P51G,NO,2014,2510.4 ,2510.4,,gfcf
A,CP_MEUR,H,P51G,PL,2014,10619.7 ,10619.7,,gfcf
A,CP_MEUR,H,P51G,PT,2014,1343.1 ,1343.1,,gfcf
A,CP_MEUR,H,P51G,RO,2014,4938.2 ,4938.2,,gfcf
A,CP_MEUR,H,P51G,SE,2014,8473.3 ,8473.3,,gfcf
A,CP_MEUR,H,P51G,SI,2014,462.8 ,462.8,,gfcf
A,CP_MEUR,H,P51G,SK,2014,1749.5 ,1749.5,,gfcf
A,CP_MEUR,I,P51G,AT,2014,1109.9 ,1109.9,,gfcf
A,CP_MEUR,I,P51G,BE,2014,980.7 ,980.7,,gfcf
A,CP_MEUR,I,P51G,BG,2014,147.0 ,147.0,,gfcf
A,CP_MEUR,I,P51G,CZ,2014,302.7 ,302.7,,gfcf
A,CP_MEUR,I,P51G,DE,2014,3695.0 ,3695.0,,gfcf
A,CP_MEUR,I,P51G,EE,2014,54.2 ,54.2,,gfcf
A,CP_MEUR,I,P51G,ES,2014,3014.0 ,3014.0,,gfcf
A,CP_MEUR,I,P51G,FI,2014,184.0 ,184.0,,gfcf
A,CP_MEUR,I,P51G,FR,2014,5275.9 ,5275.9,,gfcf
A,CP_MEUR,I,P51G,HU,2014,183.3 ,183.3,,gfcf
A,CP_MEUR,I,P51G,IT,2014,4818.9 ,4818.9,,gfcf
A,CP_MEUR,I,P51G,LV,2014,61.6 ,61.6,,gfcf
A,CP_MEUR,I,P51G,NL,2014,788.0 ,788.0,,gfcf
A,CP_MEUR,I,P51G,NO,2014,309.2 ,309.2,,gfcf
A,CP_MEUR,I,P51G,PL,2014,710.5 ,710.5,,gfcf
A,CP_MEUR,I,P51G,PT,2014,699.6 ,699.6,,gfcf
A,CP_MEUR,I,P51G,RO,2014,384.5 ,384.5,,gfcf
A,CP_MEUR,I,P51G,SE,2014,790.5 ,790.5,,gfcf
A,CP_MEUR,I,P51G,SI,2014,88.5 ,88.5,,gfcf
A,CP_MEUR,I,P51G,SK,2014,217.5 ,217.5,,gfcf
A,CP_MEUR,J,P51G,AT,2014,3312.5 ,3312.5,,gfcf
A,CP_MEUR,J,P51G,BE,2014,4686.1 ,4686.1,,gfcf
A,CP_MEUR,J,P51G,BG,2014,188.0 ,188.0,,gfcf
A,CP_MEUR,J,P51G,CZ,2014,1909.1 ,1909.1,,gfcf
A,CP_MEUR,J,P51G,DE,2014,22277.0 ,22277.0,,gfcf
A,CP_MEUR,J,P51G,EE,2014,235.3 ,235.3,,gfcf
A,CP_MEUR,J,P51G,ES,2014,9524.0 ,9524.0,,gfcf
A,CP_MEUR,J,P51G,FI,2014,2254.0 ,2254.0,,gfcf
A,CP_MEUR,J,P51G,FR,2014,24231.5 ,24231.5,,gfcf
A,CP_MEUR,J,P51G,HU,2014,1164.1 ,1164.1,,gfcf
A,CP_MEUR,J,P51G,IT,2014,16390.3 ,16390.3,,gfcf
A,CP_MEUR,J,P51G,LV,2014,270.5 ,270.5,,gfcf
A,CP_MEUR,J,P51G,NL,2014,6255.0 ,6255.0,,gfcf
A,CP_MEUR,J,P51G,NO,2014,2340.2 ,2340.2,,gfcf
A,CP_MEUR,J,P51G,PL,2014,2957.0 ,2957.0,,gfcf
A,CP_MEUR,J,P51G,PT,2014,2161.6 ,2161.6,,gfcf
A,CP_MEUR,J,P51G,RO,2014,1515.6 ,1515.6,,gfcf
A,CP_MEUR,J,P51G,SE,2014,8132.0 ,8132.0,,gfcf
A,CP_MEUR,J,P51G,SI,2014,313.5 ,313.5,,gfcf
A,CP_MEUR,J,P51G,SK,2014,658.6 ,658.6,,gfcf
A,CP_MEUR,L,P51G,AT,2014,23216.5 ,23216.5,,gfcf
A,CP_MEUR,L,P51G,BE,2014,27103.9 ,27103.9,,gfcf
A,CP_MEUR,L,P51G,BG,2014,259.9 ,259.9,,gfcf
A,CP_MEUR,L,P51G,CZ,2014,8850.3 ,8850.3,,gfcf
A,CP_MEUR,L,P51G,DE,2014,189795.0 ,189795.0,,gfcf
A,CP_MEUR,L,P51G,EE,2014,1168.8 ,1168.8,,gfcf
A,CP_MEUR,L,P51G,ES,2014,44958.0 ,44958.0,,gfcf
A,CP_MEUR,L,P51G,FI,2014,16283.0 ,16283.0,,gfcf
A,CP_MEUR,L,P51G,FR,2014,152070.4 ,152070.4,,gfcf
A,CP_MEUR,L,P51G,HU,2014,2656.5 ,2656.5,,gfcf
A,CP_MEUR,L,P51G,IT,2014,81196.5 ,81196.5,,gfcf
A,CP_MEUR,L,P51G,LV,2014,1107.0 ,1107.0,,gfcf
A,CP_MEUR,L,P51G,NL,2014,26460.0 ,26460.0,,gfcf
A,CP_MEUR,L,P51G,NO,2014,23435.2 ,23435.2,,gfcf
A,CP_MEUR,L,P51G,PL,2014,14081.0 ,14081.0,,gfcf
A,CP_MEUR,L,P51G,PT,2014,5438.2 ,5438.2,,gfcf
A,CP_MEUR,L,P51G,RO,2014,5241.1 ,5241.1,,gfcf
A,CP_MEUR,L,P51G,SE,2014,25042.3 ,25042.3,,gfcf
A,CP_MEUR,L,P51G,SI,2014,837.1 ,837.1,,gfcf
A,CP_MEUR,L,P51G,SK,2014,2635.6 ,2635.6,,gfcf
A,CP_MEUR,M,P51G,AT,2014,2251.8 ,2251.8,,gfcf
A,CP_MEUR,M,P51G,BE,2014,5274.7 ,5274.7,,gfcf
A,CP_MEUR,M,P51G,BG,2014,359.2 ,359.2,,gfcf
A,CP_MEUR,M,P51G,CZ,2014,1437.1 ,1437.1,,gfcf
A,CP_MEUR,M,P51G,DE,2014,18626.0 ,18626.0,,gfcf
A,CP_MEUR,M,P51G,EE,2014,250.0 ,250.0,,gfcf
A,CP_MEUR,M,P51G,ES,2014,7456.0 ,7456.0,,gfcf
A,CP_MEUR,M,P51G,FI,2014,1225.0 ,1225.0,,gfcf
A,CP_MEUR,M,P51G,FR,2014,33826.4 ,33826.4,,gfcf
A,CP_MEUR,M,P51G,HU,2014,692.7 ,692.7,,gfcf
A,CP_MEUR,M,P51G,IT,2014,12630.2 ,12630.2,,gfcf
A,CP_MEUR,M,P51G,LV,2014,176.6 ,176.6,,gfcf
A,CP_MEUR,M,P51G,NL,2014,4030.0 ,4030.0,,gfcf
A,CP_MEUR,M,P51G,NO,2014,1801.4 ,1801.4,,gfcf
A,CP_MEUR,M,P51G,PL,2014,2111.0 ,2111.0,,gfcf
A,CP_MEUR,M,P51G,PT,2014,1190.8 ,1190.8,,gfcf
A,CP_MEUR,M,P51G,RO,2014,876.6 ,876.6,,gfcf
A,CP_MEUR,M,P51G,SE,2014,6857.9 ,6857.9,,gfcf
A,CP_MEUR,M,P51G,SI,2014,355.1 ,355.1,,gfcf
A,CP_MEUR,M,P51G,SK,2014,651.6 ,651.6,,gfcf
A,CP_MEUR,N,P51G,AT,2014,4313.9 ,4313.9,,gfcf
A,CP_MEUR,N,P51G,BE,2014,5474.1 ,5474.1,,gfcf
A,CP_MEUR,N,P51G,BG,2014,220.6 ,220.6,,gfcf
A,CP_MEUR,N,P51G,CZ,2014,515.8 ,515.8,,gfcf
A,CP_MEUR,N,P51G,DE,2014,47278.0 ,47278.0,,gfcf
A,CP_MEUR,N,P51G,EE,2014,116.9 ,116.9,,gfcf
A,CP_MEUR,N,P51G,ES,2014,7220.0 ,7220.0,,gfcf
A,CP_MEUR,N,P51G,FI,2014,621.0 ,621.0,,gfcf
A,CP_MEUR,N,P51G,FR,2014,16730.3 ,16730.3,,gfcf
A,CP_MEUR,N,P51G,HU,2014,611.7 ,611.7,,gfcf
A,CP_MEUR,N,P51G,IT,2014,5912.1 ,5912.1,,gfcf
A,CP_MEUR,N,P51G,LV,2014,68.0 ,68.0,,gfcf
A,CP_MEUR,N,P51G,NL,2014,2319.0 ,2319.0,,gfcf
A,CP_MEUR,N,P51G,NO,2014,801.9 ,801.9,,gfcf
A,CP_MEUR,N,P51G,PL,2014,1111.3 ,1111.3,,gfcf
A,CP_MEUR,N,P51G,PT,2014,686.1 ,686.1,,gfcf
A,CP_MEUR,N,P51G,RO,2014,1772.4 ,1772.4,,gfcf
A,CP_MEUR,N,P51G,SE,2014,1707.0 ,1707.0,,gfcf
A,CP_MEUR,N,P51G,SI,2014,50.5 ,50.5,,gfcf
A,CP_MEUR,N,P51G,SK,2014,398.5 ,398.5,,gfcf
A,CP_MEUR,B,P51G,AT,2015,267.0 ,267.0,,gfcf
A,CP_MEUR,B,P51G,BE,2015,59.2 ,59.2,,gfcf
A,CP_MEUR,B,P51G,BG,2015,61.3 ,61.3,,gfcf
A,CP_MEUR,B,P51G,CZ,2015,402.6 ,402.6,,gfcf
A,CP_MEUR,B,P51G,DE,2015,1184.0 ,1184.0,,gfcf
A,CP_MEUR,B,P51G,EE,2015,39.7 ,39.7,,gfcf
A,CP_MEUR,B,P51G,ES,2015,890.0 ,890.0,,gfcf
A,CP_MEUR,B,P51G,FI,2015,389.0 ,389.0,,gfcf
A,CP_MEUR,B,P51G,FR,2015,753.1 ,753.1,,gfcf
A,CP_MEUR,B,P51G,HU,2015,77.7 ,77.7,,gfcf
A,CP_MEUR,B,P51G,IT,2015,2452.2 ,2452.2,,gfcf
A,CP_MEUR,B,P51G,LV,2015,16.9 ,16.9,,gfcf
A,CP_MEUR,B,P51G,NL,2015,2642.0 ,2642.0,,gfcf
A,CP_MEUR,B,P51G,NO,2015,22688.8 ,22688.8,,gfcf
A,CP_MEUR,B,P51G,PL,2015,1502.6 ,1502.6,,gfcf
A,CP_MEUR,B,P51G,PT,2015,132.1 ,132.1,,gfcf
A,CP_MEUR,B,P51G,RO,2015,995.8 ,995.8,,gfcf
A,CP_MEUR,B,P51G,SE,2015,1399.2 ,1399.2,,gfcf
A,CP_MEUR,B,P51G,SI,2015,52.3 ,52.3,,gfcf
A,CP_MEUR,B,P51G,SK,2015,30.3 ,30.3,,gfcf
A,CP_MEUR,C,P51G,AT,2015,13498.9 ,13498.9,,gfcf
A,CP_MEUR,C,P51G,BE,2015,15359.2 ,15359.2,,gfcf
A,CP_MEUR,C,P51G,BG,2015,2971.7 ,2971.7,,gfcf
A,CP_MEUR,C,P51G,CZ,2015,10383.2 ,10383.2,,gfcf
A,CP_MEUR,C,P51G,DE,2015,114364.0 ,114364.0,,gfcf
A,CP_MEUR,C,P51G,EE,2015,608.0 ,608.0,,gfcf
A,CP_MEUR,C,P51G,ES,2015,24004.0 ,24004.0,,gfcf
A,CP_MEUR,C,P51G,FI,2015,6546.0 ,6546.0,,gfcf
A,CP_MEUR,C,P51G,FR,2015,46073.8 ,46073.8,,gfcf
A,CP_MEUR,C,P51G,HU,2015,5923.9 ,5923.9,,gfcf
A,CP_MEUR,C,P51G,IT,2015,57325.6 ,57325.6,,gfcf
A,CP_MEUR,C,P51G,LV,2015,490.3 ,490.3,,gfcf
A,CP_MEUR,C,P51G,NL,2015,13613.0 ,13613.0,,gfcf
A,CP_MEUR,C,P51G,NO,2015,3376.6 ,3376.6,,gfcf
A,CP_MEUR,C,P51G,PL,2015,17125.3 ,17125.3,,gfcf
A,CP_MEUR,C,P51G,PT,2015,4256.5 ,4256.5,,gfcf
A,CP_MEUR,C,P51G,RO,2015,4968.4 ,4968.4,,gfcf
A,CP_MEUR,C,P51G,SE,2015,16423.6 ,16423.6,,gfcf
A,CP_MEUR,C,P51G,SI,2015,1681.8 ,1681.8,,gfcf
A,CP_MEUR,C,P51G,SK,2015,4082.4 ,4082.4,,gfcf
A,CP_MEUR,D,P51G,AT,2015,2650.2 ,2650.2,,gfcf
A,CP_MEUR,D,P51G,BE,2015,1978.2 ,1978.2,,gfcf
A,CP_MEUR,D,P51G,BG,2015,169.2 ,169.2,,gfcf
A,CP_MEUR,D,P51G,CZ,2015,1884.6 ,1884.6,,gfcf
A,CP_MEUR,D,P51G,DE,2015,14954.0 ,14954.0,,gfcf
A,CP_MEUR,D,P51G,EE,2015,361.9 ,361.9,,gfcf
A,CP_MEUR,D,P51G,ES,2015,13760.0 ,13760.0,,gfcf
A,CP_MEUR,D,P51G,FI,2015,2602.0 ,2602.0,,gfcf
A,CP_MEUR,D,P51G,FR,2015,15040.3 ,15040.3,,gfcf
A,CP_MEUR,D,P51G,HU,2015,657.7 ,657.7,,gfcf
A,CP_MEUR,D,P51G,IT,2015,9519.5 ,9519.5,,gfcf
A,CP_MEUR,D,P51G,LV,2015,374.6 ,374.6,,gfcf
A,CP_MEUR,D,P51G,NL,2015,6071.0 ,6071.0,,gfcf
A,CP_MEUR,D,P51G,NO,2015,2478.2 ,2478.2,,gfcf
A,CP_MEUR,D,P51G,PL,2015,7291.4 ,7291.4,,gfcf
A,CP_MEUR,D,P51G,PT,2015,1451.9 ,1451.9,,gfcf
A,CP_MEUR,D,P51G,RO,2015,3126.5 ,3126.5,,gfcf
A,CP_MEUR,D,P51G,SE,2015,4567.3 ,4567.3,,gfcf
A,CP_MEUR,D,P51G,SI,2015,332.4 ,332.4,,gfcf
A,CP_MEUR,D,P51G,SK,2015,1316.0 ,1316.0,,gfcf
A,CP_MEUR,E,P51G,AT,2015,1032.9 ,1032.9,,gfcf
A,CP_MEUR,E,P51G,BE,2015,1306.9 ,1306.9,,gfcf
A,CP_MEUR,E,P51G,BG,2015,779.1 ,779.1,,gfcf
A,CP_MEUR,E,P51G,CZ,2015,493.3 ,493.3,,gfcf
A,CP_MEUR,E,P51G,DE,2015,9425.0 ,9425.0,,gfcf
A,CP_MEUR,E,P51G,EE,2015,101.7 ,101.7,,gfcf
A,CP_MEUR,E,P51G,ES,2015,2947.0 ,2947.0,,gfcf
A,CP_MEUR,E,P51G,FI,2015,541.0 ,541.0,,gfcf
A,CP_MEUR,E,P51G,FR,2015,5729.9 ,5729.9,,gfcf
A,CP_MEUR,E,P51G,HU,2015,686.8 ,686.8,,gfcf
A,CP_MEUR,E,P51G,IT,2015,4477.6 ,4477.6,,gfcf
A,CP_MEUR,E,P51G,LV,2015,123.2 ,123.2,,gfcf
A,CP_MEUR,E,P51G,NL,2015,1230.0 ,1230.0,,gfcf
A,CP_MEUR,E,P51G,NO,2015,1419.2 ,1419.2,,gfcf
A,CP_MEUR,E,P51G,PL,2015,3168.9 ,3168.9,,gfcf
A,CP_MEUR,E,P51G,PT,2015,588.9 ,588.9,,gfcf
A,CP_MEUR,E,P51G,RO,2015,1390.2 ,1390.2,,gfcf
A,CP_MEUR,E,P51G,SE,2015,1580.4 ,1580.4,,gfcf
A,CP_MEUR,E,P51G,SI,2015,53.5 ,53.5,,gfcf
A,CP_MEUR,E,P51G,SK,2015,734.1 ,734.1,,gfcf
A,CP_MEUR,F,P51G,AT,2015,1292.3 ,1292.3,,gfcf
A,CP_MEUR,F,P51G,BE,2015,3808.0 ,3808.0,,gfcf
A,CP_MEUR,F,P51G,BG,2015,1088.8 ,1088.8,,gfcf
A,CP_MEUR,F,P51G,CZ,2015,1276.4 ,1276.4,,gfcf
A,CP_MEUR,F,P51G,DE,2015,6253.0 ,6253.0,,gfcf
A,CP_MEUR,F,P51G,EE,2015,110.2 ,110.2,,gfcf
A,CP_MEUR,F,P51G,ES,2015,8153.0 ,8153.0,,gfcf
A,CP_MEUR,F,P51G,FI,2015,830.0 ,830.0,,gfcf
A,CP_MEUR,F,P51G,FR,2015,7748.0 ,7748.0,,gfcf
A,CP_MEUR,F,P51G,HU,2015,445.6 ,445.6,,gfcf
A,CP_MEUR,F,P51G,IT,2015,5658.6 ,5658.6,,gfcf
A,CP_MEUR,F,P51G,LV,2015,90.3 ,90.3,,gfcf
A,CP_MEUR,F,P51G,NL,2015,2580.0 ,2580.0,,gfcf
A,CP_MEUR,F,P51G,NO,2015,1887.0 ,1887.0,,gfcf
A,CP_MEUR,F,P51G,PL,2015,2830.0 ,2830.0,,gfcf
A,CP_MEUR,F,P51G,PT,2015,640.0 ,640.0,,gfcf
A,CP_MEUR,F,P51G,RO,2015,2701.2 ,2701.2,,gfcf
A,CP_MEUR,F,P51G,SE,2015,2777.7 ,2777.7,,gfcf
A,CP_MEUR,F,P51G,SI,2015,171.2 ,171.2,,gfcf
A,CP_MEUR,F,P51G,SK,2015,648.4 ,648.4,,gfcf
A,CP_MEUR,G,P51G,AT,2015,4581.2 ,4581.2,,gfcf
A,CP_MEUR,G,P51G,BE,2015,6850.3 ,6850.3,,gfcf
A,CP_MEUR,G,P51G,BG,2015,494.9 ,494.9,,gfcf
A,CP_MEUR,G,P51G,CZ,2015,2007.1 ,2007.1,,gfcf
A,CP_MEUR,G,P51G,DE,2015,22711.0 ,22711.0,,gfcf
A,CP_MEUR,G,P51G,EE,2015,293.3 ,293.3,,gfcf
A,CP_MEUR,G,P51G,ES,2015,14847.0 ,14847.0,,gfcf
A,CP_MEUR,G,P51G,FI,2015,1315.0 ,1315.0,,gfcf
A,CP_MEUR,G,P51G,FR,2015,17809.2 ,17809.2,,gfcf
A,CP_MEUR,G,P51G,HU,2015,1321.4 ,1321.4,,gfcf
A,CP_MEUR,G,P51G,IT,2015,15665.1 ,15665.1,,gfcf
A,CP_MEUR,G,P51G,LV,2015,226.3 ,226.3,,gfcf
A,CP_MEUR,G,P51G,NL,2015,8182.0 ,8182.0,,gfcf
A,CP_MEUR,G,P51G,NO,2015,1589.1 ,1589.1,,gfcf
A,CP_MEUR,G,P51G,PL,2015,7393.2 ,7393.2,,gfcf
A,CP_MEUR,G,P51G,PT,2015,2019.6 ,2019.6,,gfcf
A,CP_MEUR,G,P51G,RO,2015,2792.7 ,2792.7,,gfcf
A,CP_MEUR,G,P51G,SE,2015,6180.8 ,6180.8,,gfcf
A,CP_MEUR,G,P51G,SI,2015,442.8 ,442.8,,gfcf
A,CP_MEUR,G,P51G,SK,2015,1316.2 ,1316.2,,gfcf
A,CP_MEUR,H,P51G,AT,2015,5990.4 ,5990.4,,gfcf
A,CP_MEUR,H,P51G,BE,2015,6735.3 ,6735.3,,gfcf
A,CP_MEUR,H,P51G,BG,2015,981.1 ,981.1,,gfcf
A,CP_MEUR,H,P51G,CZ,2015,3660.3 ,3660.3,,gfcf
A,CP_MEUR,H,P51G,DE,2015,33268.0 ,33268.0,,gfcf
A,CP_MEUR,H,P51G,EE,2015,394.9 ,394.9,,gfcf
A,CP_MEUR,H,P51G,ES,2015,18675.0 ,18675.0,,gfcf
A,CP_MEUR,H,P51G,FI,2015,1427.0 ,1427.0,,gfcf
A,CP_MEUR,H,P51G,FR,2015,24145.7 ,24145.7,,gfcf
A,CP_MEUR,H,P51G,HU,2015,2494.1 ,2494.1,,gfcf
A,CP_MEUR,H,P51G,IT,2015,22564.4 ,22564.4,,gfcf
A,CP_MEUR,H,P51G,LV,2015,666.4 ,666.4,,gfcf
A,CP_MEUR,H,P51G,NL,2015,8136.0 ,8136.0,,gfcf
A,CP_MEUR,H,P51G,NO,2015,1979.9 ,1979.9,,gfcf
A,CP_MEUR,H,P51G,PL,2015,12166.8 ,12166.8,,gfcf
A,CP_MEUR,H,P51G,PT,2015,1868.0 ,1868.0,,gfcf
A,CP_MEUR,H,P51G,RO,2015,5555.5 ,5555.5,,gfcf
A,CP_MEUR,H,P51G,SE,2015,8904.5 ,8904.5,,gfcf
A,CP_MEUR,H,P51G,SI,2015,515.5 ,515.5,,gfcf
A,CP_MEUR,H,P51G,SK,2015,2267.0 ,2267.0,,gfcf
A,CP_MEUR,I,P51G,AT,2015,1059.9 ,1059.9,,gfcf
A,CP_MEUR,I,P51G,BE,2015,1056.8 ,1056.8,,gfcf
A,CP_MEUR,I,P51G,BG,2015,235.0 ,235.0,,gfcf
A,CP_MEUR,I,P51G,CZ,2015,321.7 ,321.7,,gfcf
A,CP_MEUR,I,P51G,DE,2015,3829.0 ,3829.0,,gfcf
A,CP_MEUR,I,P51G,EE,2015,64.9 ,64.9,,gfcf
A,CP_MEUR,I,P51G,ES,2015,3373.0 ,3373.0,,gfcf
A,CP_MEUR,I,P51G,FI,2015,199.0 ,199.0,,gfcf
A,CP_MEUR,I,P51G,FR,2015,6029.4 ,6029.4,,gfcf
A,CP_MEUR,I,P51G,HU,2015,209.0 ,209.0,,gfcf
A,CP_MEUR,I,P51G,IT,2015,5612.9 ,5612.9,,gfcf
A,CP_MEUR,I,P51G,LV,2015,50.7 ,50.7,,gfcf
A,CP_MEUR,I,P51G,NL,2015,871.0 ,871.0,,gfcf
A,CP_MEUR,I,P51G,NO,2015,243.7 ,243.7,,gfcf
A,CP_MEUR,I,P51G,PL,2015,710.5 ,710.5,,gfcf
A,CP_MEUR,I,P51G,PT,2015,916.1 ,916.1,,gfcf
A,CP_MEUR,I,P51G,RO,2015,479.8 ,479.8,,gfcf
A,CP_MEUR,I,P51G,SE,2015,832.8 ,832.8,,gfcf
A,CP_MEUR,I,P51G,SI,2015,91.6 ,91.6,,gfcf
A,CP_MEUR,I,P51G,SK,2015,207.8 ,207.8,,gfcf
A,CP_MEUR,J,P51G,AT,2015,3641.2 ,3641.2,,gfcf
A,CP_MEUR,J,P51G,BE,2015,4541.9 ,4541.9,,gfcf
A,CP_MEUR,J,P51G,BG,2015,-114.0 ,-114.0,,gfcf
A,CP_MEUR,J,P51G,CZ,2015,2364.1 ,2364.1,,gfcf
A,CP_MEUR,J,P51G,DE,2015,25456.0 ,25456.0,,gfcf
A,CP_MEUR,J,P51G,EE,2015,248.8 ,248.8,,gfcf
A,CP_MEUR,J,P51G,ES,2015,15481.0 ,15481.0,,gfcf
A,CP_MEUR,J,P51G,FI,2015,2301.0 ,2301.0,,gfcf
A,CP_MEUR,J,P51G,FR,2015,24440.4 ,24440.4,,gfcf
A,CP_MEUR,J,P51G,HU,2015,1603.9 ,1603.9,,gfcf
A,CP_MEUR,J,P51G,IT,2015,18860.5 ,18860.5,,gfcf
A,CP_MEUR,J,P51G,LV,2015,231.2 ,231.2,,gfcf
A,CP_MEUR,J,P51G,NL,2015,6302.0 ,6302.0,,gfcf
A,CP_MEUR,J,P51G,NO,2015,2479.2 ,2479.2,,gfcf
A,CP_MEUR,J,P51G,PL,2015,2837.6 ,2837.6,,gfcf
A,CP_MEUR,J,P51G,PT,2015,2267.7 ,2267.7,,gfcf
A,CP_MEUR,J,P51G,RO,2015,1480.9 ,1480.9,,gfcf
A,CP_MEUR,J,P51G,SE,2015,8770.1 ,8770.1,,gfcf
A,CP_MEUR,J,P51G,SI,2015,332.9 ,332.9,,gfcf
A,CP_MEUR,J,P51G,SK,2015,755.7 ,755.7,,gfcf
A,CP_MEUR,L,P51G,AT,2015,24349.7 ,24349.7,,gfcf
A,CP_MEUR,L,P51G,BE,2015,26559.6 ,26559.6,,gfcf
A,CP_MEUR,L,P51G,BG,2015,136.0 ,136.0,,gfcf
A,CP_MEUR,L,P51G,CZ,2015,9076.9 ,9076.9,,gfcf
A,CP_MEUR,L,P51G,DE,2015,190444.0 ,190444.0,,gfcf
A,CP_MEUR,L,P51G,EE,2015,1255.7 ,1255.7,,gfcf
A,CP_MEUR,L,P51G,ES,2015,34472.0 ,34472.0,,gfcf
A,CP_MEUR,L,P51G,FI,2015,17251.0 ,17251.0,,gfcf
A,CP_MEUR,L,P51G,FR,2015,151211.2 ,151211.2,,gfcf
A,CP_MEUR,L,P51G,HU,2015,2987.6 ,2987.6,,gfcf
A,CP_MEUR,L,P51G,IT,2015,76880.3 ,76880.3,,gfcf
A,CP_MEUR,L,P51G,LV,2015,1140.5 ,1140.5,,gfcf
A,CP_MEUR,L,P51G,NL,2015,29963.0 ,29963.0,,gfcf
A,CP_MEUR,L,P51G,NO,2015,23134.4 ,23134.4,,gfcf
A,CP_MEUR,L,P51G,PL,2015,12527.2 ,12527.2,,gfcf
A,CP_MEUR,L,P51G,PT,2015,5936.3 ,5936.3,,gfcf
A,CP_MEUR,L,P51G,RO,2015,7075.1 ,7075.1,,gfcf
A,CP_MEUR,L,P51G,SE,2015,27929.4 ,27929.4,,gfcf
A,CP_MEUR,L,P51G,SI,2015,841.2 ,841.2,,gfcf
A,CP_MEUR,L,P51G,SK,2015,2674.3 ,2674.3,,gfcf
A,CP_MEUR,M,P51G,AT,2015,2278.3 ,2278.3,,gfcf
A,CP_MEUR,M,P51G,BE,2015,5676.8 ,5676.8,,gfcf
A,CP_MEUR,M,P51G,BG,2015,341.9 ,341.9,,gfcf
A,CP_MEUR,M,P51G,CZ,2015,1775.6 ,1775.6,,gfcf
A,CP_MEUR,M,P51G,DE,2015,19352.0 ,19352.0,,gfcf
A,CP_MEUR,M,P51G,EE,2015,222.4 ,222.4,,gfcf
A,CP_MEUR,M,P51G,ES,2015,7740.0 ,7740.0,,gfcf
A,CP_MEUR,M,P51G,FI,2015,1251.0 ,1251.0,,gfcf
A,CP_MEUR,M,P51G,FR,2015,35075.7 ,35075.7,,gfcf
A,CP_MEUR,M,P51G,HU,2015,896.6 ,896.6,,gfcf
A,CP_MEUR,M,P51G,IT,2015,12414.7 ,12414.7,,gfcf
A,CP_MEUR,M,P51G,LV,2015,186.1 ,186.1,,gfcf
A,CP_MEUR,M,P51G,NL,2015,4403.0 ,4403.0,,gfcf
A,CP_MEUR,M,P51G,NO,2015,1744.2 ,1744.2,,gfcf
A,CP_MEUR,M,P51G,PL,2015,2160.8 ,2160.8,,gfcf
A,CP_MEUR,M,P51G,PT,2015,1111.0 ,1111.0,,gfcf
A,CP_MEUR,M,P51G,RO,2015,1058.2 ,1058.2,,gfcf
A,CP_MEUR,M,P51G,SE,2015,6651.6 ,6651.6,,gfcf
A,CP_MEUR,M,P51G,SI,2015,371.4 ,371.4,,gfcf
A,CP_MEUR,M,P51G,SK,2015,810.4 ,810.4,,gfcf
A,CP_MEUR,N,P51G,AT,2015,4555.9 ,4555.9,,gfcf
A,CP_MEUR,N,P51G,BE,2015,5047.8 ,5047.8,,gfcf
A,CP_MEUR,N,P51G,BG,2015,360.2 ,360.2,,gfcf
A,CP_MEUR,N,P51G,CZ,2015,735.5 ,735.5,,gfcf
A,CP_MEUR,N,P51G,DE,2015,49645.0 ,49645.0,,gfcf
A,CP_MEUR,N,P51G,EE,2015,108.4 ,108.4,,gfcf
A,CP_MEUR,N,P51G,ES,2015,8069.0 ,8069.0,,gfcf
A,CP_MEUR,N,P51G,FI,2015,570.0 ,570.0,,gfcf
A,CP_MEUR,N,P51G,FR,2015,19110.2 ,19110.2,,gfcf
A,CP_MEUR,N,P51G,HU,2015,516.6 ,516.6,,gfcf
A,CP_MEUR,N,P51G,IT,2015,6627.5 ,6627.5,,gfcf
A,CP_MEUR,N,P51G,LV,2015,82.9 ,82.9,,gfcf
A,CP_MEUR,N,P51G,NL,2015,28087.0 ,28087.0,,gfcf
A,CP_MEUR,N,P51G,NO,2015,652.0 ,652.0,,gfcf
A,CP_MEUR,N,P51G,PL,2015,1365.9 ,1365.9,,gfcf
A,CP_MEUR,N,P51G,PT,2015,851.9 ,851.9,,gfcf
A,CP_MEUR,N,P51G,RO,2015,741.3 ,741.3,,gfcf
A,CP_MEUR,N,P51G,SE,2015,1933.4 ,1933.4,,gfcf
A,CP_MEUR,N,P51G,SI,2015,63.3 ,63.3,,gfcf
A,CP_MEUR,N,P51G,SK,2015,504.2 ,504.2,,gfcf
A,CP_MEUR,B,P51G,AT,2016,239.9 ,239.9,,gfcf
A,CP_MEUR,B,P51G,BE,2016,56.5 ,56.5,,gfcf
A,CP_MEUR,B,P51G,BG,2016,186.5 ,186.5,,gfcf
A,CP_MEUR,B,P51G,CZ,2016,347.5 ,347.5,,gfcf
A,CP_MEUR,B,P51G,DE,2016,1166.0 ,1166.0,,gfcf
A,CP_MEUR,B,P51G,EE,2016,49.5 ,49.5,,gfcf
A,CP_MEUR,B,P51G,ES,2016,877.0 ,877.0,,gfcf
A,CP_MEUR,B,P51G,FI,2016,280.0 ,280.0,,gfcf
A,CP_MEUR,B,P51G,FR,2016,771.3 ,771.3,,gfcf
A,CP_MEUR,B,P51G,HU,2016,55.0 ,55.0,,gfcf
A,CP_MEUR,B,P51G,IT,2016,1582.8 ,1582.8,,gfcf
A,CP_MEUR,B,P51G,LV,2016,24.2 ,24.2,,gfcf
A,CP_MEUR,B,P51G,NL,2016,2273.0 ,2273.0,,gfcf
A,CP_MEUR,B,P51G,NO,2016,18008.4 ,18008.4,,gfcf
A,CP_MEUR,B,P51G,PL,2016,1502.1 ,1502.1,,gfcf
A,CP_MEUR,B,P51G,PT,2016,120.5 ,120.5,,gfcf
A,CP_MEUR,B,P51G,RO,2016,632.8 ,632.8,,gfcf
A,CP_MEUR,B,P51G,SE,2016,730.9 ,730.9,,gfcf
A,CP_MEUR,B,P51G,SI,2016,34.8 ,34.8,,gfcf
A,CP_MEUR,B,P51G,SK,2016,32.2 ,32.2,,gfcf
A,CP_MEUR,C,P51G,AT,2016,14478.4 ,14478.4,,gfcf
A,CP_MEUR,C,P51G,BE,2016,13117.7 ,13117.7,,gfcf
A,CP_MEUR,C,P51G,BG,2016,1775.5 ,1775.5,,gfcf
A,CP_MEUR,C,P51G,CZ,2016,10597.3 ,10597.3,,gfcf
A,CP_MEUR,C,P51G,DE,2016,121920.0 ,121920.0,,gfcf
A,CP_MEUR,C,P51G,EE,2016,615.9 ,615.9,,gfcf
A,CP_MEUR,C,P51G,ES,2016,28549.0 ,28549.0,,gfcf
A,CP_MEUR,C,P51G,FI,2016,6673.0 ,6673.0,,gfcf
A,CP_MEUR,C,P51G,FR,2016,47187.6 ,47187.6,,gfcf
A,CP_MEUR,C,P51G,HU,2016,7196.0 ,7196.0,,gfcf
A,CP_MEUR,C,P51G,IT,2016,61979.8 ,61979.8,,gfcf
A,CP_MEUR,C,P51G,LV,2016,416.6 ,416.6,,gfcf
A,CP_MEUR,C,P51G,NL,2016,15226.0 ,15226.0,,gfcf
A,CP_MEUR,C,P51G,NO,2016,3906.6 ,3906.6,,gfcf
A,CP_MEUR,C,P51G,PL,2016,17614.8 ,17614.8,,gfcf
A,CP_MEUR,C,P51G,PT,2016,5160.7 ,5160.7,,gfcf
A,CP_MEUR,C,P51G,RO,2016,4909.0 ,4909.0,,gfcf
A,CP_MEUR,C,P51G,SE,2016,17295.8 ,17295.8,,gfcf
A,CP_MEUR,C,P51G,SI,2016,1810.8 ,1810.8,,gfcf
A,CP_MEUR,C,P51G,SK,2016,4042.1 ,4042.1,,gfcf
A,CP_MEUR,D,P51G,AT,2016,2919.9 ,2919.9,,gfcf
A,CP_MEUR,D,P51G,BE,2016,2489.9 ,2489.9,,gfcf
A,CP_MEUR,D,P51G,BG,2016,1227.9 ,1227.9,,gfcf
A,CP_MEUR,D,P51G,CZ,2016,1669.1 ,1669.1,,gfcf
A,CP_MEUR,D,P51G,DE,2016,14174.0 ,14174.0,,gfcf
A,CP_MEUR,D,P51G,EE,2016,280.2 ,280.2,,gfcf
A,CP_MEUR,D,P51G,ES,2016,13109.0 ,13109.0,,gfcf
A,CP_MEUR,D,P51G,FI,2016,3164.0 ,3164.0,,gfcf
A,CP_MEUR,D,P51G,FR,2016,15957.9 ,15957.9,,gfcf
A,CP_MEUR,D,P51G,HU,2016,725.3 ,725.3,,gfcf
A,CP_MEUR,D,P51G,IT,2016,11661.2 ,11661.2,,gfcf
A,CP_MEUR,D,P51G,LV,2016,380.0 ,380.0,,gfcf
A,CP_MEUR,D,P51G,NL,2016,5840.0 ,5840.0,,gfcf
A,CP_MEUR,D,P51G,NO,2016,2818.4 ,2818.4,,gfcf
A,CP_MEUR,D,P51G,PL,2016,5457.9 ,5457.9,,gfcf
A,CP_MEUR,D,P51G,PT,2016,1272.9 ,1272.9,,gfcf
A,CP_MEUR,D,P51G,RO,2016,2459.0 ,2459.0,,gfcf
A,CP_MEUR,D,P51G,SE,2016,3687.2 ,3687.2,,gfcf
A,CP_MEUR,D,P51G,SI,2016,341.2 ,341.2,,gfcf
A,CP_MEUR,D,P51G,SK,2016,1092.4 ,1092.4,,gfcf
A,CP_MEUR,E,P51G,AT,2016,960.7 ,960.7,,gfcf
A,CP_MEUR,E,P51G,BE,2016,1383.6 ,1383.6,,gfcf
A,CP_MEUR,E,P51G,BG,2016,-215.7 ,-215.7,,gfcf
A,CP_MEUR,E,P51G,CZ,2016,467.6 ,467.6,,gfcf
A,CP_MEUR,E,P51G,DE,2016,9476.0 ,9476.0,,gfcf
A,CP_MEUR,E,P51G,EE,2016,58.7 ,58.7,,gfcf
A,CP_MEUR,E,P51G,ES,2016,2841.0 ,2841.0,,gfcf
A,CP_MEUR,E,P51G,FI,2016,669.0 ,669.0,,gfcf
A,CP_MEUR,E,P51G,FR,2016,5904.4 ,5904.4,,gfcf
A,CP_MEUR,E,P51G,HU,2016,242.6 ,242.6,,gfcf
A,CP_MEUR,E,P51G,IT,2016,4789.1 ,4789.1,,gfcf
A,CP_MEUR,E,P51G,LV,2016,45.0 ,45.0,,gfcf
A,CP_MEUR,E,P51G,NL,2016,1379.0 ,1379.0,,gfcf
A,CP_MEUR,E,P51G,NO,2016,1522.1 ,1522.1,,gfcf
A,CP_MEUR,E,P51G,PL,2016,1405.6 ,1405.6,,gfcf
A,CP_MEUR,E,P51G,PT,2016,469.2 ,469.2,,gfcf
A,CP_MEUR,E,P51G,RO,2016,1054.8 ,1054.8,,gfcf
A,CP_MEUR,E,P51G,SE,2016,1706.3 ,1706.3,,gfcf
A,CP_MEUR,E,P51G,SI,2016,42.4 ,42.4,,gfcf
A,CP_MEUR,E,P51G,SK,2016,509.4 ,509.4,,gfcf
A,CP_MEUR,F,P51G,AT,2016,1395.2 ,1395.2,,gfcf
A,CP_MEUR,F,P51G,BE,2016,3574.7 ,3574.7,,gfcf
A,CP_MEUR,F,P51G,BG,2016,1507.7 ,1507.7,,gfcf
A,CP_MEUR,F,P51G,CZ,2016,1303.2 ,1303.2,,gfcf
A,CP_MEUR,F,P51G,DE,2016,7232.0 ,7232.0,,gfcf
A,CP_MEUR,F,P51G,EE,2016,110.5 ,110.5,,gfcf
A,CP_MEUR,F,P51G,ES,2016,15521.0 ,15521.0,,gfcf
A,CP_MEUR,F,P51G,FI,2016,949.0 ,949.0,,gfcf
A,CP_MEUR,F,P51G,FR,2016,7736.9 ,7736.9,,gfcf
A,CP_MEUR,F,P51G,HU,2016,401.9 ,401.9,,gfcf
A,CP_MEUR,F,P51G,IT,2016,6291.5 ,6291.5,,gfcf
A,CP_MEUR,F,P51G,LV,2016,123.2 ,123.2,,gfcf
A,CP_MEUR,F,P51G,NL,2016,2882.0 ,2882.0,,gfcf
A,CP_MEUR,F,P51G,NO,2016,1927.9 ,1927.9,,gfcf
A,CP_MEUR,F,P51G,PL,2016,3076.0 ,3076.0,,gfcf
A,CP_MEUR,F,P51G,PT,2016,545.0 ,545.0,,gfcf
A,CP_MEUR,F,P51G,RO,2016,3828.0 ,3828.0,,gfcf
A,CP_MEUR,F,P51G,SE,2016,3243.4 ,3243.4,,gfcf
A,CP_MEUR,F,P51G,SI,2016,197.7 ,197.7,,gfcf
A,CP_MEUR,F,P51G,SK,2016,705.8 ,705.8,,gfcf
A,CP_MEUR,G,P51G,AT,2016,5393.6 ,5393.6,,gfcf
A,CP_MEUR,G,P51G,BE,2016,7268.5 ,7268.5,,gfcf
A,CP_MEUR,G,P51G,BG,2016,771.7 ,771.7,,gfcf
A,CP_MEUR,G,P51G,CZ,2016,2695.2 ,2695.2,,gfcf
A,CP_MEUR,G,P51G,DE,2016,24183.0 ,24183.0,,gfcf
A,CP_MEUR,G,P51G,EE,2016,328.3 ,328.3,,gfcf
A,CP_MEUR,G,P51G,ES,2016,14683.0 ,14683.0,,gfcf
A,CP_MEUR,G,P51G,FI,2016,1828.0 ,1828.0,,gfcf
A,CP_MEUR,G,P51G,FR,2016,18212.9 ,18212.9,,gfcf
A,CP_MEUR,G,P51G,HU,2016,1545.8 ,1545.8,,gfcf
A,CP_MEUR,G,P51G,IT,2016,18547.1 ,18547.1,,gfcf
A,CP_MEUR,G,P51G,LV,2016,313.4 ,313.4,,gfcf
A,CP_MEUR,G,P51G,NL,2016,8307.0 ,8307.0,,gfcf
A,CP_MEUR,G,P51G,NO,2016,1882.0 ,1882.0,,gfcf
A,CP_MEUR,G,P51G,PL,2016,7097.8 ,7097.8,,gfcf
A,CP_MEUR,G,P51G,PT,2016,2294.1 ,2294.1,,gfcf
A,CP_MEUR,G,P51G,RO,2016,3337.1 ,3337.1,,gfcf
A,CP_MEUR,G,P51G,SE,2016,6486.0 ,6486.0,,gfcf
A,CP_MEUR,G,P51G,SI,2016,504.5 ,504.5,,gfcf
A,CP_MEUR,G,P51G,SK,2016,1459.7 ,1459.7,,gfcf
A,CP_MEUR,H,P51G,AT,2016,6960.8 ,6960.8,,gfcf
A,CP_MEUR,H,P51G,BE,2016,7113.1 ,7113.1,,gfcf
A,CP_MEUR,H,P51G,BG,2016,947.3 ,947.3,,gfcf
A,CP_MEUR,H,P51G,CZ,2016,3662.6 ,3662.6,,gfcf
A,CP_MEUR,H,P51G,DE,2016,35932.0 ,35932.0,,gfcf
A,CP_MEUR,H,P51G,EE,2016,450.0 ,450.0,,gfcf
A,CP_MEUR,H,P51G,ES,2016,15507.0 ,15507.0,,gfcf
A,CP_MEUR,H,P51G,FI,2016,2010.0 ,2010.0,,gfcf
A,CP_MEUR,H,P51G,FR,2016,22166.3 ,22166.3,,gfcf
A,CP_MEUR,H,P51G,HU,2016,2455.9 ,2455.9,,gfcf
A,CP_MEUR,H,P51G,IT,2016,22193.5 ,22193.5,,gfcf
A,CP_MEUR,H,P51G,LV,2016,491.0 ,491.0,,gfcf
A,CP_MEUR,H,P51G,NL,2016,8687.0 ,8687.0,,gfcf
A,CP_MEUR,H,P51G,NO,2016,2730.5 ,2730.5,,gfcf
A,CP_MEUR,H,P51G,PL,2016,10025.0 ,10025.0,,gfcf
A,CP_MEUR,H,P51G,PT,2016,1633.9 ,1633.9,,gfcf
A,CP_MEUR,H,P51G,RO,2016,3892.0 ,3892.0,,gfcf
A,CP_MEUR,H,P51G,SE,2016,8820.0 ,8820.0,,gfcf
A,CP_MEUR,H,P51G,SI,2016,625.3 ,625.3,,gfcf
A,CP_MEUR,H,P51G,SK,2016,1575.8 ,1575.8,,gfcf
A,CP_MEUR,I,P51G,AT,2016,1123.4 ,1123.4,,gfcf
A,CP_MEUR,I,P51G,BE,2016,1045.6 ,1045.6,,gfcf
A,CP_MEUR,I,P51G,BG,2016,195.6 ,195.6,,gfcf
A,CP_MEUR,I,P51G,CZ,2016,399.4 ,399.4,,gfcf
A,CP_MEUR,I,P51G,DE,2016,4132.0 ,4132.0,,gfcf
A,CP_MEUR,I,P51G,EE,2016,64.7 ,64.7,,gfcf
A,CP_MEUR,I,P51G,ES,2016,4052.0 ,4052.0,,gfcf
A,CP_MEUR,I,P51G,FI,2016,257.0 ,257.0,,gfcf
A,CP_MEUR,I,P51G,FR,2016,6479.8 ,6479.8,,gfcf
A,CP_MEUR,I,P51G,HU,2016,188.9 ,188.9,,gfcf
A,CP_MEUR,I,P51G,IT,2016,4933.5 ,4933.5,,gfcf
A,CP_MEUR,I,P51G,LV,2016,76.6 ,76.6,,gfcf
A,CP_MEUR,I,P51G,NL,2016,1032.0 ,1032.0,,gfcf
A,CP_MEUR,I,P51G,NO,2016,275.7 ,275.7,,gfcf
A,CP_MEUR,I,P51G,PL,2016,675.0 ,675.0,,gfcf
A,CP_MEUR,I,P51G,PT,2016,1057.9 ,1057.9,,gfcf
A,CP_MEUR,I,P51G,RO,2016,646.5 ,646.5,,gfcf
A,CP_MEUR,I,P51G,SE,2016,898.3 ,898.3,,gfcf
A,CP_MEUR,I,P51G,SI,2016,120.4 ,120.4,,gfcf
A,CP_MEUR,I,P51G,SK,2016,168.2 ,168.2,,gfcf
A,CP_MEUR,J,P51G,AT,2016,3604.4 ,3604.4,,gfcf
A,CP_MEUR,J,P51G,BE,2016,5004.5 ,5004.5,,gfcf
A,CP_MEUR,J,P51G,BG,2016,297.0 ,297.0,,gfcf
A,CP_MEUR,J,P51G,CZ,2016,2347.3 ,2347.3,,gfcf
A,CP_MEUR,J,P51G,DE,2016,26765.0 ,26765.0,,gfcf
A,CP_MEUR,J,P51G,EE,2016,281.0 ,281.0,,gfcf
A,CP_MEUR,J,P51G,ES,2016,14924.0 ,14924.0,,gfcf
A,CP_MEUR,J,P51G,FI,2016,2266.0 ,2266.0,,gfcf
A,CP_MEUR,J,P51G,FR,2016,26766.2 ,26766.2,,gfcf
A,CP_MEUR,J,P51G,HU,2016,1219.8 ,1219.8,,gfcf
A,CP_MEUR,J,P51G,IT,2016,18704.8 ,18704.8,,gfcf
A,CP_MEUR,J,P51G,LV,2016,299.1 ,299.1,,gfcf
A,CP_MEUR,J,P51G,NL,2016,6874.0 ,6874.0,,gfcf
A,CP_MEUR,J,P51G,NO,2016,2601.3 ,2601.3,,gfcf
A,CP_MEUR,J,P51G,PL,2016,2619.9 ,2619.9,,gfcf
A,CP_MEUR,J,P51G,PT,2016,2043.6 ,2043.6,,gfcf
A,CP_MEUR,J,P51G,RO,2016,1394.7 ,1394.7,,gfcf
A,CP_MEUR,J,P51G,SE,2016,8538.7 ,8538.7,,gfcf
A,CP_MEUR,J,P51G,SI,2016,363.1 ,363.1,,gfcf
A,CP_MEUR,J,P51G,SK,2016,797.3 ,797.3,,gfcf
A,CP_MEUR,L,P51G,AT,2016,25121.7 ,25121.7,,gfcf
A,CP_MEUR,L,P51G,BE,2016,27533.2 ,27533.2,,gfcf
A,CP_MEUR,L,P51G,BG,2016,225.1 ,225.1,,gfcf
A,CP_MEUR,L,P51G,CZ,2016,9963.0 ,9963.0,,gfcf
A,CP_MEUR,L,P51G,DE,2016,201614.0 ,201614.0,,gfcf
A,CP_MEUR,L,P51G,EE,2016,1498.1 ,1498.1,,gfcf
A,CP_MEUR,L,P51G,ES,2016,40416.0 ,40416.0,,gfcf
A,CP_MEUR,L,P51G,FI,2016,19003.0 ,19003.0,,gfcf
A,CP_MEUR,L,P51G,FR,2016,155630.7 ,155630.7,,gfcf
A,CP_MEUR,L,P51G,HU,2016,3185.9 ,3185.9,,gfcf
A,CP_MEUR,L,P51G,IT,2016,78564.0 ,78564.0,,gfcf
A,CP_MEUR,L,P51G,LV,2016,1130.7 ,1130.7,,gfcf
A,CP_MEUR,L,P51G,NL,2016,36364.0 ,36364.0,,gfcf
A,CP_MEUR,L,P51G,NO,2016,24567.3 ,24567.3,,gfcf
A,CP_MEUR,L,P51G,PL,2016,11583.9 ,11583.9,,gfcf
A,CP_MEUR,L,P51G,PT,2016,6406.1 ,6406.1,,gfcf
A,CP_MEUR,L,P51G,RO,2016,8644.3 ,8644.3,,gfcf
A,CP_MEUR,L,P51G,SE,2016,31513.2 ,31513.2,,gfcf
A,CP_MEUR,L,P51G,SI,2016,887.8 ,887.8,,gfcf
A,CP_MEUR,L,P51G,SK,2016,3337.2 ,3337.2,,gfcf
A,CP_MEUR,M,P51G,AT,2016,2460.5 ,2460.5,,gfcf
A,CP_MEUR,M,P51G,BE,2016,6343.4 ,6343.4,,gfcf
A,CP_MEUR,M,P51G,BG,2016,282.4 ,282.4,,gfcf
A,CP_MEUR,M,P51G,CZ,2016,1785.7 ,1785.7,,gfcf
A,CP_MEUR,M,P51G,DE,2016,21450.0 ,21450.0,,gfcf
A,CP_MEUR,M,P51G,EE,2016,216.2 ,216.2,,gfcf
A,CP_MEUR,M,P51G,ES,2016,8436.0 ,8436.0,,gfcf
A,CP_MEUR,M,P51G,FI,2016,1188.0 ,1188.0,,gfcf
A,CP_MEUR,M,P51G,FR,2016,36263.4 ,36263.4,,gfcf
A,CP_MEUR,M,P51G,HU,2016,618.7 ,618.7,,gfcf
A,CP_MEUR,M,P51G,IT,2016,12101.5 ,12101.5,,gfcf
A,CP_MEUR,M,P51G,LV,2016,170.6 ,170.6,,gfcf
A,CP_MEUR,M,P51G,NL,2016,4676.0 ,4676.0,,gfcf
A,CP_MEUR,M,P51G,NO,2016,1814.5 ,1814.5,,gfcf
A,CP_MEUR,M,P51G,PL,2016,1862.6 ,1862.6,,gfcf
A,CP_MEUR,M,P51G,PT,2016,1187.5 ,1187.5,,gfcf
A,CP_MEUR,M,P51G,RO,2016,842.1 ,842.1,,gfcf
A,CP_MEUR,M,P51G,SE,2016,7154.6 ,7154.6,,gfcf
A,CP_MEUR,M,P51G,SI,2016,350.7 ,350.7,,gfcf
A,CP_MEUR,M,P51G,SK,2016,653.9 ,653.9,,gfcf
A,CP_MEUR,N,P51G,AT,2016,5491.7 ,5491.7,,gfcf
A,CP_MEUR,N,P51G,BE,2016,8091.1 ,8091.1,,gfcf
A,CP_MEUR,N,P51G,BG,2016,222.5 ,222.5,,gfcf
A,CP_MEUR,N,P51G,CZ,2016,804.5 ,804.5,,gfcf
A,CP_MEUR,N,P51G,DE,2016,49733.0 ,49733.0,,gfcf
A,CP_MEUR,N,P51G,EE,2016,186.3 ,186.3,,gfcf
A,CP_MEUR,N,P51G,ES,2016,4089.0 ,4089.0,,gfcf
A,CP_MEUR,N,P51G,FI,2016,677.0 ,677.0,,gfcf
A,CP_MEUR,N,P51G,FR,2016,21014.4 ,21014.4,,gfcf
A,CP_MEUR,N,P51G,HU,2016,607.3 ,607.3,,gfcf
A,CP_MEUR,N,P51G,IT,2016,7457.3 ,7457.3,,gfcf
A,CP_MEUR,N,P51G,LV,2016,82.6 ,82.6,,gfcf
A,CP_MEUR,N,P51G,NL,2016,5490.0 ,5490.0,,gfcf
A,CP_MEUR,N,P51G,NO,2016,2136.2 ,2136.2,,gfcf
A,CP_MEUR,N,P51G,PL,2016,1510.8 ,1510.8,,gfcf
A,CP_MEUR,N,P51G,PT,2016,1214.0 ,1214.0,,gfcf
A,CP_MEUR,N,P51G,RO,2016,762.0 ,762.0,,gfcf
A,CP_MEUR,N,P51G,SE,2016,2659.1 ,2659.1,,gfcf
A,CP_MEUR,N,P51G,SI,2016,69.2 ,69.2,,gfcf
A,CP_MEUR,N,P51G,SK,2016,373.5 ,373.5,,gfcf
A,CP_MEUR,B,P51G,AT,2017,267.4 ,267.4,,gfcf
A,CP_MEUR,B,P51G,BE,2017,80.4 ,80.4,,gfcf
A,CP_MEUR,B,P51G,BG,2017,117.7 ,117.7,,gfcf
A,CP_MEUR,B,P51G,CZ,2017,392.3 ,392.3,,gfcf
A,CP_MEUR,B,P51G,DE,2017,1067.0 ,1067.0,,gfcf
A,CP_MEUR,B,P51G,EE,2017,50.8 ,50.8,,gfcf
A,CP_MEUR,B,P51G,ES,2017,757.0 ,757.0,,gfcf
A,CP_MEUR,B,P51G,FI,2017,352.0 ,352.0,,gfcf
A,CP_MEUR,B,P51G,FR,2017,880.3 ,880.3,,gfcf
A,CP_MEUR,B,P51G,HU,2017,94.4 ,94.4,,gfcf
A,CP_MEUR,B,P51G,IT,2017,1256.4 ,1256.4,,gfcf
A,CP_MEUR,B,P51G,LV,2017,24.4 ,24.4,,gfcf
A,CP_MEUR,B,P51G,NL,2017,1760.0 ,1760.0,,gfcf
A,CP_MEUR,B,P51G,NO,2017,16394.1 ,16394.1,,gfcf
A,CP_MEUR,B,P51G,PL,2017,1650.7 ,1650.7,,gfcf
A,CP_MEUR,B,P51G,PT,2017,200.4 ,200.4,,gfcf
A,CP_MEUR,B,P51G,RO,2017,651.2 ,651.2,,gfcf
A,CP_MEUR,B,P51G,SE,2017,663.0 ,663.0,,gfcf
A,CP_MEUR,B,P51G,SI,2017,41.0 ,41.0,,gfcf
A,CP_MEUR,B,P51G,SK,2017,15.8 ,15.8,,gfcf
A,CP_MEUR,C,P51G,AT,2017,15621.8 ,15621.8,,gfcf
A,CP_MEUR,C,P51G,BE,2017,14096.2 ,14096.2,,gfcf
A,CP_MEUR,C,P51G,BG,2017,2096.3 ,2096.3,,gfcf
A,CP_MEUR,C,P51G,CZ,2017,10969.3 ,10969.3,,gfcf
A,CP_MEUR,C,P51G,DE,2017,129789.0 ,129789.0,,gfcf
A,CP_MEUR,C,P51G,EE,2017,663.9 ,663.9,,gfcf
A,CP_MEUR,C,P51G,ES,2017,29827.0 ,29827.0,,gfcf
A,CP_MEUR,C,P51G,FI,2017,7432.0 ,7432.0,,gfcf
A,CP_MEUR,C,P51G,FR,2017,47196.7 ,47196.7,,gfcf
A,CP_MEUR,C,P51G,HU,2017,7828.1 ,7828.1,,gfcf
A,CP_MEUR,C,P51G,IT,2017,64251.3 ,64251.3,,gfcf
A,CP_MEUR,C,P51G,LV,2017,459.0 ,459.0,,gfcf
A,CP_MEUR,C,P51G,NL,2017,15476.0 ,15476.0,,gfcf
A,CP_MEUR,C,P51G,NO,2017,3949.8 ,3949.8,,gfcf
A,CP_MEUR,C,P51G,PL,2017,18057.6 ,18057.6,,gfcf
A,CP_MEUR,C,P51G,PT,2017,6115.1 ,6115.1,,gfcf
A,CP_MEUR,C,P51G,RO,2017,6153.8 ,6153.8,,gfcf
A,CP_MEUR,C,P51G,SE,2017,16948.1 ,16948.1,,gfcf
A,CP_MEUR,C,P51G,SI,2017,2056.5 ,2056.5,,gfcf
A,CP_MEUR,C,P51G,SK,2017,4703.7 ,4703.7,,gfcf
A,CP_MEUR,D,P51G,AT,2017,3408.4 ,3408.4,,gfcf
A,CP_MEUR,D,P51G,BE,2017,2755.8 ,2755.8,,gfcf
A,CP_MEUR,D,P51G,BG,2017,373.0 ,373.0,,gfcf
A,CP_MEUR,D,P51G,CZ,2017,1545.8 ,1545.8,,gfcf
A,CP_MEUR,D,P51G,DE,2017,14864.0 ,14864.0,,gfcf
A,CP_MEUR,D,P51G,EE,2017,251.8 ,251.8,,gfcf
A,CP_MEUR,D,P51G,ES,2017,11021.0 ,11021.0,,gfcf
A,CP_MEUR,D,P51G,FI,2017,3586.0 ,3586.0,,gfcf
A,CP_MEUR,D,P51G,FR,2017,17642.5 ,17642.5,,gfcf
A,CP_MEUR,D,P51G,HU,2017,762.8 ,762.8,,gfcf
A,CP_MEUR,D,P51G,IT,2017,9765.9 ,9765.9,,gfcf
A,CP_MEUR,D,P51G,LV,2017,-50.5 ,-50.5,,gfcf
A,CP_MEUR,D,P51G,NL,2017,4993.0 ,4993.0,,gfcf
A,CP_MEUR,D,P51G,NO,2017,3096.2 ,3096.2,,gfcf
A,CP_MEUR,D,P51G,PL,2017,5109.5 ,5109.5,,gfcf
A,CP_MEUR,D,P51G,PT,2017,1243.4 ,1243.4,,gfcf
A,CP_MEUR,D,P51G,RO,2017,1298.9 ,1298.9,,gfcf
A,CP_MEUR,D,P51G,SE,2017,4151.3 ,4151.3,,gfcf
A,CP_MEUR,D,P51G,SI,2017,335.8 ,335.8,,gfcf
A,CP_MEUR,D,P51G,SK,2017,976.8 ,976.8,,gfcf
A,CP_MEUR,E,P51G,AT,2017,1087.2 ,1087.2,,gfcf
A,CP_MEUR,E,P51G,BE,2017,1590.6 ,1590.6,,gfcf
A,CP_MEUR,E,P51G,BG,2017,112.3 ,112.3,,gfcf
A,CP_MEUR,E,P51G,CZ,2017,501.1 ,501.1,,gfcf
A,CP_MEUR,E,P51G,DE,2017,10028.0 ,10028.0,,gfcf
A,CP_MEUR,E,P51G,EE,2017,68.9 ,68.9,,gfcf
A,CP_MEUR,E,P51G,ES,2017,2996.0 ,2996.0,,gfcf
A,CP_MEUR,E,P51G,FI,2017,628.0 ,628.0,,gfcf
A,CP_MEUR,E,P51G,FR,2017,6076.0 ,6076.0,,gfcf
A,CP_MEUR,E,P51G,HU,2017,232.3 ,232.3,,gfcf
A,CP_MEUR,E,P51G,IT,2017,5569.2 ,5569.2,,gfcf
A,CP_MEUR,E,P51G,LV,2017,81.5 ,81.5,,gfcf
A,CP_MEUR,E,P51G,NL,2017,1316.0 ,1316.0,,gfcf
A,CP_MEUR,E,P51G,NO,2017,1467.5 ,1467.5,,gfcf
A,CP_MEUR,E,P51G,PL,2017,1420.2 ,1420.2,,gfcf
A,CP_MEUR,E,P51G,PT,2017,586.3 ,586.3,,gfcf
A,CP_MEUR,E,P51G,RO,2017,720.8 ,720.8,,gfcf
A,CP_MEUR,E,P51G,SE,2017,1713.6 ,1713.6,,gfcf
A,CP_MEUR,E,P51G,SI,2017,66.5 ,66.5,,gfcf
A,CP_MEUR,E,P51G,SK,2017,302.5 ,302.5,,gfcf
A,CP_MEUR,F,P51G,AT,2017,1507.6 ,1507.6,,gfcf
A,CP_MEUR,F,P51G,BE,2017,3947.9 ,3947.9,,gfcf
A,CP_MEUR,F,P51G,BG,2017,1308.7 ,1308.7,,gfcf
A,CP_MEUR,F,P51G,CZ,2017,1270.6 ,1270.6,,gfcf
A,CP_MEUR,F,P51G,DE,2017,7487.0 ,7487.0,,gfcf
A,CP_MEUR,F,P51G,EE,2017,146.1 ,146.1,,gfcf
A,CP_MEUR,F,P51G,ES,2017,14001.0 ,14001.0,,gfcf
A,CP_MEUR,F,P51G,FI,2017,1091.0 ,1091.0,,gfcf
A,CP_MEUR,F,P51G,FR,2017,8815.9 ,8815.9,,gfcf
A,CP_MEUR,F,P51G,HU,2017,792.6 ,792.6,,gfcf
A,CP_MEUR,F,P51G,IT,2017,8188.4 ,8188.4,,gfcf
A,CP_MEUR,F,P51G,LV,2017,172.7 ,172.7,,gfcf
A,CP_MEUR,F,P51G,NL,2017,3334.0 ,3334.0,,gfcf
A,CP_MEUR,F,P51G,NO,2017,2072.2 ,2072.2,,gfcf
A,CP_MEUR,F,P51G,PL,2017,2826.9 ,2826.9,,gfcf
A,CP_MEUR,F,P51G,PT,2017,728.4 ,728.4,,gfcf
A,CP_MEUR,F,P51G,RO,2017,5368.1 ,5368.1,,gfcf
A,CP_MEUR,F,P51G,SE,2017,3371.6 ,3371.6,,gfcf
A,CP_MEUR,F,P51G,SI,2017,273.4 ,273.4,,gfcf
A,CP_MEUR,F,P51G,SK,2017,502.5 ,502.5,,gfcf
A,CP_MEUR,G,P51G,AT,2017,4919.0 ,4919.0,,gfcf
A,CP_MEUR,G,P51G,BE,2017,7025.0 ,7025.0,,gfcf
A,CP_MEUR,G,P51G,BG,2017,812.0 ,812.0,,gfcf
A,CP_MEUR,G,P51G,CZ,2017,2980.9 ,2980.9,,gfcf
A,CP_MEUR,G,P51G,DE,2017,24901.0 ,24901.0,,gfcf
A,CP_MEUR,G,P51G,EE,2017,350.0 ,350.0,,gfcf
A,CP_MEUR,G,P51G,ES,2017,18461.0 ,18461.0,,gfcf
A,CP_MEUR,G,P51G,FI,2017,1895.0 ,1895.0,,gfcf
A,CP_MEUR,G,P51G,FR,2017,20173.3 ,20173.3,,gfcf
A,CP_MEUR,G,P51G,HU,2017,1588.4 ,1588.4,,gfcf
A,CP_MEUR,G,P51G,IT,2017,19860.8 ,19860.8,,gfcf
A,CP_MEUR,G,P51G,LV,2017,404.5 ,404.5,,gfcf
A,CP_MEUR,G,P51G,NL,2017,9090.0 ,9090.0,,gfcf
A,CP_MEUR,G,P51G,NO,2017,2219.5 ,2219.5,,gfcf
A,CP_MEUR,G,P51G,PL,2017,7563.3 ,7563.3,,gfcf
A,CP_MEUR,G,P51G,PT,2017,2424.1 ,2424.1,,gfcf
A,CP_MEUR,G,P51G,RO,2017,3940.2 ,3940.2,,gfcf
A,CP_MEUR,G,P51G,SE,2017,6917.1 ,6917.1,,gfcf
A,CP_MEUR,G,P51G,SI,2017,547.4 ,547.4,,gfcf
A,CP_MEUR,G,P51G,SK,2017,1469.4 ,1469.4,,gfcf
A,CP_MEUR,H,P51G,AT,2017,7302.9 ,7302.9,,gfcf
A,CP_MEUR,H,P51G,BE,2017,8173.8 ,8173.8,,gfcf
A,CP_MEUR,H,P51G,BG,2017,597.6 ,597.6,,gfcf
A,CP_MEUR,H,P51G,CZ,2017,3041.9 ,3041.9,,gfcf
A,CP_MEUR,H,P51G,DE,2017,36638.0 ,36638.0,,gfcf
A,CP_MEUR,H,P51G,EE,2017,598.2 ,598.2,,gfcf
A,CP_MEUR,H,P51G,ES,2017,16942.0 ,16942.0,,gfcf
A,CP_MEUR,H,P51G,FI,2017,1907.0 ,1907.0,,gfcf
A,CP_MEUR,H,P51G,FR,2017,22181.6 ,22181.6,,gfcf
A,CP_MEUR,H,P51G,HU,2017,2772.2 ,2772.2,,gfcf
A,CP_MEUR,H,P51G,IT,2017,19622.9 ,19622.9,,gfcf
A,CP_MEUR,H,P51G,LV,2017,924.8 ,924.8,,gfcf
A,CP_MEUR,H,P51G,NL,2017,9822.0 ,9822.0,,gfcf
A,CP_MEUR,H,P51G,NO,2017,2198.8 ,2198.8,,gfcf
A,CP_MEUR,H,P51G,PL,2017,10470.8 ,10470.8,,gfcf
A,CP_MEUR,H,P51G,PT,2017,1997.8 ,1997.8,,gfcf
A,CP_MEUR,H,P51G,RO,2017,4311.0 ,4311.0,,gfcf
A,CP_MEUR,H,P51G,SE,2017,9783.0 ,9783.0,,gfcf
A,CP_MEUR,H,P51G,SI,2017,690.3 ,690.3,,gfcf
A,CP_MEUR,H,P51G,SK,2017,1343.0 ,1343.0,,gfcf
A,CP_MEUR,I,P51G,AT,2017,1242.8 ,1242.8,,gfcf
A,CP_MEUR,I,P51G,BE,2017,1136.0 ,1136.0,,gfcf
A,CP_MEUR,I,P51G,BG,2017,340.4 ,340.4,,gfcf
A,CP_MEUR,I,P51G,CZ,2017,465.4 ,465.4,,gfcf
A,CP_MEUR,I,P51G,DE,2017,4211.0 ,4211.0,,gfcf
A,CP_MEUR,I,P51G,EE,2017,61.0 ,61.0,,gfcf
A,CP_MEUR,I,P51G,ES,2017,4526.0 ,4526.0,,gfcf
A,CP_MEUR,I,P51G,FI,2017,263.0 ,263.0,,gfcf
A,CP_MEUR,I,P51G,FR,2017,6982.3 ,6982.3,,gfcf
A,CP_MEUR,I,P51G,HU,2017,226.4 ,226.4,,gfcf
A,CP_MEUR,I,P51G,IT,2017,6192.7 ,6192.7,,gfcf
A,CP_MEUR,I,P51G,LV,2017,56.6 ,56.6,,gfcf
A,CP_MEUR,I,P51G,NL,2017,1329.0 ,1329.0,,gfcf
A,CP_MEUR,I,P51G,NO,2017,347.4 ,347.4,,gfcf
A,CP_MEUR,I,P51G,PL,2017,646.5 ,646.5,,gfcf
A,CP_MEUR,I,P51G,PT,2017,1365.0 ,1365.0,,gfcf
A,CP_MEUR,I,P51G,RO,2017,657.0 ,657.0,,gfcf
A,CP_MEUR,I,P51G,SE,2017,959.1 ,959.1,,gfcf
A,CP_MEUR,I,P51G,SI,2017,133.7 ,133.7,,gfcf
A,CP_MEUR,I,P51G,SK,2017,234.3 ,234.3,,gfcf
A,CP_MEUR,J,P51G,AT,2017,3601.3 ,3601.3,,gfcf
A,CP_MEUR,J,P51G,BE,2017,5402.8 ,5402.8,,gfcf
A,CP_MEUR,J,P51G,BG,2017,593.6 ,593.6,,gfcf
A,CP_MEUR,J,P51G,CZ,2017,2677.4 ,2677.4,,gfcf
A,CP_MEUR,J,P51G,DE,2017,25999.0 ,25999.0,,gfcf
A,CP_MEUR,J,P51G,EE,2017,282.1 ,282.1,,gfcf
A,CP_MEUR,J,P51G,ES,2017,12634.0 ,12634.0,,gfcf
A,CP_MEUR,J,P51G,FI,2017,2402.0 ,2402.0,,gfcf
A,CP_MEUR,J,P51G,FR,2017,28137.6 ,28137.6,,gfcf
A,CP_MEUR,J,P51G,HU,2017,1290.4 ,1290.4,,gfcf
A,CP_MEUR,J,P51G,IT,2017,20094.0 ,20094.0,,gfcf
A,CP_MEUR,J,P51G,LV,2017,260.6 ,260.6,,gfcf
A,CP_MEUR,J,P51G,NL,2017,7075.0 ,7075.0,,gfcf
A,CP_MEUR,J,P51G,NO,2017,3257.7 ,3257.7,,gfcf
A,CP_MEUR,J,P51G,PL,2017,3642.0 ,3642.0,,gfcf
A,CP_MEUR,J,P51G,PT,2017,2450.0 ,2450.0,,gfcf
A,CP_MEUR,J,P51G,RO,2017,1912.8 ,1912.8,,gfcf
A,CP_MEUR,J,P51G,SE,2017,8225.2 ,8225.2,,gfcf
A,CP_MEUR,J,P51G,SI,2017,404.4 ,404.4,,gfcf
A,CP_MEUR,J,P51G,SK,2017,970.0 ,970.0,,gfcf
A,CP_MEUR,L,P51G,AT,2017,26249.8 ,26249.8,,gfcf
A,CP_MEUR,L,P51G,BE,2017,29160.3 ,29160.3,,gfcf
A,CP_MEUR,L,P51G,BG,2017,678.0 ,678.0,,gfcf
A,CP_MEUR,L,P51G,CZ,2017,11055.8 ,11055.8,,gfcf
A,CP_MEUR,L,P51G,DE,2017,212148.0 ,212148.0,,gfcf
A,CP_MEUR,L,P51G,EE,2017,1825.7 ,1825.7,,gfcf
A,CP_MEUR,L,P51G,ES,2017,52260.0 ,52260.0,,gfcf
A,CP_MEUR,L,P51G,FI,2017,20261.0 ,20261.0,,gfcf
A,CP_MEUR,L,P51G,FR,2017,166703.6 ,166703.6,,gfcf
A,CP_MEUR,L,P51G,HU,2017,4213.6 ,4213.6,,gfcf
A,CP_MEUR,L,P51G,IT,2017,81570.9 ,81570.9,,gfcf
A,CP_MEUR,L,P51G,LV,2017,1257.3 ,1257.3,,gfcf
A,CP_MEUR,L,P51G,NL,2017,40322.0 ,40322.0,,gfcf
A,CP_MEUR,L,P51G,NO,2017,26776.3 ,26776.3,,gfcf
A,CP_MEUR,L,P51G,PL,2017,11414.6 ,11414.6,,gfcf
A,CP_MEUR,L,P51G,PT,2017,6960.4 ,6960.4,,gfcf
A,CP_MEUR,L,P51G,RO,2017,9061.4 ,9061.4,,gfcf
A,CP_MEUR,L,P51G,SE,2017,35291.7 ,35291.7,,gfcf
A,CP_MEUR,L,P51G,SI,2017,1039.1 ,1039.1,,gfcf
A,CP_MEUR,L,P51G,SK,2017,3124.3 ,3124.3,,gfcf
A,CP_MEUR,M,P51G,AT,2017,2572.6 ,2572.6,,gfcf
A,CP_MEUR,M,P51G,BE,2017,6868.3 ,6868.3,,gfcf
A,CP_MEUR,M,P51G,BG,2017,452.9 ,452.9,,gfcf
A,CP_MEUR,M,P51G,CZ,2017,1815.0 ,1815.0,,gfcf
A,CP_MEUR,M,P51G,DE,2017,22242.0 ,22242.0,,gfcf
A,CP_MEUR,M,P51G,EE,2017,260.3 ,260.3,,gfcf
A,CP_MEUR,M,P51G,ES,2017,9746.0 ,9746.0,,gfcf
A,CP_MEUR,M,P51G,FI,2017,1194.0 ,1194.0,,gfcf
A,CP_MEUR,M,P51G,FR,2017,37796.6 ,37796.6,,gfcf
A,CP_MEUR,M,P51G,HU,2017,1006.6 ,1006.6,,gfcf
A,CP_MEUR,M,P51G,IT,2017,12453.1 ,12453.1,,gfcf
A,CP_MEUR,M,P51G,LV,2017,167.1 ,167.1,,gfcf
A,CP_MEUR,M,P51G,NL,2017,5105.0 ,5105.0,,gfcf
A,CP_MEUR,M,P51G,NO,2017,2270.6 ,2270.6,,gfcf
A,CP_MEUR,M,P51G,PL,2017,1800.3 ,1800.3,,gfcf
A,CP_MEUR,M,P51G,PT,2017,1294.9 ,1294.9,,gfcf
A,CP_MEUR,M,P51G,RO,2017,1031.7 ,1031.7,,gfcf
A,CP_MEUR,M,P51G,SE,2017,7214.6 ,7214.6,,gfcf
A,CP_MEUR,M,P51G,SI,2017,430.3 ,430.3,,gfcf
A,CP_MEUR,M,P51G,SK,2017,693.6 ,693.6,,gfcf
A,CP_MEUR,N,P51G,AT,2017,5791.9 ,5791.9,,gfcf
A,CP_MEUR,N,P51G,BE,2017,5573.3 ,5573.3,,gfcf
A,CP_MEUR,N,P51G,BG,2017,271.1 ,271.1,,gfcf
A,CP_MEUR,N,P51G,CZ,2017,1066.7 ,1066.7,,gfcf
A,CP_MEUR,N,P51G,DE,2017,51638.0 ,51638.0,,gfcf
A,CP_MEUR,N,P51G,EE,2017,104.9 ,104.9,,gfcf
A,CP_MEUR,N,P51G,ES,2017,7270.0 ,7270.0,,gfcf
A,CP_MEUR,N,P51G,FI,2017,759.0 ,759.0,,gfcf
A,CP_MEUR,N,P51G,FR,2017,23776.6 ,23776.6,,gfcf
A,CP_MEUR,N,P51G,HU,2017,900.2 ,900.2,,gfcf
A,CP_MEUR,N,P51G,IT,2017,9217.9 ,9217.9,,gfcf
A,CP_MEUR,N,P51G,LV,2017,112.3 ,112.3,,gfcf
A,CP_MEUR,N,P51G,NL,2017,6771.0 ,6771.0,,gfcf
A,CP_MEUR,N,P51G,NO,2017,1147.0 ,1147.0,,gfcf
A,CP_MEUR,N,P51G,PL,2017,2009.6 ,2009.6,,gfcf
A,CP_MEUR,N,P51G,PT,2017,1397.2 ,1397.2,,gfcf
A,CP_MEUR,N,P51G,RO,2017,929.3 ,929.3,,gfcf
A,CP_MEUR,N,P51G,SE,2017,2294.4 ,2294.4,,gfcf
A,CP_MEUR,N,P51G,SI,2017,93.3 ,93.3,,gfcf
A,CP_MEUR,N,P51G,SK,2017,573.6 ,573.6,,gfcf
A,CP_MEUR,B,P51G,AT,2018,330.5 ,330.5,,gfcf
A,CP_MEUR,B,P51G,BE,2018,54.8 ,54.8,,gfcf
A,CP_MEUR,B,P51G,BG,2018,222.6 ,222.6,,gfcf
A,CP_MEUR,B,P51G,CZ,2018,478.3 ,478.3,,gfcf
A,CP_MEUR,B,P51G,DE,2018,1035.0 ,1035.0,,gfcf
A,CP_MEUR,B,P51G,EE,2018,66.7 ,66.7,,gfcf
A,CP_MEUR,B,P51G,ES,2018,925.0 ,925.0,,gfcf
A,CP_MEUR,B,P51G,FI,2018,392.0 ,392.0,,gfcf
A,CP_MEUR,B,P51G,FR,2018,867.1 ,867.1,,gfcf
A,CP_MEUR,B,P51G,HU,2018,198.5 ,198.5,,gfcf
A,CP_MEUR,B,P51G,IT,2018,3122.1 ,3122.1,,gfcf
A,CP_MEUR,B,P51G,LV,2018,25.4 ,25.4,,gfcf
A,CP_MEUR,B,P51G,NL,2018,910.0 ,910.0,,gfcf
A,CP_MEUR,B,P51G,NO,2018,16157.1 ,16157.1,,gfcf
A,CP_MEUR,B,P51G,PL,2018,1768.6 ,1768.6,,gfcf
A,CP_MEUR,B,P51G,PT,2018,302.8 ,302.8,,gfcf
A,CP_MEUR,B,P51G,RO,2018,1217.2 ,1217.2,,gfcf
A,CP_MEUR,B,P51G,SE,2018,1333.0 ,1333.0,,gfcf
A,CP_MEUR,B,P51G,SI,2018,35.6 ,35.6,,gfcf
A,CP_MEUR,B,P51G,SK,2018,29.9 ,29.9,,gfcf
A,CP_MEUR,C,P51G,AT,2018,16932.8 ,16932.8,,gfcf
A,CP_MEUR,C,P51G,BE,2018,14346.8 ,14346.8,,gfcf
A,CP_MEUR,C,P51G,BG,2018,2016.9 ,2016.9,,gfcf
A,CP_MEUR,C,P51G,CZ,2018,11826.3 ,11826.3,,gfcf
A,CP_MEUR,C,P51G,DE,2018,138897.0 ,138897.0,,gfcf
A,CP_MEUR,C,P51G,EE,2018,746.8 ,746.8,,gfcf
A,CP_MEUR,C,P51G,ES,2018,35611.0 ,35611.0,,gfcf
A,CP_MEUR,C,P51G,FI,2018,7428.0 ,7428.0,,gfcf
A,CP_MEUR,C,P51G,FR,2018,50644.9 ,50644.9,,gfcf
A,CP_MEUR,C,P51G,HU,2018,8872.3 ,8872.3,,gfcf
A,CP_MEUR,C,P51G,IT,2018,69805.0 ,69805.0,,gfcf
A,CP_MEUR,C,P51G,LV,2018,515.3 ,515.3,,gfcf
A,CP_MEUR,C,P51G,NL,2018,17136.0 ,17136.0,,gfcf
A,CP_MEUR,C,P51G,NO,2018,4055.1 ,4055.1,,gfcf
A,CP_MEUR,C,P51G,PL,2018,19827.8 ,19827.8,,gfcf
A,CP_MEUR,C,P51G,PT,2018,6588.4 ,6588.4,,gfcf
A,CP_MEUR,C,P51G,RO,2018,10342.0 ,10342.0,,gfcf
A,CP_MEUR,C,P51G,SE,2018,16492.9 ,16492.9,,gfcf
A,CP_MEUR,C,P51G,SI,2018,2322.8 ,2322.8,,gfcf
A,CP_MEUR,C,P51G,SK,2018,4493.5 ,4493.5,,gfcf
A,CP_MEUR,D,P51G,AT,2018,3205.4 ,3205.4,,gfcf
A,CP_MEUR,D,P51G,BE,2018,3458.7 ,3458.7,,gfcf
A,CP_MEUR,D,P51G,BG,2018,345.1 ,345.1,,gfcf
A,CP_MEUR,D,P51G,CZ,2018,1404.5 ,1404.5,,gfcf
A,CP_MEUR,D,P51G,DE,2018,15900.0 ,15900.0,,gfcf
A,CP_MEUR,D,P51G,EE,2018,389.8 ,389.8,,gfcf
A,CP_MEUR,D,P51G,ES,2018,9696.0 ,9696.0,,gfcf
A,CP_MEUR,D,P51G,FI,2018,3029.0 ,3029.0,,gfcf
A,CP_MEUR,D,P51G,FR,2018,18121.9 ,18121.9,,gfcf
A,CP_MEUR,D,P51G,HU,2018,1120.4 ,1120.4,,gfcf
A,CP_MEUR,D,P51G,IT,2018,10601.3 ,10601.3,,gfcf
A,CP_MEUR,D,P51G,LV,2018,266.6 ,266.6,,gfcf
A,CP_MEUR,D,P51G,NL,2018,6538.0 ,6538.0,,gfcf
A,CP_MEUR,D,P51G,NO,2018,3623.5 ,3623.5,,gfcf
A,CP_MEUR,D,P51G,PL,2018,5193.9 ,5193.9,,gfcf
A,CP_MEUR,D,P51G,PT,2018,1299.0 ,1299.0,,gfcf
A,CP_MEUR,D,P51G,RO,2018,2549.1 ,2549.1,,gfcf
A,CP_MEUR,D,P51G,SE,2018,4449.7 ,4449.7,,gfcf
A,CP_MEUR,D,P51G,SI,2018,375.9 ,375.9,,gfcf
A,CP_MEUR,D,P51G,SK,2018,874.0 ,874.0,,gfcf
A,CP_MEUR,E,P51G,AT,2018,1161.5 ,1161.5,,gfcf
A,CP_MEUR,E,P51G,BE,2018,1947.0 ,1947.0,,gfcf
A,CP_MEUR,E,P51G,BG,2018,110.4 ,110.4,,gfcf
A,CP_MEUR,E,P51G,CZ,2018,718.0 ,718.0,,gfcf
A,CP_MEUR,E,P51G,DE,2018,11512.0 ,11512.0,,gfcf
A,CP_MEUR,E,P51G,EE,2018,81.5 ,81.5,,gfcf
A,CP_MEUR,E,P51G,ES,2018,3137.0 ,3137.0,,gfcf
A,CP_MEUR,E,P51G,FI,2018,770.0 ,770.0,,gfcf
A,CP_MEUR,E,P51G,FR,2018,6607.9 ,6607.9,,gfcf
A,CP_MEUR,E,P51G,HU,2018,278.5 ,278.5,,gfcf
A,CP_MEUR,E,P51G,IT,2018,5639.1 ,5639.1,,gfcf
A,CP_MEUR,E,P51G,LV,2018,71.1 ,71.1,,gfcf
A,CP_MEUR,E,P51G,NL,2018,1541.0 ,1541.0,,gfcf
A,CP_MEUR,E,P51G,NO,2018,1606.6 ,1606.6,,gfcf
A,CP_MEUR,E,P51G,PL,2018,2310.9 ,2310.9,,gfcf
A,CP_MEUR,E,P51G,PT,2018,609.2 ,609.2,,gfcf
A,CP_MEUR,E,P51G,RO,2018,821.1 ,821.1,,gfcf
A,CP_MEUR,E,P51G,SE,2018,2004.5 ,2004.5,,gfcf
A,CP_MEUR,E,P51G,SI,2018,74.5 ,74.5,,gfcf
A,CP_MEUR,E,P51G,SK,2018,307.5 ,307.5,,gfcf
A,CP_MEUR,F,P51G,AT,2018,1598.6 ,1598.6,,gfcf
A,CP_MEUR,F,P51G,BE,2018,4084.1 ,4084.1,,gfcf
A,CP_MEUR,F,P51G,BG,2018,1498.3 ,1498.3,,gfcf
A,CP_MEUR,F,P51G,CZ,2018,1400.4 ,1400.4,,gfcf
A,CP_MEUR,F,P51G,DE,2018,8642.0 ,8642.0,,gfcf
A,CP_MEUR,F,P51G,EE,2018,145.1 ,145.1,,gfcf
A,CP_MEUR,F,P51G,ES,2018,12674.0 ,12674.0,,gfcf
A,CP_MEUR,F,P51G,FI,2018,1196.0 ,1196.0,,gfcf
A,CP_MEUR,F,P51G,FR,2018,9405.2 ,9405.2,,gfcf
A,CP_MEUR,F,P51G,HU,2018,791.1 ,791.1,,gfcf
A,CP_MEUR,F,P51G,IT,2018,6800.8 ,6800.8,,gfcf
A,CP_MEUR,F,P51G,LV,2018,230.4 ,230.4,,gfcf
A,CP_MEUR,F,P51G,NL,2018,3918.0 ,3918.0,,gfcf
A,CP_MEUR,F,P51G,NO,2018,2717.0 ,2717.0,,gfcf
A,CP_MEUR,F,P51G,PL,2018,4300.1 ,4300.1,,gfcf
A,CP_MEUR,F,P51G,PT,2018,898.7 ,898.7,,gfcf
A,CP_MEUR,F,P51G,RO,2018,3549.4 ,3549.4,,gfcf
A,CP_MEUR,F,P51G,SE,2018,3308.4 ,3308.4,,gfcf
A,CP_MEUR,F,P51G,SI,2018,258.2 ,258.2,,gfcf
A,CP_MEUR,F,P51G,SK,2018,626.3 ,626.3,,gfcf
A,CP_MEUR,G,P51G,AT,2018,5543.4 ,5543.4,,gfcf
A,CP_MEUR,G,P51G,BE,2018,7214.1 ,7214.1,,gfcf
A,CP_MEUR,G,P51G,BG,2018,1005.7 ,1005.7,,gfcf
A,CP_MEUR,G,P51G,CZ,2018,3233.0 ,3233.0,,gfcf
A,CP_MEUR,G,P51G,DE,2018,25223.0 ,25223.0,,gfcf
A,CP_MEUR,G,P51G,EE,2018,376.9 ,376.9,,gfcf
A,CP_MEUR,G,P51G,ES,2018,17565.0 ,17565.0,,gfcf
A,CP_MEUR,G,P51G,FI,2018,2074.0 ,2074.0,,gfcf
A,CP_MEUR,G,P51G,FR,2018,21042.3 ,21042.3,,gfcf
A,CP_MEUR,G,P51G,HU,2018,1788.2 ,1788.2,,gfcf
A,CP_MEUR,G,P51G,IT,2018,20874.2 ,20874.2,,gfcf
A,CP_MEUR,G,P51G,LV,2018,365.0 ,365.0,,gfcf
A,CP_MEUR,G,P51G,NL,2018,9254.0 ,9254.0,,gfcf
A,CP_MEUR,G,P51G,NO,2018,2364.5 ,2364.5,,gfcf
A,CP_MEUR,G,P51G,PL,2018,8514.6 ,8514.6,,gfcf
A,CP_MEUR,G,P51G,PT,2018,2576.1 ,2576.1,,gfcf
A,CP_MEUR,G,P51G,RO,2018,3767.7 ,3767.7,,gfcf
A,CP_MEUR,G,P51G,SE,2018,6824.8 ,6824.8,,gfcf
A,CP_MEUR,G,P51G,SI,2018,581.0 ,581.0,,gfcf
A,CP_MEUR,G,P51G,SK,2018,1509.7 ,1509.7,,gfcf
A,CP_MEUR,H,P51G,AT,2018,7231.4 ,7231.4,,gfcf
A,CP_MEUR,H,P51G,BE,2018,8600.6 ,8600.6,,gfcf
A,CP_MEUR,H,P51G,BG,2018,714.3 ,714.3,,gfcf
A,CP_MEUR,H,P51G,CZ,2018,3470.8 ,3470.8,,gfcf
A,CP_MEUR,H,P51G,DE,2018,39511.0 ,39511.0,,gfcf
A,CP_MEUR,H,P51G,EE,2018,549.5 ,549.5,,gfcf
A,CP_MEUR,H,P51G,ES,2018,17478.0 ,17478.0,,gfcf
A,CP_MEUR,H,P51G,FI,2018,2074.0 ,2074.0,,gfcf
A,CP_MEUR,H,P51G,FR,2018,22670.5 ,22670.5,,gfcf
A,CP_MEUR,H,P51G,HU,2018,2909.1 ,2909.1,,gfcf
A,CP_MEUR,H,P51G,IT,2018,22327.4 ,22327.4,,gfcf
A,CP_MEUR,H,P51G,LV,2018,446.3 ,446.3,,gfcf
A,CP_MEUR,H,P51G,NL,2018,7788.0 ,7788.0,,gfcf
A,CP_MEUR,H,P51G,NO,2018,2963.4 ,2963.4,,gfcf
A,CP_MEUR,H,P51G,PL,2018,14188.0 ,14188.0,,gfcf
A,CP_MEUR,H,P51G,PT,2018,1931.0 ,1931.0,,gfcf
A,CP_MEUR,H,P51G,RO,2018,3278.7 ,3278.7,,gfcf
A,CP_MEUR,H,P51G,SE,2018,10151.4 ,10151.4,,gfcf
A,CP_MEUR,H,P51G,SI,2018,763.2 ,763.2,,gfcf
A,CP_MEUR,H,P51G,SK,2018,1517.6 ,1517.6,,gfcf
A,CP_MEUR,I,P51G,AT,2018,1367.3 ,1367.3,,gfcf
A,CP_MEUR,I,P51G,BE,2018,1269.5 ,1269.5,,gfcf
A,CP_MEUR,I,P51G,BG,2018,355.5 ,355.5,,gfcf
A,CP_MEUR,I,P51G,CZ,2018,488.9 ,488.9,,gfcf
A,CP_MEUR,I,P51G,DE,2018,4440.0 ,4440.0,,gfcf
A,CP_MEUR,I,P51G,EE,2018,64.4 ,64.4,,gfcf
A,CP_MEUR,I,P51G,ES,2018,4817.0 ,4817.0,,gfcf
A,CP_MEUR,I,P51G,FI,2018,318.0 ,318.0,,gfcf
A,CP_MEUR,I,P51G,FR,2018,7202.0 ,7202.0,,gfcf
A,CP_MEUR,I,P51G,HU,2018,269.9 ,269.9,,gfcf
A,CP_MEUR,I,P51G,IT,2018,5587.3 ,5587.3,,gfcf
A,CP_MEUR,I,P51G,LV,2018,29.5 ,29.5,,gfcf
A,CP_MEUR,I,P51G,NL,2018,1252.0 ,1252.0,,gfcf
A,CP_MEUR,I,P51G,NO,2018,357.0 ,357.0,,gfcf
A,CP_MEUR,I,P51G,PL,2018,804.2 ,804.2,,gfcf
A,CP_MEUR,I,P51G,PT,2018,1581.8 ,1581.8,,gfcf
A,CP_MEUR,I,P51G,RO,2018,571.2 ,571.2,,gfcf
A,CP_MEUR,I,P51G,SE,2018,915.3 ,915.3,,gfcf
A,CP_MEUR,I,P51G,SI,2018,157.2 ,157.2,,gfcf
A,CP_MEUR,I,P51G,SK,2018,239.7 ,239.7,,gfcf
A,CP_MEUR,J,P51G,AT,2018,4045.3 ,4045.3,,gfcf
A,CP_MEUR,J,P51G,BE,2018,5491.1 ,5491.1,,gfcf
A,CP_MEUR,J,P51G,BG,2018,590.1 ,590.1,,gfcf
A,CP_MEUR,J,P51G,CZ,2018,3322.2 ,3322.2,,gfcf
A,CP_MEUR,J,P51G,DE,2018,27962.0 ,27962.0,,gfcf
A,CP_MEUR,J,P51G,EE,2018,338.3 ,338.3,,gfcf
A,CP_MEUR,J,P51G,ES,2018,11670.0 ,11670.0,,gfcf
A,CP_MEUR,J,P51G,FI,2018,2960.0 ,2960.0,,gfcf
A,CP_MEUR,J,P51G,FR,2018,30234.6 ,30234.6,,gfcf
A,CP_MEUR,J,P51G,HU,2018,1297.2 ,1297.2,,gfcf
A,CP_MEUR,J,P51G,IT,2018,19396.4 ,19396.4,,gfcf
A,CP_MEUR,J,P51G,LV,2018,313.7 ,313.7,,gfcf
A,CP_MEUR,J,P51G,NL,2018,7166.0 ,7166.0,,gfcf
A,CP_MEUR,J,P51G,NO,2018,3712.0 ,3712.0,,gfcf
A,CP_MEUR,J,P51G,PL,2018,3581.6 ,3581.6,,gfcf
A,CP_MEUR,J,P51G,PT,2018,2450.6 ,2450.6,,gfcf
A,CP_MEUR,J,P51G,RO,2018,2204.1 ,2204.1,,gfcf
A,CP_MEUR,J,P51G,SE,2018,9116.9 ,9116.9,,gfcf
A,CP_MEUR,J,P51G,SI,2018,387.2 ,387.2,,gfcf
A,CP_MEUR,J,P51G,SK,2018,737.2 ,737.2,,gfcf
A,CP_MEUR,L,P51G,AT,2018,27527.0 ,27527.0,,gfcf
A,CP_MEUR,L,P51G,BE,2018,29739.0 ,29739.0,,gfcf
A,CP_MEUR,L,P51G,BG,2018,805.4 ,805.4,,gfcf
A,CP_MEUR,L,P51G,CZ,2018,12779.2 ,12779.2,,gfcf
A,CP_MEUR,L,P51G,DE,2018,227855.0 ,227855.0,,gfcf
A,CP_MEUR,L,P51G,EE,2018,1990.4 ,1990.4,,gfcf
A,CP_MEUR,L,P51G,ES,2018,61805.0 ,61805.0,,gfcf
A,CP_MEUR,L,P51G,FI,2018,22656.0 ,22656.0,,gfcf
A,CP_MEUR,L,P51G,FR,2018,172920.9 ,172920.9,,gfcf
A,CP_MEUR,L,P51G,HU,2018,5277.7 ,5277.7,,gfcf
A,CP_MEUR,L,P51G,IT,2018,84552.5 ,84552.5,,gfcf
A,CP_MEUR,L,P51G,LV,2018,1530.1 ,1530.1,,gfcf
A,CP_MEUR,L,P51G,NL,2018,45287.0 ,45287.0,,gfcf
A,CP_MEUR,L,P51G,NO,2018,24649.5 ,24649.5,,gfcf
A,CP_MEUR,L,P51G,PL,2018,11608.4 ,11608.4,,gfcf
A,CP_MEUR,L,P51G,PT,2018,8289.8 ,8289.8,,gfcf
A,CP_MEUR,L,P51G,RO,2018,8191.9 ,8191.9,,gfcf
A,CP_MEUR,L,P51G,SE,2018,31140.1 ,31140.1,,gfcf
A,CP_MEUR,L,P51G,SI,2018,1125.8 ,1125.8,,gfcf
A,CP_MEUR,L,P51G,SK,2018,4085.6 ,4085.6,,gfcf
A,CP_MEUR,M,P51G,AT,2018,2929.6 ,2929.6,,gfcf
A,CP_MEUR,M,P51G,BE,2018,7408.3 ,7408.3,,gfcf
A,CP_MEUR,M,P51G,BG,2018,442.0 ,442.0,,gfcf
A,CP_MEUR,M,P51G,CZ,2018,1870.9 ,1870.9,,gfcf
A,CP_MEUR,M,P51G,DE,2018,22481.0 ,22481.0,,gfcf
A,CP_MEUR,M,P51G,EE,2018,324.1 ,324.1,,gfcf
A,CP_MEUR,M,P51G,ES,2018,10907.0 ,10907.0,,gfcf
A,CP_MEUR,M,P51G,FI,2018,1356.0 ,1356.0,,gfcf
A,CP_MEUR,M,P51G,FR,2018,39429.9 ,39429.9,,gfcf
A,CP_MEUR,M,P51G,HU,2018,1230.0 ,1230.0,,gfcf
A,CP_MEUR,M,P51G,IT,2018,12688.6 ,12688.6,,gfcf
A,CP_MEUR,M,P51G,LV,2018,187.6 ,187.6,,gfcf
A,CP_MEUR,M,P51G,NL,2018,5879.0 ,5879.0,,gfcf
A,CP_MEUR,M,P51G,NO,2018,1971.7 ,1971.7,,gfcf
A,CP_MEUR,M,P51G,PL,2018,1924.0 ,1924.0,,gfcf
A,CP_MEUR,M,P51G,PT,2018,1493.4 ,1493.4,,gfcf
A,CP_MEUR,M,P51G,RO,2018,756.1 ,756.1,,gfcf
A,CP_MEUR,M,P51G,SE,2018,7275.2 ,7275.2,,gfcf
A,CP_MEUR,M,P51G,SI,2018,452.3 ,452.3,,gfcf
A,CP_MEUR,M,P51G,SK,2018,637.3 ,637.3,,gfcf
A,CP_MEUR,N,P51G,AT,2018,6291.9 ,6291.9,,gfcf
A,CP_MEUR,N,P51G,BE,2018,5625.3 ,5625.3,,gfcf
A,CP_MEUR,N,P51G,BG,2018,193.1 ,193.1,,gfcf
A,CP_MEUR,N,P51G,CZ,2018,1144.7 ,1144.7,,gfcf
A,CP_MEUR,N,P51G,DE,2018,53543.0 ,53543.0,,gfcf
A,CP_MEUR,N,P51G,EE,2018,243.6 ,243.6,,gfcf
A,CP_MEUR,N,P51G,ES,2018,9432.0 ,9432.0,,gfcf
A,CP_MEUR,N,P51G,FI,2018,822.0 ,822.0,,gfcf
A,CP_MEUR,N,P51G,FR,2018,25518.2 ,25518.2,,gfcf
A,CP_MEUR,N,P51G,HU,2018,967.7 ,967.7,,gfcf
A,CP_MEUR,N,P51G,IT,2018,9090.7 ,9090.7,,gfcf
A,CP_MEUR,N,P51G,LV,2018,202.4 ,202.4,,gfcf
A,CP_MEUR,N,P51G,NL,2018,6794.0 ,6794.0,,gfcf
A,CP_MEUR,N,P51G,NO,2018,1639.3 ,1639.3,,gfcf
A,CP_MEUR,N,P51G,PL,2018,2543.0 ,2543.0,,gfcf
A,CP_MEUR,N,P51G,PT,2018,1490.8 ,1490.8,,gfcf
A,CP_MEUR,N,P51G,RO,2018,326.6 ,326.6,,gfcf
A,CP_MEUR,N,P51G,SE,2018,2266.2 ,2266.2,,gfcf
A,CP_MEUR,N,P51G,SI,2018,95.6 ,95.6,,gfcf
A,CP_MEUR,N,P51G,SK,2018,558.2 ,558.2,,gfcf
A,CP_MEUR,B,P51G,AT,2019,313.3 ,313.3,,gfcf
A,CP_MEUR,B,P51G,BE,2019,96.1 ,96.1,,gfcf
A,CP_MEUR,B,P51G,BG,2019,339.4 ,339.4,,gfcf
A,CP_MEUR,B,P51G,CZ,2019,453.6 ,453.6,,gfcf
A,CP_MEUR,B,P51G,DE,2019,1213.0 ,1213.0,,gfcf
A,CP_MEUR,B,P51G,EE,2019,56.5 ,56.5,,gfcf
A,CP_MEUR,B,P51G,ES,2019,1189.0 ,1189.0,,gfcf
A,CP_MEUR,B,P51G,FI,2019,362.0 ,362.0,,gfcf
A,CP_MEUR,B,P51G,FR,2019,946.1 ,946.1,,gfcf
A,CP_MEUR,B,P51G,HU,2019,175.8 ,175.8,,gfcf
A,CP_MEUR,B,P51G,IT,2019,3053.8 ,3053.8,,gfcf
A,CP_MEUR,B,P51G,LV,2019,30.7 ,30.7,,gfcf
A,CP_MEUR,B,P51G,NL,2019,2142.0 ,2142.0,,gfcf
A,CP_MEUR,B,P51G,NO,2019,18706.4 ,18706.4,,gfcf
A,CP_MEUR,B,P51G,PL,2019,1978.5 ,1978.5,,gfcf
A,CP_MEUR,B,P51G,PT,2019,343.8 ,343.8,,gfcf
A,CP_MEUR,B,P51G,RO,2019,1185.5 ,1185.5,,gfcf
A,CP_MEUR,B,P51G,SE,2019,817.3 ,817.3,,gfcf
A,CP_MEUR,B,P51G,SI,2019,26.6 ,26.6,,gfcf
A,CP_MEUR,B,P51G,SK,2019,36.0 ,36.0,,gfcf
A,CP_MEUR,C,P51G,AT,2019,17741.9 ,17741.9,,gfcf
A,CP_MEUR,C,P51G,BE,2019,15367.1 ,15367.1,,gfcf
A,CP_MEUR,C,P51G,BG,2019,1977.5 ,1977.5,,gfcf
A,CP_MEUR,C,P51G,CZ,2019,12799.7 ,12799.7,,gfcf
A,CP_MEUR,C,P51G,DE,2019,143903.0 ,143903.0,,gfcf
A,CP_MEUR,C,P51G,EE,2019,749.5 ,749.5,,gfcf
A,CP_MEUR,C,P51G,ES,2019,38142.0 ,38142.0,,gfcf
A,CP_MEUR,C,P51G,FI,2019,8008.0 ,8008.0,,gfcf
A,CP_MEUR,C,P51G,FR,2019,51834.8 ,51834.8,,gfcf
A,CP_MEUR,C,P51G,HU,2019,10313.2 ,10313.2,,gfcf
A,CP_MEUR,C,P51G,IT,2019,67345.2 ,67345.2,,gfcf
A,CP_MEUR,C,P51G,LV,2019,671.2 ,671.2,,gfcf
A,CP_MEUR,C,P51G,NL,2019,17512.0 ,17512.0,,gfcf
A,CP_MEUR,C,P51G,NO,2019,5026.5 ,5026.5,,gfcf
A,CP_MEUR,C,P51G,PL,2019,22069.3 ,22069.3,,gfcf
A,CP_MEUR,C,P51G,PT,2019,6397.0 ,6397.0,,gfcf
A,CP_MEUR,C,P51G,RO,2019,6930.7 ,6930.7,,gfcf
A,CP_MEUR,C,P51G,SE,2019,15811.9 ,15811.9,,gfcf
A,CP_MEUR,C,P51G,SI,2019,2422.7 ,2422.7,,gfcf
A,CP_MEUR,C,P51G,SK,2019,4537.2 ,4537.2,,gfcf
A,CP_MEUR,D,P51G,AT,2019,3276.7 ,3276.7,,gfcf
A,CP_MEUR,D,P51G,BE,2019,3932.8 ,3932.8,,gfcf
A,CP_MEUR,D,P51G,BG,2019,387.9 ,387.9,,gfcf
A,CP_MEUR,D,P51G,CZ,2019,2014.7 ,2014.7,,gfcf
A,CP_MEUR,D,P51G,DE,2019,19180.0 ,19180.0,,gfcf
A,CP_MEUR,D,P51G,EE,2019,381.1 ,381.1,,gfcf
A,CP_MEUR,D,P51G,ES,2019,10651.0 ,10651.0,,gfcf
A,CP_MEUR,D,P51G,FI,2019,2210.0 ,2210.0,,gfcf
A,CP_MEUR,D,P51G,FR,2019,18681.6 ,18681.6,,gfcf
A,CP_MEUR,D,P51G,HU,2019,1549.5 ,1549.5,,gfcf
A,CP_MEUR,D,P51G,IT,2019,12009.9 ,12009.9,,gfcf
A,CP_MEUR,D,P51G,LV,2019,239.1 ,239.1,,gfcf
A,CP_MEUR,D,P51G,NL,2019,6374.0 ,6374.0,,gfcf
A,CP_MEUR,D,P51G,NO,2019,3645.6 ,3645.6,,gfcf
A,CP_MEUR,D,P51G,PL,2019,5909.3 ,5909.3,,gfcf
A,CP_MEUR,D,P51G,PT,2019,1362.2 ,1362.2,,gfcf
A,CP_MEUR,D,P51G,RO,2019,1192.0 ,1192.0,,gfcf
A,CP_MEUR,D,P51G,SE,2019,5406.8 ,5406.8,,gfcf
A,CP_MEUR,D,P51G,SI,2019,430.7 ,430.7,,gfcf
A,CP_MEUR,D,P51G,SK,2019,1181.5 ,1181.5,,gfcf
A,CP_MEUR,E,P51G,AT,2019,1395.4 ,1395.4,,gfcf
A,CP_MEUR,E,P51G,BE,2019,2015.5 ,2015.5,,gfcf
A,CP_MEUR,E,P51G,BG,2019,121.8 ,121.8,,gfcf
A,CP_MEUR,E,P51G,CZ,2019,658.8 ,658.8,,gfcf
A,CP_MEUR,E,P51G,DE,2019,11757.0 ,11757.0,,gfcf
A,CP_MEUR,E,P51G,EE,2019,100.3 ,100.3,,gfcf
A,CP_MEUR,E,P51G,ES,2019,2890.0 ,2890.0,,gfcf
A,CP_MEUR,E,P51G,FI,2019,647.0 ,647.0,,gfcf
A,CP_MEUR,E,P51G,FR,2019,6721.2 ,6721.2,,gfcf
A,CP_MEUR,E,P51G,HU,2019,442.8 ,442.8,,gfcf
A,CP_MEUR,E,P51G,IT,2019,6071.8 ,6071.8,,gfcf
A,CP_MEUR,E,P51G,LV,2019,108.1 ,108.1,,gfcf
A,CP_MEUR,E,P51G,NL,2019,1562.0 ,1562.0,,gfcf
A,CP_MEUR,E,P51G,NO,2019,1776.7 ,1776.7,,gfcf
A,CP_MEUR,E,P51G,PL,2019,2718.5 ,2718.5,,gfcf
A,CP_MEUR,E,P51G,PT,2019,808.6 ,808.6,,gfcf
A,CP_MEUR,E,P51G,RO,2019,927.4 ,927.4,,gfcf
A,CP_MEUR,E,P51G,SE,2019,2165.9 ,2165.9,,gfcf
A,CP_MEUR,E,P51G,SI,2019,64.9 ,64.9,,gfcf
A,CP_MEUR,E,P51G,SK,2019,340.1 ,340.1,,gfcf
A,CP_MEUR,F,P51G,AT,2019,1823.9 ,1823.9,,gfcf
A,CP_MEUR,F,P51G,BE,2019,3772.8 ,3772.8,,gfcf
A,CP_MEUR,F,P51G,BG,2019,1800.0 ,1800.0,,gfcf
A,CP_MEUR,F,P51G,CZ,2019,1993.0 ,1993.0,,gfcf
A,CP_MEUR,F,P51G,DE,2019,9144.0 ,9144.0,,gfcf
A,CP_MEUR,F,P51G,EE,2019,186.4 ,186.4,,gfcf
A,CP_MEUR,F,P51G,ES,2019,15622.0 ,15622.0,,gfcf
A,CP_MEUR,F,P51G,FI,2019,1330.0 ,1330.0,,gfcf
A,CP_MEUR,F,P51G,FR,2019,9919.3 ,9919.3,,gfcf
A,CP_MEUR,F,P51G,HU,2019,1003.0 ,1003.0,,gfcf
A,CP_MEUR,F,P51G,IT,2019,7315.9 ,7315.9,,gfcf
A,CP_MEUR,F,P51G,LV,2019,171.2 ,171.2,,gfcf
A,CP_MEUR,F,P51G,NL,2019,4230.0 ,4230.0,,gfcf
A,CP_MEUR,F,P51G,NO,2019,2774.1 ,2774.1,,gfcf
A,CP_MEUR,F,P51G,PL,2019,5700.6 ,5700.6,,gfcf
A,CP_MEUR,F,P51G,PT,2019,1072.2 ,1072.2,,gfcf
A,CP_MEUR,F,P51G,RO,2019,6453.2 ,6453.2,,gfcf
A,CP_MEUR,F,P51G,SE,2019,2947.9 ,2947.9,,gfcf
A,CP_MEUR,F,P51G,SI,2019,288.3 ,288.3,,gfcf
A,CP_MEUR,F,P51G,SK,2019,626.0 ,626.0,,gfcf
A,CP_MEUR,G,P51G,AT,2019,6109.9 ,6109.9,,gfcf
A,CP_MEUR,G,P51G,BE,2019,7713.3 ,7713.3,,gfcf
A,CP_MEUR,G,P51G,BG,2019,857.4 ,857.4,,gfcf
A,CP_MEUR,G,P51G,CZ,2019,3432.5 ,3432.5,,gfcf
A,CP_MEUR,G,P51G,DE,2019,27513.0 ,27513.0,,gfcf
A,CP_MEUR,G,P51G,EE,2019,454.2 ,454.2,,gfcf
A,CP_MEUR,G,P51G,ES,2019,17449.0 ,17449.0,,gfcf
A,CP_MEUR,G,P51G,FI,2019,1868.0 ,1868.0,,gfcf
A,CP_MEUR,G,P51G,FR,2019,22560.0 ,22560.0,,gfcf
A,CP_MEUR,G,P51G,HU,2019,2402.7 ,2402.7,,gfcf
A,CP_MEUR,G,P51G,IT,2019,20051.6 ,20051.6,,gfcf
A,CP_MEUR,G,P51G,LV,2019,395.1 ,395.1,,gfcf
A,CP_MEUR,G,P51G,NL,2019,10196.0 ,10196.0,,gfcf
A,CP_MEUR,G,P51G,NO,2019,2428.4 ,2428.4,,gfcf
A,CP_MEUR,G,P51G,PL,2019,8823.5 ,8823.5,,gfcf
A,CP_MEUR,G,P51G,PT,2019,3196.3 ,3196.3,,gfcf
A,CP_MEUR,G,P51G,RO,2019,4459.7 ,4459.7,,gfcf
A,CP_MEUR,G,P51G,SE,2019,7021.4 ,7021.4,,gfcf
A,CP_MEUR,G,P51G,SI,2019,591.9 ,591.9,,gfcf
A,CP_MEUR,G,P51G,SK,2019,1523.6 ,1523.6,,gfcf
A,CP_MEUR,H,P51G,AT,2019,7608.8 ,7608.8,,gfcf
A,CP_MEUR,H,P51G,BE,2019,8593.2 ,8593.2,,gfcf
A,CP_MEUR,H,P51G,BG,2019,668.6 ,668.6,,gfcf
A,CP_MEUR,H,P51G,CZ,2019,4413.7 ,4413.7,,gfcf
A,CP_MEUR,H,P51G,DE,2019,43239.0 ,43239.0,,gfcf
A,CP_MEUR,H,P51G,EE,2019,656.8 ,656.8,,gfcf
A,CP_MEUR,H,P51G,ES,2019,17268.0 ,17268.0,,gfcf
A,CP_MEUR,H,P51G,FI,2019,2317.0 ,2317.0,,gfcf
A,CP_MEUR,H,P51G,FR,2019,23676.2 ,23676.2,,gfcf
A,CP_MEUR,H,P51G,HU,2019,2830.5 ,2830.5,,gfcf
A,CP_MEUR,H,P51G,IT,2019,23380.0 ,23380.0,,gfcf
A,CP_MEUR,H,P51G,LV,2019,409.7 ,409.7,,gfcf
A,CP_MEUR,H,P51G,NL,2019,9464.0 ,9464.0,,gfcf
A,CP_MEUR,H,P51G,NO,2019,5338.0 ,5338.0,,gfcf
A,CP_MEUR,H,P51G,PL,2019,14497.9 ,14497.9,,gfcf
A,CP_MEUR,H,P51G,PT,2019,2184.5 ,2184.5,,gfcf
A,CP_MEUR,H,P51G,RO,2019,5144.8 ,5144.8,,gfcf
A,CP_MEUR,H,P51G,SE,2019,10644.0 ,10644.0,,gfcf
A,CP_MEUR,H,P51G,SI,2019,652.4 ,652.4,,gfcf
A,CP_MEUR,H,P51G,SK,2019,1501.6 ,1501.6,,gfcf
A,CP_MEUR,I,P51G,AT,2019,1517.1 ,1517.1,,gfcf
A,CP_MEUR,I,P51G,BE,2019,1465.5 ,1465.5,,gfcf
A,CP_MEUR,I,P51G,BG,2019,300.5 ,300.5,,gfcf
A,CP_MEUR,I,P51G,CZ,2019,597.7 ,597.7,,gfcf
A,CP_MEUR,I,P51G,DE,2019,4532.0 ,4532.0,,gfcf
A,CP_MEUR,I,P51G,EE,2019,76.0 ,76.0,,gfcf
A,CP_MEUR,I,P51G,ES,2019,4991.0 ,4991.0,,gfcf
A,CP_MEUR,I,P51G,FI,2019,312.0 ,312.0,,gfcf
A,CP_MEUR,I,P51G,FR,2019,7537.2 ,7537.2,,gfcf
A,CP_MEUR,I,P51G,HU,2019,435.1 ,435.1,,gfcf
A,CP_MEUR,I,P51G,IT,2019,5403.5 ,5403.5,,gfcf
A,CP_MEUR,I,P51G,LV,2019,52.9 ,52.9,,gfcf
A,CP_MEUR,I,P51G,NL,2019,1346.0 ,1346.0,,gfcf
A,CP_MEUR,I,P51G,NO,2019,363.6 ,363.6,,gfcf
A,CP_MEUR,I,P51G,PL,2019,879.3 ,879.3,,gfcf
A,CP_MEUR,I,P51G,PT,2019,1881.4 ,1881.4,,gfcf
A,CP_MEUR,I,P51G,RO,2019,854.5 ,854.5,,gfcf
A,CP_MEUR,I,P51G,SE,2019,890.9 ,890.9,,gfcf
A,CP_MEUR,I,P51G,SI,2019,149.0 ,149.0,,gfcf
A,CP_MEUR,I,P51G,SK,2019,185.3 ,185.3,,gfcf
A,CP_MEUR,J,P51G,AT,2019,4237.6 ,4237.6,,gfcf
A,CP_MEUR,J,P51G,BE,2019,5855.2 ,5855.2,,gfcf
A,CP_MEUR,J,P51G,BG,2019,1033.3 ,1033.3,,gfcf
A,CP_MEUR,J,P51G,CZ,2019,3998.9 ,3998.9,,gfcf
A,CP_MEUR,J,P51G,DE,2019,34473.0 ,34473.0,,gfcf
A,CP_MEUR,J,P51G,EE,2019,420.6 ,420.6,,gfcf
A,CP_MEUR,J,P51G,ES,2019,12882.0 ,12882.0,,gfcf
A,CP_MEUR,J,P51G,FI,2019,2441.0 ,2441.0,,gfcf
A,CP_MEUR,J,P51G,FR,2019,31545.1 ,31545.1,,gfcf
A,CP_MEUR,J,P51G,HU,2019,1473.3 ,1473.3,,gfcf
A,CP_MEUR,J,P51G,IT,2019,19144.7 ,19144.7,,gfcf
A,CP_MEUR,J,P51G,LV,2019,371.9 ,371.9,,gfcf
A,CP_MEUR,J,P51G,NL,2019,8470.0 ,8470.0,,gfcf
A,CP_MEUR,J,P51G,NO,2019,3605.2 ,3605.2,,gfcf
A,CP_MEUR,J,P51G,PL,2019,3821.4 ,3821.4,,gfcf
A,CP_MEUR,J,P51G,PT,2019,2572.9 ,2572.9,,gfcf
A,CP_MEUR,J,P51G,RO,2019,2785.2 ,2785.2,,gfcf
A,CP_MEUR,J,P51G,SE,2019,7390.2 ,7390.2,,gfcf
A,CP_MEUR,J,P51G,SI,2019,437.9 ,437.9,,gfcf
A,CP_MEUR,J,P51G,SK,2019,1025.7 ,1025.7,,gfcf
A,CP_MEUR,L,P51G,AT,2019,29306.3 ,29306.3,,gfcf
A,CP_MEUR,L,P51G,BE,2019,31613.5 ,31613.5,,gfcf
A,CP_MEUR,L,P51G,BG,2019,576.8 ,576.8,,gfcf
A,CP_MEUR,L,P51G,CZ,2019,13514.9 ,13514.9,,gfcf
A,CP_MEUR,L,P51G,DE,2019,231246.0 ,231246.0,,gfcf
A,CP_MEUR,L,P51G,EE,2019,2238.7 ,2238.7,,gfcf
A,CP_MEUR,L,P51G,ES,2019,68376.0 ,68376.0,,gfcf
A,CP_MEUR,L,P51G,FI,2019,23566.0 ,23566.0,,gfcf
A,CP_MEUR,L,P51G,FR,2019,182067.8 ,182067.8,,gfcf
A,CP_MEUR,L,P51G,HU,2019,5974.1 ,5974.1,,gfcf
A,CP_MEUR,L,P51G,IT,2019,85440.3 ,85440.3,,gfcf
A,CP_MEUR,L,P51G,LV,2019,1797.6 ,1797.6,,gfcf
A,CP_MEUR,L,P51G,NL,2019,49868.0 ,49868.0,,gfcf
A,CP_MEUR,L,P51G,NO,2019,24646.0 ,24646.0,,gfcf
A,CP_MEUR,L,P51G,PL,2019,12897.0 ,12897.0,,gfcf
A,CP_MEUR,L,P51G,PT,2019,9036.6 ,9036.6,,gfcf
A,CP_MEUR,L,P51G,RO,2019,11207.7 ,11207.7,,gfcf
A,CP_MEUR,L,P51G,SE,2019,31315.0 ,31315.0,,gfcf
A,CP_MEUR,L,P51G,SI,2019,1340.9 ,1340.9,,gfcf
A,CP_MEUR,L,P51G,SK,2019,4123.2 ,4123.2,,gfcf
A,CP_MEUR,M,P51G,AT,2019,3360.9 ,3360.9,,gfcf
A,CP_MEUR,M,P51G,BE,2019,8133.1 ,8133.1,,gfcf
A,CP_MEUR,M,P51G,BG,2019,411.5 ,411.5,,gfcf
A,CP_MEUR,M,P51G,CZ,2019,2241.5 ,2241.5,,gfcf
A,CP_MEUR,M,P51G,DE,2019,25908.0 ,25908.0,,gfcf
A,CP_MEUR,M,P51G,EE,2019,334.2 ,334.2,,gfcf
A,CP_MEUR,M,P51G,ES,2019,10864.0 ,10864.0,,gfcf
A,CP_MEUR,M,P51G,FI,2019,1600.0 ,1600.0,,gfcf
A,CP_MEUR,M,P51G,FR,2019,41804.6 ,41804.6,,gfcf
A,CP_MEUR,M,P51G,HU,2019,1633.8 ,1633.8,,gfcf
A,CP_MEUR,M,P51G,IT,2019,12860.1 ,12860.1,,gfcf
A,CP_MEUR,M,P51G,LV,2019,219.4 ,219.4,,gfcf
A,CP_MEUR,M,P51G,NL,2019,6462.0 ,6462.0,,gfcf
A,CP_MEUR,M,P51G,NO,2019,1945.3 ,1945.3,,gfcf
A,CP_MEUR,M,P51G,PL,2019,2185.6 ,2185.6,,gfcf
A,CP_MEUR,M,P51G,PT,2019,1675.4 ,1675.4,,gfcf
A,CP_MEUR,M,P51G,RO,2019,1411.4 ,1411.4,,gfcf
A,CP_MEUR,M,P51G,SE,2019,6505.2 ,6505.2,,gfcf
A,CP_MEUR,M,P51G,SI,2019,557.4 ,557.4,,gfcf
A,CP_MEUR,M,P51G,SK,2019,1031.1 ,1031.1,,gfcf
A,CP_MEUR,N,P51G,AT,2019,6278.3 ,6278.3,,gfcf
A,CP_MEUR,N,P51G,BE,2019,7048.7 ,7048.7,,gfcf
A,CP_MEUR,N,P51G,BG,2019,223.2 ,223.2,,gfcf
A,CP_MEUR,N,P51G,CZ,2019,1063.0 ,1063.0,,gfcf
A,CP_MEUR,N,P51G,DE,2019,47507.0 ,47507.0,,gfcf
A,CP_MEUR,N,P51G,EE,2019,201.3 ,201.3,,gfcf
A,CP_MEUR,N,P51G,ES,2019,11114.0 ,11114.0,,gfcf
A,CP_MEUR,N,P51G,FI,2019,859.0 ,859.0,,gfcf
A,CP_MEUR,N,P51G,FR,2019,26058.6 ,26058.6,,gfcf
A,CP_MEUR,N,P51G,HU,2019,1201.9 ,1201.9,,gfcf
A,CP_MEUR,N,P51G,IT,2019,9884.9 ,9884.9,,gfcf
A,CP_MEUR,N,P51G,LV,2019,294.4 ,294.4,,gfcf
A,CP_MEUR,N,P51G,NL,2019,9161.0 ,9161.0,,gfcf
A,CP_MEUR,N,P51G,NO,2019,1367.9 ,1367.9,,gfcf
A,CP_MEUR,N,P51G,PL,2019,2929.8 ,2929.8,,gfcf
A,CP_MEUR,N,P51G,PT,2019,1611.6 ,1611.6,,gfcf
A,CP_MEUR,N,P51G,RO,2019,944.6 ,944.6,,gfcf
A,CP_MEUR,N,P51G,SE,2019,2418.1 ,2418.1,,gfcf
A,CP_MEUR,N,P51G,SI,2019,98.2 ,98.2,,gfcf
A,CP_MEUR,N,P51G,SK,2019,406.2 ,406.2,,gfcf
A,CP_MEUR,B,P51G,AT,2020,231.5 ,231.5,,gfcf
A,CP_MEUR,B,P51G,BE,2020,75.7 ,75.7,,gfcf
A,CP_MEUR,B,P51G,BG,2020,233.5 ,233.5,,gfcf
A,CP_MEUR,B,P51G,CZ,2020,382.3 ,382.3,,gfcf
A,CP_MEUR,B,P51G,DE,2020,912.0 ,912.0,,gfcf
A,CP_MEUR,B,P51G,EE,2020,44.5 ,44.5,,gfcf
A,CP_MEUR,B,P51G,ES,2020,613.0 ,613.0,,gfcf
A,CP_MEUR,B,P51G,FI,2020,502.0 ,502.0,,gfcf
A,CP_MEUR,B,P51G,FR,2020,684.5 ,684.5,,gfcf
A,CP_MEUR,B,P51G,HU,2020,95.3 ,95.3,,gfcf
A,CP_MEUR,B,P51G,IT,2020,1959.1 ,1959.1,,gfcf
A,CP_MEUR,B,P51G,LV,2020,24.2 ,24.2,,gfcf
A,CP_MEUR,B,P51G,NL,2020,561.0 ,561.0,,gfcf
A,CP_MEUR,B,P51G,NO,2020,17469.2 ,17469.2,,gfcf
A,CP_MEUR,B,P51G,PL,2020,1751.5 ,1751.5,,gfcf
A,CP_MEUR,B,P51G,PT,2020,239.0 ,239.0,,gfcf
A,CP_MEUR,B,P51G,RO,2020,1360.5 ,1360.5,,gfcf
A,CP_MEUR,B,P51G,SE,2020,845.9 ,845.9,,gfcf
A,CP_MEUR,B,P51G,SI,2020,31.0 ,31.0,,gfcf
A,CP_MEUR,B,P51G,SK,2020,16.9 ,16.9,,gfcf
A,CP_MEUR,C,P51G,AT,2020,16149.8 ,16149.8,,gfcf
A,CP_MEUR,C,P51G,BE,2020,15400.4 ,15400.4,,gfcf
A,CP_MEUR,C,P51G,BG,2020,1700.1 ,1700.1,,gfcf
A,CP_MEUR,C,P51G,CZ,2020,10271.2 ,10271.2,,gfcf
A,CP_MEUR,C,P51G,DE,2020,128611.0 ,128611.0,,gfcf
A,CP_MEUR,C,P51G,EE,2020,635.1 ,635.1,,gfcf
A,CP_MEUR,C,P51G,ES,2020,35557.0 ,35557.0,,gfcf
A,CP_MEUR,C,P51G,FI,2020,7641.0 ,7641.0,,gfcf
A,CP_MEUR,C,P51G,FR,2020,47419.5 ,47419.5,,gfcf
A,CP_MEUR,C,P51G,HU,2020,8982.4 ,8982.4,,gfcf
A,CP_MEUR,C,P51G,IT,2020,60904.6 ,60904.6,,gfcf
A,CP_MEUR,C,P51G,LV,2020,639.5 ,639.5,,gfcf
A,CP_MEUR,C,P51G,NL,2020,16242.0 ,16242.0,,gfcf
A,CP_MEUR,C,P51G,NO,2020,3972.7 ,3972.7,,gfcf
A,CP_MEUR,C,P51G,PL,2020,19639.4 ,19639.4,,gfcf
A,CP_MEUR,C,P51G,PT,2020,6291.9 ,6291.9,,gfcf
A,CP_MEUR,C,P51G,RO,2020,5698.0 ,5698.0,,gfcf
A,CP_MEUR,C,P51G,SE,2020,15363.1 ,15363.1,,gfcf
A,CP_MEUR,C,P51G,SI,2020,2081.0 ,2081.0,,gfcf
A,CP_MEUR,C,P51G,SK,2020,3344.3 ,3344.3,,gfcf
A,CP_MEUR,D,P51G,AT,2020,2763.0 ,2763.0,,gfcf
A,CP_MEUR,D,P51G,BE,2020,3318.2 ,3318.2,,gfcf
A,CP_MEUR,D,P51G,BG,2020,470.2 ,470.2,,gfcf
A,CP_MEUR,D,P51G,CZ,2020,1975.1 ,1975.1,,gfcf
A,CP_MEUR,D,P51G,DE,2020,20989.0 ,20989.0,,gfcf
A,CP_MEUR,D,P51G,EE,2020,357.7 ,357.7,,gfcf
A,CP_MEUR,D,P51G,ES,2020,8801.0 ,8801.0,,gfcf
A,CP_MEUR,D,P51G,FI,2020,2470.0 ,2470.0,,gfcf
A,CP_MEUR,D,P51G,FR,2020,18459.2 ,18459.2,,gfcf
A,CP_MEUR,D,P51G,HU,2020,1274.4 ,1274.4,,gfcf
A,CP_MEUR,D,P51G,IT,2020,11227.6 ,11227.6,,gfcf
A,CP_MEUR,D,P51G,LV,2020,601.8 ,601.8,,gfcf
A,CP_MEUR,D,P51G,NL,2020,7944.0 ,7944.0,,gfcf
A,CP_MEUR,D,P51G,NO,2020,3568.3 ,3568.3,,gfcf
A,CP_MEUR,D,P51G,PL,2020,5424.5 ,5424.5,,gfcf
A,CP_MEUR,D,P51G,PT,2020,1389.9 ,1389.9,,gfcf
A,CP_MEUR,D,P51G,RO,2020,1254.5 ,1254.5,,gfcf
A,CP_MEUR,D,P51G,SE,2020,5541.8 ,5541.8,,gfcf
A,CP_MEUR,D,P51G,SI,2020,439.4 ,439.4,,gfcf
A,CP_MEUR,D,P51G,SK,2020,998.0 ,998.0,,gfcf
A,CP_MEUR,E,P51G,AT,2020,1187.2 ,1187.2,,gfcf
A,CP_MEUR,E,P51G,BE,2020,1926.4 ,1926.4,,gfcf
A,CP_MEUR,E,P51G,BG,2020,65.5 ,65.5,,gfcf
A,CP_MEUR,E,P51G,CZ,2020,542.4 ,542.4,,gfcf
A,CP_MEUR,E,P51G,DE,2020,12339.0 ,12339.0,,gfcf
A,CP_MEUR,E,P51G,EE,2020,101.7 ,101.7,,gfcf
A,CP_MEUR,E,P51G,ES,2020,3119.0 ,3119.0,,gfcf
A,CP_MEUR,E,P51G,FI,2020,970.0 ,970.0,,gfcf
A,CP_MEUR,E,P51G,FR,2020,5588.6 ,5588.6,,gfcf
A,CP_MEUR,E,P51G,HU,2020,377.0 ,377.0,,gfcf
A,CP_MEUR,E,P51G,IT,2020,5448.3 ,5448.3,,gfcf
A,CP_MEUR,E,P51G,LV,2020,115.9 ,115.9,,gfcf
A,CP_MEUR,E,P51G,NL,2020,1471.0 ,1471.0,,gfcf
A,CP_MEUR,E,P51G,NO,2020,1695.9 ,1695.9,,gfcf
A,CP_MEUR,E,P51G,PL,2020,2334.9 ,2334.9,,gfcf
A,CP_MEUR,E,P51G,PT,2020,803.2 ,803.2,,gfcf
A,CP_MEUR,E,P51G,RO,2020,1092.7 ,1092.7,,gfcf
A,CP_MEUR,E,P51G,SE,2020,2512.7 ,2512.7,,gfcf
A,CP_MEUR,E,P51G,SI,2020,57.9 ,57.9,,gfcf
A,CP_MEUR,E,P51G,SK,2020,346.4 ,346.4,,gfcf
A,CP_MEUR,F,P51G,AT,2020,1767.3 ,1767.3,,gfcf
A,CP_MEUR,F,P51G,BE,2020,3781.2 ,3781.2,,gfcf
A,CP_MEUR,F,P51G,BG,2020,1849.1 ,1849.1,,gfcf
A,CP_MEUR,F,P51G,CZ,2020,1818.3 ,1818.3,,gfcf
A,CP_MEUR,F,P51G,DE,2020,9295.0 ,9295.0,,gfcf
A,CP_MEUR,F,P51G,EE,2020,234.5 ,234.5,,gfcf
A,CP_MEUR,F,P51G,ES,2020,10289.0 ,10289.0,,gfcf
A,CP_MEUR,F,P51G,FI,2020,1396.0 ,1396.0,,gfcf
A,CP_MEUR,F,P51G,FR,2020,11765.9 ,11765.9,,gfcf
A,CP_MEUR,F,P51G,HU,2020,1085.3 ,1085.3,,gfcf
A,CP_MEUR,F,P51G,IT,2020,6954.8 ,6954.8,,gfcf
A,CP_MEUR,F,P51G,LV,2020,163.8 ,163.8,,gfcf
A,CP_MEUR,F,P51G,NL,2020,4075.0 ,4075.0,,gfcf
A,CP_MEUR,F,P51G,NO,2020,2174.0 ,2174.0,,gfcf
A,CP_MEUR,F,P51G,PL,2020,5864.1 ,5864.1,,gfcf
A,CP_MEUR,F,P51G,PT,2020,1161.4 ,1161.4,,gfcf
A,CP_MEUR,F,P51G,RO,2020,6345.9 ,6345.9,,gfcf
A,CP_MEUR,F,P51G,SE,2020,3072.2 ,3072.2,,gfcf
A,CP_MEUR,F,P51G,SI,2020,283.3 ,283.3,,gfcf
A,CP_MEUR,F,P51G,SK,2020,1061.9 ,1061.9,,gfcf
A,CP_MEUR,G,P51G,AT,2020,5987.4 ,5987.4,,gfcf
A,CP_MEUR,G,P51G,BE,2020,6923.9 ,6923.9,,gfcf
A,CP_MEUR,G,P51G,BG,2020,793.6 ,793.6,,gfcf
A,CP_MEUR,G,P51G,CZ,2020,2984.8 ,2984.8,,gfcf
A,CP_MEUR,G,P51G,DE,2020,23983.0 ,23983.0,,gfcf
A,CP_MEUR,G,P51G,EE,2020,423.3 ,423.3,,gfcf
A,CP_MEUR,G,P51G,ES,2020,15419.0 ,15419.0,,gfcf
A,CP_MEUR,G,P51G,FI,2020,1825.0 ,1825.0,,gfcf
A,CP_MEUR,G,P51G,FR,2020,21203.6 ,21203.6,,gfcf
A,CP_MEUR,G,P51G,HU,2020,1951.3 ,1951.3,,gfcf
A,CP_MEUR,G,P51G,IT,2020,17317.7 ,17317.7,,gfcf
A,CP_MEUR,G,P51G,LV,2020,377.5 ,377.5,,gfcf
A,CP_MEUR,G,P51G,NL,2020,10162.0 ,10162.0,,gfcf
A,CP_MEUR,G,P51G,NO,2020,2443.2 ,2443.2,,gfcf
A,CP_MEUR,G,P51G,PL,2020,8021.6 ,8021.6,,gfcf
A,CP_MEUR,G,P51G,PT,2020,3007.4 ,3007.4,,gfcf
A,CP_MEUR,G,P51G,RO,2020,3930.3 ,3930.3,,gfcf
A,CP_MEUR,G,P51G,SE,2020,6766.4 ,6766.4,,gfcf
A,CP_MEUR,G,P51G,SI,2020,587.6 ,587.6,,gfcf
A,CP_MEUR,G,P51G,SK,2020,1197.2 ,1197.2,,gfcf
A,CP_MEUR,H,P51G,AT,2020,7518.4 ,7518.4,,gfcf
A,CP_MEUR,H,P51G,BE,2020,7893.7 ,7893.7,,gfcf
A,CP_MEUR,H,P51G,BG,2020,1652.8 ,1652.8,,gfcf
A,CP_MEUR,H,P51G,CZ,2020,4592.7 ,4592.7,,gfcf
A,CP_MEUR,H,P51G,DE,2020,43091.0 ,43091.0,,gfcf
A,CP_MEUR,H,P51G,EE,2020,517.9 ,517.9,,gfcf
A,CP_MEUR,H,P51G,ES,2020,12361.0 ,12361.0,,gfcf
A,CP_MEUR,H,P51G,FI,2020,1935.0 ,1935.0,,gfcf
A,CP_MEUR,H,P51G,FR,2020,22553.7 ,22553.7,,gfcf
A,CP_MEUR,H,P51G,HU,2020,2683.2 ,2683.2,,gfcf
A,CP_MEUR,H,P51G,IT,2020,21970.6 ,21970.6,,gfcf
A,CP_MEUR,H,P51G,LV,2020,250.1 ,250.1,,gfcf
A,CP_MEUR,H,P51G,NL,2020,7001.0 ,7001.0,,gfcf
A,CP_MEUR,H,P51G,NO,2020,3849.0 ,3849.0,,gfcf
A,CP_MEUR,H,P51G,PL,2020,13828.7 ,13828.7,,gfcf
A,CP_MEUR,H,P51G,PT,2020,2113.2 ,2113.2,,gfcf
A,CP_MEUR,H,P51G,RO,2020,5929.2 ,5929.2,,gfcf
A,CP_MEUR,H,P51G,SE,2020,10423.9 ,10423.9,,gfcf
A,CP_MEUR,H,P51G,SI,2020,621.5 ,621.5,,gfcf
A,CP_MEUR,H,P51G,SK,2020,1303.4 ,1303.4,,gfcf
A,CP_MEUR,I,P51G,AT,2020,1189.2 ,1189.2,,gfcf
A,CP_MEUR,I,P51G,BE,2020,1047.6 ,1047.6,,gfcf
A,CP_MEUR,I,P51G,BG,2020,232.6 ,232.6,,gfcf
A,CP_MEUR,I,P51G,CZ,2020,349.3 ,349.3,,gfcf
A,CP_MEUR,I,P51G,DE,2020,3051.0 ,3051.0,,gfcf
A,CP_MEUR,I,P51G,EE,2020,56.9 ,56.9,,gfcf
A,CP_MEUR,I,P51G,ES,2020,3550.0 ,3550.0,,gfcf
A,CP_MEUR,I,P51G,FI,2020,319.0 ,319.0,,gfcf
A,CP_MEUR,I,P51G,FR,2020,6704.3 ,6704.3,,gfcf
A,CP_MEUR,I,P51G,HU,2020,302.9 ,302.9,,gfcf
A,CP_MEUR,I,P51G,IT,2020,4554.3 ,4554.3,,gfcf
A,CP_MEUR,I,P51G,LV,2020,61.2 ,61.2,,gfcf
A,CP_MEUR,I,P51G,NL,2020,1066.0 ,1066.0,,gfcf
A,CP_MEUR,I,P51G,NO,2020,291.8 ,291.8,,gfcf
A,CP_MEUR,I,P51G,PL,2020,768.6 ,768.6,,gfcf
A,CP_MEUR,I,P51G,PT,2020,1552.6 ,1552.6,,gfcf
A,CP_MEUR,I,P51G,RO,2020,770.5 ,770.5,,gfcf
A,CP_MEUR,I,P51G,SE,2020,765.0 ,765.0,,gfcf
A,CP_MEUR,I,P51G,SI,2020,214.3 ,214.3,,gfcf
A,CP_MEUR,I,P51G,SK,2020,137.1 ,137.1,,gfcf
A,CP_MEUR,J,P51G,AT,2020,4164.9 ,4164.9,,gfcf
A,CP_MEUR,J,P51G,BE,2020,5314.1 ,5314.1,,gfcf
A,CP_MEUR,J,P51G,BG,2020,499.8 ,499.8,,gfcf
A,CP_MEUR,J,P51G,CZ,2020,4330.3 ,4330.3,,gfcf
A,CP_MEUR,J,P51G,DE,2020,30321.0 ,30321.0,,gfcf
A,CP_MEUR,J,P51G,EE,2020,469.9 ,469.9,,gfcf
A,CP_MEUR,J,P51G,ES,2020,13672.0 ,13672.0,,gfcf
A,CP_MEUR,J,P51G,FI,2020,2812.0 ,2812.0,,gfcf
A,CP_MEUR,J,P51G,FR,2020,31815.4 ,31815.4,,gfcf
A,CP_MEUR,J,P51G,HU,2020,1417.6 ,1417.6,,gfcf
A,CP_MEUR,J,P51G,IT,2020,20270.5 ,20270.5,,gfcf
A,CP_MEUR,J,P51G,LV,2020,381.8 ,381.8,,gfcf
A,CP_MEUR,J,P51G,NL,2020,9360.0 ,9360.0,,gfcf
A,CP_MEUR,J,P51G,NO,2020,4262.6 ,4262.6,,gfcf
A,CP_MEUR,J,P51G,PL,2020,3701.8 ,3701.8,,gfcf
A,CP_MEUR,J,P51G,PT,2020,2727.2 ,2727.2,,gfcf
A,CP_MEUR,J,P51G,RO,2020,1920.3 ,1920.3,,gfcf
A,CP_MEUR,J,P51G,SE,2020,9770.3 ,9770.3,,gfcf
A,CP_MEUR,J,P51G,SI,2020,480.7 ,480.7,,gfcf
A,CP_MEUR,J,P51G,SK,2020,997.3 ,997.3,,gfcf
A,CP_MEUR,L,P51G,AT,2020,29600.5 ,29600.5,,gfcf
A,CP_MEUR,L,P51G,BE,2020,31228.0 ,31228.0,,gfcf
A,CP_MEUR,L,P51G,BG,2020,625.1 ,625.1,,gfcf
A,CP_MEUR,L,P51G,CZ,2020,14472.3 ,14472.3,,gfcf
A,CP_MEUR,L,P51G,DE,2020,248189.0 ,248189.0,,gfcf
A,CP_MEUR,L,P51G,EE,2020,2095.9 ,2095.9,,gfcf
A,CP_MEUR,L,P51G,ES,2020,64269.0 ,64269.0,,gfcf
A,CP_MEUR,L,P51G,FI,2020,22767.0 ,22767.0,,gfcf
A,CP_MEUR,L,P51G,FR,2020,173251.6 ,173251.6,,gfcf
A,CP_MEUR,L,P51G,HU,2020,7155.0 ,7155.0,,gfcf
A,CP_MEUR,L,P51G,IT,2020,78690.1 ,78690.1,,gfcf
A,CP_MEUR,L,P51G,LV,2020,1762.0 ,1762.0,,gfcf
A,CP_MEUR,L,P51G,NL,2020,53396.0 ,53396.0,,gfcf
A,CP_MEUR,L,P51G,NO,2020,22226.6 ,22226.6,,gfcf
A,CP_MEUR,L,P51G,PL,2020,13487.5 ,13487.5,,gfcf
A,CP_MEUR,L,P51G,PT,2020,8514.7 ,8514.7,,gfcf
A,CP_MEUR,L,P51G,RO,2020,11115.6 ,11115.6,,gfcf
A,CP_MEUR,L,P51G,SE,2020,31678.3 ,31678.3,,gfcf
A,CP_MEUR,L,P51G,SI,2020,1258.7 ,1258.7,,gfcf
A,CP_MEUR,L,P51G,SK,2020,4500.9 ,4500.9,,gfcf
A,CP_MEUR,M,P51G,AT,2020,3454.4 ,3454.4,,gfcf
A,CP_MEUR,M,P51G,BE,2020,8533.3 ,8533.3,,gfcf
A,CP_MEUR,M,P51G,BG,2020,426.8 ,426.8,,gfcf
A,CP_MEUR,M,P51G,CZ,2020,2078.8 ,2078.8,,gfcf
A,CP_MEUR,M,P51G,DE,2020,25520.0 ,25520.0,,gfcf
A,CP_MEUR,M,P51G,EE,2020,1559.7 ,1559.7,,gfcf
A,CP_MEUR,M,P51G,ES,2020,10026.0 ,10026.0,,gfcf
A,CP_MEUR,M,P51G,FI,2020,1506.0 ,1506.0,,gfcf
A,CP_MEUR,M,P51G,FR,2020,41995.4 ,41995.4,,gfcf
A,CP_MEUR,M,P51G,HU,2020,1259.5 ,1259.5,,gfcf
A,CP_MEUR,M,P51G,IT,2020,12837.7 ,12837.7,,gfcf
A,CP_MEUR,M,P51G,LV,2020,258.4 ,258.4,,gfcf
A,CP_MEUR,M,P51G,NL,2020,6467.0 ,6467.0,,gfcf
A,CP_MEUR,M,P51G,NO,2020,2213.4 ,2213.4,,gfcf
A,CP_MEUR,M,P51G,PL,2020,2129.0 ,2129.0,,gfcf
A,CP_MEUR,M,P51G,PT,2020,1728.9 ,1728.9,,gfcf
A,CP_MEUR,M,P51G,RO,2020,984.7 ,984.7,,gfcf
A,CP_MEUR,M,P51G,SE,2020,7745.0 ,7745.0,,gfcf
A,CP_MEUR,M,P51G,SI,2020,484.5 ,484.5,,gfcf
A,CP_MEUR,M,P51G,SK,2020,808.9 ,808.9,,gfcf
A,CP_MEUR,N,P51G,AT,2020,5235.5 ,5235.5,,gfcf
A,CP_MEUR,N,P51G,BE,2020,5774.6 ,5774.6,,gfcf
A,CP_MEUR,N,P51G,BG,2020,156.5 ,156.5,,gfcf
A,CP_MEUR,N,P51G,CZ,2020,862.2 ,862.2,,gfcf
A,CP_MEUR,N,P51G,DE,2020,35395.0 ,35395.0,,gfcf
A,CP_MEUR,N,P51G,EE,2020,185.9 ,185.9,,gfcf
A,CP_MEUR,N,P51G,ES,2020,7703.0 ,7703.0,,gfcf
A,CP_MEUR,N,P51G,FI,2020,786.0 ,786.0,,gfcf
A,CP_MEUR,N,P51G,FR,2020,21396.5 ,21396.5,,gfcf
A,CP_MEUR,N,P51G,HU,2020,782.9 ,782.9,,gfcf
A,CP_MEUR,N,P51G,IT,2020,7574.0 ,7574.0,,gfcf
A,CP_MEUR,N,P51G,LV,2020,3.3 ,3.3,,gfcf
A,CP_MEUR,N,P51G,NL,2020,7124.0 ,7124.0,,gfcf
A,CP_MEUR,N,P51G,NO,2020,1042.9 ,1042.9,,gfcf
A,CP_MEUR,N,P51G,PL,2020,2322.1 ,2322.1,,gfcf
A,CP_MEUR,N,P51G,PT,2020,1137.5 ,1137.5,,gfcf
A,CP_MEUR,N,P51G,RO,2020,750.4 ,750.4,,gfcf
A,CP_MEUR,N,P51G,SE,2020,2082.1 ,2082.1,,gfcf
A,CP_MEUR,N,P51G,SI,2020,89.5 ,89.5,,gfcf
A,CP_MEUR,N,P51G,SK,2020,435.7 ,435.7,,gfcf
