freq,indic_sb,nace_r2,geo,year,value_raw,value,flag,component,value_analytical,quarantined
A,V97020,B,AT,2013,4.87 b,4.87,b,birth_rate,4.87,False
A,V97020,B,BE,2013,2.41 ,2.41,,birth_rate,2.41,False
A,V97020,B,BG,2013,9.87 ,9.87,,birth_rate,9.87,False
A,V97020,B,CZ,2013,5.87 ,5.87,,birth_rate,5.87,False
A,V97020,B,DE,2013,3.25 ,3.25,,birth_rate,3.25,False
A,V97020,B,EE,2013,6.62 b,6.62,b,birth_rate,6.62,False
A,V97020,B,ES,2013,3.09 ,3.09,,birth_rate,3.09,False
A,V97020,B,FI,2013,6.29 b,6.29,b,birth_rate,6.29,False
A,V97020,B,FR,2013,3.99 b,3.99,b,birth_rate,3.99,False
A,V97020,B,HU,2013,5.57 ,5.57,,birth_rate,5.57,False
A,V97020,B,IT,2013,3.39 ,3.39,,birth_rate,3.39,False
A,V97020,B,LV,2013,10.59 ,10.59,,birth_rate,10.59,False
A,V97020,B,NL,2013,11.69 ,11.69,,birth_rate,11.69,False
A,V97020,B,NO,2013,7.19 ,7.19,,birth_rate,7.19,False
A,V97020,B,PL,2013,8.91 ,8.91,,birth_rate,8.91,False
A,V97020,B,PT,2013,8.64 ,8.64,,birth_rate,8.64,False
A,V97020,B,RO,2013,9.94 ,9.94,,birth_rate,9.94,False
A,V97020,B,SE,2013,3.17 ,3.17,,birth_rate,3.17,False
A,V97020,B,SI,2013,7.48 ,7.48,,birth_rate,7.48,False
A,V97020,B,SK,2013,9.63 ,9.63,,birth_rate,9.63,False
A,V97020,C,AT,2013,4.97 b,4.97,b,birth_rate,4.97,False
A,V97020,C,BE,2013,3.69 ,3.69,,birth_rate,3.69,False
A,V97020,C,BG,2013,8.57 ,8.57,,birth_rate,8.57,False
A,V97020,C,CZ,2013,6.45 ,6.45,,birth_rate,6.45,False
A,V97020,C,DE,2013,3.91 ,3.91,,birth_rate,3.91,False
A,V97020,C,EE,2013,8.37 b,8.37,b,birth_rate,8.37,False
A,V97020,C,ES,2013,5.71 ,5.71,,birth_rate,5.71,False
A,V97020,C,FI,2013,4.76 b,4.76,b,birth_rate,4.76,False
A,V97020,C,FR,2013,7.16 b,7.16,b,birth_rate,7.16,False
A,V97020,C,HU,2013,6.30 ,6.3,,birth_rate,6.3,False
A,V97020,C,IT,2013,4.68 ,4.68,,birth_rate,4.68,False
A,V97020,C,LV,2013,13.88 ,13.88,,birth_rate,13.88,False
A,V97020,C,NL,2013,6.97 ,6.97,,birth_rate,6.97,False
A,V97020,C,NO,2013,6.03 ,6.03,,birth_rate,6.03,False
A,V97020,C,PL,2013,9.61 ,9.61,,birth_rate,9.61,False
A,V97020,C,PT,2013,10.18 ,10.18,,birth_rate,10.18,False
A,V97020,C,RO,2013,12.24 ,12.24,,birth_rate,12.24,False
A,V97020,C,SE,2013,4.98 ,4.98,,birth_rate,4.98,False
A,V97020,C,SI,2013,10.89 ,10.89,,birth_rate,10.89,False
A,V97020,C,SK,2013,8.64 ,8.64,,birth_rate,8.64,False
A,V97020,D,AT,2013,11.03 b,11.03,b,birth_rate,11.03,False
A,V97020,D,BE,2013,3.52 ,3.52,,birth_rate,3.52,False
A,V97020,D,BG,2013,4.83 ,4.83,,birth_rate,4.83,False
A,V97020,D,CZ,2013,15.47 ,15.47,,birth_rate,15.47,False
A,V97020,D,DE,2013,12.07 ,12.07,,birth_rate,12.07,False
A,V97020,D,EE,2013,5.02 b,5.02,b,birth_rate,5.02,False
A,V97020,D,ES,2013,0.15 ,0.15,,birth_rate,0.15,False
A,V97020,D,FI,2013,5.77 b,5.77,b,birth_rate,5.77,False
A,V97020,D,FR,2013,7.55 b,7.55,b,birth_rate,7.55,False
A,V97020,D,HU,2013,15.43 ,15.43,,birth_rate,15.43,False
A,V97020,D,IT,2013,10.28 ,10.28,,birth_rate,10.28,False
A,V97020,D,LV,2013,9.60 ,9.6,,birth_rate,9.6,False
A,V97020,D,NL,2013,12.91 ,12.91,,birth_rate,12.91,False
A,V97020,D,NO,2013,5.75 ,5.75,,birth_rate,5.75,False
A,V97020,D,PL,2013,21.75 ,21.75,,birth_rate,21.75,False
A,V97020,D,PT,2013,13.51 ,13.51,,birth_rate,13.51,False
A,V97020,D,RO,2013,25.27 ,25.27,,birth_rate,25.27,False
A,V97020,D,SE,2013,4.59 ,4.59,,birth_rate,4.59,False
A,V97020,D,SI,2013,16.18 ,16.18,,birth_rate,16.18,False
A,V97020,D,SK,2013,4.47 ,4.47,,birth_rate,4.47,False
A,V97020,E,AT,2013,4.44 b,4.44,b,birth_rate,4.44,False
A,V97020,E,BE,2013,4.46 ,4.46,,birth_rate,4.46,False
A,V97020,E,BG,2013,10.72 ,10.72,,birth_rate,10.72,False
A,V97020,E,CZ,2013,6.68 ,6.68,,birth_rate,6.68,False
A,V97020,E,DE,2013,3.02 ,3.02,,birth_rate,3.02,False
A,V97020,E,EE,2013,5.76 b,5.76,b,birth_rate,5.76,False
A,V97020,E,ES,2013,4.74 ,4.74,,birth_rate,4.74,False
A,V97020,E,FI,2013,3.61 b,3.61,b,birth_rate,3.61,False
A,V97020,E,FR,2013,7.81 b,7.81,b,birth_rate,7.81,False
A,V97020,E,HU,2013,7.27 ,7.27,,birth_rate,7.27,False
A,V97020,E,IT,2013,5.18 ,5.18,,birth_rate,5.18,False
A,V97020,E,LV,2013,13.19 ,13.19,,birth_rate,13.19,False
A,V97020,E,NL,2013,10.84 ,10.84,,birth_rate,10.84,False
A,V97020,E,NO,2013,6.26 ,6.26,,birth_rate,6.26,False
A,V97020,E,PL,2013,12.64 ,12.64,,birth_rate,12.64,False
A,V97020,E,PT,2013,11.52 ,11.52,,birth_rate,11.52,False
A,V97020,E,RO,2013,17.88 ,17.88,,birth_rate,17.88,False
A,V97020,E,SE,2013,6.33 ,6.33,,birth_rate,6.33,False
A,V97020,E,SI,2013,12.80 ,12.8,,birth_rate,12.8,False
A,V97020,E,SK,2013,9.33 ,9.33,,birth_rate,9.33,False
A,V97020,F,AT,2013,7.67 b,7.67,b,birth_rate,7.67,False
A,V97020,F,BE,2013,6.13 ,6.13,,birth_rate,6.13,False
A,V97020,F,BG,2013,12.51 ,12.51,,birth_rate,12.51,False
A,V97020,F,CZ,2013,6.30 ,6.3,,birth_rate,6.3,False
A,V97020,F,DE,2013,6.71 ,6.71,,birth_rate,6.71,False
A,V97020,F,EE,2013,10.53 b,10.53,b,birth_rate,10.53,False
A,V97020,F,ES,2013,7.36 ,7.36,,birth_rate,7.36,False
A,V97020,F,FI,2013,6.93 b,6.93,b,birth_rate,6.93,False
A,V97020,F,FR,2013,9.79 b,9.79,b,birth_rate,9.79,False
A,V97020,F,HU,2013,8.50 ,8.5,,birth_rate,8.5,False
A,V97020,F,IT,2013,7.50 ,7.5,,birth_rate,7.5,False
A,V97020,F,LV,2013,21.83 ,21.83,,birth_rate,21.83,False
A,V97020,F,NL,2013,7.75 ,7.75,,birth_rate,7.75,False
A,V97020,F,NO,2013,10.65 ,10.65,,birth_rate,10.65,False
A,V97020,F,PL,2013,13.81 ,13.81,,birth_rate,13.81,False
A,V97020,F,PT,2013,10.69 ,10.69,,birth_rate,10.69,False
A,V97020,F,RO,2013,15.30 ,15.3,,birth_rate,15.3,False
A,V97020,F,SE,2013,6.72 ,6.72,,birth_rate,6.72,False
A,V97020,F,SI,2013,10.33 ,10.33,,birth_rate,10.33,False
A,V97020,F,SK,2013,9.75 ,9.75,,birth_rate,9.75,False
A,V97020,G,AT,2013,7.14 b,7.14,b,birth_rate,7.14,False
A,V97020,G,BE,2013,4.73 ,4.73,,birth_rate,4.73,False
A,V97020,G,BG,2013,12.78 ,12.78,,birth_rate,12.78,False
A,V97020,G,CZ,2013,9.06 ,9.06,,birth_rate,9.06,False
A,V97020,G,DE,2013,6.75 ,6.75,,birth_rate,6.75,False
A,V97020,G,EE,2013,11.59 b,11.59,b,birth_rate,11.59,False
A,V97020,G,ES,2013,9.01 ,9.01,,birth_rate,9.01,False
A,V97020,G,FI,2013,7.22 b,7.22,b,birth_rate,7.22,False
A,V97020,G,FR,2013,9.09 b,9.09,b,birth_rate,9.09,False
A,V97020,G,HU,2013,10.58 ,10.58,,birth_rate,10.58,False
A,V97020,G,IT,2013,6.99 ,6.99,,birth_rate,6.99,False
A,V97020,G,LV,2013,14.86 ,14.86,,birth_rate,14.86,False
A,V97020,G,NL,2013,10.15 ,10.15,,birth_rate,10.15,False
A,V97020,G,NO,2013,7.75 ,7.75,,birth_rate,7.75,False
A,V97020,G,PL,2013,12.47 ,12.47,,birth_rate,12.47,False
A,V97020,G,PT,2013,12.48 ,12.48,,birth_rate,12.48,False
A,V97020,G,RO,2013,15.52 ,15.52,,birth_rate,15.52,False
A,V97020,G,SE,2013,7.55 ,7.55,,birth_rate,7.55,False
A,V97020,G,SI,2013,11.01 ,11.01,,birth_rate,11.01,False
A,V97020,G,SK,2013,8.00 ,8.0,,birth_rate,8.0,False
A,V97020,H,AT,2013,8.38 b,8.38,b,birth_rate,8.38,False
A,V97020,H,BE,2013,5.54 ,5.54,,birth_rate,5.54,False
A,V97020,H,BG,2013,12.48 ,12.48,,birth_rate,12.48,False
A,V97020,H,CZ,2013,4.64 ,4.64,,birth_rate,4.64,False
A,V97020,H,DE,2013,6.99 ,6.99,,birth_rate,6.99,False
A,V97020,H,EE,2013,8.67 b,8.67,b,birth_rate,8.67,False
A,V97020,H,ES,2013,5.04 ,5.04,,birth_rate,5.04,False
A,V97020,H,FI,2013,3.06 b,3.06,b,birth_rate,3.06,False
A,V97020,H,FR,2013,8.44 b,8.44,b,birth_rate,8.44,False
A,V97020,H,HU,2013,6.72 ,6.72,,birth_rate,6.72,False
A,V97020,H,IT,2013,5.82 ,5.82,,birth_rate,5.82,False
A,V97020,H,LV,2013,15.27 ,15.27,,birth_rate,15.27,False
A,V97020,H,NL,2013,10.52 ,10.52,,birth_rate,10.52,False
A,V97020,H,NO,2013,7.41 ,7.41,,birth_rate,7.41,False
A,V97020,H,PL,2013,9.26 ,9.26,,birth_rate,9.26,False
A,V97020,H,PT,2013,6.98 ,6.98,,birth_rate,6.98,False
A,V97020,H,RO,2013,11.76 ,11.76,,birth_rate,11.76,False
A,V97020,H,SE,2013,5.01 ,5.01,,birth_rate,5.01,False
A,V97020,H,SI,2013,8.23 ,8.23,,birth_rate,8.23,False
A,V97020,H,SK,2013,11.22 ,11.22,,birth_rate,11.22,False
A,V97020,I,AT,2013,6.05 b,6.05,b,birth_rate,6.05,False
A,V97020,I,BE,2013,7.97 ,7.97,,birth_rate,7.97,False
A,V97020,I,BG,2013,14.15 ,14.15,,birth_rate,14.15,False
A,V97020,I,CZ,2013,8.72 ,8.72,,birth_rate,8.72,False
A,V97020,I,DE,2013,8.06 ,8.06,,birth_rate,8.06,False
A,V97020,I,EE,2013,10.45 b,10.45,b,birth_rate,10.45,False
A,V97020,I,ES,2013,10.81 ,10.81,,birth_rate,10.81,False
A,V97020,I,FI,2013,7.98 b,7.98,b,birth_rate,7.98,False
A,V97020,I,FR,2013,7.79 b,7.79,b,birth_rate,7.79,False
A,V97020,I,HU,2013,11.23 ,11.23,,birth_rate,11.23,False
A,V97020,I,IT,2013,7.83 ,7.83,,birth_rate,7.83,False
A,V97020,I,LV,2013,15.81 ,15.81,,birth_rate,15.81,False
A,V97020,I,NL,2013,8.95 ,8.95,,birth_rate,8.95,False
A,V97020,I,NO,2013,8.20 ,8.2,,birth_rate,8.2,False
A,V97020,I,PL,2013,13.61 ,13.61,,birth_rate,13.61,False
A,V97020,I,PT,2013,14.93 ,14.93,,birth_rate,14.93,False
A,V97020,I,RO,2013,18.74 ,18.74,,birth_rate,18.74,False
A,V97020,I,SE,2013,8.18 ,8.18,,birth_rate,8.18,False
A,V97020,I,SI,2013,23.04 ,23.04,,birth_rate,23.04,False
A,V97020,I,SK,2013,9.40 ,9.4,,birth_rate,9.4,False
A,V97020,J,AT,2013,7.89 b,7.89,b,birth_rate,7.89,False
A,V97020,J,BE,2013,7.34 ,7.34,,birth_rate,7.34,False
A,V97020,J,BG,2013,13.82 ,13.82,,birth_rate,13.82,False
A,V97020,J,CZ,2013,6.93 ,6.93,,birth_rate,6.93,False
A,V97020,J,DE,2013,9.92 ,9.92,,birth_rate,9.92,False
A,V97020,J,EE,2013,15.80 b,15.8,b,birth_rate,15.8,False
A,V97020,J,ES,2013,11.38 ,11.38,,birth_rate,11.38,False
A,V97020,J,FI,2013,9.37 b,9.37,b,birth_rate,9.37,False
A,V97020,J,FR,2013,13.03 b,13.03,b,birth_rate,13.03,False
A,V97020,J,HU,2013,9.91 ,9.91,,birth_rate,9.91,False
A,V97020,J,IT,2013,8.73 ,8.73,,birth_rate,8.73,False
A,V97020,J,LV,2013,20.61 ,20.61,,birth_rate,20.61,False
A,V97020,J,NL,2013,11.90 ,11.9,,birth_rate,11.9,False
A,V97020,J,NO,2013,12.78 ,12.78,,birth_rate,12.78,False
A,V97020,J,PL,2013,15.84 ,15.84,,birth_rate,15.84,False
A,V97020,J,PT,2013,16.28 ,16.28,,birth_rate,16.28,False
A,V97020,J,RO,2013,22.72 ,22.72,,birth_rate,22.72,False
A,V97020,J,SE,2013,8.53 ,8.53,,birth_rate,8.53,False
A,V97020,J,SI,2013,14.69 ,14.69,,birth_rate,14.69,False
A,V97020,J,SK,2013,14.86 ,14.86,,birth_rate,14.86,False
A,V97020,L,AT,2013,4.24 b,4.24,b,birth_rate,4.24,False
A,V97020,L,BE,2013,1.97 ,1.97,,birth_rate,1.97,False
A,V97020,L,BG,2013,10.04 ,10.04,,birth_rate,10.04,False
A,V97020,L,CZ,2013,7.82 ,7.82,,birth_rate,7.82,False
A,V97020,L,DE,2013,6.83 ,6.83,,birth_rate,6.83,False
A,V97020,L,EE,2013,8.36 b,8.36,b,birth_rate,8.36,False
A,V97020,L,ES,2013,7.45 ,7.45,,birth_rate,7.45,False
A,V97020,L,FI,2013,10.70 b,10.7,b,birth_rate,10.7,False
A,V97020,L,FR,2013,6.74 b,6.74,b,birth_rate,6.74,False
A,V97020,L,HU,2013,11.31 ,11.31,,birth_rate,11.31,False
A,V97020,L,IT,2013,4.35 ,4.35,,birth_rate,4.35,False
A,V97020,L,LV,2013,10.48 ,10.48,,birth_rate,10.48,False
A,V97020,L,NL,2013,7.13 ,7.13,,birth_rate,7.13,False
A,V97020,L,NO,2013,6.46 ,6.46,,birth_rate,6.46,False
A,V97020,L,PL,2013,8.50 ,8.5,,birth_rate,8.5,False
A,V97020,L,PT,2013,9.64 ,9.64,,birth_rate,9.64,False
A,V97020,L,RO,2013,13.53 ,13.53,,birth_rate,13.53,False
A,V97020,L,SE,2013,4.83 ,4.83,,birth_rate,4.83,False
A,V97020,L,SI,2013,10.88 ,10.88,,birth_rate,10.88,False
A,V97020,L,SK,2013,9.52 ,9.52,,birth_rate,9.52,False
A,V97020,M,AT,2013,7.03 b,7.03,b,birth_rate,7.03,False
A,V97020,M,BE,2013,4.81 ,4.81,,birth_rate,4.81,False
A,V97020,M,BG,2013,10.55 ,10.55,,birth_rate,10.55,False
A,V97020,M,CZ,2013,7.95 ,7.95,,birth_rate,7.95,False
A,V97020,M,DE,2013,8.12 ,8.12,,birth_rate,8.12,False
A,V97020,M,EE,2013,10.51 b,10.51,b,birth_rate,10.51,False
A,V97020,M,ES,2013,7.39 ,7.39,,birth_rate,7.39,False
A,V97020,M,FI,2013,7.78 b,7.78,b,birth_rate,7.78,False
A,V97020,M,FR,2013,11.62 b,11.62,b,birth_rate,11.62,False
A,V97020,M,HU,2013,8.87 ,8.87,,birth_rate,8.87,False
A,V97020,M,IT,2013,8.19 ,8.19,,birth_rate,8.19,False
A,V97020,M,LV,2013,14.34 ,14.34,,birth_rate,14.34,False
A,V97020,M,NL,2013,11.63 ,11.63,,birth_rate,11.63,False
A,V97020,M,NO,2013,12.22 ,12.22,,birth_rate,12.22,False
A,V97020,M,PL,2013,12.47 ,12.47,,birth_rate,12.47,False
A,V97020,M,PT,2013,11.34 ,11.34,,birth_rate,11.34,False
A,V97020,M,RO,2013,17.47 ,17.47,,birth_rate,17.47,False
A,V97020,M,SE,2013,7.43 ,7.43,,birth_rate,7.43,False
A,V97020,M,SI,2013,14.82 ,14.82,,birth_rate,14.82,False
A,V97020,M,SK,2013,10.82 ,10.82,,birth_rate,10.82,False
A,V97020,N,AT,2013,12.80 b,12.8,b,birth_rate,12.8,False
A,V97020,N,BE,2013,5.94 ,5.94,,birth_rate,5.94,False
A,V97020,N,BG,2013,12.76 ,12.76,,birth_rate,12.76,False
A,V97020,N,CZ,2013,8.85 ,8.85,,birth_rate,8.85,False
A,V97020,N,DE,2013,10.33 ,10.33,,birth_rate,10.33,False
A,V97020,N,EE,2013,17.82 b,17.82,b,birth_rate,17.82,False
A,V97020,N,ES,2013,12.57 ,12.57,,birth_rate,12.57,False
A,V97020,N,FI,2013,8.98 b,8.98,b,birth_rate,8.98,False
A,V97020,N,FR,2013,11.59 b,11.59,b,birth_rate,11.59,False
A,V97020,N,HU,2013,12.14 ,12.14,,birth_rate,12.14,False
A,V97020,N,IT,2013,9.97 ,9.97,,birth_rate,9.97,False
A,V97020,N,LV,2013,19.07 ,19.07,,birth_rate,19.07,False
A,V97020,N,NL,2013,11.92 ,11.92,,birth_rate,11.92,False
A,V97020,N,NO,2013,12.77 ,12.77,,birth_rate,12.77,False
A,V97020,N,PL,2013,18.25 ,18.25,,birth_rate,18.25,False
A,V97020,N,PT,2013,27.56 ,27.56,,birth_rate,27.56,False
A,V97020,N,RO,2013,23.13 ,23.13,,birth_rate,23.13,False
A,V97020,N,SE,2013,9.94 ,9.94,,birth_rate,9.94,False
A,V97020,N,SI,2013,22.01 ,22.01,,birth_rate,22.01,False
A,V97020,N,SK,2013,18.28 ,18.28,,birth_rate,18.28,False
A,V97030,B,AT,2013,4.64 b,4.64,b,death_rate,4.64,False
A,V97030,B,BE,2013,2.01 ,2.01,,death_rate,2.01,False
A,V97030,B,BG,2013,9.19 ,9.19,,death_rate,9.19,False
A,V97030,B,CZ,2013,3.91 ,3.91,,death_rate,3.91,False
A,V97030,B,DE,2013,4.48 ,4.48,,death_rate,4.48,False
A,V97030,B,EE,2013,2.65 b,2.65,b,death_rate,2.65,False
A,V97030,B,ES,2013,6.68 ,6.68,,death_rate,6.68,False
A,V97030,B,FI,2013,3.20 b,3.2,b,death_rate,3.2,False
A,V97030,B,FR,2013,2.47 b,2.47,b,death_rate,2.47,False
A,V97030,B,HU,2013,7.42 ,7.42,,death_rate,7.42,False
A,V97030,B,IT,2013,4.88 ,4.88,,death_rate,4.88,False
A,V97030,B,LV,2013,14.41 ,14.41,,death_rate,14.41,False
A,V97030,B,NL,2013,8.59 ,8.59,,death_rate,8.59,False
A,V97030,B,NO,2013,3.24 ,3.24,,death_rate,3.24,False
A,V97030,B,PL,2013,9.63 ,9.63,,death_rate,9.63,False
A,V97030,B,PT,2013,9.25 ,9.25,,death_rate,9.25,False
A,V97030,B,RO,2013,0.74 ,0.74,,death_rate,0.74,False
A,V97030,B,SE,2013,6.22 ,6.22,,death_rate,6.22,False
A,V97030,B,SI,2013,7.48 ,7.48,,death_rate,7.48,False
A,V97030,B,SK,2013,3.21 ,3.21,,death_rate,3.21,False
A,V97030,C,AT,2013,3.61 b,3.61,b,death_rate,3.61,False
A,V97030,C,BE,2013,3.41 ,3.41,,death_rate,3.41,False
A,V97030,C,BG,2013,7.89 ,7.89,,death_rate,7.89,False
A,V97030,C,CZ,2013,6.79 ,6.79,,death_rate,6.79,False
A,V97030,C,DE,2013,5.42 ,5.42,,death_rate,5.42,False
A,V97030,C,EE,2013,6.56 b,6.56,b,death_rate,6.56,False
A,V97030,C,ES,2013,8.07 ,8.07,,death_rate,8.07,False
A,V97030,C,FI,2013,5.81 b,5.81,b,death_rate,5.81,False
A,V97030,C,FR,2013,4.10 b,4.1,b,death_rate,4.1,False
A,V97030,C,HU,2013,6.54 ,6.54,,death_rate,6.54,False
A,V97030,C,IT,2013,6.13 ,6.13,,death_rate,6.13,False
A,V97030,C,LV,2013,11.82 ,11.82,,death_rate,11.82,False
A,V97030,C,NL,2013,5.95 ,5.95,,death_rate,5.95,False
A,V97030,C,NO,2013,4.95 ,4.95,,death_rate,4.95,False
A,V97030,C,PL,2013,9.91 ,9.91,,death_rate,9.91,False
A,V97030,C,PT,2013,8.97 ,8.97,,death_rate,8.97,False
A,V97030,C,RO,2013,6.67 ,6.67,,death_rate,6.67,False
A,V97030,C,SE,2013,5.63 ,5.63,,death_rate,5.63,False
A,V97030,C,SI,2013,6.35 ,6.35,,death_rate,6.35,False
A,V97030,C,SK,2013,12.49 ,12.49,,death_rate,12.49,False
A,V97030,D,AT,2013,3.89 b,3.89,b,death_rate,3.89,False
A,V97030,D,BE,2013,2.24 ,2.24,,death_rate,2.24,False
A,V97030,D,BG,2013,6.99 ,6.99,,death_rate,6.99,False
A,V97030,D,CZ,2013,1.11 ,1.11,,death_rate,1.11,False
A,V97030,D,DE,2013,9.58 ,9.58,,death_rate,9.58,False
A,V97030,D,EE,2013,1.67 b,1.67,b,death_rate,1.67,False
A,V97030,D,ES,2013,1.25 ,1.25,,death_rate,1.25,False
A,V97030,D,FI,2013,2.40 b,2.4,b,death_rate,2.4,False
A,V97030,D,FR,2013,2.62 b,2.62,b,death_rate,2.62,False
A,V97030,D,HU,2013,6.11 ,6.11,,death_rate,6.11,False
A,V97030,D,IT,2013,3.68 ,3.68,,death_rate,3.68,False
A,V97030,D,LV,2013,7.31 ,7.31,,death_rate,7.31,False
A,V97030,D,NL,2013,6.09 ,6.09,,death_rate,6.09,False
A,V97030,D,NO,2013,2.12 ,2.12,,death_rate,2.12,False
A,V97030,D,PL,2013,12.83 ,12.83,,death_rate,12.83,False
A,V97030,D,PT,2013,12.65 ,12.65,,death_rate,12.65,False
A,V97030,D,RO,2013,0.22 ,0.22,,death_rate,0.22,False
A,V97030,D,SE,2013,2.76 ,2.76,,death_rate,2.76,False
A,V97030,D,SI,2013,3.44 ,3.44,,death_rate,3.44,False
A,V97030,D,SK,2013,3.40 ,3.4,,death_rate,3.4,False
A,V97030,E,AT,2013,2.53 b,2.53,b,death_rate,2.53,False
A,V97030,E,BE,2013,2.95 ,2.95,,death_rate,2.95,False
A,V97030,E,BG,2013,9.08 ,9.08,,death_rate,9.08,False
A,V97030,E,CZ,2013,6.68 ,6.68,,death_rate,6.68,False
A,V97030,E,DE,2013,5.04 ,5.04,,death_rate,5.04,False
A,V97030,E,EE,2013,6.36 b,6.36,b,death_rate,6.36,False
A,V97030,E,ES,2013,4.45 ,4.45,,death_rate,4.45,False
A,V97030,E,FI,2013,2.78 b,2.78,b,death_rate,2.78,False
A,V97030,E,FR,2013,4.42 b,4.42,b,death_rate,4.42,False
A,V97030,E,HU,2013,7.07 ,7.07,,death_rate,7.07,False
A,V97030,E,IT,2013,3.98 ,3.98,,death_rate,3.98,False
A,V97030,E,LV,2013,9.07 ,9.07,,death_rate,9.07,False
A,V97030,E,NL,2013,6.70 ,6.7,,death_rate,6.7,False
A,V97030,E,NO,2013,2.43 ,2.43,,death_rate,2.43,False
A,V97030,E,PL,2013,9.49 ,9.49,,death_rate,9.49,False
A,V97030,E,PT,2013,8.01 ,8.01,,death_rate,8.01,False
A,V97030,E,RO,2013,3.24 ,3.24,,death_rate,3.24,False
A,V97030,E,SE,2013,4.40 ,4.4,,death_rate,4.4,False
A,V97030,E,SI,2013,8.89 ,8.89,,death_rate,8.89,False
A,V97030,E,SK,2013,9.33 ,9.33,,death_rate,9.33,False
A,V97030,F,AT,2013,6.08 b,6.08,b,death_rate,6.08,False
A,V97030,F,BE,2013,4.07 ,4.07,,death_rate,4.07,False
A,V97030,F,BG,2013,11.89 ,11.89,,death_rate,11.89,False
A,V97030,F,CZ,2013,8.75 ,8.75,,death_rate,8.75,False
A,V97030,F,DE,2013,7.17 ,7.17,,death_rate,7.17,False
A,V97030,F,EE,2013,10.78 b,10.78,b,death_rate,10.78,False
A,V97030,F,ES,2013,10.08 ,10.08,,death_rate,10.08,False
A,V97030,F,FI,2013,7.34 b,7.34,b,death_rate,7.34,False
A,V97030,F,FR,2013,5.64 b,5.64,b,death_rate,5.64,False
A,V97030,F,HU,2013,8.98 ,8.98,,death_rate,8.98,False
A,V97030,F,IT,2013,10.67 ,10.67,,death_rate,10.67,False
A,V97030,F,LV,2013,16.03 ,16.03,,death_rate,16.03,False
A,V97030,F,NL,2013,6.69 ,6.69,,death_rate,6.69,False
A,V97030,F,NO,2013,5.87 ,5.87,,death_rate,5.87,False
A,V97030,F,PL,2013,14.35 ,14.35,,death_rate,14.35,False
A,V97030,F,PT,2013,12.84 ,12.84,,death_rate,12.84,False
A,V97030,F,RO,2013,6.63 ,6.63,,death_rate,6.63,False
A,V97030,F,SE,2013,6.33 ,6.33,,death_rate,6.33,False
A,V97030,F,SI,2013,10.72 ,10.72,,death_rate,10.72,False
A,V97030,F,SK,2013,15.32 ,15.32,,death_rate,15.32,False
A,V97030,G,AT,2013,6.36 b,6.36,b,death_rate,6.36,False
A,V97030,G,BE,2013,4.28 ,4.28,,death_rate,4.28,False
A,V97030,G,BG,2013,11.08 ,11.08,,death_rate,11.08,False
A,V97030,G,CZ,2013,9.45 ,9.45,,death_rate,9.45,False
A,V97030,G,DE,2013,8.20 ,8.2,,death_rate,8.2,False
A,V97030,G,EE,2013,9.57 b,9.57,b,death_rate,9.57,False
A,V97030,G,ES,2013,9.39 ,9.39,,death_rate,9.39,False
A,V97030,G,FI,2013,8.82 b,8.82,b,death_rate,8.82,False
A,V97030,G,FR,2013,5.61 b,5.61,b,death_rate,5.61,False
A,V97030,G,HU,2013,9.59 ,9.59,,death_rate,9.59,False
A,V97030,G,IT,2013,7.91 ,7.91,,death_rate,7.91,False
A,V97030,G,LV,2013,14.48 ,14.48,,death_rate,14.48,False
A,V97030,G,NL,2013,9.29 ,9.29,,death_rate,9.29,False
A,V97030,G,NO,2013,5.26 ,5.26,,death_rate,5.26,False
A,V97030,G,PL,2013,12.78 ,12.78,,death_rate,12.78,False
A,V97030,G,PT,2013,11.95 ,11.95,,death_rate,11.95,False
A,V97030,G,RO,2013,5.24 ,5.24,,death_rate,5.24,False
A,V97030,G,SE,2013,8.12 ,8.12,,death_rate,8.12,False
A,V97030,G,SI,2013,9.17 ,9.17,,death_rate,9.17,False
A,V97030,G,SK,2013,13.12 ,13.12,,death_rate,13.12,False
A,V97030,H,AT,2013,8.61 b,8.61,b,death_rate,8.61,False
A,V97030,H,BE,2013,4.98 ,4.98,,death_rate,4.98,False
A,V97030,H,BG,2013,9.25 ,9.25,,death_rate,9.25,False
A,V97030,H,CZ,2013,7.48 ,7.48,,death_rate,7.48,False
A,V97030,H,DE,2013,9.34 ,9.34,,death_rate,9.34,False
A,V97030,H,EE,2013,7.73 b,7.73,b,death_rate,7.73,False
A,V97030,H,ES,2013,7.90 ,7.9,,death_rate,7.9,False
A,V97030,H,FI,2013,4.33 b,4.33,b,death_rate,4.33,False
A,V97030,H,FR,2013,4.86 b,4.86,b,death_rate,4.86,False
A,V97030,H,HU,2013,8.33 ,8.33,,death_rate,8.33,False
A,V97030,H,IT,2013,7.16 ,7.16,,death_rate,7.16,False
A,V97030,H,LV,2013,11.36 ,11.36,,death_rate,11.36,False
A,V97030,H,NL,2013,8.21 ,8.21,,death_rate,8.21,False
A,V97030,H,NO,2013,5.79 ,5.79,,death_rate,5.79,False
A,V97030,H,PL,2013,9.88 ,9.88,,death_rate,9.88,False
A,V97030,H,PT,2013,7.92 ,7.92,,death_rate,7.92,False
A,V97030,H,RO,2013,4.42 ,4.42,,death_rate,4.42,False
A,V97030,H,SE,2013,5.94 ,5.94,,death_rate,5.94,False
A,V97030,H,SI,2013,8.50 ,8.5,,death_rate,8.5,False
A,V97030,H,SK,2013,15.27 ,15.27,,death_rate,15.27,False
A,V97030,I,AT,2013,6.14 b,6.14,b,death_rate,6.14,False
A,V97030,I,BE,2013,6.56 ,6.56,,death_rate,6.56,False
A,V97030,I,BG,2013,13.73 ,13.73,,death_rate,13.73,False
A,V97030,I,CZ,2013,10.29 ,10.29,,death_rate,10.29,False
A,V97030,I,DE,2013,8.93 ,8.93,,death_rate,8.93,False
A,V97030,I,EE,2013,8.72 b,8.72,b,death_rate,8.72,False
A,V97030,I,ES,2013,12.20 ,12.2,,death_rate,12.2,False
A,V97030,I,FI,2013,8.43 b,8.43,b,death_rate,8.43,False
A,V97030,I,FR,2013,5.31 b,5.31,b,death_rate,5.31,False
A,V97030,I,HU,2013,12.12 ,12.12,,death_rate,12.12,False
A,V97030,I,IT,2013,7.29 ,7.29,,death_rate,7.29,False
A,V97030,I,LV,2013,14.43 ,14.43,,death_rate,14.43,False
A,V97030,I,NL,2013,7.14 ,7.14,,death_rate,7.14,False
A,V97030,I,NO,2013,3.53 ,3.53,,death_rate,3.53,False
A,V97030,I,PL,2013,13.66 ,13.66,,death_rate,13.66,False
A,V97030,I,PT,2013,13.30 ,13.3,,death_rate,13.3,False
A,V97030,I,RO,2013,3.52 ,3.52,,death_rate,3.52,False
A,V97030,I,SE,2013,7.35 ,7.35,,death_rate,7.35,False
A,V97030,I,SI,2013,11.17 ,11.17,,death_rate,11.17,False
A,V97030,I,SK,2013,13.67 ,13.67,,death_rate,13.67,False
A,V97030,J,AT,2013,5.93 b,5.93,b,death_rate,5.93,False
A,V97030,J,BE,2013,4.02 ,4.02,,death_rate,4.02,False
A,V97030,J,BG,2013,7.94 ,7.94,,death_rate,7.94,False
A,V97030,J,CZ,2013,5.56 ,5.56,,death_rate,5.56,False
A,V97030,J,DE,2013,10.57 ,10.57,,death_rate,10.57,False
A,V97030,J,EE,2013,9.66 b,9.66,b,death_rate,9.66,False
A,V97030,J,ES,2013,9.60 ,9.6,,death_rate,9.6,False
A,V97030,J,FI,2013,7.99 b,7.99,b,death_rate,7.99,False
A,V97030,J,FR,2013,5.74 b,5.74,b,death_rate,5.74,False
A,V97030,J,HU,2013,7.72 ,7.72,,death_rate,7.72,False
A,V97030,J,IT,2013,8.25 ,8.25,,death_rate,8.25,False
A,V97030,J,LV,2013,11.33 ,11.33,,death_rate,11.33,False
A,V97030,J,NL,2013,8.15 ,8.15,,death_rate,8.15,False
A,V97030,J,NO,2013,8.54 ,8.54,,death_rate,8.54,False
A,V97030,J,PL,2013,9.79 ,9.79,,death_rate,9.79,False
A,V97030,J,PT,2013,13.94 ,13.94,,death_rate,13.94,False
A,V97030,J,RO,2013,8.35 ,8.35,,death_rate,8.35,False
A,V97030,J,SE,2013,6.78 ,6.78,,death_rate,6.78,False
A,V97030,J,SI,2013,8.49 ,8.49,,death_rate,8.49,False
A,V97030,J,SK,2013,10.60 ,10.6,,death_rate,10.6,False
A,V97030,L,AT,2013,2.02 b,2.02,b,death_rate,2.02,False
A,V97030,L,BE,2013,2.85 ,2.85,,death_rate,2.85,False
A,V97030,L,BG,2013,9.80 ,9.8,,death_rate,9.8,False
A,V97030,L,CZ,2013,8.33 ,8.33,,death_rate,8.33,False
A,V97030,L,DE,2013,7.10 ,7.1,,death_rate,7.1,False
A,V97030,L,EE,2013,7.22 b,7.22,b,death_rate,7.22,False
A,V97030,L,ES,2013,4.31 ,4.31,,death_rate,4.31,False
A,V97030,L,FI,2013,6.11 b,6.11,b,death_rate,6.11,False
A,V97030,L,FR,2013,4.04 b,4.04,b,death_rate,4.04,False
A,V97030,L,HU,2013,7.67 ,7.67,,death_rate,7.67,False
A,V97030,L,IT,2013,4.58 ,4.58,,death_rate,4.58,False
A,V97030,L,LV,2013,12.10 ,12.1,,death_rate,12.1,False
A,V97030,L,NL,2013,9.50 ,9.5,,death_rate,9.5,False
A,V97030,L,NO,2013,3.14 ,3.14,,death_rate,3.14,False
A,V97030,L,PL,2013,7.21 ,7.21,,death_rate,7.21,False
A,V97030,L,PT,2013,8.46 ,8.46,,death_rate,8.46,False
A,V97030,L,RO,2013,1.62 ,1.62,,death_rate,1.62,False
A,V97030,L,SE,2013,4.29 ,4.29,,death_rate,4.29,False
A,V97030,L,SI,2013,6.90 ,6.9,,death_rate,6.9,False
A,V97030,L,SK,2013,6.47 ,6.47,,death_rate,6.47,False
A,V97030,M,AT,2013,5.80 b,5.8,b,death_rate,5.8,False
A,V97030,M,BE,2013,3.58 ,3.58,,death_rate,3.58,False
A,V97030,M,BG,2013,8.06 ,8.06,,death_rate,8.06,False
A,V97030,M,CZ,2013,6.74 ,6.74,,death_rate,6.74,False
A,V97030,M,DE,2013,9.18 ,9.18,,death_rate,9.18,False
A,V97030,M,EE,2013,8.21 b,8.21,b,death_rate,8.21,False
A,V97030,M,ES,2013,11.05 ,11.05,,death_rate,11.05,False
A,V97030,M,FI,2013,7.72 b,7.72,b,death_rate,7.72,False
A,V97030,M,FR,2013,5.34 b,5.34,b,death_rate,5.34,False
A,V97030,M,HU,2013,6.96 ,6.96,,death_rate,6.96,False
A,V97030,M,IT,2013,7.27 ,7.27,,death_rate,7.27,False
A,V97030,M,LV,2013,10.42 ,10.42,,death_rate,10.42,False
A,V97030,M,NL,2013,7.46 ,7.46,,death_rate,7.46,False
A,V97030,M,NO,2013,7.60 ,7.6,,death_rate,7.6,False
A,V97030,M,PL,2013,8.02 ,8.02,,death_rate,8.02,False
A,V97030,M,PT,2013,10.88 ,10.88,,death_rate,10.88,False
A,V97030,M,RO,2013,55.32 ,55.32,,death_rate,55.32,False
A,V97030,M,SE,2013,6.38 ,6.38,,death_rate,6.38,False
A,V97030,M,SI,2013,8.60 ,8.6,,death_rate,8.6,False
A,V97030,M,SK,2013,9.65 ,9.65,,death_rate,9.65,False
A,V97030,N,AT,2013,10.36 b,10.36,b,death_rate,10.36,False
A,V97030,N,BE,2013,4.09 ,4.09,,death_rate,4.09,False
A,V97030,N,BG,2013,9.22 ,9.22,,death_rate,9.22,False
A,V97030,N,CZ,2013,8.68 ,8.68,,death_rate,8.68,False
A,V97030,N,DE,2013,9.83 ,9.83,,death_rate,9.83,False
A,V97030,N,EE,2013,12.10 b,12.1,b,death_rate,12.1,False
A,V97030,N,ES,2013,9.05 ,9.05,,death_rate,9.05,False
A,V97030,N,FI,2013,8.64 b,8.64,b,death_rate,8.64,False
A,V97030,N,FR,2013,5.55 b,5.55,b,death_rate,5.55,False
A,V97030,N,HU,2013,12.05 ,12.05,,death_rate,12.05,False
A,V97030,N,IT,2013,9.84 ,9.84,,death_rate,9.84,False
A,V97030,N,LV,2013,14.77 ,14.77,,death_rate,14.77,False
A,V97030,N,NL,2013,9.11 ,9.11,,death_rate,9.11,False
A,V97030,N,NO,2013,8.17 ,8.17,,death_rate,8.17,False
A,V97030,N,PL,2013,13.66 ,13.66,,death_rate,13.66,False
A,V97030,N,PT,2013,24.94 ,24.94,,death_rate,24.94,False
A,V97030,N,RO,2013,5.62 ,5.62,,death_rate,5.62,False
A,V97030,N,SE,2013,8.56 ,8.56,,death_rate,8.56,False
A,V97030,N,SI,2013,11.60 ,11.6,,death_rate,11.6,False
A,V97030,N,SK,2013,11.69 ,11.69,,death_rate,11.69,False
A,V97043,B,AT,2013,57.89 ,57.89,,survival_3y,57.89,False
A,V97043,B,BE,2013,50.00 ,50.0,,survival_3y,50.0,False
A,V97043,B,BG,2013,41.67 ,41.67,,survival_3y,41.67,False
A,V97043,B,CZ,2013,59.46 ,59.46,,survival_3y,59.46,False
A,V97043,B,DE,2013,57.45 ,57.45,,survival_3y,57.45,False
A,V97043,B,EE,2013,64.29 b,64.29,b,survival_3y,64.29,False
A,V97043,B,ES,2013,69.89 ,69.89,,survival_3y,69.89,False
A,V97043,B,FI,2013,70.59 b,70.59,b,survival_3y,70.59,False
A,V97043,B,FR,2013,78.69 b,78.69,b,survival_3y,78.69,False
A,V97043,B,HU,2013,39.02 ,39.02,,survival_3y,39.02,False
A,V97043,B,IT,2013,63.74 ,63.74,,survival_3y,63.74,False
A,V97043,B,LV,2013,60.47 ,60.47,,survival_3y,60.47,False
A,V97043,B,NL,2013,60.47 ,60.47,,survival_3y,60.47,False
A,V97043,B,NO,2013,50.00 ,50.0,,survival_3y,50.0,False
A,V97043,B,PL,2013,67.43 ,67.43,,survival_3y,67.43,False
A,V97043,B,PT,2013,58.73 ,58.73,,survival_3y,58.73,False
A,V97043,B,RO,2013,54.62 ,54.62,,survival_3y,54.62,False
A,V97043,B,SE,2013,83.87 ,83.87,,survival_3y,83.87,False
A,V97043,B,SI,2013,75.00 ,75.0,,survival_3y,75.0,False
A,V97043,B,SK,2013,40.91 ,40.91,,survival_3y,40.91,False
A,V97043,C,AT,2013,72.70 ,72.7,,survival_3y,72.7,False
A,V97043,C,BE,2013,77.69 ,77.69,,survival_3y,77.69,False
A,V97043,C,BG,2013,61.63 ,61.63,,survival_3y,61.63,False
A,V97043,C,CZ,2013,60.47 ,60.47,,survival_3y,60.47,False
A,V97043,C,DE,2013,55.29 ,55.29,,survival_3y,55.29,False
A,V97043,C,EE,2013,68.52 b,68.52,b,survival_3y,68.52,False
A,V97043,C,ES,2013,58.28 ,58.28,,survival_3y,58.28,False
A,V97043,C,FI,2013,60.86 b,60.86,b,survival_3y,60.86,False
A,V97043,C,FR,2013,56.66 b,56.66,b,survival_3y,56.66,False
A,V97043,C,HU,2013,56.25 ,56.25,,survival_3y,56.25,False
A,V97043,C,IT,2013,66.41 ,66.41,,survival_3y,66.41,False
A,V97043,C,LV,2013,60.07 ,60.07,,survival_3y,60.07,False
A,V97043,C,NL,2013,71.95 ,71.95,,survival_3y,71.95,False
A,V97043,C,NO,2013,61.36 ,61.36,,survival_3y,61.36,False
A,V97043,C,PL,2013,59.40 ,59.4,,survival_3y,59.4,False
A,V97043,C,PT,2013,54.07 ,54.07,,survival_3y,54.07,False
A,V97043,C,RO,2013,98.13 ,98.13,,survival_3y,98.13,False
A,V97043,C,SE,2013,77.42 ,77.42,,survival_3y,77.42,False
A,V97043,C,SI,2013,70.39 ,70.39,,survival_3y,70.39,False
A,V97043,C,SK,2013,58.26 ,58.26,,survival_3y,58.26,False
A,V97043,D,AT,2013,81.59 ,81.59,,survival_3y,81.59,False
A,V97043,D,BE,2013,90.22 ,90.22,,survival_3y,90.22,False
A,V97043,D,BG,2013,67.29 ,67.29,,survival_3y,67.29,False
A,V97043,D,CZ,2013,93.71 ,93.71,,survival_3y,93.71,False
A,V97043,D,DE,2013,75.92 ,75.92,,survival_3y,75.92,False
A,V97043,D,EE,2013,60.00 b,60.0,b,survival_3y,60.0,False
A,V97043,D,ES,2013,83.51 ,83.51,,survival_3y,83.51,False
A,V97043,D,FI,2013,51.52 b,51.52,b,survival_3y,51.52,False
A,V97043,D,FR,2013,81.44 b,81.44,b,survival_3y,81.44,False
A,V97043,D,HU,2013,56.63 ,56.63,,survival_3y,56.63,False
A,V97043,D,IT,2013,72.07 ,72.07,,survival_3y,72.07,False
A,V97043,D,LV,2013,50.00 ,50.0,,survival_3y,50.0,False
A,V97043,D,NL,2013,67.89 ,67.89,,survival_3y,67.89,False
A,V97043,D,NO,2013,64.47 ,64.47,,survival_3y,64.47,False
A,V97043,D,PL,2013,65.98 ,65.98,,survival_3y,65.98,False
A,V97043,D,PT,2013,65.12 ,65.12,,survival_3y,65.12,False
A,V97043,D,RO,2013,37.30 ,37.3,,survival_3y,37.3,False
A,V97043,D,SE,2013,95.58 ,95.58,,survival_3y,95.58,False
A,V97043,D,SI,2013,80.79 ,80.79,,survival_3y,80.79,False
A,V97043,D,SK,2013,45.92 ,45.92,,survival_3y,45.92,False
A,V97043,E,AT,2013,71.25 ,71.25,,survival_3y,71.25,False
A,V97043,E,BE,2013,76.12 ,76.12,,survival_3y,76.12,False
A,V97043,E,BG,2013,68.60 ,68.6,,survival_3y,68.6,False
A,V97043,E,CZ,2013,59.67 ,59.67,,survival_3y,59.67,False
A,V97043,E,DE,2013,59.24 ,59.24,,survival_3y,59.24,False
A,V97043,E,EE,2013,67.86 b,67.86,b,survival_3y,67.86,False
A,V97043,E,ES,2013,61.96 ,61.96,,survival_3y,61.96,False
A,V97043,E,FI,2013,66.06 b,66.06,b,survival_3y,66.06,False
A,V97043,E,FR,2013,57.69 b,57.69,b,survival_3y,57.69,False
A,V97043,E,HU,2013,58.38 ,58.38,,survival_3y,58.38,False
A,V97043,E,IT,2013,66.28 ,66.28,,survival_3y,66.28,False
A,V97043,E,LV,2013,68.57 ,68.57,,survival_3y,68.57,False
A,V97043,E,NL,2013,62.28 ,62.28,,survival_3y,62.28,False
A,V97043,E,NO,2013,65.71 ,65.71,,survival_3y,65.71,False
A,V97043,E,PL,2013,65.75 ,65.75,,survival_3y,65.75,False
A,V97043,E,PT,2013,66.06 ,66.06,,survival_3y,66.06,False
A,V97043,E,RO,2013,62.16 ,62.16,,survival_3y,62.16,False
A,V97043,E,SE,2013,80.52 ,80.52,,survival_3y,80.52,False
A,V97043,E,SI,2013,42.86 ,42.86,,survival_3y,42.86,False
A,V97043,E,SK,2013,52.54 ,52.54,,survival_3y,52.54,False
A,V97043,F,AT,2013,67.79 ,67.79,,survival_3y,67.79,False
A,V97043,F,BE,2013,76.53 ,76.53,,survival_3y,76.53,False
A,V97043,F,BG,2013,49.16 ,49.16,,survival_3y,49.16,False
A,V97043,F,CZ,2013,55.79 ,55.79,,survival_3y,55.79,False
A,V97043,F,DE,2013,53.48 ,53.48,,survival_3y,53.48,False
A,V97043,F,EE,2013,57.46 b,57.46,b,survival_3y,57.46,False
A,V97043,F,ES,2013,44.57 ,44.57,,survival_3y,44.57,False
A,V97043,F,FI,2013,61.88 b,61.88,b,survival_3y,61.88,False
A,V97043,F,FR,2013,54.43 b,54.43,b,survival_3y,54.43,False
A,V97043,F,HU,2013,44.80 ,44.8,,survival_3y,44.8,False
A,V97043,F,IT,2013,51.28 ,51.28,,survival_3y,51.28,False
A,V97043,F,LV,2013,37.72 ,37.72,,survival_3y,37.72,False
A,V97043,F,NL,2013,64.57 ,64.57,,survival_3y,64.57,False
A,V97043,F,NO,2013,56.14 ,56.14,,survival_3y,56.14,False
A,V97043,F,PL,2013,47.49 ,47.49,,survival_3y,47.49,False
A,V97043,F,PT,2013,40.37 ,40.37,,survival_3y,40.37,False
A,V97043,F,RO,2013,70.91 ,70.91,,survival_3y,70.91,False
A,V97043,F,SE,2013,73.57 ,73.57,,survival_3y,73.57,False
A,V97043,F,SI,2013,55.25 ,55.25,,survival_3y,55.25,False
A,V97043,F,SK,2013,54.61 ,54.61,,survival_3y,54.61,False
A,V97043,G,AT,2013,62.09 ,62.09,,survival_3y,62.09,False
A,V97043,G,BE,2013,73.02 ,73.02,,survival_3y,73.02,False
A,V97043,G,BG,2013,54.53 ,54.53,,survival_3y,54.53,False
A,V97043,G,CZ,2013,53.08 ,53.08,,survival_3y,53.08,False
A,V97043,G,DE,2013,48.62 ,48.62,,survival_3y,48.62,False
A,V97043,G,EE,2013,58.99 b,58.99,b,survival_3y,58.99,False
A,V97043,G,ES,2013,52.80 ,52.8,,survival_3y,52.8,False
A,V97043,G,FI,2013,48.52 b,48.52,b,survival_3y,48.52,False
A,V97043,G,FR,2013,50.14 b,50.14,b,survival_3y,50.14,False
A,V97043,G,HU,2013,49.04 ,49.04,,survival_3y,49.04,False
A,V97043,G,IT,2013,60.06 ,60.06,,survival_3y,60.06,False
A,V97043,G,LV,2013,51.08 ,51.08,,survival_3y,51.08,False
A,V97043,G,NL,2013,56.70 ,56.7,,survival_3y,56.7,False
A,V97043,G,NO,2013,57.00 ,57.0,,survival_3y,57.0,False
A,V97043,G,PL,2013,49.66 ,49.66,,survival_3y,49.66,False
A,V97043,G,PT,2013,43.88 ,43.88,,survival_3y,43.88,False
A,V97043,G,RO,2013,93.79 ,93.79,,survival_3y,93.79,False
A,V97043,G,SE,2013,67.31 ,67.31,,survival_3y,67.31,False
A,V97043,G,SI,2013,61.44 ,61.44,,survival_3y,61.44,False
A,V97043,G,SK,2013,49.91 ,49.91,,survival_3y,49.91,False
A,V97043,H,AT,2013,60.09 ,60.09,,survival_3y,60.09,False
A,V97043,H,BE,2013,69.70 ,69.7,,survival_3y,69.7,False
A,V97043,H,BG,2013,58.00 ,58.0,,survival_3y,58.0,False
A,V97043,H,CZ,2013,59.15 ,59.15,,survival_3y,59.15,False
A,V97043,H,DE,2013,50.97 ,50.97,,survival_3y,50.97,False
A,V97043,H,EE,2013,65.71 b,65.71,b,survival_3y,65.71,False
A,V97043,H,ES,2013,63.23 ,63.23,,survival_3y,63.23,False
A,V97043,H,FI,2013,65.35 b,65.35,b,survival_3y,65.35,False
A,V97043,H,FR,2013,71.21 b,71.21,b,survival_3y,71.21,False
A,V97043,H,HU,2013,53.22 ,53.22,,survival_3y,53.22,False
A,V97043,H,IT,2013,69.53 ,69.53,,survival_3y,69.53,False
A,V97043,H,LV,2013,53.98 ,53.98,,survival_3y,53.98,False
A,V97043,H,NL,2013,57.62 ,57.62,,survival_3y,57.62,False
A,V97043,H,NO,2013,59.53 ,59.53,,survival_3y,59.53,False
A,V97043,H,PL,2013,63.08 ,63.08,,survival_3y,63.08,False
A,V97043,H,PT,2013,56.83 ,56.83,,survival_3y,56.83,False
A,V97043,H,RO,2013,97.79 ,97.79,,survival_3y,97.79,False
A,V97043,H,SE,2013,76.99 ,76.99,,survival_3y,76.99,False
A,V97043,H,SI,2013,66.00 ,66.0,,survival_3y,66.0,False
A,V97043,H,SK,2013,58.88 ,58.88,,survival_3y,58.88,False
A,V97043,I,AT,2013,57.91 ,57.91,,survival_3y,57.91,False
A,V97043,I,BE,2013,61.70 ,61.7,,survival_3y,61.7,False
A,V97043,I,BG,2013,46.75 ,46.75,,survival_3y,46.75,False
A,V97043,I,CZ,2013,53.06 ,53.06,,survival_3y,53.06,False
A,V97043,I,DE,2013,42.65 ,42.65,,survival_3y,42.65,False
A,V97043,I,EE,2013,58.55 b,58.55,b,survival_3y,58.55,False
A,V97043,I,ES,2013,44.37 ,44.37,,survival_3y,44.37,False
A,V97043,I,FI,2013,51.22 b,51.22,b,survival_3y,51.22,False
A,V97043,I,FR,2013,60.99 b,60.99,b,survival_3y,60.99,False
A,V97043,I,HU,2013,42.62 ,42.62,,survival_3y,42.62,False
A,V97043,I,IT,2013,64.73 ,64.73,,survival_3y,64.73,False
A,V97043,I,LV,2013,52.32 ,52.32,,survival_3y,52.32,False
A,V97043,I,NL,2013,60.94 ,60.94,,survival_3y,60.94,False
A,V97043,I,NO,2013,52.10 ,52.1,,survival_3y,52.1,False
A,V97043,I,PL,2013,51.24 ,51.24,,survival_3y,51.24,False
A,V97043,I,PT,2013,40.58 ,40.58,,survival_3y,40.58,False
A,V97043,I,RO,2013,61.23 ,61.23,,survival_3y,61.23,False
A,V97043,I,SE,2013,63.12 ,63.12,,survival_3y,63.12,False
A,V97043,I,SI,2013,51.52 ,51.52,,survival_3y,51.52,False
A,V97043,I,SK,2013,54.50 ,54.5,,survival_3y,54.5,False
A,V97043,J,AT,2013,71.92 ,71.92,,survival_3y,71.92,False
A,V97043,J,BE,2013,73.54 ,73.54,,survival_3y,73.54,False
A,V97043,J,BG,2013,66.76 ,66.76,,survival_3y,66.76,False
A,V97043,J,CZ,2013,63.60 ,63.6,,survival_3y,63.6,False
A,V97043,J,DE,2013,50.85 ,50.85,,survival_3y,50.85,False
A,V97043,J,EE,2013,61.15 b,61.15,b,survival_3y,61.15,False
A,V97043,J,ES,2013,53.60 ,53.6,,survival_3y,53.6,False
A,V97043,J,FI,2013,57.23 b,57.23,b,survival_3y,57.23,False
A,V97043,J,FR,2013,50.03 b,50.03,b,survival_3y,50.03,False
A,V97043,J,HU,2013,56.65 ,56.65,,survival_3y,56.65,False
A,V97043,J,IT,2013,58.42 ,58.42,,survival_3y,58.42,False
A,V97043,J,LV,2013,55.03 ,55.03,,survival_3y,55.03,False
A,V97043,J,NL,2013,73.09 ,73.09,,survival_3y,73.09,False
A,V97043,J,NO,2013,49.25 ,49.25,,survival_3y,49.25,False
A,V97043,J,PL,2013,65.52 ,65.52,,survival_3y,65.52,False
A,V97043,J,PT,2013,42.24 ,42.24,,survival_3y,42.24,False
A,V97043,J,RO,2013,132.56 ,132.56,,survival_3y,,True
A,V97043,J,SE,2013,77.84 ,77.84,,survival_3y,77.84,False
A,V97043,J,SI,2013,68.31 ,68.31,,survival_3y,68.31,False
A,V97043,J,SK,2013,59.40 ,59.4,,survival_3y,59.4,False
A,V97043,L,AT,2013,72.79 ,72.79,,survival_3y,72.79,False
A,V97043,L,BE,2013,84.90 ,84.9,,survival_3y,84.9,False
A,V97043,L,BG,2013,45.31 ,45.31,,survival_3y,45.31,False
A,V97043,L,CZ,2013,57.46 ,57.46,,survival_3y,57.46,False
A,V97043,L,DE,2013,61.16 ,61.16,,survival_3y,61.16,False
A,V97043,L,EE,2013,60.51 b,60.51,b,survival_3y,60.51,False
A,V97043,L,ES,2013,71.22 ,71.22,,survival_3y,71.22,False
A,V97043,L,FI,2013,18.54 b,18.54,b,survival_3y,18.54,False
A,V97043,L,FR,2013,66.14 b,66.14,b,survival_3y,66.14,False
A,V97043,L,HU,2013,51.85 ,51.85,,survival_3y,51.85,False
A,V97043,L,IT,2013,64.88 ,64.88,,survival_3y,64.88,False
A,V97043,L,LV,2013,50.53 ,50.53,,survival_3y,50.53,False
A,V97043,L,NL,2013,68.20 ,68.2,,survival_3y,68.2,False
A,V97043,L,NO,2013,65.60 ,65.6,,survival_3y,65.6,False
A,V97043,L,PL,2013,67.03 ,67.03,,survival_3y,67.03,False
A,V97043,L,PT,2013,54.79 ,54.79,,survival_3y,54.79,False
A,V97043,L,RO,2013,68.34 ,68.34,,survival_3y,68.34,False
A,V97043,L,SE,2013,89.62 ,89.62,,survival_3y,89.62,False
A,V97043,L,SI,2013,74.27 ,74.27,,survival_3y,74.27,False
A,V97043,L,SK,2013,49.97 ,49.97,,survival_3y,49.97,False
A,V97043,M,AT,2013,65.80 ,65.8,,survival_3y,65.8,False
A,V97043,M,BE,2013,82.45 ,82.45,,survival_3y,82.45,False
A,V97043,M,BG,2013,63.45 ,63.45,,survival_3y,63.45,False
A,V97043,M,CZ,2013,60.37 ,60.37,,survival_3y,60.37,False
A,V97043,M,DE,2013,51.33 ,51.33,,survival_3y,51.33,False
A,V97043,M,EE,2013,67.50 b,67.5,b,survival_3y,67.5,False
A,V97043,M,ES,2013,54.23 ,54.23,,survival_3y,54.23,False
A,V97043,M,FI,2013,56.71 b,56.71,b,survival_3y,56.71,False
A,V97043,M,FR,2013,53.37 b,53.37,b,survival_3y,53.37,False
A,V97043,M,HU,2013,54.19 ,54.19,,survival_3y,54.19,False
A,V97043,M,IT,2013,51.97 ,51.97,,survival_3y,51.97,False
A,V97043,M,LV,2013,56.55 ,56.55,,survival_3y,56.55,False
A,V97043,M,NL,2013,72.62 ,72.62,,survival_3y,72.62,False
A,V97043,M,NO,2013,52.72 ,52.72,,survival_3y,52.72,False
A,V97043,M,PL,2013,67.96 ,67.96,,survival_3y,67.96,False
A,V97043,M,PT,2013,41.85 ,41.85,,survival_3y,41.85,False
A,V97043,M,RO,2013,98.82 ,98.82,,survival_3y,98.82,False
A,V97043,M,SE,2013,77.28 ,77.28,,survival_3y,77.28,False
A,V97043,M,SI,2013,66.96 ,66.96,,survival_3y,66.96,False
A,V97043,M,SK,2013,55.75 ,55.75,,survival_3y,55.75,False
A,V97043,N,AT,2013,58.02 ,58.02,,survival_3y,58.02,False
A,V97043,N,BE,2013,75.73 ,75.73,,survival_3y,75.73,False
A,V97043,N,BG,2013,63.84 ,63.84,,survival_3y,63.84,False
A,V97043,N,CZ,2013,57.22 ,57.22,,survival_3y,57.22,False
A,V97043,N,DE,2013,51.84 ,51.84,,survival_3y,51.84,False
A,V97043,N,EE,2013,59.94 b,59.94,b,survival_3y,59.94,False
A,V97043,N,ES,2013,48.91 ,48.91,,survival_3y,48.91,False
A,V97043,N,FI,2013,57.96 b,57.96,b,survival_3y,57.96,False
A,V97043,N,FR,2013,51.30 b,51.3,b,survival_3y,51.3,False
A,V97043,N,HU,2013,42.84 ,42.84,,survival_3y,42.84,False
A,V97043,N,IT,2013,54.67 ,54.67,,survival_3y,54.67,False
A,V97043,N,LV,2013,45.84 ,45.84,,survival_3y,45.84,False
A,V97043,N,NL,2013,61.67 ,61.67,,survival_3y,61.67,False
A,V97043,N,NO,2013,54.41 ,54.41,,survival_3y,54.41,False
A,V97043,N,PL,2013,50.98 ,50.98,,survival_3y,50.98,False
A,V97043,N,PT,2013,22.95 ,22.95,,survival_3y,22.95,False
A,V97043,N,RO,2013,105.36 ,105.36,,survival_3y,,True
A,V97043,N,SE,2013,71.38 ,71.38,,survival_3y,71.38,False
A,V97043,N,SI,2013,60.07 ,60.07,,survival_3y,60.07,False
A,V97043,N,SK,2013,50.86 ,50.86,,survival_3y,50.86,False
A,V97020,B,AT,2014,4.33 ,4.33,,birth_rate,4.33,False
A,V97020,B,BE,2014,2.52 ,2.52,,birth_rate,2.52,False
A,V97020,B,BG,2014,6.99 ,6.99,,birth_rate,6.99,False
A,V97020,B,CZ,2014,9.46 ,9.46,,birth_rate,9.46,False
A,V97020,B,DE,2014,3.97 ,3.97,,birth_rate,3.97,False
A,V97020,B,EE,2014,3.23 ,3.23,,birth_rate,3.23,False
A,V97020,B,ES,2014,3.61 ,3.61,,birth_rate,3.61,False
A,V97020,B,FI,2014,4.69 ,4.69,,birth_rate,4.69,False
A,V97020,B,FR,2014,3.30 ,3.3,,birth_rate,3.3,False
A,V97020,B,HU,2014,6.10 ,6.1,,birth_rate,6.1,False
A,V97020,B,IT,2014,3.37 ,3.37,,birth_rate,3.37,False
A,V97020,B,LV,2014,13.14 ,13.14,,birth_rate,13.14,False
A,V97020,B,NL,2014,9.61 ,9.61,,birth_rate,9.61,False
A,V97020,B,NO,2014,6.73 ,6.73,,birth_rate,6.73,False
A,V97020,B,PL,2014,8.52 ,8.52,,birth_rate,8.52,False
A,V97020,B,PT,2014,8.26 ,8.26,,birth_rate,8.26,False
A,V97020,B,RO,2014,12.04 ,12.04,,birth_rate,12.04,False
A,V97020,B,SE,2014,4.39 ,4.39,,birth_rate,4.39,False
A,V97020,B,SI,2014,2.00 ,2.0,,birth_rate,2.0,False
A,V97020,B,SK,2014,17.29 ,17.29,,birth_rate,17.29,False
A,V97020,C,AT,2014,4.66 ,4.66,,birth_rate,4.66,False
A,V97020,C,BE,2014,4.27 ,4.27,,birth_rate,4.27,False
A,V97020,C,BG,2014,8.49 ,8.49,,birth_rate,8.49,False
A,V97020,C,CZ,2014,9.74 ,9.74,,birth_rate,9.74,False
A,V97020,C,DE,2014,3.80 ,3.8,,birth_rate,3.8,False
A,V97020,C,EE,2014,9.33 ,9.33,,birth_rate,9.33,False
A,V97020,C,ES,2014,6.49 ,6.49,,birth_rate,6.49,False
A,V97020,C,FI,2014,4.87 ,4.87,,birth_rate,4.87,False
A,V97020,C,FR,2014,8.30 ,8.3,,birth_rate,8.3,False
A,V97020,C,HU,2014,7.11 ,7.11,,birth_rate,7.11,False
A,V97020,C,IT,2014,4.64 ,4.64,,birth_rate,4.64,False
A,V97020,C,LV,2014,13.53 ,13.53,,birth_rate,13.53,False
A,V97020,C,NL,2014,7.09 ,7.09,,birth_rate,7.09,False
A,V97020,C,NO,2014,5.64 ,5.64,,birth_rate,5.64,False
A,V97020,C,PL,2014,10.12 ,10.12,,birth_rate,10.12,False
A,V97020,C,PT,2014,9.90 ,9.9,,birth_rate,9.9,False
A,V97020,C,RO,2014,8.36 ,8.36,,birth_rate,8.36,False
A,V97020,C,SE,2014,5.06 ,5.06,,birth_rate,5.06,False
A,V97020,C,SI,2014,8.09 ,8.09,,birth_rate,8.09,False
A,V97020,C,SK,2014,19.57 ,19.57,,birth_rate,19.57,False
A,V97020,D,AT,2014,6.29 ,6.29,,birth_rate,6.29,False
A,V97020,D,BE,2014,5.38 ,5.38,,birth_rate,5.38,False
A,V97020,D,BG,2014,4.09 ,4.09,,birth_rate,4.09,False
A,V97020,D,CZ,2014,13.31 ,13.31,,birth_rate,13.31,False
A,V97020,D,DE,2014,8.54 ,8.54,,birth_rate,8.54,False
A,V97020,D,EE,2014,3.75 ,3.75,,birth_rate,3.75,False
A,V97020,D,ES,2014,0.15 ,0.15,,birth_rate,0.15,False
A,V97020,D,FI,2014,5.89 ,5.89,,birth_rate,5.89,False
A,V97020,D,FR,2014,4.72 ,4.72,,birth_rate,4.72,False
A,V97020,D,HU,2014,10.99 ,10.99,,birth_rate,10.99,False
A,V97020,D,IT,2014,5.22 ,5.22,,birth_rate,5.22,False
A,V97020,D,LV,2014,11.66 ,11.66,,birth_rate,11.66,False
A,V97020,D,NL,2014,16.79 ,16.79,,birth_rate,16.79,False
A,V97020,D,NO,2014,2.97 ,2.97,,birth_rate,2.97,False
A,V97020,D,PL,2014,14.84 ,14.84,,birth_rate,14.84,False
A,V97020,D,PT,2014,14.13 ,14.13,,birth_rate,14.13,False
A,V97020,D,RO,2014,25.18 ,25.18,,birth_rate,25.18,False
A,V97020,D,SE,2014,11.11 ,11.11,,birth_rate,11.11,False
A,V97020,D,SI,2014,6.77 ,6.77,,birth_rate,6.77,False
A,V97020,D,SK,2014,6.16 ,6.16,,birth_rate,6.16,False
A,V97020,E,AT,2014,3.86 ,3.86,,birth_rate,3.86,False
A,V97020,E,BE,2014,4.88 ,4.88,,birth_rate,4.88,False
A,V97020,E,BG,2014,12.22 ,12.22,,birth_rate,12.22,False
A,V97020,E,CZ,2014,6.74 ,6.74,,birth_rate,6.74,False
A,V97020,E,DE,2014,3.11 ,3.11,,birth_rate,3.11,False
A,V97020,E,EE,2014,8.13 ,8.13,,birth_rate,8.13,False
A,V97020,E,ES,2014,4.72 ,4.72,,birth_rate,4.72,False
A,V97020,E,FI,2014,4.41 ,4.41,,birth_rate,4.41,False
A,V97020,E,FR,2014,9.59 ,9.59,,birth_rate,9.59,False
A,V97020,E,HU,2014,6.80 ,6.8,,birth_rate,6.8,False
A,V97020,E,IT,2014,4.99 ,4.99,,birth_rate,4.99,False
A,V97020,E,LV,2014,8.70 ,8.7,,birth_rate,8.7,False
A,V97020,E,NL,2014,11.73 ,11.73,,birth_rate,11.73,False
A,V97020,E,NO,2014,6.22 ,6.22,,birth_rate,6.22,False
A,V97020,E,PL,2014,9.86 ,9.86,,birth_rate,9.86,False
A,V97020,E,PT,2014,9.82 ,9.82,,birth_rate,9.82,False
A,V97020,E,RO,2014,12.93 ,12.93,,birth_rate,12.93,False
A,V97020,E,SE,2014,6.20 ,6.2,,birth_rate,6.2,False
A,V97020,E,SI,2014,9.75 ,9.75,,birth_rate,9.75,False
A,V97020,E,SK,2014,15.15 ,15.15,,birth_rate,15.15,False
A,V97020,F,AT,2014,7.70 ,7.7,,birth_rate,7.7,False
A,V97020,F,BE,2014,6.76 ,6.76,,birth_rate,6.76,False
A,V97020,F,BG,2014,13.82 ,13.82,,birth_rate,13.82,False
A,V97020,F,CZ,2014,8.05 ,8.05,,birth_rate,8.05,False
A,V97020,F,DE,2014,6.42 ,6.42,,birth_rate,6.42,False
A,V97020,F,EE,2014,10.71 ,10.71,,birth_rate,10.71,False
A,V97020,F,ES,2014,9.50 ,9.5,,birth_rate,9.5,False
A,V97020,F,FI,2014,6.29 ,6.29,,birth_rate,6.29,False
A,V97020,F,FR,2014,9.99 ,9.99,,birth_rate,9.99,False
A,V97020,F,HU,2014,10.54 ,10.54,,birth_rate,10.54,False
A,V97020,F,IT,2014,7.24 ,7.24,,birth_rate,7.24,False
A,V97020,F,LV,2014,20.89 ,20.89,,birth_rate,20.89,False
A,V97020,F,NL,2014,8.03 ,8.03,,birth_rate,8.03,False
A,V97020,F,NO,2014,9.23 ,9.23,,birth_rate,9.23,False
A,V97020,F,PL,2014,14.43 ,14.43,,birth_rate,14.43,False
A,V97020,F,PT,2014,10.88 ,10.88,,birth_rate,10.88,False
A,V97020,F,RO,2014,11.94 ,11.94,,birth_rate,11.94,False
A,V97020,F,SE,2014,7.02 ,7.02,,birth_rate,7.02,False
A,V97020,F,SI,2014,9.97 ,9.97,,birth_rate,9.97,False
A,V97020,F,SK,2014,22.87 ,22.87,,birth_rate,22.87,False
A,V97020,G,AT,2014,7.62 ,7.62,,birth_rate,7.62,False
A,V97020,G,BE,2014,5.28 ,5.28,,birth_rate,5.28,False
A,V97020,G,BG,2014,11.84 ,11.84,,birth_rate,11.84,False
A,V97020,G,CZ,2014,9.96 ,9.96,,birth_rate,9.96,False
A,V97020,G,DE,2014,6.67 ,6.67,,birth_rate,6.67,False
A,V97020,G,EE,2014,10.71 ,10.71,,birth_rate,10.71,False
A,V97020,G,ES,2014,10.15 ,10.15,,birth_rate,10.15,False
A,V97020,G,FI,2014,7.58 ,7.58,,birth_rate,7.58,False
A,V97020,G,FR,2014,9.34 ,9.34,,birth_rate,9.34,False
A,V97020,G,HU,2014,8.98 ,8.98,,birth_rate,8.98,False
A,V97020,G,IT,2014,6.73 ,6.73,,birth_rate,6.73,False
A,V97020,G,LV,2014,14.58 ,14.58,,birth_rate,14.58,False
A,V97020,G,NL,2014,10.75 ,10.75,,birth_rate,10.75,False
A,V97020,G,NO,2014,7.48 ,7.48,,birth_rate,7.48,False
A,V97020,G,PL,2014,11.44 ,11.44,,birth_rate,11.44,False
A,V97020,G,PT,2014,11.48 ,11.48,,birth_rate,11.48,False
A,V97020,G,RO,2014,8.87 ,8.87,,birth_rate,8.87,False
A,V97020,G,SE,2014,7.75 ,7.75,,birth_rate,7.75,False
A,V97020,G,SI,2014,9.52 ,9.52,,birth_rate,9.52,False
A,V97020,G,SK,2014,14.11 ,14.11,,birth_rate,14.11,False
A,V97020,H,AT,2014,8.05 ,8.05,,birth_rate,8.05,False
A,V97020,H,BE,2014,6.04 ,6.04,,birth_rate,6.04,False
A,V97020,H,BG,2014,13.31 ,13.31,,birth_rate,13.31,False
A,V97020,H,CZ,2014,6.49 ,6.49,,birth_rate,6.49,False
A,V97020,H,DE,2014,6.79 ,6.79,,birth_rate,6.79,False
A,V97020,H,EE,2014,9.95 ,9.95,,birth_rate,9.95,False
A,V97020,H,ES,2014,5.69 ,5.69,,birth_rate,5.69,False
A,V97020,H,FI,2014,3.38 ,3.38,,birth_rate,3.38,False
A,V97020,H,FR,2014,10.74 ,10.74,,birth_rate,10.74,False
A,V97020,H,HU,2014,8.43 ,8.43,,birth_rate,8.43,False
A,V97020,H,IT,2014,5.32 ,5.32,,birth_rate,5.32,False
A,V97020,H,LV,2014,15.80 ,15.8,,birth_rate,15.8,False
A,V97020,H,NL,2014,9.67 ,9.67,,birth_rate,9.67,False
A,V97020,H,NO,2014,6.48 ,6.48,,birth_rate,6.48,False
A,V97020,H,PL,2014,9.80 ,9.8,,birth_rate,9.8,False
A,V97020,H,PT,2014,6.71 ,6.71,,birth_rate,6.71,False
A,V97020,H,RO,2014,10.17 ,10.17,,birth_rate,10.17,False
A,V97020,H,SE,2014,5.46 ,5.46,,birth_rate,5.46,False
A,V97020,H,SI,2014,6.95 ,6.95,,birth_rate,6.95,False
A,V97020,H,SK,2014,23.84 ,23.84,,birth_rate,23.84,False
A,V97020,I,AT,2014,6.60 ,6.6,,birth_rate,6.6,False
A,V97020,I,BE,2014,8.86 ,8.86,,birth_rate,8.86,False
A,V97020,I,BG,2014,14.29 ,14.29,,birth_rate,14.29,False
A,V97020,I,CZ,2014,9.14 ,9.14,,birth_rate,9.14,False
A,V97020,I,DE,2014,8.23 ,8.23,,birth_rate,8.23,False
A,V97020,I,EE,2014,11.57 ,11.57,,birth_rate,11.57,False
A,V97020,I,ES,2014,11.74 ,11.74,,birth_rate,11.74,False
A,V97020,I,FI,2014,8.81 ,8.81,,birth_rate,8.81,False
A,V97020,I,FR,2014,8.61 ,8.61,,birth_rate,8.61,False
A,V97020,I,HU,2014,11.25 ,11.25,,birth_rate,11.25,False
A,V97020,I,IT,2014,7.66 ,7.66,,birth_rate,7.66,False
A,V97020,I,LV,2014,15.02 ,15.02,,birth_rate,15.02,False
A,V97020,I,NL,2014,9.29 ,9.29,,birth_rate,9.29,False
A,V97020,I,NO,2014,7.47 ,7.47,,birth_rate,7.47,False
A,V97020,I,PL,2014,13.89 ,13.89,,birth_rate,13.89,False
A,V97020,I,PT,2014,15.47 ,15.47,,birth_rate,15.47,False
A,V97020,I,RO,2014,12.44 ,12.44,,birth_rate,12.44,False
A,V97020,I,SE,2014,8.28 ,8.28,,birth_rate,8.28,False
A,V97020,I,SI,2014,14.42 ,14.42,,birth_rate,14.42,False
A,V97020,I,SK,2014,15.92 ,15.92,,birth_rate,15.92,False
A,V97020,J,AT,2014,7.95 ,7.95,,birth_rate,7.95,False
A,V97020,J,BE,2014,8.59 ,8.59,,birth_rate,8.59,False
A,V97020,J,BG,2014,13.85 ,13.85,,birth_rate,13.85,False
A,V97020,J,CZ,2014,9.93 ,9.93,,birth_rate,9.93,False
A,V97020,J,DE,2014,9.30 ,9.3,,birth_rate,9.3,False
A,V97020,J,EE,2014,13.53 ,13.53,,birth_rate,13.53,False
A,V97020,J,ES,2014,12.84 ,12.84,,birth_rate,12.84,False
A,V97020,J,FI,2014,10.04 ,10.04,,birth_rate,10.04,False
A,V97020,J,FR,2014,12.75 ,12.75,,birth_rate,12.75,False
A,V97020,J,HU,2014,10.75 ,10.75,,birth_rate,10.75,False
A,V97020,J,IT,2014,10.05 ,10.05,,birth_rate,10.05,False
A,V97020,J,LV,2014,16.80 ,16.8,,birth_rate,16.8,False
A,V97020,J,NL,2014,11.24 ,11.24,,birth_rate,11.24,False
A,V97020,J,NO,2014,11.80 ,11.8,,birth_rate,11.8,False
A,V97020,J,PL,2014,16.42 ,16.42,,birth_rate,16.42,False
A,V97020,J,PT,2014,16.52 ,16.52,,birth_rate,16.52,False
A,V97020,J,RO,2014,13.37 ,13.37,,birth_rate,13.37,False
A,V97020,J,SE,2014,8.41 ,8.41,,birth_rate,8.41,False
A,V97020,J,SI,2014,16.21 ,16.21,,birth_rate,16.21,False
A,V97020,J,SK,2014,24.20 ,24.2,,birth_rate,24.2,False
A,V97020,L,AT,2014,3.15 ,3.15,,birth_rate,3.15,False
A,V97020,L,BE,2014,3.79 ,3.79,,birth_rate,3.79,False
A,V97020,L,BG,2014,11.24 ,11.24,,birth_rate,11.24,False
A,V97020,L,CZ,2014,7.61 ,7.61,,birth_rate,7.61,False
A,V97020,L,DE,2014,7.85 ,7.85,,birth_rate,7.85,False
A,V97020,L,EE,2014,7.39 ,7.39,,birth_rate,7.39,False
A,V97020,L,ES,2014,9.26 ,9.26,,birth_rate,9.26,False
A,V97020,L,FI,2014,12.50 ,12.5,,birth_rate,12.5,False
A,V97020,L,FR,2014,6.80 ,6.8,,birth_rate,6.8,False
A,V97020,L,HU,2014,11.03 ,11.03,,birth_rate,11.03,False
A,V97020,L,IT,2014,3.48 ,3.48,,birth_rate,3.48,False
A,V97020,L,LV,2014,10.91 ,10.91,,birth_rate,10.91,False
A,V97020,L,NL,2014,7.37 ,7.37,,birth_rate,7.37,False
A,V97020,L,NO,2014,4.87 ,4.87,,birth_rate,4.87,False
A,V97020,L,PL,2014,10.47 ,10.47,,birth_rate,10.47,False
A,V97020,L,PT,2014,11.94 ,11.94,,birth_rate,11.94,False
A,V97020,L,RO,2014,11.20 ,11.2,,birth_rate,11.2,False
A,V97020,L,SE,2014,5.60 ,5.6,,birth_rate,5.6,False
A,V97020,L,SI,2014,7.63 ,7.63,,birth_rate,7.63,False
A,V97020,L,SK,2014,16.20 ,16.2,,birth_rate,16.2,False
A,V97020,M,AT,2014,6.65 ,6.65,,birth_rate,6.65,False
A,V97020,M,BE,2014,6.44 ,6.44,,birth_rate,6.44,False
A,V97020,M,BG,2014,11.17 ,11.17,,birth_rate,11.17,False
A,V97020,M,CZ,2014,8.75 ,8.75,,birth_rate,8.75,False
A,V97020,M,DE,2014,7.63 ,7.63,,birth_rate,7.63,False
A,V97020,M,EE,2014,10.15 ,10.15,,birth_rate,10.15,False
A,V97020,M,ES,2014,8.94 ,8.94,,birth_rate,8.94,False
A,V97020,M,FI,2014,8.38 ,8.38,,birth_rate,8.38,False
A,V97020,M,FR,2014,11.90 ,11.9,,birth_rate,11.9,False
A,V97020,M,HU,2014,9.01 ,9.01,,birth_rate,9.01,False
A,V97020,M,IT,2014,9.11 ,9.11,,birth_rate,9.11,False
A,V97020,M,LV,2014,14.13 ,14.13,,birth_rate,14.13,False
A,V97020,M,NL,2014,11.19 ,11.19,,birth_rate,11.19,False
A,V97020,M,NO,2014,11.29 ,11.29,,birth_rate,11.29,False
A,V97020,M,PL,2014,12.81 ,12.81,,birth_rate,12.81,False
A,V97020,M,PT,2014,12.14 ,12.14,,birth_rate,12.14,False
A,V97020,M,RO,2014,10.80 ,10.8,,birth_rate,10.8,False
A,V97020,M,SE,2014,7.38 ,7.38,,birth_rate,7.38,False
A,V97020,M,SI,2014,13.03 ,13.03,,birth_rate,13.03,False
A,V97020,M,SK,2014,20.20 ,20.2,,birth_rate,20.2,False
A,V97020,N,AT,2014,11.73 ,11.73,,birth_rate,11.73,False
A,V97020,N,BE,2014,6.54 ,6.54,,birth_rate,6.54,False
A,V97020,N,BG,2014,12.93 ,12.93,,birth_rate,12.93,False
A,V97020,N,CZ,2014,8.48 ,8.48,,birth_rate,8.48,False
A,V97020,N,DE,2014,10.06 ,10.06,,birth_rate,10.06,False
A,V97020,N,EE,2014,16.02 ,16.02,,birth_rate,16.02,False
A,V97020,N,ES,2014,14.21 ,14.21,,birth_rate,14.21,False
A,V97020,N,FI,2014,9.54 ,9.54,,birth_rate,9.54,False
A,V97020,N,FR,2014,12.04 ,12.04,,birth_rate,12.04,False
A,V97020,N,HU,2014,12.52 ,12.52,,birth_rate,12.52,False
A,V97020,N,IT,2014,11.04 ,11.04,,birth_rate,11.04,False
A,V97020,N,LV,2014,19.63 ,19.63,,birth_rate,19.63,False
A,V97020,N,NL,2014,12.18 ,12.18,,birth_rate,12.18,False
A,V97020,N,NO,2014,12.18 ,12.18,,birth_rate,12.18,False
A,V97020,N,PL,2014,19.53 ,19.53,,birth_rate,19.53,False
A,V97020,N,PT,2014,27.98 ,27.98,,birth_rate,27.98,False
A,V97020,N,RO,2014,11.97 ,11.97,,birth_rate,11.97,False
A,V97020,N,SE,2014,9.69 ,9.69,,birth_rate,9.69,False
A,V97020,N,SI,2014,16.45 ,16.45,,birth_rate,16.45,False
A,V97020,N,SK,2014,29.42 ,29.42,,birth_rate,29.42,False
A,V97030,B,AT,2014,3.61 ,3.61,,death_rate,3.61,False
A,V97030,B,BE,2014,3.36 ,3.36,,death_rate,3.36,False
A,V97030,B,BG,2014,8.62 ,8.62,,death_rate,8.62,False
A,V97030,B,CZ,2014,6.14 ,6.14,,death_rate,6.14,False
A,V97030,B,DE,2014,5.41 ,5.41,,death_rate,5.41,False
A,V97030,B,EE,2014,6.45 ,6.45,,death_rate,6.45,False
A,V97030,B,ES,2014,5.83 ,5.83,,death_rate,5.83,False
A,V97030,B,FI,2014,4.29 ,4.29,,death_rate,4.29,False
A,V97030,B,FR,2014,2.02 ,2.02,,death_rate,2.02,False
A,V97030,B,HU,2014,8.69 ,8.69,,death_rate,8.69,False
A,V97030,B,IT,2014,4.94 ,4.94,,death_rate,4.94,False
A,V97030,B,LV,2014,7.20 ,7.2,,death_rate,7.2,False
A,V97030,B,NL,2014,4.58 ,4.58,,death_rate,4.58,False
A,V97030,B,NO,2014,3.41 ,3.41,,death_rate,3.41,False
A,V97030,B,PL,2014,7.60 ,7.6,,death_rate,7.6,False
A,V97030,B,PT,2014,9.53 ,9.53,,death_rate,9.53,False
A,V97030,B,RO,2014,12.22 ,12.22,,death_rate,12.22,False
A,V97030,B,SE,2014,4.78 ,4.78,,death_rate,4.78,False
A,V97030,B,SI,2014,3.00 ,3.0,,death_rate,3.0,False
A,V97030,B,SK,2014,6.54 ,6.54,,death_rate,6.54,False
A,V97030,C,AT,2014,3.45 ,3.45,,death_rate,3.45,False
A,V97030,C,BE,2014,3.35 ,3.35,,death_rate,3.35,False
A,V97030,C,BG,2014,7.62 ,7.62,,death_rate,7.62,False
A,V97030,C,CZ,2014,7.23 ,7.23,,death_rate,7.23,False
A,V97030,C,DE,2014,5.37 ,5.37,,death_rate,5.37,False
A,V97030,C,EE,2014,6.42 ,6.42,,death_rate,6.42,False
A,V97030,C,ES,2014,7.06 ,7.06,,death_rate,7.06,False
A,V97030,C,FI,2014,5.63 ,5.63,,death_rate,5.63,False
A,V97030,C,FR,2014,4.59 ,4.59,,death_rate,4.59,False
A,V97030,C,HU,2014,6.58 ,6.58,,death_rate,6.58,False
A,V97030,C,IT,2014,5.62 ,5.62,,death_rate,5.62,False
A,V97030,C,LV,2014,7.73 ,7.73,,death_rate,7.73,False
A,V97030,C,NL,2014,4.78 ,4.78,,death_rate,4.78,False
A,V97030,C,NO,2014,4.63 ,4.63,,death_rate,4.63,False
A,V97030,C,PL,2014,8.79 ,8.79,,death_rate,8.79,False
A,V97030,C,PT,2014,8.87 ,8.87,,death_rate,8.87,False
A,V97030,C,RO,2014,8.57 ,8.57,,death_rate,8.57,False
A,V97030,C,SE,2014,5.01 ,5.01,,death_rate,5.01,False
A,V97030,C,SI,2014,6.15 ,6.15,,death_rate,6.15,False
A,V97030,C,SK,2014,9.85 ,9.85,,death_rate,9.85,False
A,V97030,D,AT,2014,2.98 ,2.98,,death_rate,2.98,False
A,V97030,D,BE,2014,1.69 ,1.69,,death_rate,1.69,False
A,V97030,D,BG,2014,7.21 ,7.21,,death_rate,7.21,False
A,V97030,D,CZ,2014,1.52 ,1.52,,death_rate,1.52,False
A,V97030,D,DE,2014,6.31 ,6.31,,death_rate,6.31,False
A,V97030,D,EE,2014,3.75 ,3.75,,death_rate,3.75,False
A,V97030,D,ES,2014,1.27 ,1.27,,death_rate,1.27,False
A,V97030,D,FI,2014,1.93 ,1.93,,death_rate,1.93,False
A,V97030,D,FR,2014,1.96 ,1.96,,death_rate,1.96,False
A,V97030,D,HU,2014,13.70 ,13.7,,death_rate,13.7,False
A,V97030,D,IT,2014,3.46 ,3.46,,death_rate,3.46,False
A,V97030,D,LV,2014,2.77 ,2.77,,death_rate,2.77,False
A,V97030,D,NL,2014,7.39 ,7.39,,death_rate,7.39,False
A,V97030,D,NO,2014,1.44 ,1.44,,death_rate,1.44,False
A,V97030,D,PL,2014,11.32 ,11.32,,death_rate,11.32,False
A,V97030,D,PT,2014,4.78 ,4.78,,death_rate,4.78,False
A,V97030,D,RO,2014,19.20 ,19.2,,death_rate,19.2,False
A,V97030,D,SE,2014,2.27 ,2.27,,death_rate,2.27,False
A,V97030,D,SI,2014,4.95 ,4.95,,death_rate,4.95,False
A,V97030,D,SK,2014,1.99 ,1.99,,death_rate,1.99,False
A,V97030,E,AT,2014,2.76 ,2.76,,death_rate,2.76,False
A,V97030,E,BE,2014,3.11 ,3.11,,death_rate,3.11,False
A,V97030,E,BG,2014,8.15 ,8.15,,death_rate,8.15,False
A,V97030,E,CZ,2014,7.23 ,7.23,,death_rate,7.23,False
A,V97030,E,DE,2014,6.94 ,6.94,,death_rate,6.94,False
A,V97030,E,EE,2014,5.94 ,5.94,,death_rate,5.94,False
A,V97030,E,ES,2014,4.53 ,4.53,,death_rate,4.53,False
A,V97030,E,FI,2014,3.04 ,3.04,,death_rate,3.04,False
A,V97030,E,FR,2014,4.62 ,4.62,,death_rate,4.62,False
A,V97030,E,HU,2014,7.74 ,7.74,,death_rate,7.74,False
A,V97030,E,IT,2014,3.93 ,3.93,,death_rate,3.93,False
A,V97030,E,LV,2014,5.16 ,5.16,,death_rate,5.16,False
A,V97030,E,NL,2014,5.21 ,5.21,,death_rate,5.21,False
A,V97030,E,NO,2014,2.59 ,2.59,,death_rate,2.59,False
A,V97030,E,PL,2014,8.36 ,8.36,,death_rate,8.36,False
A,V97030,E,PT,2014,10.38 ,10.38,,death_rate,10.38,False
A,V97030,E,RO,2014,15.56 ,15.56,,death_rate,15.56,False
A,V97030,E,SE,2014,4.82 ,4.82,,death_rate,4.82,False
A,V97030,E,SI,2014,11.65 ,11.65,,death_rate,11.65,False
A,V97030,E,SK,2014,7.70 ,7.7,,death_rate,7.7,False
A,V97030,F,AT,2014,5.82 ,5.82,,death_rate,5.82,False
A,V97030,F,BE,2014,3.70 ,3.7,,death_rate,3.7,False
A,V97030,F,BG,2014,11.91 ,11.91,,death_rate,11.91,False
A,V97030,F,CZ,2014,7.96 ,7.96,,death_rate,7.96,False
A,V97030,F,DE,2014,7.50 ,7.5,,death_rate,7.5,False
A,V97030,F,EE,2014,9.08 ,9.08,,death_rate,9.08,False
A,V97030,F,ES,2014,8.88 ,8.88,,death_rate,8.88,False
A,V97030,F,FI,2014,6.86 ,6.86,,death_rate,6.86,False
A,V97030,F,FR,2014,5.78 ,5.78,,death_rate,5.78,False
A,V97030,F,HU,2014,8.89 ,8.89,,death_rate,8.89,False
A,V97030,F,IT,2014,9.77 ,9.77,,death_rate,9.77,False
A,V97030,F,LV,2014,10.99 ,10.99,,death_rate,10.99,False
A,V97030,F,NL,2014,5.49 ,5.49,,death_rate,5.49,False
A,V97030,F,NO,2014,5.07 ,5.07,,death_rate,5.07,False
A,V97030,F,PL,2014,12.69 ,12.69,,death_rate,12.69,False
A,V97030,F,PT,2014,11.29 ,11.29,,death_rate,11.29,False
A,V97030,F,RO,2014,11.73 ,11.73,,death_rate,11.73,False
A,V97030,F,SE,2014,5.77 ,5.77,,death_rate,5.77,False
A,V97030,F,SI,2014,9.86 ,9.86,,death_rate,9.86,False
A,V97030,F,SK,2014,12.14 ,12.14,,death_rate,12.14,False
A,V97030,G,AT,2014,6.27 ,6.27,,death_rate,6.27,False
A,V97030,G,BE,2014,4.16 ,4.16,,death_rate,4.16,False
A,V97030,G,BG,2014,10.95 ,10.95,,death_rate,10.95,False
A,V97030,G,CZ,2014,8.71 ,8.71,,death_rate,8.71,False
A,V97030,G,DE,2014,8.13 ,8.13,,death_rate,8.13,False
A,V97030,G,EE,2014,8.02 ,8.02,,death_rate,8.02,False
A,V97030,G,ES,2014,8.98 ,8.98,,death_rate,8.98,False
A,V97030,G,FI,2014,8.37 ,8.37,,death_rate,8.37,False
A,V97030,G,FR,2014,5.90 ,5.9,,death_rate,5.9,False
A,V97030,G,HU,2014,8.85 ,8.85,,death_rate,8.85,False
A,V97030,G,IT,2014,7.48 ,7.48,,death_rate,7.48,False
A,V97030,G,LV,2014,9.52 ,9.52,,death_rate,9.52,False
A,V97030,G,NL,2014,7.48 ,7.48,,death_rate,7.48,False
A,V97030,G,NO,2014,4.64 ,4.64,,death_rate,4.64,False
A,V97030,G,PL,2014,11.64 ,11.64,,death_rate,11.64,False
A,V97030,G,PT,2014,11.24 ,11.24,,death_rate,11.24,False
A,V97030,G,RO,2014,9.02 ,9.02,,death_rate,9.02,False
A,V97030,G,SE,2014,7.48 ,7.48,,death_rate,7.48,False
A,V97030,G,SI,2014,7.97 ,7.97,,death_rate,7.97,False
A,V97030,G,SK,2014,10.45 ,10.45,,death_rate,10.45,False
A,V97030,H,AT,2014,7.57 ,7.57,,death_rate,7.57,False
A,V97030,H,BE,2014,4.54 ,4.54,,death_rate,4.54,False
A,V97030,H,BG,2014,8.78 ,8.78,,death_rate,8.78,False
A,V97030,H,CZ,2014,7.62 ,7.62,,death_rate,7.62,False
A,V97030,H,DE,2014,8.93 ,8.93,,death_rate,8.93,False
A,V97030,H,EE,2014,7.27 ,7.27,,death_rate,7.27,False
A,V97030,H,ES,2014,6.31 ,6.31,,death_rate,6.31,False
A,V97030,H,FI,2014,4.88 ,4.88,,death_rate,4.88,False
A,V97030,H,FR,2014,5.02 ,5.02,,death_rate,5.02,False
A,V97030,H,HU,2014,7.76 ,7.76,,death_rate,7.76,False
A,V97030,H,IT,2014,6.34 ,6.34,,death_rate,6.34,False
A,V97030,H,LV,2014,8.43 ,8.43,,death_rate,8.43,False
A,V97030,H,NL,2014,6.76 ,6.76,,death_rate,6.76,False
A,V97030,H,NO,2014,4.72 ,4.72,,death_rate,4.72,False
A,V97030,H,PL,2014,9.86 ,9.86,,death_rate,9.86,False
A,V97030,H,PT,2014,7.87 ,7.87,,death_rate,7.87,False
A,V97030,H,RO,2014,6.58 ,6.58,,death_rate,6.58,False
A,V97030,H,SE,2014,5.72 ,5.72,,death_rate,5.72,False
A,V97030,H,SI,2014,8.01 ,8.01,,death_rate,8.01,False
A,V97030,H,SK,2014,11.42 ,11.42,,death_rate,11.42,False
A,V97030,I,AT,2014,5.93 ,5.93,,death_rate,5.93,False
A,V97030,I,BE,2014,6.26 ,6.26,,death_rate,6.26,False
A,V97030,I,BG,2014,13.61 ,13.61,,death_rate,13.61,False
A,V97030,I,CZ,2014,9.97 ,9.97,,death_rate,9.97,False
A,V97030,I,DE,2014,8.78 ,8.78,,death_rate,8.78,False
A,V97030,I,EE,2014,8.41 ,8.41,,death_rate,8.41,False
A,V97030,I,ES,2014,11.33 ,11.33,,death_rate,11.33,False
A,V97030,I,FI,2014,7.86 ,7.86,,death_rate,7.86,False
A,V97030,I,FR,2014,5.25 ,5.25,,death_rate,5.25,False
A,V97030,I,HU,2014,10.63 ,10.63,,death_rate,10.63,False
A,V97030,I,IT,2014,6.91 ,6.91,,death_rate,6.91,False
A,V97030,I,LV,2014,9.86 ,9.86,,death_rate,9.86,False
A,V97030,I,NL,2014,5.85 ,5.85,,death_rate,5.85,False
A,V97030,I,NO,2014,2.80 ,2.8,,death_rate,2.8,False
A,V97030,I,PL,2014,12.50 ,12.5,,death_rate,12.5,False
A,V97030,I,PT,2014,12.96 ,12.96,,death_rate,12.96,False
A,V97030,I,RO,2014,11.59 ,11.59,,death_rate,11.59,False
A,V97030,I,SE,2014,7.21 ,7.21,,death_rate,7.21,False
A,V97030,I,SI,2014,9.85 ,9.85,,death_rate,9.85,False
A,V97030,I,SK,2014,10.75 ,10.75,,death_rate,10.75,False
A,V97030,J,AT,2014,5.47 ,5.47,,death_rate,5.47,False
A,V97030,J,BE,2014,4.40 ,4.4,,death_rate,4.4,False
A,V97030,J,BG,2014,8.21 ,8.21,,death_rate,8.21,False
A,V97030,J,CZ,2014,6.32 ,6.32,,death_rate,6.32,False
A,V97030,J,DE,2014,10.44 ,10.44,,death_rate,10.44,False
A,V97030,J,EE,2014,9.07 ,9.07,,death_rate,9.07,False
A,V97030,J,ES,2014,9.03 ,9.03,,death_rate,9.03,False
A,V97030,J,FI,2014,8.01 ,8.01,,death_rate,8.01,False
A,V97030,J,FR,2014,7.02 ,7.02,,death_rate,7.02,False
A,V97030,J,HU,2014,7.99 ,7.99,,death_rate,7.99,False
A,V97030,J,IT,2014,8.14 ,8.14,,death_rate,8.14,False
A,V97030,J,LV,2014,8.17 ,8.17,,death_rate,8.17,False
A,V97030,J,NL,2014,6.23 ,6.23,,death_rate,6.23,False
A,V97030,J,NO,2014,8.03 ,8.03,,death_rate,8.03,False
A,V97030,J,PL,2014,9.15 ,9.15,,death_rate,9.15,False
A,V97030,J,PT,2014,13.38 ,13.38,,death_rate,13.38,False
A,V97030,J,RO,2014,8.16 ,8.16,,death_rate,8.16,False
A,V97030,J,SE,2014,6.49 ,6.49,,death_rate,6.49,False
A,V97030,J,SI,2014,7.59 ,7.59,,death_rate,7.59,False
A,V97030,J,SK,2014,9.53 ,9.53,,death_rate,9.53,False
A,V97030,L,AT,2014,2.73 ,2.73,,death_rate,2.73,False
A,V97030,L,BE,2014,2.51 ,2.51,,death_rate,2.51,False
A,V97030,L,BG,2014,10.94 ,10.94,,death_rate,10.94,False
A,V97030,L,CZ,2014,7.96 ,7.96,,death_rate,7.96,False
A,V97030,L,DE,2014,7.67 ,7.67,,death_rate,7.67,False
A,V97030,L,EE,2014,6.95 ,6.95,,death_rate,6.95,False
A,V97030,L,ES,2014,4.04 ,4.04,,death_rate,4.04,False
A,V97030,L,FI,2014,6.23 ,6.23,,death_rate,6.23,False
A,V97030,L,FR,2014,4.01 ,4.01,,death_rate,4.01,False
A,V97030,L,HU,2014,7.60 ,7.6,,death_rate,7.6,False
A,V97030,L,IT,2014,4.40 ,4.4,,death_rate,4.4,False
A,V97030,L,LV,2014,9.33 ,9.33,,death_rate,9.33,False
A,V97030,L,NL,2014,6.46 ,6.46,,death_rate,6.46,False
A,V97030,L,NO,2014,2.56 ,2.56,,death_rate,2.56,False
A,V97030,L,PL,2014,6.89 ,6.89,,death_rate,6.89,False
A,V97030,L,PT,2014,7.37 ,7.37,,death_rate,7.37,False
A,V97030,L,RO,2014,7.22 ,7.22,,death_rate,7.22,False
A,V97030,L,SE,2014,3.31 ,3.31,,death_rate,3.31,False
A,V97030,L,SI,2014,5.53 ,5.53,,death_rate,5.53,False
A,V97030,L,SK,2014,5.44 ,5.44,,death_rate,5.44,False
A,V97030,M,AT,2014,4.48 ,4.48,,death_rate,4.48,False
A,V97030,M,BE,2014,4.12 ,4.12,,death_rate,4.12,False
A,V97030,M,BG,2014,8.08 ,8.08,,death_rate,8.08,False
A,V97030,M,CZ,2014,6.69 ,6.69,,death_rate,6.69,False
A,V97030,M,DE,2014,9.08 ,9.08,,death_rate,9.08,False
A,V97030,M,EE,2014,7.33 ,7.33,,death_rate,7.33,False
A,V97030,M,ES,2014,6.57 ,6.57,,death_rate,6.57,False
A,V97030,M,FI,2014,7.71 ,7.71,,death_rate,7.71,False
A,V97030,M,FR,2014,6.15 ,6.15,,death_rate,6.15,False
A,V97030,M,HU,2014,7.17 ,7.17,,death_rate,7.17,False
A,V97030,M,IT,2014,7.49 ,7.49,,death_rate,7.49,False
A,V97030,M,LV,2014,7.61 ,7.61,,death_rate,7.61,False
A,V97030,M,NL,2014,5.86 ,5.86,,death_rate,5.86,False
A,V97030,M,NO,2014,7.27 ,7.27,,death_rate,7.27,False
A,V97030,M,PL,2014,7.51 ,7.51,,death_rate,7.51,False
A,V97030,M,PT,2014,10.60 ,10.6,,death_rate,10.6,False
A,V97030,M,RO,2014,7.33 ,7.33,,death_rate,7.33,False
A,V97030,M,SE,2014,5.72 ,5.72,,death_rate,5.72,False
A,V97030,M,SI,2014,7.93 ,7.93,,death_rate,7.93,False
A,V97030,M,SK,2014,8.87 ,8.87,,death_rate,8.87,False
A,V97030,N,AT,2014,9.84 ,9.84,,death_rate,9.84,False
A,V97030,N,BE,2014,4.08 ,4.08,,death_rate,4.08,False
A,V97030,N,BG,2014,9.77 ,9.77,,death_rate,9.77,False
A,V97030,N,CZ,2014,7.82 ,7.82,,death_rate,7.82,False
A,V97030,N,DE,2014,9.73 ,9.73,,death_rate,9.73,False
A,V97030,N,EE,2014,10.14 ,10.14,,death_rate,10.14,False
A,V97030,N,ES,2014,8.94 ,8.94,,death_rate,8.94,False
A,V97030,N,FI,2014,8.22 ,8.22,,death_rate,8.22,False
A,V97030,N,FR,2014,6.07 ,6.07,,death_rate,6.07,False
A,V97030,N,HU,2014,11.81 ,11.81,,death_rate,11.81,False
A,V97030,N,IT,2014,9.27 ,9.27,,death_rate,9.27,False
A,V97030,N,LV,2014,10.57 ,10.57,,death_rate,10.57,False
A,V97030,N,NL,2014,8.04 ,8.04,,death_rate,8.04,False
A,V97030,N,NO,2014,7.12 ,7.12,,death_rate,7.12,False
A,V97030,N,PL,2014,13.63 ,13.63,,death_rate,13.63,False
A,V97030,N,PT,2014,24.03 ,24.03,,death_rate,24.03,False
A,V97030,N,RO,2014,7.97 ,7.97,,death_rate,7.97,False
A,V97030,N,SE,2014,7.74 ,7.74,,death_rate,7.74,False
A,V97030,N,SI,2014,10.50 ,10.5,,death_rate,10.5,False
A,V97030,N,SK,2014,10.34 ,10.34,,death_rate,10.34,False
A,V97043,B,AT,2014,78.95 ,78.95,,survival_3y,78.95,False
A,V97043,B,BE,2014,66.67 ,66.67,,survival_3y,66.67,False
A,V97043,B,BG,2014,50.00 ,50.0,,survival_3y,50.0,False
A,V97043,B,CZ,2014,63.41 ,63.41,,survival_3y,63.41,False
A,V97043,B,DE,2014,56.78 ,56.78,,survival_3y,56.78,False
A,V97043,B,EE,2014,100.00 ,100.0,,survival_3y,100.0,False
A,V97043,B,ES,2014,67.78 ,67.78,,survival_3y,67.78,False
A,V97043,B,FI,2014,68.09 ,68.09,,survival_3y,68.09,False
A,V97043,B,FR,2014,87.18 b,87.18,b,survival_3y,87.18,False
A,V97043,B,HU,2014,51.52 ,51.52,,survival_3y,51.52,False
A,V97043,B,IT,2014,54.95 ,54.95,,survival_3y,54.95,False
A,V97043,B,LV,2014,53.57 ,53.57,,survival_3y,53.57,False
A,V97043,B,NL,2014,60.00 ,60.0,,survival_3y,60.0,False
A,V97043,B,NO,2014,70.77 ,70.77,,survival_3y,70.77,False
A,V97043,B,PL,2014,61.76 ,61.76,,survival_3y,61.76,False
A,V97043,B,PT,2014,46.94 b,46.94,b,survival_3y,46.94,False
A,V97043,B,RO,2014,55.37 b,55.37,b,survival_3y,55.37,False
A,V97043,B,SE,2014,85.19 ,85.19,,survival_3y,85.19,False
A,V97043,B,SI,2014,16.67 ,16.67,,survival_3y,16.67,False
A,V97043,B,SK,2014,59.09 ,59.09,,survival_3y,59.09,False
A,V97043,C,AT,2014,73.20 ,73.2,,survival_3y,73.2,False
A,V97043,C,BE,2014,76.87 ,76.87,,survival_3y,76.87,False
A,V97043,C,BG,2014,65.80 ,65.8,,survival_3y,65.8,False
A,V97043,C,CZ,2014,59.68 ,59.68,,survival_3y,59.68,False
A,V97043,C,DE,2014,57.91 ,57.91,,survival_3y,57.91,False
A,V97043,C,EE,2014,64.78 ,64.78,,survival_3y,64.78,False
A,V97043,C,ES,2014,58.74 ,58.74,,survival_3y,58.74,False
A,V97043,C,FI,2014,50.96 ,50.96,,survival_3y,50.96,False
A,V97043,C,FR,2014,60.23 b,60.23,b,survival_3y,60.23,False
A,V97043,C,HU,2014,58.82 ,58.82,,survival_3y,58.82,False
A,V97043,C,IT,2014,61.80 ,61.8,,survival_3y,61.8,False
A,V97043,C,LV,2014,62.13 ,62.13,,survival_3y,62.13,False
A,V97043,C,NL,2014,71.03 ,71.03,,survival_3y,71.03,False
A,V97043,C,NO,2014,58.77 ,58.77,,survival_3y,58.77,False
A,V97043,C,PL,2014,56.42 ,56.42,,survival_3y,56.42,False
A,V97043,C,PT,2014,55.63 b,55.63,b,survival_3y,55.63,False
A,V97043,C,RO,2014,56.41 b,56.41,b,survival_3y,56.41,False
A,V97043,C,SE,2014,76.62 ,76.62,,survival_3y,76.62,False
A,V97043,C,SI,2014,71.33 ,71.33,,survival_3y,71.33,False
A,V97043,C,SK,2014,56.04 ,56.04,,survival_3y,56.04,False
A,V97043,D,AT,2014,84.03 ,84.03,,survival_3y,84.03,False
A,V97043,D,BE,2014,89.01 ,89.01,,survival_3y,89.01,False
A,V97043,D,BG,2014,69.64 ,69.64,,survival_3y,69.64,False
A,V97043,D,CZ,2014,92.98 ,92.98,,survival_3y,92.98,False
A,V97043,D,DE,2014,73.57 ,73.57,,survival_3y,73.57,False
A,V97043,D,EE,2014,60.00 ,60.0,,survival_3y,60.0,False
A,V97043,D,ES,2014,84.23 ,84.23,,survival_3y,84.23,False
A,V97043,D,FI,2014,64.86 ,64.86,,survival_3y,64.86,False
A,V97043,D,FR,2014,87.59 b,87.59,b,survival_3y,87.59,False
A,V97043,D,HU,2014,53.68 ,53.68,,survival_3y,53.68,False
A,V97043,D,IT,2014,79.79 ,79.79,,survival_3y,79.79,False
A,V97043,D,LV,2014,69.84 ,69.84,,survival_3y,69.84,False
A,V97043,D,NL,2014,67.74 ,67.74,,survival_3y,67.74,False
A,V97043,D,NO,2014,65.71 ,65.71,,survival_3y,65.71,False
A,V97043,D,PL,2014,57.60 ,57.6,,survival_3y,57.6,False
A,V97043,D,PT,2014,57.14 b,57.14,b,survival_3y,57.14,False
A,V97043,D,RO,2014,31.60 b,31.6,b,survival_3y,31.6,False
A,V97043,D,SE,2014,95.71 ,95.71,,survival_3y,95.71,False
A,V97043,D,SI,2014,85.79 ,85.79,,survival_3y,85.79,False
A,V97043,D,SK,2014,56.00 ,56.0,,survival_3y,56.0,False
A,V97043,E,AT,2014,76.84 ,76.84,,survival_3y,76.84,False
A,V97043,E,BE,2014,79.10 ,79.1,,survival_3y,79.1,False
A,V97043,E,BG,2014,66.35 ,66.35,,survival_3y,66.35,False
A,V97043,E,CZ,2014,64.46 ,64.46,,survival_3y,64.46,False
A,V97043,E,DE,2014,59.02 ,59.02,,survival_3y,59.02,False
A,V97043,E,EE,2014,57.58 ,57.58,,survival_3y,57.58,False
A,V97043,E,ES,2014,67.43 ,67.43,,survival_3y,67.43,False
A,V97043,E,FI,2014,61.26 ,61.26,,survival_3y,61.26,False
A,V97043,E,FR,2014,51.54 b,51.54,b,survival_3y,51.54,False
A,V97043,E,HU,2014,48.07 ,48.07,,survival_3y,48.07,False
A,V97043,E,IT,2014,65.04 ,65.04,,survival_3y,65.04,False
A,V97043,E,LV,2014,69.49 ,69.49,,survival_3y,69.49,False
A,V97043,E,NL,2014,62.50 ,62.5,,survival_3y,62.5,False
A,V97043,E,NO,2014,72.41 ,72.41,,survival_3y,72.41,False
A,V97043,E,PL,2014,61.34 ,61.34,,survival_3y,61.34,False
A,V97043,E,PT,2014,55.10 b,55.1,b,survival_3y,55.1,False
A,V97043,E,RO,2014,52.77 b,52.77,b,survival_3y,52.77,False
A,V97043,E,SE,2014,75.70 ,75.7,,survival_3y,75.7,False
A,V97043,E,SI,2014,47.30 ,47.3,,survival_3y,47.3,False
A,V97043,E,SK,2014,54.55 ,54.55,,survival_3y,54.55,False
A,V97043,F,AT,2014,65.27 ,65.27,,survival_3y,65.27,False
A,V97043,F,BE,2014,77.45 ,77.45,,survival_3y,77.45,False
A,V97043,F,BG,2014,54.53 ,54.53,,survival_3y,54.53,False
A,V97043,F,CZ,2014,55.41 ,55.41,,survival_3y,55.41,False
A,V97043,F,DE,2014,55.45 ,55.45,,survival_3y,55.45,False
A,V97043,F,EE,2014,57.90 ,57.9,,survival_3y,57.9,False
A,V97043,F,ES,2014,44.32 ,44.32,,survival_3y,44.32,False
A,V97043,F,FI,2014,56.40 ,56.4,,survival_3y,56.4,False
A,V97043,F,FR,2014,60.11 b,60.11,b,survival_3y,60.11,False
A,V97043,F,HU,2014,47.41 ,47.41,,survival_3y,47.41,False
A,V97043,F,IT,2014,51.52 ,51.52,,survival_3y,51.52,False
A,V97043,F,LV,2014,50.43 ,50.43,,survival_3y,50.43,False
A,V97043,F,NL,2014,65.20 ,65.2,,survival_3y,65.2,False
A,V97043,F,NO,2014,57.06 ,57.06,,survival_3y,57.06,False
A,V97043,F,PL,2014,44.83 ,44.83,,survival_3y,44.83,False
A,V97043,F,PT,2014,43.36 b,43.36,b,survival_3y,43.36,False
A,V97043,F,RO,2014,51.16 b,51.16,b,survival_3y,51.16,False
A,V97043,F,SE,2014,74.31 ,74.31,,survival_3y,74.31,False
A,V97043,F,SI,2014,59.09 ,59.09,,survival_3y,59.09,False
A,V97043,F,SK,2014,49.50 ,49.5,,survival_3y,49.5,False
A,V97043,G,AT,2014,60.76 ,60.76,,survival_3y,60.76,False
A,V97043,G,BE,2014,71.63 ,71.63,,survival_3y,71.63,False
A,V97043,G,BG,2014,56.32 ,56.32,,survival_3y,56.32,False
A,V97043,G,CZ,2014,50.74 ,50.74,,survival_3y,50.74,False
A,V97043,G,DE,2014,52.05 ,52.05,,survival_3y,52.05,False
A,V97043,G,EE,2014,58.39 ,58.39,,survival_3y,58.39,False
A,V97043,G,ES,2014,51.66 ,51.66,,survival_3y,51.66,False
A,V97043,G,FI,2014,41.05 ,41.05,,survival_3y,41.05,False
A,V97043,G,FR,2014,55.27 b,55.27,b,survival_3y,55.27,False
A,V97043,G,HU,2014,49.49 ,49.49,,survival_3y,49.49,False
A,V97043,G,IT,2014,55.18 ,55.18,,survival_3y,55.18,False
A,V97043,G,LV,2014,54.76 ,54.76,,survival_3y,54.76,False
A,V97043,G,NL,2014,55.57 ,55.57,,survival_3y,55.57,False
A,V97043,G,NO,2014,56.07 ,56.07,,survival_3y,56.07,False
A,V97043,G,PL,2014,48.90 ,48.9,,survival_3y,48.9,False
A,V97043,G,PT,2014,45.34 b,45.34,b,survival_3y,45.34,False
A,V97043,G,RO,2014,53.43 b,53.43,b,survival_3y,53.43,False
A,V97043,G,SE,2014,68.82 ,68.82,,survival_3y,68.82,False
A,V97043,G,SI,2014,60.18 ,60.18,,survival_3y,60.18,False
A,V97043,G,SK,2014,49.65 ,49.65,,survival_3y,49.65,False
A,V97043,H,AT,2014,56.90 ,56.9,,survival_3y,56.9,False
A,V97043,H,BE,2014,71.52 ,71.52,,survival_3y,71.52,False
A,V97043,H,BG,2014,69.40 ,69.4,,survival_3y,69.4,False
A,V97043,H,CZ,2014,59.79 ,59.79,,survival_3y,59.79,False
A,V97043,H,DE,2014,52.43 ,52.43,,survival_3y,52.43,False
A,V97043,H,EE,2014,64.64 ,64.64,,survival_3y,64.64,False
A,V97043,H,ES,2014,61.80 ,61.8,,survival_3y,61.8,False
A,V97043,H,FI,2014,66.36 ,66.36,,survival_3y,66.36,False
A,V97043,H,FR,2014,74.16 b,74.16,b,survival_3y,74.16,False
A,V97043,H,HU,2014,51.66 ,51.66,,survival_3y,51.66,False
A,V97043,H,IT,2014,66.51 ,66.51,,survival_3y,66.51,False
A,V97043,H,LV,2014,56.86 ,56.86,,survival_3y,56.86,False
A,V97043,H,NL,2014,57.36 ,57.36,,survival_3y,57.36,False
A,V97043,H,NO,2014,59.87 ,59.87,,survival_3y,59.87,False
A,V97043,H,PL,2014,59.80 ,59.8,,survival_3y,59.8,False
A,V97043,H,PT,2014,55.94 b,55.94,b,survival_3y,55.94,False
A,V97043,H,RO,2014,67.72 b,67.72,b,survival_3y,67.72,False
A,V97043,H,SE,2014,76.52 ,76.52,,survival_3y,76.52,False
A,V97043,H,SI,2014,63.13 ,63.13,,survival_3y,63.13,False
A,V97043,H,SK,2014,52.48 ,52.48,,survival_3y,52.48,False
A,V97043,I,AT,2014,57.06 ,57.06,,survival_3y,57.06,False
A,V97043,I,BE,2014,63.44 ,63.44,,survival_3y,63.44,False
A,V97043,I,BG,2014,47.06 ,47.06,,survival_3y,47.06,False
A,V97043,I,CZ,2014,52.67 ,52.67,,survival_3y,52.67,False
A,V97043,I,DE,2014,46.76 ,46.76,,survival_3y,46.76,False
A,V97043,I,EE,2014,56.12 ,56.12,,survival_3y,56.12,False
A,V97043,I,ES,2014,44.03 ,44.03,,survival_3y,44.03,False
A,V97043,I,FI,2014,46.86 ,46.86,,survival_3y,46.86,False
A,V97043,I,FR,2014,65.57 b,65.57,b,survival_3y,65.57,False
A,V97043,I,HU,2014,44.68 ,44.68,,survival_3y,44.68,False
A,V97043,I,IT,2014,59.92 ,59.92,,survival_3y,59.92,False
A,V97043,I,LV,2014,58.23 ,58.23,,survival_3y,58.23,False
A,V97043,I,NL,2014,60.40 ,60.4,,survival_3y,60.4,False
A,V97043,I,NO,2014,52.20 ,52.2,,survival_3y,52.2,False
A,V97043,I,PL,2014,47.25 ,47.25,,survival_3y,47.25,False
A,V97043,I,PT,2014,42.84 b,42.84,b,survival_3y,42.84,False
A,V97043,I,RO,2014,48.40 b,48.4,b,survival_3y,48.4,False
A,V97043,I,SE,2014,62.94 ,62.94,,survival_3y,62.94,False
A,V97043,I,SI,2014,53.51 ,53.51,,survival_3y,53.51,False
A,V97043,I,SK,2014,52.92 ,52.92,,survival_3y,52.92,False
A,V97043,J,AT,2014,69.05 ,69.05,,survival_3y,69.05,False
A,V97043,J,BE,2014,73.03 ,73.03,,survival_3y,73.03,False
A,V97043,J,BG,2014,69.36 ,69.36,,survival_3y,69.36,False
A,V97043,J,CZ,2014,59.13 ,59.13,,survival_3y,59.13,False
A,V97043,J,DE,2014,53.41 ,53.41,,survival_3y,53.41,False
A,V97043,J,EE,2014,60.70 ,60.7,,survival_3y,60.7,False
A,V97043,J,ES,2014,51.91 ,51.91,,survival_3y,51.91,False
A,V97043,J,FI,2014,45.38 ,45.38,,survival_3y,45.38,False
A,V97043,J,FR,2014,53.62 b,53.62,b,survival_3y,53.62,False
A,V97043,J,HU,2014,57.51 ,57.51,,survival_3y,57.51,False
A,V97043,J,IT,2014,55.87 ,55.87,,survival_3y,55.87,False
A,V97043,J,LV,2014,70.79 ,70.79,,survival_3y,70.79,False
A,V97043,J,NL,2014,71.49 ,71.49,,survival_3y,71.49,False
A,V97043,J,NO,2014,52.06 ,52.06,,survival_3y,52.06,False
A,V97043,J,PL,2014,63.25 ,63.25,,survival_3y,63.25,False
A,V97043,J,PT,2014,47.45 b,47.45,b,survival_3y,47.45,False
A,V97043,J,RO,2014,55.38 b,55.38,b,survival_3y,55.38,False
A,V97043,J,SE,2014,77.73 ,77.73,,survival_3y,77.73,False
A,V97043,J,SI,2014,65.29 ,65.29,,survival_3y,65.29,False
A,V97043,J,SK,2014,56.33 ,56.33,,survival_3y,56.33,False
A,V97043,L,AT,2014,76.20 ,76.2,,survival_3y,76.2,False
A,V97043,L,BE,2014,85.04 ,85.04,,survival_3y,85.04,False
A,V97043,L,BG,2014,46.59 ,46.59,,survival_3y,46.59,False
A,V97043,L,CZ,2014,54.46 ,54.46,,survival_3y,54.46,False
A,V97043,L,DE,2014,32.28 ,32.28,,survival_3y,32.28,False
A,V97043,L,EE,2014,59.61 ,59.61,,survival_3y,59.61,False
A,V97043,L,ES,2014,74.40 ,74.4,,survival_3y,74.4,False
A,V97043,L,FI,2014,22.09 ,22.09,,survival_3y,22.09,False
A,V97043,L,FR,2014,69.32 b,69.32,b,survival_3y,69.32,False
A,V97043,L,HU,2014,55.15 ,55.15,,survival_3y,55.15,False
A,V97043,L,IT,2014,58.40 ,58.4,,survival_3y,58.4,False
A,V97043,L,LV,2014,57.49 ,57.49,,survival_3y,57.49,False
A,V97043,L,NL,2014,69.10 ,69.1,,survival_3y,69.1,False
A,V97043,L,NO,2014,66.80 ,66.8,,survival_3y,66.8,False
A,V97043,L,PL,2014,65.93 ,65.93,,survival_3y,65.93,False
A,V97043,L,PT,2014,56.59 b,56.59,b,survival_3y,56.59,False
A,V97043,L,RO,2014,58.73 b,58.73,b,survival_3y,58.73,False
A,V97043,L,SE,2014,84.88 ,84.88,,survival_3y,84.88,False
A,V97043,L,SI,2014,68.25 ,68.25,,survival_3y,68.25,False
A,V97043,L,SK,2014,43.99 ,43.99,,survival_3y,43.99,False
A,V97043,M,AT,2014,63.13 ,63.13,,survival_3y,63.13,False
A,V97043,M,BE,2014,81.62 ,81.62,,survival_3y,81.62,False
A,V97043,M,BG,2014,67.39 ,67.39,,survival_3y,67.39,False
A,V97043,M,CZ,2014,59.35 ,59.35,,survival_3y,59.35,False
A,V97043,M,DE,2014,53.81 ,53.81,,survival_3y,53.81,False
A,V97043,M,EE,2014,63.37 ,63.37,,survival_3y,63.37,False
A,V97043,M,ES,2014,55.40 ,55.4,,survival_3y,55.4,False
A,V97043,M,FI,2014,48.93 ,48.93,,survival_3y,48.93,False
A,V97043,M,FR,2014,57.91 b,57.91,b,survival_3y,57.91,False
A,V97043,M,HU,2014,57.25 ,57.25,,survival_3y,57.25,False
A,V97043,M,IT,2014,46.77 ,46.77,,survival_3y,46.77,False
A,V97043,M,LV,2014,70.57 ,70.57,,survival_3y,70.57,False
A,V97043,M,NL,2014,72.50 ,72.5,,survival_3y,72.5,False
A,V97043,M,NO,2014,51.57 ,51.57,,survival_3y,51.57,False
A,V97043,M,PL,2014,65.94 ,65.94,,survival_3y,65.94,False
A,V97043,M,PT,2014,44.83 b,44.83,b,survival_3y,44.83,False
A,V97043,M,RO,2014,39.24 b,39.24,b,survival_3y,39.24,False
A,V97043,M,SE,2014,77.64 ,77.64,,survival_3y,77.64,False
A,V97043,M,SI,2014,65.31 ,65.31,,survival_3y,65.31,False
A,V97043,M,SK,2014,55.71 ,55.71,,survival_3y,55.71,False
A,V97043,N,AT,2014,54.34 ,54.34,,survival_3y,54.34,False
A,V97043,N,BE,2014,74.14 ,74.14,,survival_3y,74.14,False
A,V97043,N,BG,2014,67.21 ,67.21,,survival_3y,67.21,False
A,V97043,N,CZ,2014,55.91 ,55.91,,survival_3y,55.91,False
A,V97043,N,DE,2014,54.68 ,54.68,,survival_3y,54.68,False
A,V97043,N,EE,2014,54.58 ,54.58,,survival_3y,54.58,False
A,V97043,N,ES,2014,53.31 ,53.31,,survival_3y,53.31,False
A,V97043,N,FI,2014,49.48 ,49.48,,survival_3y,49.48,False
A,V97043,N,FR,2014,56.43 b,56.43,b,survival_3y,56.43,False
A,V97043,N,HU,2014,43.85 ,43.85,,survival_3y,43.85,False
A,V97043,N,IT,2014,54.60 ,54.6,,survival_3y,54.6,False
A,V97043,N,LV,2014,60.53 ,60.53,,survival_3y,60.53,False
A,V97043,N,NL,2014,60.72 ,60.72,,survival_3y,60.72,False
A,V97043,N,NO,2014,53.73 ,53.73,,survival_3y,53.73,False
A,V97043,N,PL,2014,50.25 ,50.25,,survival_3y,50.25,False
A,V97043,N,PT,2014,25.15 b,25.15,b,survival_3y,25.15,False
A,V97043,N,RO,2014,54.87 b,54.87,b,survival_3y,54.87,False
A,V97043,N,SE,2014,68.26 ,68.26,,survival_3y,68.26,False
A,V97043,N,SI,2014,57.25 ,57.25,,survival_3y,57.25,False
A,V97043,N,SK,2014,51.63 ,51.63,,survival_3y,51.63,False
A,V97020,B,AT,2015,4.04 ,4.04,,birth_rate,4.04,False
A,V97020,B,BE,2015,3.45 ,3.45,,birth_rate,3.45,False
A,V97020,B,BG,2015,7.24 ,7.24,,birth_rate,7.24,False
A,V97020,B,CZ,2015,8.83 ,8.83,,birth_rate,8.83,False
A,V97020,B,DE,2015,2.95 ,2.95,,birth_rate,2.95,False
A,V97020,B,EE,2015,2.07 ,2.07,,birth_rate,2.07,False
A,V97020,B,ES,2015,3.50 ,3.5,,birth_rate,3.5,False
A,V97020,B,FI,2015,4.12 ,4.12,,birth_rate,4.12,False
A,V97020,B,FR,2015,3.61 ,3.61,,birth_rate,3.61,False
A,V97020,B,HU,2015,6.68 ,6.68,,birth_rate,6.68,False
A,V97020,B,IT,2015,3.12 ,3.12,,birth_rate,3.12,False
A,V97020,B,LV,2015,20.90 ,20.9,,birth_rate,20.9,False
A,V97020,B,NL,2015,10.13 ,10.13,,birth_rate,10.13,False
A,V97020,B,NO,2015,6.80 ,6.8,,birth_rate,6.8,False
A,V97020,B,PL,2015,9.06 ,9.06,,birth_rate,9.06,False
A,V97020,B,PT,2015,6.19 ,6.19,,birth_rate,6.19,False
A,V97020,B,RO,2015,7.18 ,7.18,,birth_rate,7.18,False
A,V97020,B,SE,2015,2.25 ,2.25,,birth_rate,2.25,False
A,V97020,B,SI,2015,5.00 ,5.0,,birth_rate,5.0,False
A,V97020,B,SK,2015,11.11 ,11.11,,birth_rate,11.11,False
A,V97020,C,AT,2015,4.37 ,4.37,,birth_rate,4.37,False
A,V97020,C,BE,2015,4.66 ,4.66,,birth_rate,4.66,False
A,V97020,C,BG,2015,8.67 ,8.67,,birth_rate,8.67,False
A,V97020,C,CZ,2015,8.85 ,8.85,,birth_rate,8.85,False
A,V97020,C,DE,2015,3.70 ,3.7,,birth_rate,3.7,False
A,V97020,C,EE,2015,9.18 ,9.18,,birth_rate,9.18,False
A,V97020,C,ES,2015,6.25 ,6.25,,birth_rate,6.25,False
A,V97020,C,FI,2015,4.53 ,4.53,,birth_rate,4.53,False
A,V97020,C,FR,2015,7.06 ,7.06,,birth_rate,7.06,False
A,V97020,C,HU,2015,8.05 ,8.05,,birth_rate,8.05,False
A,V97020,C,IT,2015,4.91 ,4.91,,birth_rate,4.91,False
A,V97020,C,LV,2015,15.02 ,15.02,,birth_rate,15.02,False
A,V97020,C,NL,2015,7.47 ,7.47,,birth_rate,7.47,False
A,V97020,C,NO,2015,7.22 ,7.22,,birth_rate,7.22,False
A,V97020,C,PL,2015,9.83 ,9.83,,birth_rate,9.83,False
A,V97020,C,PT,2015,9.78 ,9.78,,birth_rate,9.78,False
A,V97020,C,RO,2015,10.13 ,10.13,,birth_rate,10.13,False
A,V97020,C,SE,2015,5.23 ,5.23,,birth_rate,5.23,False
A,V97020,C,SI,2015,7.03 ,7.03,,birth_rate,7.03,False
A,V97020,C,SK,2015,10.04 ,10.04,,birth_rate,10.04,False
A,V97020,D,AT,2015,5.92 ,5.92,,birth_rate,5.92,False
A,V97020,D,BE,2015,4.99 ,4.99,,birth_rate,4.99,False
A,V97020,D,BG,2015,3.23 ,3.23,,birth_rate,3.23,False
A,V97020,D,CZ,2015,3.54 ,3.54,,birth_rate,3.54,False
A,V97020,D,DE,2015,8.70 ,8.7,,birth_rate,8.7,False
A,V97020,D,EE,2015,3.40 ,3.4,,birth_rate,3.4,False
A,V97020,D,ES,2015,0.24 ,0.24,,birth_rate,0.24,False
A,V97020,D,FI,2015,4.22 ,4.22,,birth_rate,4.22,False
A,V97020,D,FR,2015,6.41 ,6.41,,birth_rate,6.41,False
A,V97020,D,HU,2015,9.33 ,9.33,,birth_rate,9.33,False
A,V97020,D,IT,2015,4.44 ,4.44,,birth_rate,4.44,False
A,V97020,D,LV,2015,8.26 ,8.26,,birth_rate,8.26,False
A,V97020,D,NL,2015,10.97 ,10.97,,birth_rate,10.97,False
A,V97020,D,NO,2015,3.16 ,3.16,,birth_rate,3.16,False
A,V97020,D,PL,2015,11.93 ,11.93,,birth_rate,11.93,False
A,V97020,D,PT,2015,25.48 ,25.48,,birth_rate,25.48,False
A,V97020,D,RO,2015,13.39 ,13.39,,birth_rate,13.39,False
A,V97020,D,SE,2015,16.23 ,16.23,,birth_rate,16.23,False
A,V97020,D,SI,2015,3.09 ,3.09,,birth_rate,3.09,False
A,V97020,D,SK,2015,7.20 ,7.2,,birth_rate,7.2,False
A,V97020,E,AT,2015,2.68 ,2.68,,birth_rate,2.68,False
A,V97020,E,BE,2015,4.82 ,4.82,,birth_rate,4.82,False
A,V97020,E,BG,2015,12.34 ,12.34,,birth_rate,12.34,False
A,V97020,E,CZ,2015,6.36 ,6.36,,birth_rate,6.36,False
A,V97020,E,DE,2015,3.05 ,3.05,,birth_rate,3.05,False
A,V97020,E,EE,2015,5.75 ,5.75,,birth_rate,5.75,False
A,V97020,E,ES,2015,5.02 ,5.02,,birth_rate,5.02,False
A,V97020,E,FI,2015,3.47 ,3.47,,birth_rate,3.47,False
A,V97020,E,FR,2015,8.44 ,8.44,,birth_rate,8.44,False
A,V97020,E,HU,2015,6.61 ,6.61,,birth_rate,6.61,False
A,V97020,E,IT,2015,4.76 ,4.76,,birth_rate,4.76,False
A,V97020,E,LV,2015,9.09 ,9.09,,birth_rate,9.09,False
A,V97020,E,NL,2015,15.17 ,15.17,,birth_rate,15.17,False
A,V97020,E,NO,2015,5.46 ,5.46,,birth_rate,5.46,False
A,V97020,E,PL,2015,9.01 ,9.01,,birth_rate,9.01,False
A,V97020,E,PT,2015,13.23 ,13.23,,birth_rate,13.23,False
A,V97020,E,RO,2015,11.78 ,11.78,,birth_rate,11.78,False
A,V97020,E,SE,2015,5.64 ,5.64,,birth_rate,5.64,False
A,V97020,E,SI,2015,5.48 ,5.48,,birth_rate,5.48,False
A,V97020,E,SK,2015,15.22 ,15.22,,birth_rate,15.22,False
A,V97020,F,AT,2015,7.40 ,7.4,,birth_rate,7.4,False
A,V97020,F,BE,2015,7.19 ,7.19,,birth_rate,7.19,False
A,V97020,F,BG,2015,14.55 ,14.55,,birth_rate,14.55,False
A,V97020,F,CZ,2015,7.86 ,7.86,,birth_rate,7.86,False
A,V97020,F,DE,2015,6.23 ,6.23,,birth_rate,6.23,False
A,V97020,F,EE,2015,10.88 ,10.88,,birth_rate,10.88,False
A,V97020,F,ES,2015,8.87 ,8.87,,birth_rate,8.87,False
A,V97020,F,FI,2015,5.88 ,5.88,,birth_rate,5.88,False
A,V97020,F,FR,2015,8.63 ,8.63,,birth_rate,8.63,False
A,V97020,F,HU,2015,11.29 ,11.29,,birth_rate,11.29,False
A,V97020,F,IT,2015,7.33 ,7.33,,birth_rate,7.33,False
A,V97020,F,LV,2015,26.25 ,26.25,,birth_rate,26.25,False
A,V97020,F,NL,2015,8.54 ,8.54,,birth_rate,8.54,False
A,V97020,F,NO,2015,9.30 ,9.3,,birth_rate,9.3,False
A,V97020,F,PL,2015,14.97 ,14.97,,birth_rate,14.97,False
A,V97020,F,PT,2015,11.90 ,11.9,,birth_rate,11.9,False
A,V97020,F,RO,2015,13.42 ,13.42,,birth_rate,13.42,False
A,V97020,F,SE,2015,7.12 ,7.12,,birth_rate,7.12,False
A,V97020,F,SI,2015,8.74 ,8.74,,birth_rate,8.74,False
A,V97020,F,SK,2015,10.75 ,10.75,,birth_rate,10.75,False
A,V97020,G,AT,2015,7.31 ,7.31,,birth_rate,7.31,False
A,V97020,G,BE,2015,5.61 ,5.61,,birth_rate,5.61,False
A,V97020,G,BG,2015,11.72 ,11.72,,birth_rate,11.72,False
A,V97020,G,CZ,2015,9.36 ,9.36,,birth_rate,9.36,False
A,V97020,G,DE,2015,6.58 ,6.58,,birth_rate,6.58,False
A,V97020,G,EE,2015,9.83 ,9.83,,birth_rate,9.83,False
A,V97020,G,ES,2015,9.08 ,9.08,,birth_rate,9.08,False
A,V97020,G,FI,2015,6.49 ,6.49,,birth_rate,6.49,False
A,V97020,G,FR,2015,8.57 ,8.57,,birth_rate,8.57,False
A,V97020,G,HU,2015,9.25 ,9.25,,birth_rate,9.25,False
A,V97020,G,IT,2015,6.99 ,6.99,,birth_rate,6.99,False
A,V97020,G,LV,2015,14.51 ,14.51,,birth_rate,14.51,False
A,V97020,G,NL,2015,10.03 ,10.03,,birth_rate,10.03,False
A,V97020,G,NO,2015,8.14 ,8.14,,birth_rate,8.14,False
A,V97020,G,PL,2015,10.49 ,10.49,,birth_rate,10.49,False
A,V97020,G,PT,2015,11.71 ,11.71,,birth_rate,11.71,False
A,V97020,G,RO,2015,10.43 ,10.43,,birth_rate,10.43,False
A,V97020,G,SE,2015,7.50 ,7.5,,birth_rate,7.5,False
A,V97020,G,SI,2015,9.40 ,9.4,,birth_rate,9.4,False
A,V97020,G,SK,2015,9.18 ,9.18,,birth_rate,9.18,False
A,V97020,H,AT,2015,7.84 ,7.84,,birth_rate,7.84,False
A,V97020,H,BE,2015,6.28 ,6.28,,birth_rate,6.28,False
A,V97020,H,BG,2015,12.85 ,12.85,,birth_rate,12.85,False
A,V97020,H,CZ,2015,5.95 ,5.95,,birth_rate,5.95,False
A,V97020,H,DE,2015,6.91 ,6.91,,birth_rate,6.91,False
A,V97020,H,EE,2015,9.13 ,9.13,,birth_rate,9.13,False
A,V97020,H,ES,2015,5.69 ,5.69,,birth_rate,5.69,False
A,V97020,H,FI,2015,2.66 ,2.66,,birth_rate,2.66,False
A,V97020,H,FR,2015,14.20 ,14.2,,birth_rate,14.2,False
A,V97020,H,HU,2015,9.02 ,9.02,,birth_rate,9.02,False
A,V97020,H,IT,2015,5.76 ,5.76,,birth_rate,5.76,False
A,V97020,H,LV,2015,14.48 ,14.48,,birth_rate,14.48,False
A,V97020,H,NL,2015,9.02 ,9.02,,birth_rate,9.02,False
A,V97020,H,NO,2015,6.97 ,6.97,,birth_rate,6.97,False
A,V97020,H,PL,2015,11.69 ,11.69,,birth_rate,11.69,False
A,V97020,H,PT,2015,7.05 ,7.05,,birth_rate,7.05,False
A,V97020,H,RO,2015,11.03 ,11.03,,birth_rate,11.03,False
A,V97020,H,SE,2015,5.25 ,5.25,,birth_rate,5.25,False
A,V97020,H,SI,2015,8.84 ,8.84,,birth_rate,8.84,False
A,V97020,H,SK,2015,14.16 ,14.16,,birth_rate,14.16,False
A,V97020,I,AT,2015,6.90 ,6.9,,birth_rate,6.9,False
A,V97020,I,BE,2015,8.98 ,8.98,,birth_rate,8.98,False
A,V97020,I,BG,2015,13.76 ,13.76,,birth_rate,13.76,False
A,V97020,I,CZ,2015,8.11 ,8.11,,birth_rate,8.11,False
A,V97020,I,DE,2015,7.94 ,7.94,,birth_rate,7.94,False
A,V97020,I,EE,2015,10.36 ,10.36,,birth_rate,10.36,False
A,V97020,I,ES,2015,11.01 ,11.01,,birth_rate,11.01,False
A,V97020,I,FI,2015,8.01 ,8.01,,birth_rate,8.01,False
A,V97020,I,FR,2015,8.16 ,8.16,,birth_rate,8.16,False
A,V97020,I,HU,2015,10.74 ,10.74,,birth_rate,10.74,False
A,V97020,I,IT,2015,8.51 ,8.51,,birth_rate,8.51,False
A,V97020,I,LV,2015,17.44 ,17.44,,birth_rate,17.44,False
A,V97020,I,NL,2015,9.43 ,9.43,,birth_rate,9.43,False
A,V97020,I,NO,2015,7.69 ,7.69,,birth_rate,7.69,False
A,V97020,I,PL,2015,14.74 ,14.74,,birth_rate,14.74,False
A,V97020,I,PT,2015,19.99 ,19.99,,birth_rate,19.99,False
A,V97020,I,RO,2015,14.10 ,14.1,,birth_rate,14.1,False
A,V97020,I,SE,2015,8.44 ,8.44,,birth_rate,8.44,False
A,V97020,I,SI,2015,14.71 ,14.71,,birth_rate,14.71,False
A,V97020,I,SK,2015,11.89 ,11.89,,birth_rate,11.89,False
A,V97020,J,AT,2015,7.52 ,7.52,,birth_rate,7.52,False
A,V97020,J,BE,2015,9.06 ,9.06,,birth_rate,9.06,False
A,V97020,J,BG,2015,15.06 ,15.06,,birth_rate,15.06,False
A,V97020,J,CZ,2015,9.63 ,9.63,,birth_rate,9.63,False
A,V97020,J,DE,2015,9.54 ,9.54,,birth_rate,9.54,False
A,V97020,J,EE,2015,12.77 ,12.77,,birth_rate,12.77,False
A,V97020,J,ES,2015,12.74 ,12.74,,birth_rate,12.74,False
A,V97020,J,FI,2015,8.97 ,8.97,,birth_rate,8.97,False
A,V97020,J,FR,2015,12.33 ,12.33,,birth_rate,12.33,False
A,V97020,J,HU,2015,11.86 ,11.86,,birth_rate,11.86,False
A,V97020,J,IT,2015,9.81 ,9.81,,birth_rate,9.81,False
A,V97020,J,LV,2015,20.97 ,20.97,,birth_rate,20.97,False
A,V97020,J,NL,2015,10.49 ,10.49,,birth_rate,10.49,False
A,V97020,J,NO,2015,13.30 ,13.3,,birth_rate,13.3,False
A,V97020,J,PL,2015,15.63 ,15.63,,birth_rate,15.63,False
A,V97020,J,PT,2015,17.27 ,17.27,,birth_rate,17.27,False
A,V97020,J,RO,2015,16.57 ,16.57,,birth_rate,16.57,False
A,V97020,J,SE,2015,8.15 ,8.15,,birth_rate,8.15,False
A,V97020,J,SI,2015,13.84 ,13.84,,birth_rate,13.84,False
A,V97020,J,SK,2015,12.96 ,12.96,,birth_rate,12.96,False
A,V97020,L,AT,2015,4.84 ,4.84,,birth_rate,4.84,False
A,V97020,L,BE,2015,4.09 ,4.09,,birth_rate,4.09,False
A,V97020,L,BG,2015,11.20 ,11.2,,birth_rate,11.2,False
A,V97020,L,CZ,2015,7.03 ,7.03,,birth_rate,7.03,False
A,V97020,L,DE,2015,7.02 ,7.02,,birth_rate,7.02,False
A,V97020,L,EE,2015,7.97 ,7.97,,birth_rate,7.97,False
A,V97020,L,ES,2015,9.01 ,9.01,,birth_rate,9.01,False
A,V97020,L,FI,2015,7.56 ,7.56,,birth_rate,7.56,False
A,V97020,L,FR,2015,7.07 ,7.07,,birth_rate,7.07,False
A,V97020,L,HU,2015,12.05 ,12.05,,birth_rate,12.05,False
A,V97020,L,IT,2015,3.52 ,3.52,,birth_rate,3.52,False
A,V97020,L,LV,2015,13.00 ,13.0,,birth_rate,13.0,False
A,V97020,L,NL,2015,6.83 ,6.83,,birth_rate,6.83,False
A,V97020,L,NO,2015,4.87 ,4.87,,birth_rate,4.87,False
A,V97020,L,PL,2015,10.14 ,10.14,,birth_rate,10.14,False
A,V97020,L,PT,2015,13.87 ,13.87,,birth_rate,13.87,False
A,V97020,L,RO,2015,10.95 ,10.95,,birth_rate,10.95,False
A,V97020,L,SE,2015,6.18 ,6.18,,birth_rate,6.18,False
A,V97020,L,SI,2015,10.14 ,10.14,,birth_rate,10.14,False
A,V97020,L,SK,2015,17.35 ,17.35,,birth_rate,17.35,False
A,V97020,M,AT,2015,6.17 ,6.17,,birth_rate,6.17,False
A,V97020,M,BE,2015,6.23 ,6.23,,birth_rate,6.23,False
A,V97020,M,BG,2015,11.95 ,11.95,,birth_rate,11.95,False
A,V97020,M,CZ,2015,8.00 ,8.0,,birth_rate,8.0,False
A,V97020,M,DE,2015,7.77 ,7.77,,birth_rate,7.77,False
A,V97020,M,EE,2015,9.94 ,9.94,,birth_rate,9.94,False
A,V97020,M,ES,2015,9.12 ,9.12,,birth_rate,9.12,False
A,V97020,M,FI,2015,7.84 ,7.84,,birth_rate,7.84,False
A,V97020,M,FR,2015,11.77 ,11.77,,birth_rate,11.77,False
A,V97020,M,HU,2015,10.16 ,10.16,,birth_rate,10.16,False
A,V97020,M,IT,2015,9.04 ,9.04,,birth_rate,9.04,False
A,V97020,M,LV,2015,17.22 ,17.22,,birth_rate,17.22,False
A,V97020,M,NL,2015,10.50 ,10.5,,birth_rate,10.5,False
A,V97020,M,NO,2015,12.73 ,12.73,,birth_rate,12.73,False
A,V97020,M,PL,2015,12.03 ,12.03,,birth_rate,12.03,False
A,V97020,M,PT,2015,13.03 ,13.03,,birth_rate,13.03,False
A,V97020,M,RO,2015,11.52 ,11.52,,birth_rate,11.52,False
A,V97020,M,SE,2015,7.18 ,7.18,,birth_rate,7.18,False
A,V97020,M,SI,2015,12.86 ,12.86,,birth_rate,12.86,False
A,V97020,M,SK,2015,13.61 ,13.61,,birth_rate,13.61,False
A,V97020,N,AT,2015,11.14 ,11.14,,birth_rate,11.14,False
A,V97020,N,BE,2015,7.40 ,7.4,,birth_rate,7.4,False
A,V97020,N,BG,2015,12.33 ,12.33,,birth_rate,12.33,False
A,V97020,N,CZ,2015,7.92 ,7.92,,birth_rate,7.92,False
A,V97020,N,DE,2015,9.59 ,9.59,,birth_rate,9.59,False
A,V97020,N,EE,2015,15.45 ,15.45,,birth_rate,15.45,False
A,V97020,N,ES,2015,12.81 ,12.81,,birth_rate,12.81,False
A,V97020,N,FI,2015,7.93 ,7.93,,birth_rate,7.93,False
A,V97020,N,FR,2015,11.27 ,11.27,,birth_rate,11.27,False
A,V97020,N,HU,2015,13.52 ,13.52,,birth_rate,13.52,False
A,V97020,N,IT,2015,11.13 ,11.13,,birth_rate,11.13,False
A,V97020,N,LV,2015,24.43 ,24.43,,birth_rate,24.43,False
A,V97020,N,NL,2015,11.52 ,11.52,,birth_rate,11.52,False
A,V97020,N,NO,2015,13.36 ,13.36,,birth_rate,13.36,False
A,V97020,N,PL,2015,17.10 ,17.1,,birth_rate,17.1,False
A,V97020,N,PT,2015,28.62 ,28.62,,birth_rate,28.62,False
A,V97020,N,RO,2015,12.95 ,12.95,,birth_rate,12.95,False
A,V97020,N,SE,2015,9.33 ,9.33,,birth_rate,9.33,False
A,V97020,N,SI,2015,17.22 ,17.22,,birth_rate,17.22,False
A,V97020,N,SK,2015,18.57 ,18.57,,birth_rate,18.57,False
A,V97030,B,AT,2015,3.03 ,3.03,,death_rate,3.03,False
A,V97030,B,BE,2015,0.00 ,0.0,,death_rate,0.0,False
A,V97030,B,BG,2015,10.05 ,10.05,,death_rate,10.05,False
A,V97030,B,CZ,2015,3.64 ,3.64,,death_rate,3.64,False
A,V97030,B,DE,2015,4.26 ,4.26,,death_rate,4.26,False
A,V97030,B,EE,2015,5.52 ,5.52,,death_rate,5.52,False
A,V97030,B,ES,2015,6.97 ,6.97,,death_rate,6.97,False
A,V97030,B,FI,2015,4.12 ,4.12,,death_rate,4.12,False
A,V97030,B,FR,2015,2.91 ,2.91,,death_rate,2.91,False
A,V97030,B,HU,2015,7.88 ,7.88,,death_rate,7.88,False
A,V97030,B,IT,2015,5.34 ,5.34,,death_rate,5.34,False
A,V97030,B,LV,2015,11.57 ,11.57,,death_rate,11.57,False
A,V97030,B,NL,2015,10.34 ,10.34,,death_rate,10.34,False
A,V97030,B,NO,2015,4.83 ,4.83,,death_rate,4.83,False
A,V97030,B,PL,2015,7.62 ,7.62,,death_rate,7.62,False
A,V97030,B,PT,2015,8.16 ,8.16,,death_rate,8.16,False
A,V97030,B,RO,2015,6.34 ,6.34,,death_rate,6.34,False
A,V97030,B,SE,2015,4.37 ,4.37,,death_rate,4.37,False
A,V97030,B,SI,2015,3.00 ,3.0,,death_rate,3.0,False
A,V97030,B,SK,2015,4.89 ,4.89,,death_rate,4.89,False
A,V97030,C,AT,2015,3.42 ,3.42,,death_rate,3.42,False
A,V97030,C,BE,2015,2.58 ,2.58,,death_rate,2.58,False
A,V97030,C,BG,2015,7.44 ,7.44,,death_rate,7.44,False
A,V97030,C,CZ,2015,7.15 ,7.15,,death_rate,7.15,False
A,V97030,C,DE,2015,5.06 ,5.06,,death_rate,5.06,False
A,V97030,C,EE,2015,6.32 ,6.32,,death_rate,6.32,False
A,V97030,C,ES,2015,6.97 ,6.97,,death_rate,6.97,False
A,V97030,C,FI,2015,5.69 ,5.69,,death_rate,5.69,False
A,V97030,C,FR,2015,4.37 ,4.37,,death_rate,4.37,False
A,V97030,C,HU,2015,6.13 ,6.13,,death_rate,6.13,False
A,V97030,C,IT,2015,5.66 ,5.66,,death_rate,5.66,False
A,V97030,C,LV,2015,5.44 ,5.44,,death_rate,5.44,False
A,V97030,C,NL,2015,4.71 ,4.71,,death_rate,4.71,False
A,V97030,C,NO,2015,5.87 ,5.87,,death_rate,5.87,False
A,V97030,C,PL,2015,7.91 ,7.91,,death_rate,7.91,False
A,V97030,C,PT,2015,8.46 ,8.46,,death_rate,8.46,False
A,V97030,C,RO,2015,6.83 ,6.83,,death_rate,6.83,False
A,V97030,C,SE,2015,5.06 ,5.06,,death_rate,5.06,False
A,V97030,C,SI,2015,6.80 ,6.8,,death_rate,6.8,False
A,V97030,C,SK,2015,9.15 ,9.15,,death_rate,9.15,False
A,V97030,D,AT,2015,2.55 ,2.55,,death_rate,2.55,False
A,V97030,D,BE,2015,1.36 ,1.36,,death_rate,1.36,False
A,V97030,D,BG,2015,6.41 ,6.41,,death_rate,6.41,False
A,V97030,D,CZ,2015,3.01 ,3.01,,death_rate,3.01,False
A,V97030,D,DE,2015,6.82 ,6.82,,death_rate,6.82,False
A,V97030,D,EE,2015,1.70 ,1.7,,death_rate,1.7,False
A,V97030,D,ES,2015,1.49 ,1.49,,death_rate,1.49,False
A,V97030,D,FI,2015,3.78 ,3.78,,death_rate,3.78,False
A,V97030,D,FR,2015,2.12 ,2.12,,death_rate,2.12,False
A,V97030,D,HU,2015,8.33 ,8.33,,death_rate,8.33,False
A,V97030,D,IT,2015,2.84 ,2.84,,death_rate,2.84,False
A,V97030,D,LV,2015,1.50 ,1.5,,death_rate,1.5,False
A,V97030,D,NL,2015,6.73 ,6.73,,death_rate,6.73,False
A,V97030,D,NO,2015,2.64 ,2.64,,death_rate,2.64,False
A,V97030,D,PL,2015,11.54 ,11.54,,death_rate,11.54,False
A,V97030,D,PT,2015,5.05 ,5.05,,death_rate,5.05,False
A,V97030,D,RO,2015,13.03 ,13.03,,death_rate,13.03,False
A,V97030,D,SE,2015,2.44 ,2.44,,death_rate,2.44,False
A,V97030,D,SI,2015,5.03 ,5.03,,death_rate,5.03,False
A,V97030,D,SK,2015,1.66 ,1.66,,death_rate,1.66,False
A,V97030,E,AT,2015,2.41 ,2.41,,death_rate,2.41,False
A,V97030,E,BE,2015,2.12 ,2.12,,death_rate,2.12,False
A,V97030,E,BG,2015,9.25 ,9.25,,death_rate,9.25,False
A,V97030,E,CZ,2015,5.91 ,5.91,,death_rate,5.91,False
A,V97030,E,DE,2015,4.16 ,4.16,,death_rate,4.16,False
A,V97030,E,EE,2015,6.07 ,6.07,,death_rate,6.07,False
A,V97030,E,ES,2015,4.20 ,4.2,,death_rate,4.2,False
A,V97030,E,FI,2015,3.33 ,3.33,,death_rate,3.33,False
A,V97030,E,FR,2015,4.53 ,4.53,,death_rate,4.53,False
A,V97030,E,HU,2015,7.51 ,7.51,,death_rate,7.51,False
A,V97030,E,IT,2015,4.20 ,4.2,,death_rate,4.2,False
A,V97030,E,LV,2015,1.65 ,1.65,,death_rate,1.65,False
A,V97030,E,NL,2015,6.48 ,6.48,,death_rate,6.48,False
A,V97030,E,NO,2015,3.58 ,3.58,,death_rate,3.58,False
A,V97030,E,PL,2015,8.15 ,8.15,,death_rate,8.15,False
A,V97030,E,PT,2015,10.46 ,10.46,,death_rate,10.46,False
A,V97030,E,RO,2015,9.08 ,9.08,,death_rate,9.08,False
A,V97030,E,SE,2015,5.50 ,5.5,,death_rate,5.5,False
A,V97030,E,SI,2015,8.45 ,8.45,,death_rate,8.45,False
A,V97030,E,SK,2015,8.09 ,8.09,,death_rate,8.09,False
A,V97030,F,AT,2015,5.20 ,5.2,,death_rate,5.2,False
A,V97030,F,BE,2015,2.85 ,2.85,,death_rate,2.85,False
A,V97030,F,BG,2015,13.40 ,13.4,,death_rate,13.4,False
A,V97030,F,CZ,2015,7.71 ,7.71,,death_rate,7.71,False
A,V97030,F,DE,2015,7.02 ,7.02,,death_rate,7.02,False
A,V97030,F,EE,2015,7.53 ,7.53,,death_rate,7.53,False
A,V97030,F,ES,2015,8.27 ,8.27,,death_rate,8.27,False
A,V97030,F,FI,2015,7.01 ,7.01,,death_rate,7.01,False
A,V97030,F,FR,2015,5.39 ,5.39,,death_rate,5.39,False
A,V97030,F,HU,2015,7.92 ,7.92,,death_rate,7.92,False
A,V97030,F,IT,2015,8.89 ,8.89,,death_rate,8.89,False
A,V97030,F,LV,2015,8.83 ,8.83,,death_rate,8.83,False
A,V97030,F,NL,2015,4.60 ,4.6,,death_rate,4.6,False
A,V97030,F,NO,2015,6.78 ,6.78,,death_rate,6.78,False
A,V97030,F,PL,2015,11.16 ,11.16,,death_rate,11.16,False
A,V97030,F,PT,2015,10.47 ,10.47,,death_rate,10.47,False
A,V97030,F,RO,2015,8.63 ,8.63,,death_rate,8.63,False
A,V97030,F,SE,2015,5.58 ,5.58,,death_rate,5.58,False
A,V97030,F,SI,2015,9.76 ,9.76,,death_rate,9.76,False
A,V97030,F,SK,2015,10.56 ,10.56,,death_rate,10.56,False
A,V97030,G,AT,2015,6.13 ,6.13,,death_rate,6.13,False
A,V97030,G,BE,2015,3.29 ,3.29,,death_rate,3.29,False
A,V97030,G,BG,2015,10.66 ,10.66,,death_rate,10.66,False
A,V97030,G,CZ,2015,8.45 ,8.45,,death_rate,8.45,False
A,V97030,G,DE,2015,7.71 ,7.71,,death_rate,7.71,False
A,V97030,G,EE,2015,7.84 ,7.84,,death_rate,7.84,False
A,V97030,G,ES,2015,9.63 ,9.63,,death_rate,9.63,False
A,V97030,G,FI,2015,8.47 ,8.47,,death_rate,8.47,False
A,V97030,G,FR,2015,5.51 ,5.51,,death_rate,5.51,False
A,V97030,G,HU,2015,8.04 ,8.04,,death_rate,8.04,False
A,V97030,G,IT,2015,7.58 ,7.58,,death_rate,7.58,False
A,V97030,G,LV,2015,3.90 ,3.9,,death_rate,3.9,False
A,V97030,G,NL,2015,7.59 ,7.59,,death_rate,7.59,False
A,V97030,G,NO,2015,6.52 ,6.52,,death_rate,6.52,False
A,V97030,G,PL,2015,9.68 ,9.68,,death_rate,9.68,False
A,V97030,G,PT,2015,11.01 ,11.01,,death_rate,11.01,False
A,V97030,G,RO,2015,8.58 ,8.58,,death_rate,8.58,False
A,V97030,G,SE,2015,7.39 ,7.39,,death_rate,7.39,False
A,V97030,G,SI,2015,9.30 ,9.3,,death_rate,9.3,False
A,V97030,G,SK,2015,8.93 ,8.93,,death_rate,8.93,False
A,V97030,H,AT,2015,6.91 ,6.91,,death_rate,6.91,False
A,V97030,H,BE,2015,3.47 ,3.47,,death_rate,3.47,False
A,V97030,H,BG,2015,8.51 ,8.51,,death_rate,8.51,False
A,V97030,H,CZ,2015,6.61 ,6.61,,death_rate,6.61,False
A,V97030,H,DE,2015,8.05 ,8.05,,death_rate,8.05,False
A,V97030,H,EE,2015,7.66 ,7.66,,death_rate,7.66,False
A,V97030,H,ES,2015,5.91 ,5.91,,death_rate,5.91,False
A,V97030,H,FI,2015,4.57 ,4.57,,death_rate,4.57,False
A,V97030,H,FR,2015,4.93 ,4.93,,death_rate,4.93,False
A,V97030,H,HU,2015,6.71 ,6.71,,death_rate,6.71,False
A,V97030,H,IT,2015,6.63 ,6.63,,death_rate,6.63,False
A,V97030,H,LV,2015,5.23 ,5.23,,death_rate,5.23,False
A,V97030,H,NL,2015,6.66 ,6.66,,death_rate,6.66,False
A,V97030,H,NO,2015,6.13 ,6.13,,death_rate,6.13,False
A,V97030,H,PL,2015,8.45 ,8.45,,death_rate,8.45,False
A,V97030,H,PT,2015,7.33 ,7.33,,death_rate,7.33,False
A,V97030,H,RO,2015,5.79 ,5.79,,death_rate,5.79,False
A,V97030,H,SE,2015,5.68 ,5.68,,death_rate,5.68,False
A,V97030,H,SI,2015,8.18 ,8.18,,death_rate,8.18,False
A,V97030,H,SK,2015,11.06 ,11.06,,death_rate,11.06,False
A,V97030,I,AT,2015,6.40 ,6.4,,death_rate,6.4,False
A,V97030,I,BE,2015,5.49 ,5.49,,death_rate,5.49,False
A,V97030,I,BG,2015,13.85 ,13.85,,death_rate,13.85,False
A,V97030,I,CZ,2015,9.96 ,9.96,,death_rate,9.96,False
A,V97030,I,DE,2015,8.07 ,8.07,,death_rate,8.07,False
A,V97030,I,EE,2015,6.74 ,6.74,,death_rate,6.74,False
A,V97030,I,ES,2015,11.54 ,11.54,,death_rate,11.54,False
A,V97030,I,FI,2015,8.16 ,8.16,,death_rate,8.16,False
A,V97030,I,FR,2015,5.36 ,5.36,,death_rate,5.36,False
A,V97030,I,HU,2015,9.66 ,9.66,,death_rate,9.66,False
A,V97030,I,IT,2015,6.78 ,6.78,,death_rate,6.78,False
A,V97030,I,LV,2015,3.00 ,3.0,,death_rate,3.0,False
A,V97030,I,NL,2015,5.93 ,5.93,,death_rate,5.93,False
A,V97030,I,NO,2015,4.41 ,4.41,,death_rate,4.41,False
A,V97030,I,PL,2015,10.01 ,10.01,,death_rate,10.01,False
A,V97030,I,PT,2015,12.33 ,12.33,,death_rate,12.33,False
A,V97030,I,RO,2015,9.43 ,9.43,,death_rate,9.43,False
A,V97030,I,SE,2015,7.35 ,7.35,,death_rate,7.35,False
A,V97030,I,SI,2015,11.12 ,11.12,,death_rate,11.12,False
A,V97030,I,SK,2015,9.32 ,9.32,,death_rate,9.32,False
A,V97030,J,AT,2015,5.20 ,5.2,,death_rate,5.2,False
A,V97030,J,BE,2015,2.87 ,2.87,,death_rate,2.87,False
A,V97030,J,BG,2015,8.06 ,8.06,,death_rate,8.06,False
A,V97030,J,CZ,2015,6.07 ,6.07,,death_rate,6.07,False
A,V97030,J,DE,2015,9.92 ,9.92,,death_rate,9.92,False
A,V97030,J,EE,2015,7.18 ,7.18,,death_rate,7.18,False
A,V97030,J,ES,2015,9.84 ,9.84,,death_rate,9.84,False
A,V97030,J,FI,2015,8.09 ,8.09,,death_rate,8.09,False
A,V97030,J,FR,2015,6.26 ,6.26,,death_rate,6.26,False
A,V97030,J,HU,2015,7.99 ,7.99,,death_rate,7.99,False
A,V97030,J,IT,2015,8.88 ,8.88,,death_rate,8.88,False
A,V97030,J,LV,2015,5.04 ,5.04,,death_rate,5.04,False
A,V97030,J,NL,2015,6.26 ,6.26,,death_rate,6.26,False
A,V97030,J,NO,2015,10.85 ,10.85,,death_rate,10.85,False
A,V97030,J,PL,2015,7.88 ,7.88,,death_rate,7.88,False
A,V97030,J,PT,2015,12.96 ,12.96,,death_rate,12.96,False
A,V97030,J,RO,2015,14.64 ,14.64,,death_rate,14.64,False
A,V97030,J,SE,2015,6.07 ,6.07,,death_rate,6.07,False
A,V97030,J,SI,2015,7.97 ,7.97,,death_rate,7.97,False
A,V97030,J,SK,2015,7.99 ,7.99,,death_rate,7.99,False
A,V97030,L,AT,2015,2.24 ,2.24,,death_rate,2.24,False
A,V97030,L,BE,2015,1.01 ,1.01,,death_rate,1.01,False
A,V97030,L,BG,2015,12.20 ,12.2,,death_rate,12.2,False
A,V97030,L,CZ,2015,7.31 ,7.31,,death_rate,7.31,False
A,V97030,L,DE,2015,7.22 ,7.22,,death_rate,7.22,False
A,V97030,L,EE,2015,5.20 ,5.2,,death_rate,5.2,False
A,V97030,L,ES,2015,4.92 ,4.92,,death_rate,4.92,False
A,V97030,L,FI,2015,4.72 ,4.72,,death_rate,4.72,False
A,V97030,L,FR,2015,3.82 ,3.82,,death_rate,3.82,False
A,V97030,L,HU,2015,6.89 ,6.89,,death_rate,6.89,False
A,V97030,L,IT,2015,4.09 ,4.09,,death_rate,4.09,False
A,V97030,L,LV,2015,8.54 ,8.54,,death_rate,8.54,False
A,V97030,L,NL,2015,5.32 ,5.32,,death_rate,5.32,False
A,V97030,L,NO,2015,3.18 ,3.18,,death_rate,3.18,False
A,V97030,L,PL,2015,6.32 ,6.32,,death_rate,6.32,False
A,V97030,L,PT,2015,6.80 ,6.8,,death_rate,6.8,False
A,V97030,L,RO,2015,5.78 ,5.78,,death_rate,5.78,False
A,V97030,L,SE,2015,3.21 ,3.21,,death_rate,3.21,False
A,V97030,L,SI,2015,7.03 ,7.03,,death_rate,7.03,False
A,V97030,L,SK,2015,5.08 ,5.08,,death_rate,5.08,False
A,V97030,M,AT,2015,4.59 ,4.59,,death_rate,4.59,False
A,V97030,M,BE,2015,2.38 ,2.38,,death_rate,2.38,False
A,V97030,M,BG,2015,8.63 ,8.63,,death_rate,8.63,False
A,V97030,M,CZ,2015,6.40 ,6.4,,death_rate,6.4,False
A,V97030,M,DE,2015,8.81 ,8.81,,death_rate,8.81,False
A,V97030,M,EE,2015,6.64 ,6.64,,death_rate,6.64,False
A,V97030,M,ES,2015,7.19 ,7.19,,death_rate,7.19,False
A,V97030,M,FI,2015,8.05 ,8.05,,death_rate,8.05,False
A,V97030,M,FR,2015,5.62 ,5.62,,death_rate,5.62,False
A,V97030,M,HU,2015,7.13 ,7.13,,death_rate,7.13,False
A,V97030,M,IT,2015,7.60 ,7.6,,death_rate,7.6,False
A,V97030,M,LV,2015,5.70 ,5.7,,death_rate,5.7,False
A,V97030,M,NL,2015,5.74 ,5.74,,death_rate,5.74,False
A,V97030,M,NO,2015,10.07 ,10.07,,death_rate,10.07,False
A,V97030,M,PL,2015,6.91 ,6.91,,death_rate,6.91,False
A,V97030,M,PT,2015,10.39 ,10.39,,death_rate,10.39,False
A,V97030,M,RO,2015,9.37 ,9.37,,death_rate,9.37,False
A,V97030,M,SE,2015,5.47 ,5.47,,death_rate,5.47,False
A,V97030,M,SI,2015,8.70 ,8.7,,death_rate,8.7,False
A,V97030,M,SK,2015,7.79 ,7.79,,death_rate,7.79,False
A,V97030,N,AT,2015,8.33 ,8.33,,death_rate,8.33,False
A,V97030,N,BE,2015,2.98 ,2.98,,death_rate,2.98,False
A,V97030,N,BG,2015,8.94 ,8.94,,death_rate,8.94,False
A,V97030,N,CZ,2015,7.89 ,7.89,,death_rate,7.89,False
A,V97030,N,DE,2015,8.96 ,8.96,,death_rate,8.96,False
A,V97030,N,EE,2015,8.29 ,8.29,,death_rate,8.29,False
A,V97030,N,ES,2015,10.02 ,10.02,,death_rate,10.02,False
A,V97030,N,FI,2015,8.32 ,8.32,,death_rate,8.32,False
A,V97030,N,FR,2015,5.58 ,5.58,,death_rate,5.58,False
A,V97030,N,HU,2015,10.79 ,10.79,,death_rate,10.79,False
A,V97030,N,IT,2015,9.50 ,9.5,,death_rate,9.5,False
A,V97030,N,LV,2015,7.52 ,7.52,,death_rate,7.52,False
A,V97030,N,NL,2015,6.97 ,6.97,,death_rate,6.97,False
A,V97030,N,NO,2015,9.67 ,9.67,,death_rate,9.67,False
A,V97030,N,PL,2015,11.83 ,11.83,,death_rate,11.83,False
A,V97030,N,PT,2015,23.15 ,23.15,,death_rate,23.15,False
A,V97030,N,RO,2015,13.04 ,13.04,,death_rate,13.04,False
A,V97030,N,SE,2015,7.47 ,7.47,,death_rate,7.47,False
A,V97030,N,SI,2015,12.09 ,12.09,,death_rate,12.09,False
A,V97030,N,SK,2015,9.91 ,9.91,,death_rate,9.91,False
A,V97043,B,AT,2015,50.00 ,50.0,,survival_3y,50.0,False
A,V97043,B,BE,2015,81.82 ,81.82,,survival_3y,81.82,False
A,V97043,B,BG,2015,63.04 ,63.04,,survival_3y,63.04,False
A,V97043,B,CZ,2015,72.50 ,72.5,,survival_3y,72.5,False
A,V97043,B,DE,2015,48.48 ,48.48,,survival_3y,48.48,False
A,V97043,B,EE,2015,60.00 ,60.0,,survival_3y,60.0,False
A,V97043,B,ES,2015,68.83 ,68.83,,survival_3y,68.83,False
A,V97043,B,FI,2015,55.10 ,55.1,,survival_3y,55.1,False
A,V97043,B,FR,2015,83.64 b,83.64,b,survival_3y,83.64,False
A,V97043,B,HU,2015,67.74 ,67.74,,survival_3y,67.74,False
A,V97043,B,IT,2015,65.85 ,65.85,,survival_3y,65.85,False
A,V97043,B,LV,2015,40.00 ,40.0,,survival_3y,40.0,False
A,V97043,B,NL,2015,71.43 ,71.43,,survival_3y,71.43,False
A,V97043,B,NO,2015,66.15 ,66.15,,survival_3y,66.15,False
A,V97043,B,PL,2015,64.52 ,64.52,,survival_3y,64.52,False
A,V97043,B,PT,2015,70.73 ,70.73,,survival_3y,70.73,False
A,V97043,B,RO,2015,50.00 ,50.0,,survival_3y,50.0,False
A,V97043,B,SE,2015,69.23 ,69.23,,survival_3y,69.23,False
A,V97043,B,SI,2015,33.33 ,33.33,,survival_3y,33.33,False
A,V97043,B,SK,2015,78.57 ,78.57,,survival_3y,78.57,False
A,V97043,C,AT,2015,72.43 ,72.43,,survival_3y,72.43,False
A,V97043,C,BE,2015,74.20 ,74.2,,survival_3y,74.2,False
A,V97043,C,BG,2015,67.90 ,67.9,,survival_3y,67.9,False
A,V97043,C,CZ,2015,62.84 ,62.84,,survival_3y,62.84,False
A,V97043,C,DE,2015,55.23 ,55.23,,survival_3y,55.23,False
A,V97043,C,EE,2015,62.91 ,62.91,,survival_3y,62.91,False
A,V97043,C,ES,2015,61.55 ,61.55,,survival_3y,61.55,False
A,V97043,C,FI,2015,54.37 ,54.37,,survival_3y,54.37,False
A,V97043,C,FR,2015,58.96 b,58.96,b,survival_3y,58.96,False
A,V97043,C,HU,2015,60.91 ,60.91,,survival_3y,60.91,False
A,V97043,C,IT,2015,61.48 ,61.48,,survival_3y,61.48,False
A,V97043,C,LV,2015,61.28 ,61.28,,survival_3y,61.28,False
A,V97043,C,NL,2015,72.79 ,72.79,,survival_3y,72.79,False
A,V97043,C,NO,2015,59.96 ,59.96,,survival_3y,59.96,False
A,V97043,C,PL,2015,58.23 ,58.23,,survival_3y,58.23,False
A,V97043,C,PT,2015,56.30 ,56.3,,survival_3y,56.3,False
A,V97043,C,RO,2015,58.80 ,58.8,,survival_3y,58.8,False
A,V97043,C,SE,2015,79.06 ,79.06,,survival_3y,79.06,False
A,V97043,C,SI,2015,69.30 ,69.3,,survival_3y,69.3,False
A,V97043,C,SK,2015,60.46 ,60.46,,survival_3y,60.46,False
A,V97043,D,AT,2015,86.14 ,86.14,,survival_3y,86.14,False
A,V97043,D,BE,2015,84.62 ,84.62,,survival_3y,84.62,False
A,V97043,D,BG,2015,76.45 ,76.45,,survival_3y,76.45,False
A,V97043,D,CZ,2015,93.34 ,93.34,,survival_3y,93.34,False
A,V97043,D,DE,2015,56.12 ,56.12,,survival_3y,56.12,False
A,V97043,D,EE,2015,60.00 ,60.0,,survival_3y,60.0,False
A,V97043,D,ES,2015,82.76 ,82.76,,survival_3y,82.76,False
A,V97043,D,FI,2015,65.71 ,65.71,,survival_3y,65.71,False
A,V97043,D,FR,2015,89.80 b,89.8,b,survival_3y,89.8,False
A,V97043,D,HU,2015,52.38 ,52.38,,survival_3y,52.38,False
A,V97043,D,IT,2015,77.47 ,77.47,,survival_3y,77.47,False
A,V97043,D,LV,2015,71.43 ,71.43,,survival_3y,71.43,False
A,V97043,D,NL,2015,75.38 ,75.38,,survival_3y,75.38,False
A,V97043,D,NO,2015,66.07 ,66.07,,survival_3y,66.07,False
A,V97043,D,PL,2015,53.00 ,53.0,,survival_3y,53.0,False
A,V97043,D,PT,2015,41.56 ,41.56,,survival_3y,41.56,False
A,V97043,D,RO,2015,43.11 ,43.11,,survival_3y,43.11,False
A,V97043,D,SE,2015,93.69 ,93.69,,survival_3y,93.69,False
A,V97043,D,SI,2015,89.13 ,89.13,,survival_3y,89.13,False
A,V97043,D,SK,2015,90.00 ,90.0,,survival_3y,90.0,False
A,V97043,E,AT,2015,76.71 ,76.71,,survival_3y,76.71,False
A,V97043,E,BE,2015,73.12 ,73.12,,survival_3y,73.12,False
A,V97043,E,BG,2015,60.64 ,60.64,,survival_3y,60.64,False
A,V97043,E,CZ,2015,62.23 ,62.23,,survival_3y,62.23,False
A,V97043,E,DE,2015,51.21 ,51.21,,survival_3y,51.21,False
A,V97043,E,EE,2015,69.23 ,69.23,,survival_3y,69.23,False
A,V97043,E,ES,2015,63.67 ,63.67,,survival_3y,63.67,False
A,V97043,E,FI,2015,55.32 ,55.32,,survival_3y,55.32,False
A,V97043,E,FR,2015,54.80 b,54.8,b,survival_3y,54.8,False
A,V97043,E,HU,2015,57.49 ,57.49,,survival_3y,57.49,False
A,V97043,E,IT,2015,65.62 ,65.62,,survival_3y,65.62,False
A,V97043,E,LV,2015,69.77 ,69.77,,survival_3y,69.77,False
A,V97043,E,NL,2015,67.74 ,67.74,,survival_3y,67.74,False
A,V97043,E,NO,2015,65.67 ,65.67,,survival_3y,65.67,False
A,V97043,E,PL,2015,59.40 ,59.4,,survival_3y,59.4,False
A,V97043,E,PT,2015,56.39 ,56.39,,survival_3y,56.39,False
A,V97043,E,RO,2015,48.12 ,48.12,,survival_3y,48.12,False
A,V97043,E,SE,2015,82.86 ,82.86,,survival_3y,82.86,False
A,V97043,E,SI,2015,41.27 ,41.27,,survival_3y,41.27,False
A,V97043,E,SK,2015,70.11 ,70.11,,survival_3y,70.11,False
A,V97043,F,AT,2015,66.32 ,66.32,,survival_3y,66.32,False
A,V97043,F,BE,2015,72.77 ,72.77,,survival_3y,72.77,False
A,V97043,F,BG,2015,53.57 ,53.57,,survival_3y,53.57,False
A,V97043,F,CZ,2015,56.28 ,56.28,,survival_3y,56.28,False
A,V97043,F,DE,2015,52.84 ,52.84,,survival_3y,52.84,False
A,V97043,F,EE,2015,57.81 ,57.81,,survival_3y,57.81,False
A,V97043,F,ES,2015,49.55 ,49.55,,survival_3y,49.55,False
A,V97043,F,FI,2015,56.37 ,56.37,,survival_3y,56.37,False
A,V97043,F,FR,2015,60.55 b,60.55,b,survival_3y,60.55,False
A,V97043,F,HU,2015,52.79 ,52.79,,survival_3y,52.79,False
A,V97043,F,IT,2015,48.74 ,48.74,,survival_3y,48.74,False
A,V97043,F,LV,2015,50.40 ,50.4,,survival_3y,50.4,False
A,V97043,F,NL,2015,65.29 ,65.29,,survival_3y,65.29,False
A,V97043,F,NO,2015,58.15 ,58.15,,survival_3y,58.15,False
A,V97043,F,PL,2015,46.44 ,46.44,,survival_3y,46.44,False
A,V97043,F,PT,2015,47.43 ,47.43,,survival_3y,47.43,False
A,V97043,F,RO,2015,52.55 ,52.55,,survival_3y,52.55,False
A,V97043,F,SE,2015,76.05 ,76.05,,survival_3y,76.05,False
A,V97043,F,SI,2015,58.95 ,58.95,,survival_3y,58.95,False
A,V97043,F,SK,2015,54.53 ,54.53,,survival_3y,54.53,False
A,V97043,G,AT,2015,60.28 ,60.28,,survival_3y,60.28,False
A,V97043,G,BE,2015,68.62 ,68.62,,survival_3y,68.62,False
A,V97043,G,BG,2015,58.82 ,58.82,,survival_3y,58.82,False
A,V97043,G,CZ,2015,52.84 ,52.84,,survival_3y,52.84,False
A,V97043,G,DE,2015,51.15 ,51.15,,survival_3y,51.15,False
A,V97043,G,EE,2015,55.89 ,55.89,,survival_3y,55.89,False
A,V97043,G,ES,2015,52.65 ,52.65,,survival_3y,52.65,False
A,V97043,G,FI,2015,41.56 ,41.56,,survival_3y,41.56,False
A,V97043,G,FR,2015,56.49 b,56.49,b,survival_3y,56.49,False
A,V97043,G,HU,2015,53.01 ,53.01,,survival_3y,53.01,False
A,V97043,G,IT,2015,53.12 ,53.12,,survival_3y,53.12,False
A,V97043,G,LV,2015,50.05 ,50.05,,survival_3y,50.05,False
A,V97043,G,NL,2015,57.97 ,57.97,,survival_3y,57.97,False
A,V97043,G,NO,2015,56.55 ,56.55,,survival_3y,56.55,False
A,V97043,G,PL,2015,51.11 ,51.11,,survival_3y,51.11,False
A,V97043,G,PT,2015,47.74 ,47.74,,survival_3y,47.74,False
A,V97043,G,RO,2015,55.38 ,55.38,,survival_3y,55.38,False
A,V97043,G,SE,2015,69.41 ,69.41,,survival_3y,69.41,False
A,V97043,G,SI,2015,59.61 ,59.61,,survival_3y,59.61,False
A,V97043,G,SK,2015,56.92 ,56.92,,survival_3y,56.92,False
A,V97043,H,AT,2015,55.23 ,55.23,,survival_3y,55.23,False
A,V97043,H,BE,2015,65.93 ,65.93,,survival_3y,65.93,False
A,V97043,H,BG,2015,68.63 ,68.63,,survival_3y,68.63,False
A,V97043,H,CZ,2015,62.76 ,62.76,,survival_3y,62.76,False
A,V97043,H,DE,2015,52.73 ,52.73,,survival_3y,52.73,False
A,V97043,H,EE,2015,61.38 ,61.38,,survival_3y,61.38,False
A,V97043,H,ES,2015,64.22 ,64.22,,survival_3y,64.22,False
A,V97043,H,FI,2015,63.44 ,63.44,,survival_3y,63.44,False
A,V97043,H,FR,2015,74.64 b,74.64,b,survival_3y,74.64,False
A,V97043,H,HU,2015,57.90 ,57.9,,survival_3y,57.9,False
A,V97043,H,IT,2015,65.01 ,65.01,,survival_3y,65.01,False
A,V97043,H,LV,2015,58.77 ,58.77,,survival_3y,58.77,False
A,V97043,H,NL,2015,59.64 ,59.64,,survival_3y,59.64,False
A,V97043,H,NO,2015,59.53 ,59.53,,survival_3y,59.53,False
A,V97043,H,PL,2015,59.84 ,59.84,,survival_3y,59.84,False
A,V97043,H,PT,2015,59.89 ,59.89,,survival_3y,59.89,False
A,V97043,H,RO,2015,69.78 ,69.78,,survival_3y,69.78,False
A,V97043,H,SE,2015,77.26 ,77.26,,survival_3y,77.26,False
A,V97043,H,SI,2015,57.98 ,57.98,,survival_3y,57.98,False
A,V97043,H,SK,2015,57.61 ,57.61,,survival_3y,57.61,False
A,V97043,I,AT,2015,59.26 ,59.26,,survival_3y,59.26,False
A,V97043,I,BE,2015,61.80 ,61.8,,survival_3y,61.8,False
A,V97043,I,BG,2015,50.80 ,50.8,,survival_3y,50.8,False
A,V97043,I,CZ,2015,53.39 ,53.39,,survival_3y,53.39,False
A,V97043,I,DE,2015,48.87 ,48.87,,survival_3y,48.87,False
A,V97043,I,EE,2015,54.18 ,54.18,,survival_3y,54.18,False
A,V97043,I,ES,2015,45.41 ,45.41,,survival_3y,45.41,False
A,V97043,I,FI,2015,45.99 ,45.99,,survival_3y,45.99,False
A,V97043,I,FR,2015,68.56 b,68.56,b,survival_3y,68.56,False
A,V97043,I,HU,2015,49.25 ,49.25,,survival_3y,49.25,False
A,V97043,I,IT,2015,58.79 ,58.79,,survival_3y,58.79,False
A,V97043,I,LV,2015,54.14 ,54.14,,survival_3y,54.14,False
A,V97043,I,NL,2015,63.29 ,63.29,,survival_3y,63.29,False
A,V97043,I,NO,2015,54.23 ,54.23,,survival_3y,54.23,False
A,V97043,I,PL,2015,50.20 ,50.2,,survival_3y,50.2,False
A,V97043,I,PT,2015,45.34 ,45.34,,survival_3y,45.34,False
A,V97043,I,RO,2015,49.13 ,49.13,,survival_3y,49.13,False
A,V97043,I,SE,2015,64.71 ,64.71,,survival_3y,64.71,False
A,V97043,I,SI,2015,51.62 ,51.62,,survival_3y,51.62,False
A,V97043,I,SK,2015,57.19 ,57.19,,survival_3y,57.19,False
A,V97043,J,AT,2015,70.25 ,70.25,,survival_3y,70.25,False
A,V97043,J,BE,2015,71.03 ,71.03,,survival_3y,71.03,False
A,V97043,J,BG,2015,68.85 ,68.85,,survival_3y,68.85,False
A,V97043,J,CZ,2015,65.42 ,65.42,,survival_3y,65.42,False
A,V97043,J,DE,2015,52.78 ,52.78,,survival_3y,52.78,False
A,V97043,J,EE,2015,58.28 ,58.28,,survival_3y,58.28,False
A,V97043,J,ES,2015,54.18 ,54.18,,survival_3y,54.18,False
A,V97043,J,FI,2015,49.25 ,49.25,,survival_3y,49.25,False
A,V97043,J,FR,2015,52.87 b,52.87,b,survival_3y,52.87,False
A,V97043,J,HU,2015,60.86 ,60.86,,survival_3y,60.86,False
A,V97043,J,IT,2015,53.45 ,53.45,,survival_3y,53.45,False
A,V97043,J,LV,2015,64.60 ,64.6,,survival_3y,64.6,False
A,V97043,J,NL,2015,72.89 ,72.89,,survival_3y,72.89,False
A,V97043,J,NO,2015,50.33 ,50.33,,survival_3y,50.33,False
A,V97043,J,PL,2015,64.85 ,64.85,,survival_3y,64.85,False
A,V97043,J,PT,2015,47.57 ,47.57,,survival_3y,47.57,False
A,V97043,J,RO,2015,48.13 ,48.13,,survival_3y,48.13,False
A,V97043,J,SE,2015,78.59 ,78.59,,survival_3y,78.59,False
A,V97043,J,SI,2015,70.26 ,70.26,,survival_3y,70.26,False
A,V97043,J,SK,2015,65.71 ,65.71,,survival_3y,65.71,False
A,V97043,L,AT,2015,73.00 ,73.0,,survival_3y,73.0,False
A,V97043,L,BE,2015,79.47 ,79.47,,survival_3y,79.47,False
A,V97043,L,BG,2015,49.15 ,49.15,,survival_3y,49.15,False
A,V97043,L,CZ,2015,56.98 ,56.98,,survival_3y,56.98,False
A,V97043,L,DE,2015,29.54 ,29.54,,survival_3y,29.54,False
A,V97043,L,EE,2015,61.69 ,61.69,,survival_3y,61.69,False
A,V97043,L,ES,2015,80.79 ,80.79,,survival_3y,80.79,False
A,V97043,L,FI,2015,29.38 ,29.38,,survival_3y,29.38,False
A,V97043,L,FR,2015,73.10 b,73.1,b,survival_3y,73.1,False
A,V97043,L,HU,2015,56.16 ,56.16,,survival_3y,56.16,False
A,V97043,L,IT,2015,61.18 ,61.18,,survival_3y,61.18,False
A,V97043,L,LV,2015,56.87 ,56.87,,survival_3y,56.87,False
A,V97043,L,NL,2015,67.12 ,67.12,,survival_3y,67.12,False
A,V97043,L,NO,2015,68.80 ,68.8,,survival_3y,68.8,False
A,V97043,L,PL,2015,66.84 ,66.84,,survival_3y,66.84,False
A,V97043,L,PT,2015,59.95 ,59.95,,survival_3y,59.95,False
A,V97043,L,RO,2015,59.75 ,59.75,,survival_3y,59.75,False
A,V97043,L,SE,2015,89.77 ,89.77,,survival_3y,89.77,False
A,V97043,L,SI,2015,73.83 ,73.83,,survival_3y,73.83,False
A,V97043,L,SK,2015,59.51 ,59.51,,survival_3y,59.51,False
A,V97043,M,AT,2015,67.12 ,67.12,,survival_3y,67.12,False
A,V97043,M,BE,2015,76.26 ,76.26,,survival_3y,76.26,False
A,V97043,M,BG,2015,64.43 ,64.43,,survival_3y,64.43,False
A,V97043,M,CZ,2015,61.13 ,61.13,,survival_3y,61.13,False
A,V97043,M,DE,2015,51.55 ,51.55,,survival_3y,51.55,False
A,V97043,M,EE,2015,59.69 ,59.69,,survival_3y,59.69,False
A,V97043,M,ES,2015,58.97 ,58.97,,survival_3y,58.97,False
A,V97043,M,FI,2015,49.41 ,49.41,,survival_3y,49.41,False
A,V97043,M,FR,2015,58.04 b,58.04,b,survival_3y,58.04,False
A,V97043,M,HU,2015,62.60 ,62.6,,survival_3y,62.6,False
A,V97043,M,IT,2015,45.08 ,45.08,,survival_3y,45.08,False
A,V97043,M,LV,2015,66.41 ,66.41,,survival_3y,66.41,False
A,V97043,M,NL,2015,74.44 ,74.44,,survival_3y,74.44,False
A,V97043,M,NO,2015,53.02 ,53.02,,survival_3y,53.02,False
A,V97043,M,PL,2015,66.68 ,66.68,,survival_3y,66.68,False
A,V97043,M,PT,2015,45.84 ,45.84,,survival_3y,45.84,False
A,V97043,M,RO,2015,45.02 ,45.02,,survival_3y,45.02,False
A,V97043,M,SE,2015,79.87 ,79.87,,survival_3y,79.87,False
A,V97043,M,SI,2015,66.02 ,66.02,,survival_3y,66.02,False
A,V97043,M,SK,2015,63.20 ,63.2,,survival_3y,63.2,False
A,V97043,N,AT,2015,51.95 ,51.95,,survival_3y,51.95,False
A,V97043,N,BE,2015,70.28 ,70.28,,survival_3y,70.28,False
A,V97043,N,BG,2015,67.62 ,67.62,,survival_3y,67.62,False
A,V97043,N,CZ,2015,58.09 ,58.09,,survival_3y,58.09,False
A,V97043,N,DE,2015,53.03 ,53.03,,survival_3y,53.03,False
A,V97043,N,EE,2015,54.25 ,54.25,,survival_3y,54.25,False
A,V97043,N,ES,2015,55.17 ,55.17,,survival_3y,55.17,False
A,V97043,N,FI,2015,50.78 ,50.78,,survival_3y,50.78,False
A,V97043,N,FR,2015,57.84 b,57.84,b,survival_3y,57.84,False
A,V97043,N,HU,2015,49.89 ,49.89,,survival_3y,49.89,False
A,V97043,N,IT,2015,52.55 ,52.55,,survival_3y,52.55,False
A,V97043,N,LV,2015,57.19 ,57.19,,survival_3y,57.19,False
A,V97043,N,NL,2015,61.29 ,61.29,,survival_3y,61.29,False
A,V97043,N,NO,2015,56.95 ,56.95,,survival_3y,56.95,False
A,V97043,N,PL,2015,51.96 ,51.96,,survival_3y,51.96,False
A,V97043,N,PT,2015,26.10 ,26.1,,survival_3y,26.1,False
A,V97043,N,RO,2015,53.51 ,53.51,,survival_3y,53.51,False
A,V97043,N,SE,2015,70.07 ,70.07,,survival_3y,70.07,False
A,V97043,N,SI,2015,63.63 ,63.63,,survival_3y,63.63,False
A,V97043,N,SK,2015,57.26 ,57.26,,survival_3y,57.26,False
A,V97020,B,AT,2016,4.17 ,4.17,,birth_rate,4.17,False
A,V97020,B,BE,2016,0.89 ,0.89,,birth_rate,0.89,False
A,V97020,B,BG,2016,7.99 ,7.99,,birth_rate,7.99,False
A,V97020,B,CZ,2016,5.29 ,5.29,,birth_rate,5.29,False
A,V97020,B,DE,2016,2.55 ,2.55,,birth_rate,2.55,False
A,V97020,B,EE,2016,3.55 ,3.55,,birth_rate,3.55,False
A,V97020,B,ES,2016,3.09 ,3.09,,birth_rate,3.09,False
A,V97020,B,FI,2016,3.57 ,3.57,,birth_rate,3.57,False
A,V97020,B,FR,2016,3.23 ,3.23,,birth_rate,3.23,False
A,V97020,B,HU,2016,6.97 ,6.97,,birth_rate,6.97,False
A,V97020,B,IT,2016,2.83 ,2.83,,birth_rate,2.83,False
A,V97020,B,LV,2016,19.33 ,19.33,,birth_rate,19.33,False
A,V97020,B,NL,2016,10.28 ,10.28,,birth_rate,10.28,False
A,V97020,B,NO,2016,5.70 ,5.7,,birth_rate,5.7,False
A,V97020,B,PL,2016,9.14 ,9.14,,birth_rate,9.14,False
A,V97020,B,PT,2016,6.41 ,6.41,,birth_rate,6.41,False
A,V97020,B,RO,2016,8.14 ,8.14,,birth_rate,8.14,False
A,V97020,B,SE,2016,2.14 ,2.14,,birth_rate,2.14,False
A,V97020,B,SI,2016,7.00 ,7.0,,birth_rate,7.0,False
A,V97020,B,SK,2016,10.39 ,10.39,,birth_rate,10.39,False
A,V97020,C,AT,2016,5.14 ,5.14,,birth_rate,5.14,False
A,V97020,C,BE,2016,4.62 ,4.62,,birth_rate,4.62,False
A,V97020,C,BG,2016,8.92 ,8.92,,birth_rate,8.92,False
A,V97020,C,CZ,2016,9.13 ,9.13,,birth_rate,9.13,False
A,V97020,C,DE,2016,3.43 ,3.43,,birth_rate,3.43,False
A,V97020,C,EE,2016,8.89 ,8.89,,birth_rate,8.89,False
A,V97020,C,ES,2016,7.12 ,7.12,,birth_rate,7.12,False
A,V97020,C,FI,2016,4.76 ,4.76,,birth_rate,4.76,False
A,V97020,C,FR,2016,7.18 ,7.18,,birth_rate,7.18,False
A,V97020,C,HU,2016,7.58 ,7.58,,birth_rate,7.58,False
A,V97020,C,IT,2016,5.05 ,5.05,,birth_rate,5.05,False
A,V97020,C,LV,2016,15.29 ,15.29,,birth_rate,15.29,False
A,V97020,C,NL,2016,7.47 ,7.47,,birth_rate,7.47,False
A,V97020,C,NO,2016,6.62 ,6.62,,birth_rate,6.62,False
A,V97020,C,PL,2016,10.05 ,10.05,,birth_rate,10.05,False
A,V97020,C,PT,2016,8.81 ,8.81,,birth_rate,8.81,False
A,V97020,C,RO,2016,8.29 ,8.29,,birth_rate,8.29,False
A,V97020,C,SE,2016,5.00 ,5.0,,birth_rate,5.0,False
A,V97020,C,SI,2016,7.08 ,7.08,,birth_rate,7.08,False
A,V97020,C,SK,2016,10.25 ,10.25,,birth_rate,10.25,False
A,V97020,D,AT,2016,3.76 ,3.76,,birth_rate,3.76,False
A,V97020,D,BE,2016,2.75 ,2.75,,birth_rate,2.75,False
A,V97020,D,BG,2016,3.78 ,3.78,,birth_rate,3.78,False
A,V97020,D,CZ,2016,1.52 ,1.52,,birth_rate,1.52,False
A,V97020,D,DE,2016,7.09 ,7.09,,birth_rate,7.09,False
A,V97020,D,EE,2016,2.53 ,2.53,,birth_rate,2.53,False
A,V97020,D,ES,2016,0.26 ,0.26,,birth_rate,0.26,False
A,V97020,D,FI,2016,4.10 ,4.1,,birth_rate,4.1,False
A,V97020,D,FR,2016,6.13 ,6.13,,birth_rate,6.13,False
A,V97020,D,HU,2016,21.21 ,21.21,,birth_rate,21.21,False
A,V97020,D,IT,2016,5.08 ,5.08,,birth_rate,5.08,False
A,V97020,D,LV,2016,11.31 ,11.31,,birth_rate,11.31,False
A,V97020,D,NL,2016,12.07 ,12.07,,birth_rate,12.07,False
A,V97020,D,NO,2016,4.78 ,4.78,,birth_rate,4.78,False
A,V97020,D,PL,2016,16.43 ,16.43,,birth_rate,16.43,False
A,V97020,D,PT,2016,69.37 ,69.37,,birth_rate,69.37,False
A,V97020,D,RO,2016,11.60 ,11.6,,birth_rate,11.6,False
A,V97020,D,SE,2016,4.56 ,4.56,,birth_rate,4.56,False
A,V97020,D,SI,2016,3.41 ,3.41,,birth_rate,3.41,False
A,V97020,D,SK,2016,1.26 ,1.26,,birth_rate,1.26,False
A,V97020,E,AT,2016,2.86 ,2.86,,birth_rate,2.86,False
A,V97020,E,BE,2016,3.23 ,3.23,,birth_rate,3.23,False
A,V97020,E,BG,2016,11.67 ,11.67,,birth_rate,11.67,False
A,V97020,E,CZ,2016,7.32 ,7.32,,birth_rate,7.32,False
A,V97020,E,DE,2016,2.90 ,2.9,,birth_rate,2.9,False
A,V97020,E,EE,2016,6.98 ,6.98,,birth_rate,6.98,False
A,V97020,E,ES,2016,5.39 ,5.39,,birth_rate,5.39,False
A,V97020,E,FI,2016,3.20 ,3.2,,birth_rate,3.2,False
A,V97020,E,FR,2016,8.33 ,8.33,,birth_rate,8.33,False
A,V97020,E,HU,2016,6.51 ,6.51,,birth_rate,6.51,False
A,V97020,E,IT,2016,4.10 ,4.1,,birth_rate,4.1,False
A,V97020,E,LV,2016,8.15 ,8.15,,birth_rate,8.15,False
A,V97020,E,NL,2016,12.91 ,12.91,,birth_rate,12.91,False
A,V97020,E,NO,2016,5.78 ,5.78,,birth_rate,5.78,False
A,V97020,E,PL,2016,9.61 ,9.61,,birth_rate,9.61,False
A,V97020,E,PT,2016,8.06 ,8.06,,birth_rate,8.06,False
A,V97020,E,RO,2016,9.63 ,9.63,,birth_rate,9.63,False
A,V97020,E,SE,2016,6.41 ,6.41,,birth_rate,6.41,False
A,V97020,E,SI,2016,7.62 ,7.62,,birth_rate,7.62,False
A,V97020,E,SK,2016,10.37 ,10.37,,birth_rate,10.37,False
A,V97020,F,AT,2016,7.06 ,7.06,,birth_rate,7.06,False
A,V97020,F,BE,2016,6.90 ,6.9,,birth_rate,6.9,False
A,V97020,F,BG,2016,15.35 ,15.35,,birth_rate,15.35,False
A,V97020,F,CZ,2016,7.96 ,7.96,,birth_rate,7.96,False
A,V97020,F,DE,2016,6.06 ,6.06,,birth_rate,6.06,False
A,V97020,F,EE,2016,11.91 ,11.91,,birth_rate,11.91,False
A,V97020,F,ES,2016,9.88 ,9.88,,birth_rate,9.88,False
A,V97020,F,FI,2016,6.19 ,6.19,,birth_rate,6.19,False
A,V97020,F,FR,2016,8.50 ,8.5,,birth_rate,8.5,False
A,V97020,F,HU,2016,12.52 ,12.52,,birth_rate,12.52,False
A,V97020,F,IT,2016,7.72 ,7.72,,birth_rate,7.72,False
A,V97020,F,LV,2016,20.82 ,20.82,,birth_rate,20.82,False
A,V97020,F,NL,2016,8.04 ,8.04,,birth_rate,8.04,False
A,V97020,F,NO,2016,8.61 ,8.61,,birth_rate,8.61,False
A,V97020,F,PL,2016,15.96 ,15.96,,birth_rate,15.96,False
A,V97020,F,PT,2016,11.62 ,11.62,,birth_rate,11.62,False
A,V97020,F,RO,2016,13.16 ,13.16,,birth_rate,13.16,False
A,V97020,F,SE,2016,6.95 ,6.95,,birth_rate,6.95,False
A,V97020,F,SI,2016,7.65 ,7.65,,birth_rate,7.65,False
A,V97020,F,SK,2016,12.34 ,12.34,,birth_rate,12.34,False
A,V97020,G,AT,2016,7.86 ,7.86,,birth_rate,7.86,False
A,V97020,G,BE,2016,5.40 ,5.4,,birth_rate,5.4,False
A,V97020,G,BG,2016,12.38 ,12.38,,birth_rate,12.38,False
A,V97020,G,CZ,2016,9.76 ,9.76,,birth_rate,9.76,False
A,V97020,G,DE,2016,6.18 ,6.18,,birth_rate,6.18,False
A,V97020,G,EE,2016,10.32 ,10.32,,birth_rate,10.32,False
A,V97020,G,ES,2016,9.79 ,9.79,,birth_rate,9.79,False
A,V97020,G,FI,2016,7.02 ,7.02,,birth_rate,7.02,False
A,V97020,G,FR,2016,8.46 ,8.46,,birth_rate,8.46,False
A,V97020,G,HU,2016,8.21 ,8.21,,birth_rate,8.21,False
A,V97020,G,IT,2016,7.33 ,7.33,,birth_rate,7.33,False
A,V97020,G,LV,2016,13.60 ,13.6,,birth_rate,13.6,False
A,V97020,G,NL,2016,9.33 ,9.33,,birth_rate,9.33,False
A,V97020,G,NO,2016,7.67 ,7.67,,birth_rate,7.67,False
A,V97020,G,PL,2016,10.35 ,10.35,,birth_rate,10.35,False
A,V97020,G,PT,2016,10.69 ,10.69,,birth_rate,10.69,False
A,V97020,G,RO,2016,8.77 ,8.77,,birth_rate,8.77,False
A,V97020,G,SE,2016,7.14 ,7.14,,birth_rate,7.14,False
A,V97020,G,SI,2016,8.87 ,8.87,,birth_rate,8.87,False
A,V97020,G,SK,2016,9.52 ,9.52,,birth_rate,9.52,False
A,V97020,H,AT,2016,9.30 ,9.3,,birth_rate,9.3,False
A,V97020,H,BE,2016,6.96 ,6.96,,birth_rate,6.96,False
A,V97020,H,BG,2016,14.17 ,14.17,,birth_rate,14.17,False
A,V97020,H,CZ,2016,6.37 ,6.37,,birth_rate,6.37,False
A,V97020,H,DE,2016,6.57 ,6.57,,birth_rate,6.57,False
A,V97020,H,EE,2016,9.24 ,9.24,,birth_rate,9.24,False
A,V97020,H,ES,2016,7.08 ,7.08,,birth_rate,7.08,False
A,V97020,H,FI,2016,2.89 ,2.89,,birth_rate,2.89,False
A,V97020,H,FR,2016,18.06 ,18.06,,birth_rate,18.06,False
A,V97020,H,HU,2016,10.42 ,10.42,,birth_rate,10.42,False
A,V97020,H,IT,2016,6.01 ,6.01,,birth_rate,6.01,False
A,V97020,H,LV,2016,15.20 ,15.2,,birth_rate,15.2,False
A,V97020,H,NL,2016,12.61 ,12.61,,birth_rate,12.61,False
A,V97020,H,NO,2016,6.05 ,6.05,,birth_rate,6.05,False
A,V97020,H,PL,2016,11.39 ,11.39,,birth_rate,11.39,False
A,V97020,H,PT,2016,7.78 ,7.78,,birth_rate,7.78,False
A,V97020,H,RO,2016,10.86 ,10.86,,birth_rate,10.86,False
A,V97020,H,SE,2016,6.08 ,6.08,,birth_rate,6.08,False
A,V97020,H,SI,2016,7.93 ,7.93,,birth_rate,7.93,False
A,V97020,H,SK,2016,12.49 ,12.49,,birth_rate,12.49,False
A,V97020,I,AT,2016,7.39 ,7.39,,birth_rate,7.39,False
A,V97020,I,BE,2016,8.80 ,8.8,,birth_rate,8.8,False
A,V97020,I,BG,2016,14.08 ,14.08,,birth_rate,14.08,False
A,V97020,I,CZ,2016,9.60 ,9.6,,birth_rate,9.6,False
A,V97020,I,DE,2016,7.48 ,7.48,,birth_rate,7.48,False
A,V97020,I,EE,2016,12.01 ,12.01,,birth_rate,12.01,False
A,V97020,I,ES,2016,12.68 ,12.68,,birth_rate,12.68,False
A,V97020,I,FI,2016,8.85 ,8.85,,birth_rate,8.85,False
A,V97020,I,FR,2016,8.51 ,8.51,,birth_rate,8.51,False
A,V97020,I,HU,2016,10.32 ,10.32,,birth_rate,10.32,False
A,V97020,I,IT,2016,8.79 ,8.79,,birth_rate,8.79,False
A,V97020,I,LV,2016,16.59 ,16.59,,birth_rate,16.59,False
A,V97020,I,NL,2016,9.64 ,9.64,,birth_rate,9.64,False
A,V97020,I,NO,2016,7.39 ,7.39,,birth_rate,7.39,False
A,V97020,I,PL,2016,13.66 ,13.66,,birth_rate,13.66,False
A,V97020,I,PT,2016,17.43 ,17.43,,birth_rate,17.43,False
A,V97020,I,RO,2016,12.90 ,12.9,,birth_rate,12.9,False
A,V97020,I,SE,2016,7.80 ,7.8,,birth_rate,7.8,False
A,V97020,I,SI,2016,15.74 ,15.74,,birth_rate,15.74,False
A,V97020,I,SK,2016,9.10 ,9.1,,birth_rate,9.1,False
A,V97020,J,AT,2016,7.97 ,7.97,,birth_rate,7.97,False
A,V97020,J,BE,2016,8.63 ,8.63,,birth_rate,8.63,False
A,V97020,J,BG,2016,15.02 ,15.02,,birth_rate,15.02,False
A,V97020,J,CZ,2016,10.09 ,10.09,,birth_rate,10.09,False
A,V97020,J,DE,2016,9.14 ,9.14,,birth_rate,9.14,False
A,V97020,J,EE,2016,14.26 ,14.26,,birth_rate,14.26,False
A,V97020,J,ES,2016,12.10 ,12.1,,birth_rate,12.1,False
A,V97020,J,FI,2016,9.16 ,9.16,,birth_rate,9.16,False
A,V97020,J,FR,2016,12.89 ,12.89,,birth_rate,12.89,False
A,V97020,J,HU,2016,12.52 ,12.52,,birth_rate,12.52,False
A,V97020,J,IT,2016,9.94 ,9.94,,birth_rate,9.94,False
A,V97020,J,LV,2016,17.76 ,17.76,,birth_rate,17.76,False
A,V97020,J,NL,2016,10.59 ,10.59,,birth_rate,10.59,False
A,V97020,J,NO,2016,11.47 ,11.47,,birth_rate,11.47,False
A,V97020,J,PL,2016,16.40 ,16.4,,birth_rate,16.4,False
A,V97020,J,PT,2016,17.32 ,17.32,,birth_rate,17.32,False
A,V97020,J,RO,2016,14.99 ,14.99,,birth_rate,14.99,False
A,V97020,J,SE,2016,8.17 ,8.17,,birth_rate,8.17,False
A,V97020,J,SI,2016,13.05 ,13.05,,birth_rate,13.05,False
A,V97020,J,SK,2016,11.31 ,11.31,,birth_rate,11.31,False
A,V97020,L,AT,2016,3.96 ,3.96,,birth_rate,3.96,False
A,V97020,L,BE,2016,4.51 ,4.51,,birth_rate,4.51,False
A,V97020,L,BG,2016,11.31 ,11.31,,birth_rate,11.31,False
A,V97020,L,CZ,2016,8.62 ,8.62,,birth_rate,8.62,False
A,V97020,L,DE,2016,6.88 ,6.88,,birth_rate,6.88,False
A,V97020,L,EE,2016,7.21 ,7.21,,birth_rate,7.21,False
A,V97020,L,ES,2016,9.46 ,9.46,,birth_rate,9.46,False
A,V97020,L,FI,2016,5.58 ,5.58,,birth_rate,5.58,False
A,V97020,L,FR,2016,7.41 ,7.41,,birth_rate,7.41,False
A,V97020,L,HU,2016,12.69 ,12.69,,birth_rate,12.69,False
A,V97020,L,IT,2016,4.41 ,4.41,,birth_rate,4.41,False
A,V97020,L,LV,2016,16.01 ,16.01,,birth_rate,16.01,False
A,V97020,L,NL,2016,7.61 ,7.61,,birth_rate,7.61,False
A,V97020,L,NO,2016,4.77 ,4.77,,birth_rate,4.77,False
A,V97020,L,PL,2016,10.59 ,10.59,,birth_rate,10.59,False
A,V97020,L,PT,2016,15.42 ,15.42,,birth_rate,15.42,False
A,V97020,L,RO,2016,11.60 ,11.6,,birth_rate,11.6,False
A,V97020,L,SE,2016,6.44 ,6.44,,birth_rate,6.44,False
A,V97020,L,SI,2016,12.34 ,12.34,,birth_rate,12.34,False
A,V97020,L,SK,2016,8.13 ,8.13,,birth_rate,8.13,False
A,V97020,M,AT,2016,6.56 ,6.56,,birth_rate,6.56,False
A,V97020,M,BE,2016,6.08 ,6.08,,birth_rate,6.08,False
A,V97020,M,BG,2016,12.80 ,12.8,,birth_rate,12.8,False
A,V97020,M,CZ,2016,8.28 ,8.28,,birth_rate,8.28,False
A,V97020,M,DE,2016,7.40 ,7.4,,birth_rate,7.4,False
A,V97020,M,EE,2016,9.65 ,9.65,,birth_rate,9.65,False
A,V97020,M,ES,2016,9.43 ,9.43,,birth_rate,9.43,False
A,V97020,M,FI,2016,8.22 ,8.22,,birth_rate,8.22,False
A,V97020,M,FR,2016,12.29 ,12.29,,birth_rate,12.29,False
A,V97020,M,HU,2016,9.98 ,9.98,,birth_rate,9.98,False
A,V97020,M,IT,2016,9.61 ,9.61,,birth_rate,9.61,False
A,V97020,M,LV,2016,12.85 ,12.85,,birth_rate,12.85,False
A,V97020,M,NL,2016,10.13 ,10.13,,birth_rate,10.13,False
A,V97020,M,NO,2016,10.88 ,10.88,,birth_rate,10.88,False
A,V97020,M,PL,2016,12.16 ,12.16,,birth_rate,12.16,False
A,V97020,M,PT,2016,12.92 ,12.92,,birth_rate,12.92,False
A,V97020,M,RO,2016,11.70 ,11.7,,birth_rate,11.7,False
A,V97020,M,SE,2016,7.08 ,7.08,,birth_rate,7.08,False
A,V97020,M,SI,2016,12.34 ,12.34,,birth_rate,12.34,False
A,V97020,M,SK,2016,10.77 ,10.77,,birth_rate,10.77,False
A,V97020,N,AT,2016,10.91 ,10.91,,birth_rate,10.91,False
A,V97020,N,BE,2016,6.77 ,6.77,,birth_rate,6.77,False
A,V97020,N,BG,2016,12.71 ,12.71,,birth_rate,12.71,False
A,V97020,N,CZ,2016,8.18 ,8.18,,birth_rate,8.18,False
A,V97020,N,DE,2016,9.02 ,9.02,,birth_rate,9.02,False
A,V97020,N,EE,2016,15.40 ,15.4,,birth_rate,15.4,False
A,V97020,N,ES,2016,13.07 ,13.07,,birth_rate,13.07,False
A,V97020,N,FI,2016,7.88 ,7.88,,birth_rate,7.88,False
A,V97020,N,FR,2016,11.81 ,11.81,,birth_rate,11.81,False
A,V97020,N,HU,2016,14.34 ,14.34,,birth_rate,14.34,False
A,V97020,N,IT,2016,11.67 ,11.67,,birth_rate,11.67,False
A,V97020,N,LV,2016,25.24 ,25.24,,birth_rate,25.24,False
A,V97020,N,NL,2016,12.12 ,12.12,,birth_rate,12.12,False
A,V97020,N,NO,2016,11.16 ,11.16,,birth_rate,11.16,False
A,V97020,N,PL,2016,16.95 ,16.95,,birth_rate,16.95,False
A,V97020,N,PT,2016,28.11 ,28.11,,birth_rate,28.11,False
A,V97020,N,RO,2016,11.59 ,11.59,,birth_rate,11.59,False
A,V97020,N,SE,2016,8.92 ,8.92,,birth_rate,8.92,False
A,V97020,N,SI,2016,15.44 ,15.44,,birth_rate,15.44,False
A,V97020,N,SK,2016,14.69 ,14.69,,birth_rate,14.69,False
A,V97030,B,AT,2016,1.82 ,1.82,,death_rate,1.82,False
A,V97030,B,BE,2016,1.79 ,1.79,,death_rate,1.79,False
A,V97030,B,BG,2016,10.90 ,10.9,,death_rate,10.9,False
A,V97030,B,CZ,2016,6.05 ,6.05,,death_rate,6.05,False
A,V97030,B,DE,2016,4.08 ,4.08,,death_rate,4.08,False
A,V97030,B,EE,2016,2.84 ,2.84,,death_rate,2.84,False
A,V97030,B,ES,2016,6.88 ,6.88,,death_rate,6.88,False
A,V97030,B,FI,2016,3.77 ,3.77,,death_rate,3.77,False
A,V97030,B,FR,2016,2.11 ,2.11,,death_rate,2.11,False
A,V97030,B,HU,2016,7.21 ,7.21,,death_rate,7.21,False
A,V97030,B,IT,2016,5.00 ,5.0,,death_rate,5.0,False
A,V97030,B,LV,2016,18.22 ,18.22,,death_rate,18.22,False
A,V97030,B,NL,2016,6.42 ,6.42,,death_rate,6.42,False
A,V97030,B,NO,2016,4.81 ,4.81,,death_rate,4.81,False
A,V97030,B,PL,2016,10.17 ,10.17,,death_rate,10.17,False
A,V97030,B,PT,2016,5.45 ,5.45,,death_rate,5.45,False
A,V97030,B,RO,2016,6.80 ,6.8,,death_rate,6.8,False
A,V97030,B,SE,2016,3.07 ,3.07,,death_rate,3.07,False
A,V97030,B,SI,2016,6.00 ,6.0,,death_rate,6.0,False
A,V97030,B,SK,2016,7.36 ,7.36,,death_rate,7.36,False
A,V97030,C,AT,2016,3.75 ,3.75,,death_rate,3.75,False
A,V97030,C,BE,2016,2.62 ,2.62,,death_rate,2.62,False
A,V97030,C,BG,2016,8.49 ,8.49,,death_rate,8.49,False
A,V97030,C,CZ,2016,7.15 ,7.15,,death_rate,7.15,False
A,V97030,C,DE,2016,5.18 ,5.18,,death_rate,5.18,False
A,V97030,C,EE,2016,6.78 ,6.78,,death_rate,6.78,False
A,V97030,C,ES,2016,7.52 ,7.52,,death_rate,7.52,False
A,V97030,C,FI,2016,5.64 ,5.64,,death_rate,5.64,False
A,V97030,C,FR,2016,3.77 ,3.77,,death_rate,3.77,False
A,V97030,C,HU,2016,6.61 ,6.61,,death_rate,6.61,False
A,V97030,C,IT,2016,5.15 ,5.15,,death_rate,5.15,False
A,V97030,C,LV,2016,12.56 ,12.56,,death_rate,12.56,False
A,V97030,C,NL,2016,5.30 ,5.3,,death_rate,5.3,False
A,V97030,C,NO,2016,5.34 ,5.34,,death_rate,5.34,False
A,V97030,C,PL,2016,8.22 ,8.22,,death_rate,8.22,False
A,V97030,C,PT,2016,7.80 ,7.8,,death_rate,7.8,False
A,V97030,C,RO,2016,6.79 ,6.79,,death_rate,6.79,False
A,V97030,C,SE,2016,5.15 ,5.15,,death_rate,5.15,False
A,V97030,C,SI,2016,7.18 ,7.18,,death_rate,7.18,False
A,V97030,C,SK,2016,8.32 ,8.32,,death_rate,8.32,False
A,V97030,D,AT,2016,2.61 ,2.61,,death_rate,2.61,False
A,V97030,D,BE,2016,1.16 ,1.16,,death_rate,1.16,False
A,V97030,D,BG,2016,8.36 ,8.36,,death_rate,8.36,False
A,V97030,D,CZ,2016,1.92 ,1.92,,death_rate,1.92,False
A,V97030,D,DE,2016,7.93 ,7.93,,death_rate,7.93,False
A,V97030,D,EE,2016,1.69 ,1.69,,death_rate,1.69,False
A,V97030,D,ES,2016,1.46 ,1.46,,death_rate,1.46,False
A,V97030,D,FI,2016,2.81 ,2.81,,death_rate,2.81,False
A,V97030,D,FR,2016,1.57 ,1.57,,death_rate,1.57,False
A,V97030,D,HU,2016,8.98 ,8.98,,death_rate,8.98,False
A,V97030,D,IT,2016,2.35 ,2.35,,death_rate,2.35,False
A,V97030,D,LV,2016,5.12 ,5.12,,death_rate,5.12,False
A,V97030,D,NL,2016,6.49 ,6.49,,death_rate,6.49,False
A,V97030,D,NO,2016,1.19 ,1.19,,death_rate,1.19,False
A,V97030,D,PL,2016,18.80 ,18.8,,death_rate,18.8,False
A,V97030,D,PT,2016,2.11 ,2.11,,death_rate,2.11,False
A,V97030,D,RO,2016,10.68 ,10.68,,death_rate,10.68,False
A,V97030,D,SE,2016,20.81 ,20.81,,death_rate,20.81,False
A,V97030,D,SI,2016,4.07 ,4.07,,death_rate,4.07,False
A,V97030,D,SK,2016,3.07 ,3.07,,death_rate,3.07,False
A,V97030,E,AT,2016,2.35 ,2.35,,death_rate,2.35,False
A,V97030,E,BE,2016,1.94 ,1.94,,death_rate,1.94,False
A,V97030,E,BG,2016,10.76 ,10.76,,death_rate,10.76,False
A,V97030,E,CZ,2016,6.76 ,6.76,,death_rate,6.76,False
A,V97030,E,DE,2016,4.42 ,4.42,,death_rate,4.42,False
A,V97030,E,EE,2016,4.98 ,4.98,,death_rate,4.98,False
A,V97030,E,ES,2016,4.17 ,4.17,,death_rate,4.17,False
A,V97030,E,FI,2016,2.72 ,2.72,,death_rate,2.72,False
A,V97030,E,FR,2016,3.68 ,3.68,,death_rate,3.68,False
A,V97030,E,HU,2016,6.84 ,6.84,,death_rate,6.84,False
A,V97030,E,IT,2016,4.21 ,4.21,,death_rate,4.21,False
A,V97030,E,LV,2016,6.18 ,6.18,,death_rate,6.18,False
A,V97030,E,NL,2016,7.51 ,7.51,,death_rate,7.51,False
A,V97030,E,NO,2016,3.72 ,3.72,,death_rate,3.72,False
A,V97030,E,PL,2016,8.49 ,8.49,,death_rate,8.49,False
A,V97030,E,PT,2016,7.57 ,7.57,,death_rate,7.57,False
A,V97030,E,RO,2016,9.46 ,9.46,,death_rate,9.46,False
A,V97030,E,SE,2016,4.42 ,4.42,,death_rate,4.42,False
A,V97030,E,SI,2016,9.93 ,9.93,,death_rate,9.93,False
A,V97030,E,SK,2016,6.67 ,6.67,,death_rate,6.67,False
A,V97030,F,AT,2016,5.51 ,5.51,,death_rate,5.51,False
A,V97030,F,BE,2016,2.88 ,2.88,,death_rate,2.88,False
A,V97030,F,BG,2016,15.24 ,15.24,,death_rate,15.24,False
A,V97030,F,CZ,2016,7.58 ,7.58,,death_rate,7.58,False
A,V97030,F,DE,2016,7.12 ,7.12,,death_rate,7.12,False
A,V97030,F,EE,2016,7.94 ,7.94,,death_rate,7.94,False
A,V97030,F,ES,2016,9.87 ,9.87,,death_rate,9.87,False
A,V97030,F,FI,2016,6.54 ,6.54,,death_rate,6.54,False
A,V97030,F,FR,2016,4.45 ,4.45,,death_rate,4.45,False
A,V97030,F,HU,2016,7.81 ,7.81,,death_rate,7.81,False
A,V97030,F,IT,2016,8.27 ,8.27,,death_rate,8.27,False
A,V97030,F,LV,2016,16.65 ,16.65,,death_rate,16.65,False
A,V97030,F,NL,2016,4.87 ,4.87,,death_rate,4.87,False
A,V97030,F,NO,2016,6.65 ,6.65,,death_rate,6.65,False
A,V97030,F,PL,2016,12.55 ,12.55,,death_rate,12.55,False
A,V97030,F,PT,2016,9.31 ,9.31,,death_rate,9.31,False
A,V97030,F,RO,2016,8.65 ,8.65,,death_rate,8.65,False
A,V97030,F,SE,2016,5.70 ,5.7,,death_rate,5.7,False
A,V97030,F,SI,2016,11.33 ,11.33,,death_rate,11.33,False
A,V97030,F,SK,2016,10.01 ,10.01,,death_rate,10.01,False
A,V97030,G,AT,2016,6.74 ,6.74,,death_rate,6.74,False
A,V97030,G,BE,2016,3.63 ,3.63,,death_rate,3.63,False
A,V97030,G,BG,2016,12.18 ,12.18,,death_rate,12.18,False
A,V97030,G,CZ,2016,9.50 ,9.5,,death_rate,9.5,False
A,V97030,G,DE,2016,7.82 ,7.82,,death_rate,7.82,False
A,V97030,G,EE,2016,8.46 ,8.46,,death_rate,8.46,False
A,V97030,G,ES,2016,10.06 ,10.06,,death_rate,10.06,False
A,V97030,G,FI,2016,8.22 ,8.22,,death_rate,8.22,False
A,V97030,G,FR,2016,4.93 ,4.93,,death_rate,4.93,False
A,V97030,G,HU,2016,8.75 ,8.75,,death_rate,8.75,False
A,V97030,G,IT,2016,7.29 ,7.29,,death_rate,7.29,False
A,V97030,G,LV,2016,13.95 ,13.95,,death_rate,13.95,False
A,V97030,G,NL,2016,8.35 ,8.35,,death_rate,8.35,False
A,V97030,G,NO,2016,6.23 ,6.23,,death_rate,6.23,False
A,V97030,G,PL,2016,9.68 ,9.68,,death_rate,9.68,False
A,V97030,G,PT,2016,10.49 ,10.49,,death_rate,10.49,False
A,V97030,G,RO,2016,8.63 ,8.63,,death_rate,8.63,False
A,V97030,G,SE,2016,7.29 ,7.29,,death_rate,7.29,False
A,V97030,G,SI,2016,9.69 ,9.69,,death_rate,9.69,False
A,V97030,G,SK,2016,8.50 ,8.5,,death_rate,8.5,False
A,V97030,H,AT,2016,7.51 ,7.51,,death_rate,7.51,False
A,V97030,H,BE,2016,3.65 ,3.65,,death_rate,3.65,False
A,V97030,H,BG,2016,9.74 ,9.74,,death_rate,9.74,False
A,V97030,H,CZ,2016,6.88 ,6.88,,death_rate,6.88,False
A,V97030,H,DE,2016,7.92 ,7.92,,death_rate,7.92,False
A,V97030,H,EE,2016,8.83 ,8.83,,death_rate,8.83,False
A,V97030,H,ES,2016,6.16 ,6.16,,death_rate,6.16,False
A,V97030,H,FI,2016,4.87 ,4.87,,death_rate,4.87,False
A,V97030,H,FR,2016,5.23 ,5.23,,death_rate,5.23,False
A,V97030,H,HU,2016,8.37 ,8.37,,death_rate,8.37,False
A,V97030,H,IT,2016,6.00 ,6.0,,death_rate,6.0,False
A,V97030,H,LV,2016,14.09 ,14.09,,death_rate,14.09,False
A,V97030,H,NL,2016,7.59 ,7.59,,death_rate,7.59,False
A,V97030,H,NO,2016,6.48 ,6.48,,death_rate,6.48,False
A,V97030,H,PL,2016,7.61 ,7.61,,death_rate,7.61,False
A,V97030,H,PT,2016,6.67 ,6.67,,death_rate,6.67,False
A,V97030,H,RO,2016,5.37 ,5.37,,death_rate,5.37,False
A,V97030,H,SE,2016,5.45 ,5.45,,death_rate,5.45,False
A,V97030,H,SI,2016,9.59 ,9.59,,death_rate,9.59,False
A,V97030,H,SK,2016,10.14 ,10.14,,death_rate,10.14,False
A,V97030,I,AT,2016,6.68 ,6.68,,death_rate,6.68,False
A,V97030,I,BE,2016,5.52 ,5.52,,death_rate,5.52,False
A,V97030,I,BG,2016,15.15 ,15.15,,death_rate,15.15,False
A,V97030,I,CZ,2016,12.68 ,12.68,,death_rate,12.68,False
A,V97030,I,DE,2016,8.16 ,8.16,,death_rate,8.16,False
A,V97030,I,EE,2016,7.70 ,7.7,,death_rate,7.7,False
A,V97030,I,ES,2016,11.64 ,11.64,,death_rate,11.64,False
A,V97030,I,FI,2016,8.01 ,8.01,,death_rate,8.01,False
A,V97030,I,FR,2016,4.85 ,4.85,,death_rate,4.85,False
A,V97030,I,HU,2016,10.18 ,10.18,,death_rate,10.18,False
A,V97030,I,IT,2016,6.83 ,6.83,,death_rate,6.83,False
A,V97030,I,LV,2016,15.40 ,15.4,,death_rate,15.4,False
A,V97030,I,NL,2016,6.50 ,6.5,,death_rate,6.5,False
A,V97030,I,NO,2016,4.28 ,4.28,,death_rate,4.28,False
A,V97030,I,PL,2016,9.89 ,9.89,,death_rate,9.89,False
A,V97030,I,PT,2016,11.88 ,11.88,,death_rate,11.88,False
A,V97030,I,RO,2016,9.90 ,9.9,,death_rate,9.9,False
A,V97030,I,SE,2016,7.15 ,7.15,,death_rate,7.15,False
A,V97030,I,SI,2016,11.97 ,11.97,,death_rate,11.97,False
A,V97030,I,SK,2016,9.22 ,9.22,,death_rate,9.22,False
A,V97030,J,AT,2016,5.67 ,5.67,,death_rate,5.67,False
A,V97030,J,BE,2016,3.21 ,3.21,,death_rate,3.21,False
A,V97030,J,BG,2016,9.67 ,9.67,,death_rate,9.67,False
A,V97030,J,CZ,2016,5.90 ,5.9,,death_rate,5.9,False
A,V97030,J,DE,2016,9.82 ,9.82,,death_rate,9.82,False
A,V97030,J,EE,2016,8.53 ,8.53,,death_rate,8.53,False
A,V97030,J,ES,2016,10.20 ,10.2,,death_rate,10.2,False
A,V97030,J,FI,2016,7.86 ,7.86,,death_rate,7.86,False
A,V97030,J,FR,2016,5.84 ,5.84,,death_rate,5.84,False
A,V97030,J,HU,2016,8.27 ,8.27,,death_rate,8.27,False
A,V97030,J,IT,2016,7.42 ,7.42,,death_rate,7.42,False
A,V97030,J,LV,2016,13.42 ,13.42,,death_rate,13.42,False
A,V97030,J,NL,2016,7.58 ,7.58,,death_rate,7.58,False
A,V97030,J,NO,2016,9.59 ,9.59,,death_rate,9.59,False
A,V97030,J,PL,2016,9.11 ,9.11,,death_rate,9.11,False
A,V97030,J,PT,2016,12.41 ,12.41,,death_rate,12.41,False
A,V97030,J,RO,2016,12.68 ,12.68,,death_rate,12.68,False
A,V97030,J,SE,2016,6.35 ,6.35,,death_rate,6.35,False
A,V97030,J,SI,2016,8.76 ,8.76,,death_rate,8.76,False
A,V97030,J,SK,2016,7.88 ,7.88,,death_rate,7.88,False
A,V97030,L,AT,2016,2.82 ,2.82,,death_rate,2.82,False
A,V97030,L,BE,2016,2.15 ,2.15,,death_rate,2.15,False
A,V97030,L,BG,2016,15.26 ,15.26,,death_rate,15.26,False
A,V97030,L,CZ,2016,7.71 ,7.71,,death_rate,7.71,False
A,V97030,L,DE,2016,7.27 ,7.27,,death_rate,7.27,False
A,V97030,L,EE,2016,6.06 ,6.06,,death_rate,6.06,False
A,V97030,L,ES,2016,5.38 ,5.38,,death_rate,5.38,False
A,V97030,L,FI,2016,4.12 ,4.12,,death_rate,4.12,False
A,V97030,L,FR,2016,3.69 ,3.69,,death_rate,3.69,False
A,V97030,L,HU,2016,7.57 ,7.57,,death_rate,7.57,False
A,V97030,L,IT,2016,5.21 ,5.21,,death_rate,5.21,False
A,V97030,L,LV,2016,15.07 ,15.07,,death_rate,15.07,False
A,V97030,L,NL,2016,6.05 ,6.05,,death_rate,6.05,False
A,V97030,L,NO,2016,2.98 ,2.98,,death_rate,2.98,False
A,V97030,L,PL,2016,8.12 ,8.12,,death_rate,8.12,False
A,V97030,L,PT,2016,6.66 ,6.66,,death_rate,6.66,False
A,V97030,L,RO,2016,6.41 ,6.41,,death_rate,6.41,False
A,V97030,L,SE,2016,3.22 ,3.22,,death_rate,3.22,False
A,V97030,L,SI,2016,8.03 ,8.03,,death_rate,8.03,False
A,V97030,L,SK,2016,5.89 ,5.89,,death_rate,5.89,False
A,V97030,M,AT,2016,4.69 ,4.69,,death_rate,4.69,False
A,V97030,M,BE,2016,3.12 ,3.12,,death_rate,3.12,False
A,V97030,M,BG,2016,10.74 ,10.74,,death_rate,10.74,False
A,V97030,M,CZ,2016,6.52 ,6.52,,death_rate,6.52,False
A,V97030,M,DE,2016,8.84 ,8.84,,death_rate,8.84,False
A,V97030,M,EE,2016,7.14 ,7.14,,death_rate,7.14,False
A,V97030,M,ES,2016,7.05 ,7.05,,death_rate,7.05,False
A,V97030,M,FI,2016,7.41 ,7.41,,death_rate,7.41,False
A,V97030,M,FR,2016,5.17 ,5.17,,death_rate,5.17,False
A,V97030,M,HU,2016,7.45 ,7.45,,death_rate,7.45,False
A,V97030,M,IT,2016,6.75 ,6.75,,death_rate,6.75,False
A,V97030,M,LV,2016,11.69 ,11.69,,death_rate,11.69,False
A,V97030,M,NL,2016,6.84 ,6.84,,death_rate,6.84,False
A,V97030,M,NO,2016,8.87 ,8.87,,death_rate,8.87,False
A,V97030,M,PL,2016,7.96 ,7.96,,death_rate,7.96,False
A,V97030,M,PT,2016,9.97 ,9.97,,death_rate,9.97,False
A,V97030,M,RO,2016,9.73 ,9.73,,death_rate,9.73,False
A,V97030,M,SE,2016,5.84 ,5.84,,death_rate,5.84,False
A,V97030,M,SI,2016,9.12 ,9.12,,death_rate,9.12,False
A,V97030,M,SK,2016,7.63 ,7.63,,death_rate,7.63,False
A,V97030,N,AT,2016,8.03 ,8.03,,death_rate,8.03,False
A,V97030,N,BE,2016,3.34 ,3.34,,death_rate,3.34,False
A,V97030,N,BG,2016,11.31 ,11.31,,death_rate,11.31,False
A,V97030,N,CZ,2016,7.79 ,7.79,,death_rate,7.79,False
A,V97030,N,DE,2016,8.98 ,8.98,,death_rate,8.98,False
A,V97030,N,EE,2016,8.60 ,8.6,,death_rate,8.6,False
A,V97030,N,ES,2016,10.41 ,10.41,,death_rate,10.41,False
A,V97030,N,FI,2016,8.20 ,8.2,,death_rate,8.2,False
A,V97030,N,FR,2016,4.93 ,4.93,,death_rate,4.93,False
A,V97030,N,HU,2016,11.21 ,11.21,,death_rate,11.21,False
A,V97030,N,IT,2016,8.67 ,8.67,,death_rate,8.67,False
A,V97030,N,LV,2016,18.30 ,18.3,,death_rate,18.3,False
A,V97030,N,NL,2016,7.72 ,7.72,,death_rate,7.72,False
A,V97030,N,NO,2016,8.65 ,8.65,,death_rate,8.65,False
A,V97030,N,PL,2016,11.86 ,11.86,,death_rate,11.86,False
A,V97030,N,PT,2016,22.98 ,22.98,,death_rate,22.98,False
A,V97030,N,RO,2016,11.32 ,11.32,,death_rate,11.32,False
A,V97030,N,SE,2016,7.40 ,7.4,,death_rate,7.4,False
A,V97030,N,SI,2016,12.20 ,12.2,,death_rate,12.2,False
A,V97030,N,SK,2016,9.66 ,9.66,,death_rate,9.66,False
A,V97043,B,AT,2016,66.67 b,66.67,b,survival_3y,66.67,False
A,V97043,B,BE,2016,83.33 ,83.33,,survival_3y,83.33,False
A,V97043,B,BG,2016,59.09 ,59.09,,survival_3y,59.09,False
A,V97043,B,CZ,2016,66.67 ,66.67,,survival_3y,66.67,False
A,V97043,B,DE,2016,48.65 ,48.65,,survival_3y,48.65,False
A,V97043,B,EE,2016,60.00 b,60.0,b,survival_3y,60.0,False
A,V97043,B,ES,2016,70.73 ,70.73,,survival_3y,70.73,False
A,V97043,B,FI,2016,61.90 b,61.9,b,survival_3y,61.9,False
A,V97043,B,FR,2016,77.32 ,77.32,,survival_3y,77.32,False
A,V97043,B,HU,2016,50.00 ,50.0,,survival_3y,50.0,False
A,V97043,B,IT,2016,51.25 ,51.25,,survival_3y,51.25,False
A,V97043,B,LV,2016,52.00 ,52.0,,survival_3y,52.0,False
A,V97043,B,NL,2016,75.51 ,75.51,,survival_3y,75.51,False
A,V97043,B,NO,2016,56.10 ,56.1,,survival_3y,56.1,False
A,V97043,B,PL,2016,60.31 ,60.31,,survival_3y,60.31,False
A,V97043,B,PT,2016,56.00 ,56.0,,survival_3y,56.0,False
A,V97043,B,RO,2016,62.04 ,62.04,,survival_3y,62.04,False
A,V97043,B,SE,2016,96.00 ,96.0,,survival_3y,96.0,False
A,V97043,B,SI,2016,50.00 ,50.0,,survival_3y,50.0,False
A,V97043,B,SK,2016,55.56 ,55.56,,survival_3y,55.56,False
A,V97043,C,AT,2016,73.99 b,73.99,b,survival_3y,73.99,False
A,V97043,C,BE,2016,75.62 ,75.62,,survival_3y,75.62,False
A,V97043,C,BG,2016,68.40 ,68.4,,survival_3y,68.4,False
A,V97043,C,CZ,2016,64.73 ,64.73,,survival_3y,64.73,False
A,V97043,C,DE,2016,55.39 ,55.39,,survival_3y,55.39,False
A,V97043,C,EE,2016,62.02 b,62.02,b,survival_3y,62.02,False
A,V97043,C,ES,2016,61.62 ,61.62,,survival_3y,61.62,False
A,V97043,C,FI,2016,60.74 b,60.74,b,survival_3y,60.74,False
A,V97043,C,FR,2016,60.26 ,60.26,,survival_3y,60.26,False
A,V97043,C,HU,2016,64.34 ,64.34,,survival_3y,64.34,False
A,V97043,C,IT,2016,62.84 ,62.84,,survival_3y,62.84,False
A,V97043,C,LV,2016,64.84 ,64.84,,survival_3y,64.84,False
A,V97043,C,NL,2016,76.18 ,76.18,,survival_3y,76.18,False
A,V97043,C,NO,2016,60.55 ,60.55,,survival_3y,60.55,False
A,V97043,C,PL,2016,53.85 ,53.85,,survival_3y,53.85,False
A,V97043,C,PT,2016,59.36 ,59.36,,survival_3y,59.36,False
A,V97043,C,RO,2016,69.30 ,69.3,,survival_3y,69.3,False
A,V97043,C,SE,2016,79.07 ,79.07,,survival_3y,79.07,False
A,V97043,C,SI,2016,65.38 ,65.38,,survival_3y,65.38,False
A,V97043,C,SK,2016,66.05 ,66.05,,survival_3y,66.05,False
A,V97043,D,AT,2016,84.41 b,84.41,b,survival_3y,84.41,False
A,V97043,D,BE,2016,95.45 ,95.45,,survival_3y,95.45,False
A,V97043,D,BG,2016,61.17 ,61.17,,survival_3y,61.17,False
A,V97043,D,CZ,2016,90.68 ,90.68,,survival_3y,90.68,False
A,V97043,D,DE,2016,59.80 ,59.8,,survival_3y,59.8,False
A,V97043,D,EE,2016,50.00 b,50.0,b,survival_3y,50.0,False
A,V97043,D,ES,2016,91.30 ,91.3,,survival_3y,91.3,False
A,V97043,D,FI,2016,77.08 b,77.08,b,survival_3y,77.08,False
A,V97043,D,FR,2016,89.79 ,89.79,,survival_3y,89.79,False
A,V97043,D,HU,2016,41.67 ,41.67,,survival_3y,41.67,False
A,V97043,D,IT,2016,68.63 ,68.63,,survival_3y,68.63,False
A,V97043,D,LV,2016,58.70 ,58.7,,survival_3y,58.7,False
A,V97043,D,NL,2016,75.61 ,75.61,,survival_3y,75.61,False
A,V97043,D,NO,2016,67.69 ,67.69,,survival_3y,67.69,False
A,V97043,D,PL,2016,41.12 ,41.12,,survival_3y,41.12,False
A,V97043,D,PT,2016,56.00 ,56.0,,survival_3y,56.0,False
A,V97043,D,RO,2016,49.42 ,49.42,,survival_3y,49.42,False
A,V97043,D,SE,2016,86.11 ,86.11,,survival_3y,86.11,False
A,V97043,D,SI,2016,75.10 ,75.1,,survival_3y,75.1,False
A,V97043,D,SK,2016,95.24 ,95.24,,survival_3y,95.24,False
A,V97043,E,AT,2016,79.14 b,79.14,b,survival_3y,79.14,False
A,V97043,E,BE,2016,67.74 ,67.74,,survival_3y,67.74,False
A,V97043,E,BG,2016,57.65 ,57.65,,survival_3y,57.65,False
A,V97043,E,CZ,2016,65.97 ,65.97,,survival_3y,65.97,False
A,V97043,E,DE,2016,54.30 ,54.3,,survival_3y,54.3,False
A,V97043,E,EE,2016,68.42 b,68.42,b,survival_3y,68.42,False
A,V97043,E,ES,2016,58.44 ,58.44,,survival_3y,58.44,False
A,V97043,E,FI,2016,60.81 b,60.81,b,survival_3y,60.81,False
A,V97043,E,FR,2016,61.15 ,61.15,,survival_3y,61.15,False
A,V97043,E,HU,2016,61.27 ,61.27,,survival_3y,61.27,False
A,V97043,E,IT,2016,64.57 ,64.57,,survival_3y,64.57,False
A,V97043,E,LV,2016,60.42 ,60.42,,survival_3y,60.42,False
A,V97043,E,NL,2016,71.97 ,71.97,,survival_3y,71.97,False
A,V97043,E,NO,2016,72.22 ,72.22,,survival_3y,72.22,False
A,V97043,E,PL,2016,55.64 ,55.64,,survival_3y,55.64,False
A,V97043,E,PT,2016,59.57 ,59.57,,survival_3y,59.57,False
A,V97043,E,RO,2016,57.62 ,57.62,,survival_3y,57.62,False
A,V97043,E,SE,2016,80.00 ,80.0,,survival_3y,80.0,False
A,V97043,E,SI,2016,44.07 ,44.07,,survival_3y,44.07,False
A,V97043,E,SK,2016,73.79 ,73.79,,survival_3y,73.79,False
A,V97043,F,AT,2016,63.07 b,63.07,b,survival_3y,63.07,False
A,V97043,F,BE,2016,73.55 ,73.55,,survival_3y,73.55,False
A,V97043,F,BG,2016,54.38 ,54.38,,survival_3y,54.38,False
A,V97043,F,CZ,2016,61.00 ,61.0,,survival_3y,61.0,False
A,V97043,F,DE,2016,49.75 ,49.75,,survival_3y,49.75,False
A,V97043,F,EE,2016,54.32 b,54.32,b,survival_3y,54.32,False
A,V97043,F,ES,2016,51.82 ,51.82,,survival_3y,51.82,False
A,V97043,F,FI,2016,58.24 b,58.24,b,survival_3y,58.24,False
A,V97043,F,FR,2016,63.28 ,63.28,,survival_3y,63.28,False
A,V97043,F,HU,2016,59.06 ,59.06,,survival_3y,59.06,False
A,V97043,F,IT,2016,51.35 ,51.35,,survival_3y,51.35,False
A,V97043,F,LV,2016,55.31 ,55.31,,survival_3y,55.31,False
A,V97043,F,NL,2016,74.54 ,74.54,,survival_3y,74.54,False
A,V97043,F,NO,2016,56.82 ,56.82,,survival_3y,56.82,False
A,V97043,F,PL,2016,44.95 ,44.95,,survival_3y,44.95,False
A,V97043,F,PT,2016,52.56 ,52.56,,survival_3y,52.56,False
A,V97043,F,RO,2016,63.01 ,63.01,,survival_3y,63.01,False
A,V97043,F,SE,2016,75.95 ,75.95,,survival_3y,75.95,False
A,V97043,F,SI,2016,61.40 ,61.4,,survival_3y,61.4,False
A,V97043,F,SK,2016,60.13 ,60.13,,survival_3y,60.13,False
A,V97043,G,AT,2016,62.96 b,62.96,b,survival_3y,62.96,False
A,V97043,G,BE,2016,68.77 ,68.77,,survival_3y,68.77,False
A,V97043,G,BG,2016,56.23 ,56.23,,survival_3y,56.23,False
A,V97043,G,CZ,2016,55.72 ,55.72,,survival_3y,55.72,False
A,V97043,G,DE,2016,51.16 ,51.16,,survival_3y,51.16,False
A,V97043,G,EE,2016,57.87 b,57.87,b,survival_3y,57.87,False
A,V97043,G,ES,2016,52.40 ,52.4,,survival_3y,52.4,False
A,V97043,G,FI,2016,51.92 b,51.92,b,survival_3y,51.92,False
A,V97043,G,FR,2016,57.90 ,57.9,,survival_3y,57.9,False
A,V97043,G,HU,2016,61.10 ,61.1,,survival_3y,61.1,False
A,V97043,G,IT,2016,51.46 ,51.46,,survival_3y,51.46,False
A,V97043,G,LV,2016,51.61 ,51.61,,survival_3y,51.61,False
A,V97043,G,NL,2016,62.43 ,62.43,,survival_3y,62.43,False
A,V97043,G,NO,2016,56.59 ,56.59,,survival_3y,56.59,False
A,V97043,G,PL,2016,47.87 ,47.87,,survival_3y,47.87,False
A,V97043,G,PT,2016,52.96 ,52.96,,survival_3y,52.96,False
A,V97043,G,RO,2016,66.40 ,66.4,,survival_3y,66.4,False
A,V97043,G,SE,2016,68.87 ,68.87,,survival_3y,68.87,False
A,V97043,G,SI,2016,63.33 ,63.33,,survival_3y,63.33,False
A,V97043,G,SK,2016,61.82 ,61.82,,survival_3y,61.82,False
A,V97043,H,AT,2016,57.09 b,57.09,b,survival_3y,57.09,False
A,V97043,H,BE,2016,67.44 ,67.44,,survival_3y,67.44,False
A,V97043,H,BG,2016,72.70 ,72.7,,survival_3y,72.7,False
A,V97043,H,CZ,2016,66.42 ,66.42,,survival_3y,66.42,False
A,V97043,H,DE,2016,51.94 ,51.94,,survival_3y,51.94,False
A,V97043,H,EE,2016,58.56 b,58.56,b,survival_3y,58.56,False
A,V97043,H,ES,2016,70.64 ,70.64,,survival_3y,70.64,False
A,V97043,H,FI,2016,72.47 b,72.47,b,survival_3y,72.47,False
A,V97043,H,FR,2016,70.93 ,70.93,,survival_3y,70.93,False
A,V97043,H,HU,2016,61.83 ,61.83,,survival_3y,61.83,False
A,V97043,H,IT,2016,65.44 ,65.44,,survival_3y,65.44,False
A,V97043,H,LV,2016,60.18 ,60.18,,survival_3y,60.18,False
A,V97043,H,NL,2016,66.53 ,66.53,,survival_3y,66.53,False
A,V97043,H,NO,2016,59.95 ,59.95,,survival_3y,59.95,False
A,V97043,H,PL,2016,58.23 ,58.23,,survival_3y,58.23,False
A,V97043,H,PT,2016,61.68 ,61.68,,survival_3y,61.68,False
A,V97043,H,RO,2016,74.70 ,74.7,,survival_3y,74.7,False
A,V97043,H,SE,2016,76.15 ,76.15,,survival_3y,76.15,False
A,V97043,H,SI,2016,63.66 ,63.66,,survival_3y,63.66,False
A,V97043,H,SK,2016,67.34 ,67.34,,survival_3y,67.34,False
A,V97043,I,AT,2016,60.25 b,60.25,b,survival_3y,60.25,False
A,V97043,I,BE,2016,59.25 ,59.25,,survival_3y,59.25,False
A,V97043,I,BG,2016,48.69 ,48.69,,survival_3y,48.69,False
A,V97043,I,CZ,2016,57.36 ,57.36,,survival_3y,57.36,False
A,V97043,I,DE,2016,48.82 ,48.82,,survival_3y,48.82,False
A,V97043,I,EE,2016,59.28 b,59.28,b,survival_3y,59.28,False
A,V97043,I,ES,2016,47.52 ,47.52,,survival_3y,47.52,False
A,V97043,I,FI,2016,59.45 b,59.45,b,survival_3y,59.45,False
A,V97043,I,FR,2016,68.29 ,68.29,,survival_3y,68.29,False
A,V97043,I,HU,2016,54.27 ,54.27,,survival_3y,54.27,False
A,V97043,I,IT,2016,58.42 ,58.42,,survival_3y,58.42,False
A,V97043,I,LV,2016,52.90 ,52.9,,survival_3y,52.9,False
A,V97043,I,NL,2016,69.94 ,69.94,,survival_3y,69.94,False
A,V97043,I,NO,2016,53.25 ,53.25,,survival_3y,53.25,False
A,V97043,I,PL,2016,49.81 ,49.81,,survival_3y,49.81,False
A,V97043,I,PT,2016,49.76 ,49.76,,survival_3y,49.76,False
A,V97043,I,RO,2016,61.97 ,61.97,,survival_3y,61.97,False
A,V97043,I,SE,2016,64.24 ,64.24,,survival_3y,64.24,False
A,V97043,I,SI,2016,55.79 ,55.79,,survival_3y,55.79,False
A,V97043,I,SK,2016,63.46 ,63.46,,survival_3y,63.46,False
A,V97043,J,AT,2016,70.80 b,70.8,b,survival_3y,70.8,False
A,V97043,J,BE,2016,69.98 ,69.98,,survival_3y,69.98,False
A,V97043,J,BG,2016,67.69 ,67.69,,survival_3y,67.69,False
A,V97043,J,CZ,2016,66.68 ,66.68,,survival_3y,66.68,False
A,V97043,J,DE,2016,50.79 ,50.79,,survival_3y,50.79,False
A,V97043,J,EE,2016,59.35 b,59.35,b,survival_3y,59.35,False
A,V97043,J,ES,2016,53.87 ,53.87,,survival_3y,53.87,False
A,V97043,J,FI,2016,62.51 b,62.51,b,survival_3y,62.51,False
A,V97043,J,FR,2016,52.65 ,52.65,,survival_3y,52.65,False
A,V97043,J,HU,2016,64.15 ,64.15,,survival_3y,64.15,False
A,V97043,J,IT,2016,55.13 ,55.13,,survival_3y,55.13,False
A,V97043,J,LV,2016,63.17 ,63.17,,survival_3y,63.17,False
A,V97043,J,NL,2016,75.26 ,75.26,,survival_3y,75.26,False
A,V97043,J,NO,2016,50.28 ,50.28,,survival_3y,50.28,False
A,V97043,J,PL,2016,63.74 ,63.74,,survival_3y,63.74,False
A,V97043,J,PT,2016,53.22 ,53.22,,survival_3y,53.22,False
A,V97043,J,RO,2016,54.01 ,54.01,,survival_3y,54.01,False
A,V97043,J,SE,2016,77.50 ,77.5,,survival_3y,77.5,False
A,V97043,J,SI,2016,71.23 ,71.23,,survival_3y,71.23,False
A,V97043,J,SK,2016,71.16 ,71.16,,survival_3y,71.16,False
A,V97043,L,AT,2016,73.76 b,73.76,b,survival_3y,73.76,False
A,V97043,L,BE,2016,75.00 ,75.0,,survival_3y,75.0,False
A,V97043,L,BG,2016,49.34 ,49.34,,survival_3y,49.34,False
A,V97043,L,CZ,2016,56.04 ,56.04,,survival_3y,56.04,False
A,V97043,L,DE,2016,28.44 ,28.44,,survival_3y,28.44,False
A,V97043,L,EE,2016,58.40 b,58.4,b,survival_3y,58.4,False
A,V97043,L,ES,2016,79.84 ,79.84,,survival_3y,79.84,False
A,V97043,L,FI,2016,52.16 b,52.16,b,survival_3y,52.16,False
A,V97043,L,FR,2016,73.80 ,73.8,,survival_3y,73.8,False
A,V97043,L,HU,2016,65.48 ,65.48,,survival_3y,65.48,False
A,V97043,L,IT,2016,57.23 ,57.23,,survival_3y,57.23,False
A,V97043,L,LV,2016,61.53 ,61.53,,survival_3y,61.53,False
A,V97043,L,NL,2016,71.72 ,71.72,,survival_3y,71.72,False
A,V97043,L,NO,2016,65.65 ,65.65,,survival_3y,65.65,False
A,V97043,L,PL,2016,63.21 ,63.21,,survival_3y,63.21,False
A,V97043,L,PT,2016,63.69 ,63.69,,survival_3y,63.69,False
A,V97043,L,RO,2016,69.67 ,69.67,,survival_3y,69.67,False
A,V97043,L,SE,2016,90.21 ,90.21,,survival_3y,90.21,False
A,V97043,L,SI,2016,75.82 ,75.82,,survival_3y,75.82,False
A,V97043,L,SK,2016,74.07 ,74.07,,survival_3y,74.07,False
A,V97043,M,AT,2016,71.95 b,71.95,b,survival_3y,71.95,False
A,V97043,M,BE,2016,73.37 ,73.37,,survival_3y,73.37,False
A,V97043,M,BG,2016,65.92 ,65.92,,survival_3y,65.92,False
A,V97043,M,CZ,2016,62.72 ,62.72,,survival_3y,62.72,False
A,V97043,M,DE,2016,50.94 ,50.94,,survival_3y,50.94,False
A,V97043,M,EE,2016,61.14 b,61.14,b,survival_3y,61.14,False
A,V97043,M,ES,2016,59.21 ,59.21,,survival_3y,59.21,False
A,V97043,M,FI,2016,60.57 b,60.57,b,survival_3y,60.57,False
A,V97043,M,FR,2016,57.67 ,57.67,,survival_3y,57.67,False
A,V97043,M,HU,2016,66.63 ,66.63,,survival_3y,66.63,False
A,V97043,M,IT,2016,50.37 ,50.37,,survival_3y,50.37,False
A,V97043,M,LV,2016,66.54 ,66.54,,survival_3y,66.54,False
A,V97043,M,NL,2016,76.74 ,76.74,,survival_3y,76.74,False
A,V97043,M,NO,2016,52.35 ,52.35,,survival_3y,52.35,False
A,V97043,M,PL,2016,65.45 ,65.45,,survival_3y,65.45,False
A,V97043,M,PT,2016,49.08 ,49.08,,survival_3y,49.08,False
A,V97043,M,RO,2016,62.25 ,62.25,,survival_3y,62.25,False
A,V97043,M,SE,2016,80.12 ,80.12,,survival_3y,80.12,False
A,V97043,M,SI,2016,67.58 ,67.58,,survival_3y,67.58,False
A,V97043,M,SK,2016,72.05 ,72.05,,survival_3y,72.05,False
A,V97043,N,AT,2016,56.39 b,56.39,b,survival_3y,56.39,False
A,V97043,N,BE,2016,69.29 ,69.29,,survival_3y,69.29,False
A,V97043,N,BG,2016,65.14 ,65.14,,survival_3y,65.14,False
A,V97043,N,CZ,2016,61.24 ,61.24,,survival_3y,61.24,False
A,V97043,N,DE,2016,53.40 ,53.4,,survival_3y,53.4,False
A,V97043,N,EE,2016,53.30 b,53.3,b,survival_3y,53.3,False
A,V97043,N,ES,2016,53.87 ,53.87,,survival_3y,53.87,False
A,V97043,N,FI,2016,60.00 b,60.0,b,survival_3y,60.0,False
A,V97043,N,FR,2016,57.31 ,57.31,,survival_3y,57.31,False
A,V97043,N,HU,2016,57.51 ,57.51,,survival_3y,57.51,False
A,V97043,N,IT,2016,55.04 ,55.04,,survival_3y,55.04,False
A,V97043,N,LV,2016,59.19 ,59.19,,survival_3y,59.19,False
A,V97043,N,NL,2016,66.59 ,66.59,,survival_3y,66.59,False
A,V97043,N,NO,2016,53.92 ,53.92,,survival_3y,53.92,False
A,V97043,N,PL,2016,47.19 ,47.19,,survival_3y,47.19,False
A,V97043,N,PT,2016,28.48 ,28.48,,survival_3y,28.48,False
A,V97043,N,RO,2016,57.34 ,57.34,,survival_3y,57.34,False
A,V97043,N,SE,2016,70.30 ,70.3,,survival_3y,70.3,False
A,V97043,N,SI,2016,61.61 ,61.61,,survival_3y,61.61,False
A,V97043,N,SK,2016,69.79 ,69.79,,survival_3y,69.79,False
A,V97020,B,AT,2017,1.87 ,1.87,,birth_rate,1.87,False
A,V97020,B,BE,2017,3.65 ,3.65,,birth_rate,3.65,False
A,V97020,B,BG,2017,6.12 ,6.12,,birth_rate,6.12,False
A,V97020,B,CZ,2017,8.19 ,8.19,,birth_rate,8.19,False
A,V97020,B,DE,2017,3.29 ,3.29,,birth_rate,3.29,False
A,V97020,B,EE,2017,2.84 ,2.84,,birth_rate,2.84,False
A,V97020,B,ES,2017,2.27 ,2.27,,birth_rate,2.27,False
A,V97020,B,FI,2017,3.80 ,3.8,,birth_rate,3.8,False
A,V97020,B,FR,2017,3.89 ,3.89,,birth_rate,3.89,False
A,V97020,B,HU,2017,6.23 ,6.23,,birth_rate,6.23,False
A,V97020,B,IT,2017,3.08 ,3.08,,birth_rate,3.08,False
A,V97020,B,LV,2017,15.91 ,15.91,,birth_rate,15.91,False
A,V97020,B,NL,2017,11.46 ,11.46,,birth_rate,11.46,False
A,V97020,B,NO,2017,7.38 ,7.38,,birth_rate,7.38,False
A,V97020,B,PL,2017,9.09 ,9.09,,birth_rate,9.09,False
A,V97020,B,PT,2017,6.69 ,6.69,,birth_rate,6.69,False
A,V97020,B,RO,2017,5.32 ,5.32,,birth_rate,5.32,False
A,V97020,B,SE,2017,3.81 ,3.81,,birth_rate,3.81,False
A,V97020,B,SI,2017,3.09 ,3.09,,birth_rate,3.09,False
A,V97020,B,SK,2017,8.52 ,8.52,,birth_rate,8.52,False
A,V97020,C,AT,2017,4.67 ,4.67,,birth_rate,4.67,False
A,V97020,C,BE,2017,4.85 ,4.85,,birth_rate,4.85,False
A,V97020,C,BG,2017,8.39 ,8.39,,birth_rate,8.39,False
A,V97020,C,CZ,2017,9.13 ,9.13,,birth_rate,9.13,False
A,V97020,C,DE,2017,3.41 ,3.41,,birth_rate,3.41,False
A,V97020,C,EE,2017,9.80 ,9.8,,birth_rate,9.8,False
A,V97020,C,ES,2017,5.94 ,5.94,,birth_rate,5.94,False
A,V97020,C,FI,2017,5.76 ,5.76,,birth_rate,5.76,False
A,V97020,C,FR,2017,7.29 ,7.29,,birth_rate,7.29,False
A,V97020,C,HU,2017,9.10 ,9.1,,birth_rate,9.1,False
A,V97020,C,IT,2017,4.75 ,4.75,,birth_rate,4.75,False
A,V97020,C,LV,2017,12.13 ,12.13,,birth_rate,12.13,False
A,V97020,C,NL,2017,7.56 ,7.56,,birth_rate,7.56,False
A,V97020,C,NO,2017,6.35 ,6.35,,birth_rate,6.35,False
A,V97020,C,PL,2017,10.23 ,10.23,,birth_rate,10.23,False
A,V97020,C,PT,2017,8.55 ,8.55,,birth_rate,8.55,False
A,V97020,C,RO,2017,9.72 ,9.72,,birth_rate,9.72,False
A,V97020,C,SE,2017,4.82 ,4.82,,birth_rate,4.82,False
A,V97020,C,SI,2017,6.84 ,6.84,,birth_rate,6.84,False
A,V97020,C,SK,2017,14.06 ,14.06,,birth_rate,14.06,False
A,V97020,D,AT,2017,2.93 ,2.93,,birth_rate,2.93,False
A,V97020,D,BE,2017,4.43 ,4.43,,birth_rate,4.43,False
A,V97020,D,BG,2017,3.33 ,3.33,,birth_rate,3.33,False
A,V97020,D,CZ,2017,1.39 ,1.39,,birth_rate,1.39,False
A,V97020,D,DE,2017,6.70 ,6.7,,birth_rate,6.7,False
A,V97020,D,EE,2017,4.18 ,4.18,,birth_rate,4.18,False
A,V97020,D,ES,2017,0.31 ,0.31,,birth_rate,0.31,False
A,V97020,D,FI,2017,3.43 ,3.43,,birth_rate,3.43,False
A,V97020,D,FR,2017,6.26 ,6.26,,birth_rate,6.26,False
A,V97020,D,HU,2017,21.31 ,21.31,,birth_rate,21.31,False
A,V97020,D,IT,2017,5.11 ,5.11,,birth_rate,5.11,False
A,V97020,D,LV,2017,7.67 ,7.67,,birth_rate,7.67,False
A,V97020,D,NL,2017,11.07 ,11.07,,birth_rate,11.07,False
A,V97020,D,NO,2017,3.74 ,3.74,,birth_rate,3.74,False
A,V97020,D,PL,2017,12.48 ,12.48,,birth_rate,12.48,False
A,V97020,D,PT,2017,5.42 ,5.42,,birth_rate,5.42,False
A,V97020,D,RO,2017,7.74 ,7.74,,birth_rate,7.74,False
A,V97020,D,SE,2017,1.21 ,1.21,,birth_rate,1.21,False
A,V97020,D,SI,2017,2.77 ,2.77,,birth_rate,2.77,False
A,V97020,D,SK,2017,1.27 ,1.27,,birth_rate,1.27,False
A,V97020,E,AT,2017,2.33 ,2.33,,birth_rate,2.33,False
A,V97020,E,BE,2017,4.67 ,4.67,,birth_rate,4.67,False
A,V97020,E,BG,2017,8.15 ,8.15,,birth_rate,8.15,False
A,V97020,E,CZ,2017,7.07 ,7.07,,birth_rate,7.07,False
A,V97020,E,DE,2017,2.74 ,2.74,,birth_rate,2.74,False
A,V97020,E,EE,2017,6.98 ,6.98,,birth_rate,6.98,False
A,V97020,E,ES,2017,5.04 ,5.04,,birth_rate,5.04,False
A,V97020,E,FI,2017,3.91 ,3.91,,birth_rate,3.91,False
A,V97020,E,FR,2017,7.94 ,7.94,,birth_rate,7.94,False
A,V97020,E,HU,2017,6.81 ,6.81,,birth_rate,6.81,False
A,V97020,E,IT,2017,4.57 ,4.57,,birth_rate,4.57,False
A,V97020,E,LV,2017,10.61 ,10.61,,birth_rate,10.61,False
A,V97020,E,NL,2017,11.18 ,11.18,,birth_rate,11.18,False
A,V97020,E,NO,2017,5.79 ,5.79,,birth_rate,5.79,False
A,V97020,E,PL,2017,8.75 ,8.75,,birth_rate,8.75,False
A,V97020,E,PT,2017,6.89 ,6.89,,birth_rate,6.89,False
A,V97020,E,RO,2017,10.65 ,10.65,,birth_rate,10.65,False
A,V97020,E,SE,2017,6.52 ,6.52,,birth_rate,6.52,False
A,V97020,E,SI,2017,7.40 ,7.4,,birth_rate,7.4,False
A,V97020,E,SK,2017,10.79 ,10.79,,birth_rate,10.79,False
A,V97020,F,AT,2017,6.74 ,6.74,,birth_rate,6.74,False
A,V97020,F,BE,2017,6.99 ,6.99,,birth_rate,6.99,False
A,V97020,F,BG,2017,15.59 ,15.59,,birth_rate,15.59,False
A,V97020,F,CZ,2017,8.11 ,8.11,,birth_rate,8.11,False
A,V97020,F,DE,2017,6.01 ,6.01,,birth_rate,6.01,False
A,V97020,F,EE,2017,12.29 ,12.29,,birth_rate,12.29,False
A,V97020,F,ES,2017,9.33 ,9.33,,birth_rate,9.33,False
A,V97020,F,FI,2017,6.79 ,6.79,,birth_rate,6.79,False
A,V97020,F,FR,2017,8.28 ,8.28,,birth_rate,8.28,False
A,V97020,F,HU,2017,17.41 ,17.41,,birth_rate,17.41,False
A,V97020,F,IT,2017,7.50 ,7.5,,birth_rate,7.5,False
A,V97020,F,LV,2017,16.08 ,16.08,,birth_rate,16.08,False
A,V97020,F,NL,2017,8.66 ,8.66,,birth_rate,8.66,False
A,V97020,F,NO,2017,8.40 ,8.4,,birth_rate,8.4,False
A,V97020,F,PL,2017,16.65 ,16.65,,birth_rate,16.65,False
A,V97020,F,PT,2017,12.27 ,12.27,,birth_rate,12.27,False
A,V97020,F,RO,2017,14.42 ,14.42,,birth_rate,14.42,False
A,V97020,F,SE,2017,6.59 ,6.59,,birth_rate,6.59,False
A,V97020,F,SI,2017,8.22 ,8.22,,birth_rate,8.22,False
A,V97020,F,SK,2017,16.01 ,16.01,,birth_rate,16.01,False
A,V97020,G,AT,2017,6.95 ,6.95,,birth_rate,6.95,False
A,V97020,G,BE,2017,5.20 ,5.2,,birth_rate,5.2,False
A,V97020,G,BG,2017,12.05 ,12.05,,birth_rate,12.05,False
A,V97020,G,CZ,2017,10.32 ,10.32,,birth_rate,10.32,False
A,V97020,G,DE,2017,6.21 ,6.21,,birth_rate,6.21,False
A,V97020,G,EE,2017,10.41 ,10.41,,birth_rate,10.41,False
A,V97020,G,ES,2017,8.49 ,8.49,,birth_rate,8.49,False
A,V97020,G,FI,2017,6.76 ,6.76,,birth_rate,6.76,False
A,V97020,G,FR,2017,8.48 ,8.48,,birth_rate,8.48,False
A,V97020,G,HU,2017,8.65 ,8.65,,birth_rate,8.65,False
A,V97020,G,IT,2017,6.64 ,6.64,,birth_rate,6.64,False
A,V97020,G,LV,2017,10.81 ,10.81,,birth_rate,10.81,False
A,V97020,G,NL,2017,8.94 ,8.94,,birth_rate,8.94,False
A,V97020,G,NO,2017,7.00 ,7.0,,birth_rate,7.0,False
A,V97020,G,PL,2017,9.63 ,9.63,,birth_rate,9.63,False
A,V97020,G,PT,2017,10.24 ,10.24,,birth_rate,10.24,False
A,V97020,G,RO,2017,9.01 ,9.01,,birth_rate,9.01,False
A,V97020,G,SE,2017,6.72 ,6.72,,birth_rate,6.72,False
A,V97020,G,SI,2017,8.54 ,8.54,,birth_rate,8.54,False
A,V97020,G,SK,2017,6.82 ,6.82,,birth_rate,6.82,False
A,V97020,H,AT,2017,9.04 ,9.04,,birth_rate,9.04,False
A,V97020,H,BE,2017,7.32 ,7.32,,birth_rate,7.32,False
A,V97020,H,BG,2017,11.56 ,11.56,,birth_rate,11.56,False
A,V97020,H,CZ,2017,8.01 ,8.01,,birth_rate,8.01,False
A,V97020,H,DE,2017,6.81 ,6.81,,birth_rate,6.81,False
A,V97020,H,EE,2017,9.01 ,9.01,,birth_rate,9.01,False
A,V97020,H,ES,2017,7.56 ,7.56,,birth_rate,7.56,False
A,V97020,H,FI,2017,3.59 ,3.59,,birth_rate,3.59,False
A,V97020,H,FR,2017,19.07 ,19.07,,birth_rate,19.07,False
A,V97020,H,HU,2017,19.84 ,19.84,,birth_rate,19.84,False
A,V97020,H,IT,2017,5.58 ,5.58,,birth_rate,5.58,False
A,V97020,H,LV,2017,13.03 ,13.03,,birth_rate,13.03,False
A,V97020,H,NL,2017,11.17 ,11.17,,birth_rate,11.17,False
A,V97020,H,NO,2017,7.28 ,7.28,,birth_rate,7.28,False
A,V97020,H,PL,2017,10.98 ,10.98,,birth_rate,10.98,False
A,V97020,H,PT,2017,10.36 ,10.36,,birth_rate,10.36,False
A,V97020,H,RO,2017,11.78 ,11.78,,birth_rate,11.78,False
A,V97020,H,SE,2017,5.82 ,5.82,,birth_rate,5.82,False
A,V97020,H,SI,2017,8.04 ,8.04,,birth_rate,8.04,False
A,V97020,H,SK,2017,15.96 ,15.96,,birth_rate,15.96,False
A,V97020,I,AT,2017,7.00 ,7.0,,birth_rate,7.0,False
A,V97020,I,BE,2017,8.46 ,8.46,,birth_rate,8.46,False
A,V97020,I,BG,2017,14.69 ,14.69,,birth_rate,14.69,False
A,V97020,I,CZ,2017,10.04 ,10.04,,birth_rate,10.04,False
A,V97020,I,DE,2017,7.22 ,7.22,,birth_rate,7.22,False
A,V97020,I,EE,2017,12.24 ,12.24,,birth_rate,12.24,False
A,V97020,I,ES,2017,11.26 ,11.26,,birth_rate,11.26,False
A,V97020,I,FI,2017,8.91 ,8.91,,birth_rate,8.91,False
A,V97020,I,FR,2017,8.23 ,8.23,,birth_rate,8.23,False
A,V97020,I,HU,2017,10.91 ,10.91,,birth_rate,10.91,False
A,V97020,I,IT,2017,7.96 ,7.96,,birth_rate,7.96,False
A,V97020,I,LV,2017,16.08 ,16.08,,birth_rate,16.08,False
A,V97020,I,NL,2017,9.60 ,9.6,,birth_rate,9.6,False
A,V97020,I,NO,2017,7.22 ,7.22,,birth_rate,7.22,False
A,V97020,I,PL,2017,13.58 ,13.58,,birth_rate,13.58,False
A,V97020,I,PT,2017,17.88 ,17.88,,birth_rate,17.88,False
A,V97020,I,RO,2017,12.81 ,12.81,,birth_rate,12.81,False
A,V97020,I,SE,2017,7.63 ,7.63,,birth_rate,7.63,False
A,V97020,I,SI,2017,16.94 ,16.94,,birth_rate,16.94,False
A,V97020,I,SK,2017,10.62 ,10.62,,birth_rate,10.62,False
A,V97020,J,AT,2017,7.32 ,7.32,,birth_rate,7.32,False
A,V97020,J,BE,2017,9.36 ,9.36,,birth_rate,9.36,False
A,V97020,J,BG,2017,14.20 ,14.2,,birth_rate,14.2,False
A,V97020,J,CZ,2017,11.81 ,11.81,,birth_rate,11.81,False
A,V97020,J,DE,2017,9.49 ,9.49,,birth_rate,9.49,False
A,V97020,J,EE,2017,17.73 ,17.73,,birth_rate,17.73,False
A,V97020,J,ES,2017,11.53 ,11.53,,birth_rate,11.53,False
A,V97020,J,FI,2017,11.07 ,11.07,,birth_rate,11.07,False
A,V97020,J,FR,2017,13.14 ,13.14,,birth_rate,13.14,False
A,V97020,J,HU,2017,14.34 ,14.34,,birth_rate,14.34,False
A,V97020,J,IT,2017,8.96 ,8.96,,birth_rate,8.96,False
A,V97020,J,LV,2017,14.67 ,14.67,,birth_rate,14.67,False
A,V97020,J,NL,2017,10.27 ,10.27,,birth_rate,10.27,False
A,V97020,J,NO,2017,11.11 ,11.11,,birth_rate,11.11,False
A,V97020,J,PL,2017,16.67 ,16.67,,birth_rate,16.67,False
A,V97020,J,PT,2017,18.29 ,18.29,,birth_rate,18.29,False
A,V97020,J,RO,2017,16.15 ,16.15,,birth_rate,16.15,False
A,V97020,J,SE,2017,7.88 ,7.88,,birth_rate,7.88,False
A,V97020,J,SI,2017,12.52 ,12.52,,birth_rate,12.52,False
A,V97020,J,SK,2017,16.34 ,16.34,,birth_rate,16.34,False
A,V97020,L,AT,2017,4.66 ,4.66,,birth_rate,4.66,False
A,V97020,L,BE,2017,4.72 ,4.72,,birth_rate,4.72,False
A,V97020,L,BG,2017,11.22 ,11.22,,birth_rate,11.22,False
A,V97020,L,CZ,2017,8.84 ,8.84,,birth_rate,8.84,False
A,V97020,L,DE,2017,6.95 ,6.95,,birth_rate,6.95,False
A,V97020,L,EE,2017,8.96 ,8.96,,birth_rate,8.96,False
A,V97020,L,ES,2017,8.71 ,8.71,,birth_rate,8.71,False
A,V97020,L,FI,2017,24.32 ,24.32,,birth_rate,24.32,False
A,V97020,L,FR,2017,8.24 ,8.24,,birth_rate,8.24,False
A,V97020,L,HU,2017,13.65 ,13.65,,birth_rate,13.65,False
A,V97020,L,IT,2017,4.21 ,4.21,,birth_rate,4.21,False
A,V97020,L,LV,2017,9.05 ,9.05,,birth_rate,9.05,False
A,V97020,L,NL,2017,7.81 ,7.81,,birth_rate,7.81,False
A,V97020,L,NO,2017,4.66 ,4.66,,birth_rate,4.66,False
A,V97020,L,PL,2017,10.41 ,10.41,,birth_rate,10.41,False
A,V97020,L,PT,2017,17.09 ,17.09,,birth_rate,17.09,False
A,V97020,L,RO,2017,11.60 ,11.6,,birth_rate,11.6,False
A,V97020,L,SE,2017,5.54 ,5.54,,birth_rate,5.54,False
A,V97020,L,SI,2017,12.61 ,12.61,,birth_rate,12.61,False
A,V97020,L,SK,2017,9.80 ,9.8,,birth_rate,9.8,False
A,V97020,M,AT,2017,5.89 ,5.89,,birth_rate,5.89,False
A,V97020,M,BE,2017,6.31 ,6.31,,birth_rate,6.31,False
A,V97020,M,BG,2017,12.03 ,12.03,,birth_rate,12.03,False
A,V97020,M,CZ,2017,9.16 ,9.16,,birth_rate,9.16,False
A,V97020,M,DE,2017,7.50 ,7.5,,birth_rate,7.5,False
A,V97020,M,EE,2017,11.86 ,11.86,,birth_rate,11.86,False
A,V97020,M,ES,2017,8.97 ,8.97,,birth_rate,8.97,False
A,V97020,M,FI,2017,8.99 ,8.99,,birth_rate,8.99,False
A,V97020,M,FR,2017,13.11 ,13.11,,birth_rate,13.11,False
A,V97020,M,HU,2017,11.52 ,11.52,,birth_rate,11.52,False
A,V97020,M,IT,2017,9.06 ,9.06,,birth_rate,9.06,False
A,V97020,M,LV,2017,11.42 ,11.42,,birth_rate,11.42,False
A,V97020,M,NL,2017,9.98 ,9.98,,birth_rate,9.98,False
A,V97020,M,NO,2017,10.46 ,10.46,,birth_rate,10.46,False
A,V97020,M,PL,2017,11.84 ,11.84,,birth_rate,11.84,False
A,V97020,M,PT,2017,13.55 ,13.55,,birth_rate,13.55,False
A,V97020,M,RO,2017,11.74 ,11.74,,birth_rate,11.74,False
A,V97020,M,SE,2017,6.79 ,6.79,,birth_rate,6.79,False
A,V97020,M,SI,2017,11.91 ,11.91,,birth_rate,11.91,False
A,V97020,M,SK,2017,13.47 ,13.47,,birth_rate,13.47,False
A,V97020,N,AT,2017,10.05 ,10.05,,birth_rate,10.05,False
A,V97020,N,BE,2017,7.00 ,7.0,,birth_rate,7.0,False
A,V97020,N,BG,2017,11.61 ,11.61,,birth_rate,11.61,False
A,V97020,N,CZ,2017,9.31 ,9.31,,birth_rate,9.31,False
A,V97020,N,DE,2017,9.03 ,9.03,,birth_rate,9.03,False
A,V97020,N,EE,2017,16.05 ,16.05,,birth_rate,16.05,False
A,V97020,N,ES,2017,12.23 ,12.23,,birth_rate,12.23,False
A,V97020,N,FI,2017,8.95 ,8.95,,birth_rate,8.95,False
A,V97020,N,FR,2017,11.82 ,11.82,,birth_rate,11.82,False
A,V97020,N,HU,2017,16.18 ,16.18,,birth_rate,16.18,False
A,V97020,N,IT,2017,11.29 ,11.29,,birth_rate,11.29,False
A,V97020,N,LV,2017,16.51 ,16.51,,birth_rate,16.51,False
A,V97020,N,NL,2017,11.59 ,11.59,,birth_rate,11.59,False
A,V97020,N,NO,2017,10.98 ,10.98,,birth_rate,10.98,False
A,V97020,N,PL,2017,16.88 ,16.88,,birth_rate,16.88,False
A,V97020,N,PT,2017,28.33 ,28.33,,birth_rate,28.33,False
A,V97020,N,RO,2017,12.34 ,12.34,,birth_rate,12.34,False
A,V97020,N,SE,2017,8.34 ,8.34,,birth_rate,8.34,False
A,V97020,N,SI,2017,15.07 ,15.07,,birth_rate,15.07,False
A,V97020,N,SK,2017,19.00 ,19.0,,birth_rate,19.0,False
A,V97030,B,AT,2017,2.14 ,2.14,,death_rate,2.14,False
A,V97030,B,BE,2017,1.83 ,1.83,,death_rate,1.83,False
A,V97030,B,BG,2017,7.71 ,7.71,,death_rate,7.71,False
A,V97030,B,CZ,2017,3.23 ,3.23,,death_rate,3.23,False
A,V97030,B,DE,2017,4.62 ,4.62,,death_rate,4.62,False
A,V97030,B,EE,2017,2.84 ,2.84,,death_rate,2.84,False
A,V97030,B,ES,2017,3.97 ,3.97,,death_rate,3.97,False
A,V97030,B,FI,2017,4.91 ,4.91,,death_rate,4.91,False
A,V97030,B,FR,2017,2.29 ,2.29,,death_rate,2.29,False
A,V97030,B,HU,2017,5.45 ,5.45,,death_rate,5.45,False
A,V97030,B,IT,2017,4.18 ,4.18,,death_rate,4.18,False
A,V97030,B,LV,2017,10.23 ,10.23,,death_rate,10.23,False
A,V97030,B,NL,2017,6.88 ,6.88,,death_rate,6.88,False
A,V97030,B,NO,2017,5.34 ,5.34,,death_rate,5.34,False
A,V97030,B,PL,2017,8.49 ,8.49,,death_rate,8.49,False
A,V97030,B,PT,2017,7.44 ,7.44,,death_rate,7.44,False
A,V97030,B,RO,2017,11.02 ,11.02,,death_rate,11.02,False
A,V97030,B,SE,2017,3.29 ,3.29,,death_rate,3.29,False
A,V97030,B,SI,2017,7.22 ,7.22,,death_rate,7.22,False
A,V97030,B,SK,2017,7.62 ,7.62,,death_rate,7.62,False
A,V97030,C,AT,2017,3.13 ,3.13,,death_rate,3.13,False
A,V97030,C,BE,2017,2.48 ,2.48,,death_rate,2.48,False
A,V97030,C,BG,2017,7.28 ,7.28,,death_rate,7.28,False
A,V97030,C,CZ,2017,6.77 ,6.77,,death_rate,6.77,False
A,V97030,C,DE,2017,5.12 ,5.12,,death_rate,5.12,False
A,V97030,C,EE,2017,7.87 ,7.87,,death_rate,7.87,False
A,V97030,C,ES,2017,6.03 ,6.03,,death_rate,6.03,False
A,V97030,C,FI,2017,5.41 ,5.41,,death_rate,5.41,False
A,V97030,C,FR,2017,3.81 ,3.81,,death_rate,3.81,False
A,V97030,C,HU,2017,6.61 ,6.61,,death_rate,6.61,False
A,V97030,C,IT,2017,4.68 ,4.68,,death_rate,4.68,False
A,V97030,C,LV,2017,8.48 ,8.48,,death_rate,8.48,False
A,V97030,C,NL,2017,4.12 ,4.12,,death_rate,4.12,False
A,V97030,C,NO,2017,5.04 ,5.04,,death_rate,5.04,False
A,V97030,C,PL,2017,8.52 ,8.52,,death_rate,8.52,False
A,V97030,C,PT,2017,7.50 ,7.5,,death_rate,7.5,False
A,V97030,C,RO,2017,7.76 ,7.76,,death_rate,7.76,False
A,V97030,C,SE,2017,5.09 ,5.09,,death_rate,5.09,False
A,V97030,C,SI,2017,5.15 ,5.15,,death_rate,5.15,False
A,V97030,C,SK,2017,8.26 ,8.26,,death_rate,8.26,False
A,V97030,D,AT,2017,2.42 ,2.42,,death_rate,2.42,False
A,V97030,D,BE,2017,1.94 ,1.94,,death_rate,1.94,False
A,V97030,D,BG,2017,2.71 ,2.71,,death_rate,2.71,False
A,V97030,D,CZ,2017,1.77 ,1.77,,death_rate,1.77,False
A,V97030,D,DE,2017,6.27 ,6.27,,death_rate,6.27,False
A,V97030,D,EE,2017,2.51 ,2.51,,death_rate,2.51,False
A,V97030,D,ES,2017,0.89 ,0.89,,death_rate,0.89,False
A,V97030,D,FI,2017,3.11 ,3.11,,death_rate,3.11,False
A,V97030,D,FR,2017,1.29 ,1.29,,death_rate,1.29,False
A,V97030,D,HU,2017,8.24 ,8.24,,death_rate,8.24,False
A,V97030,D,IT,2017,2.21 ,2.21,,death_rate,2.21,False
A,V97030,D,LV,2017,5.23 ,5.23,,death_rate,5.23,False
A,V97030,D,NL,2017,5.73 ,5.73,,death_rate,5.73,False
A,V97030,D,NO,2017,1.83 ,1.83,,death_rate,1.83,False
A,V97030,D,PL,2017,9.29 ,9.29,,death_rate,9.29,False
A,V97030,D,PT,2017,3.00 ,3.0,,death_rate,3.0,False
A,V97030,D,RO,2017,13.90 ,13.9,,death_rate,13.9,False
A,V97030,D,SE,2017,25.88 ,25.88,,death_rate,25.88,False
A,V97030,D,SI,2017,7.62 ,7.62,,death_rate,7.62,False
A,V97030,D,SK,2017,1.64 ,1.64,,death_rate,1.64,False
A,V97030,E,AT,2017,2.73 ,2.73,,death_rate,2.73,False
A,V97030,E,BE,2017,2.01 ,2.01,,death_rate,2.01,False
A,V97030,E,BG,2017,7.67 ,7.67,,death_rate,7.67,False
A,V97030,E,CZ,2017,6.17 ,6.17,,death_rate,6.17,False
A,V97030,E,DE,2017,3.96 ,3.96,,death_rate,3.96,False
A,V97030,E,EE,2017,7.31 ,7.31,,death_rate,7.31,False
A,V97030,E,ES,2017,3.59 ,3.59,,death_rate,3.59,False
A,V97030,E,FI,2017,2.69 ,2.69,,death_rate,2.69,False
A,V97030,E,FR,2017,3.42 ,3.42,,death_rate,3.42,False
A,V97030,E,HU,2017,6.23 ,6.23,,death_rate,6.23,False
A,V97030,E,IT,2017,3.60 ,3.6,,death_rate,3.6,False
A,V97030,E,LV,2017,5.87 ,5.87,,death_rate,5.87,False
A,V97030,E,NL,2017,4.43 ,4.43,,death_rate,4.43,False
A,V97030,E,NO,2017,2.49 ,2.49,,death_rate,2.49,False
A,V97030,E,PL,2017,8.29 ,8.29,,death_rate,8.29,False
A,V97030,E,PT,2017,10.09 ,10.09,,death_rate,10.09,False
A,V97030,E,RO,2017,9.40 ,9.4,,death_rate,9.4,False
A,V97030,E,SE,2017,4.41 ,4.41,,death_rate,4.41,False
A,V97030,E,SI,2017,7.64 ,7.64,,death_rate,7.64,False
A,V97030,E,SK,2017,6.50 ,6.5,,death_rate,6.5,False
A,V97030,F,AT,2017,4.62 ,4.62,,death_rate,4.62,False
A,V97030,F,BE,2017,2.95 ,2.95,,death_rate,2.95,False
A,V97030,F,BG,2017,12.83 ,12.83,,death_rate,12.83,False
A,V97030,F,CZ,2017,6.96 ,6.96,,death_rate,6.96,False
A,V97030,F,DE,2017,6.95 ,6.95,,death_rate,6.95,False
A,V97030,F,EE,2017,8.89 ,8.89,,death_rate,8.89,False
A,V97030,F,ES,2017,7.89 ,7.89,,death_rate,7.89,False
A,V97030,F,FI,2017,6.34 ,6.34,,death_rate,6.34,False
A,V97030,F,FR,2017,4.34 ,4.34,,death_rate,4.34,False
A,V97030,F,HU,2017,7.44 ,7.44,,death_rate,7.44,False
A,V97030,F,IT,2017,7.82 ,7.82,,death_rate,7.82,False
A,V97030,F,LV,2017,12.64 ,12.64,,death_rate,12.64,False
A,V97030,F,NL,2017,3.98 ,3.98,,death_rate,3.98,False
A,V97030,F,NO,2017,6.36 ,6.36,,death_rate,6.36,False
A,V97030,F,PL,2017,10.40 ,10.4,,death_rate,10.4,False
A,V97030,F,PT,2017,8.92 ,8.92,,death_rate,8.92,False
A,V97030,F,RO,2017,9.61 ,9.61,,death_rate,9.61,False
A,V97030,F,SE,2017,5.61 ,5.61,,death_rate,5.61,False
A,V97030,F,SI,2017,7.75 ,7.75,,death_rate,7.75,False
A,V97030,F,SK,2017,9.77 ,9.77,,death_rate,9.77,False
A,V97030,G,AT,2017,5.50 ,5.5,,death_rate,5.5,False
A,V97030,G,BE,2017,3.33 ,3.33,,death_rate,3.33,False
A,V97030,G,BG,2017,10.64 ,10.64,,death_rate,10.64,False
A,V97030,G,CZ,2017,8.64 ,8.64,,death_rate,8.64,False
A,V97030,G,DE,2017,7.95 ,7.95,,death_rate,7.95,False
A,V97030,G,EE,2017,9.81 ,9.81,,death_rate,9.81,False
A,V97030,G,ES,2017,8.99 ,8.99,,death_rate,8.99,False
A,V97030,G,FI,2017,8.20 ,8.2,,death_rate,8.2,False
A,V97030,G,FR,2017,5.13 ,5.13,,death_rate,5.13,False
A,V97030,G,HU,2017,8.11 ,8.11,,death_rate,8.11,False
A,V97030,G,IT,2017,6.88 ,6.88,,death_rate,6.88,False
A,V97030,G,LV,2017,8.94 ,8.94,,death_rate,8.94,False
A,V97030,G,NL,2017,6.69 ,6.69,,death_rate,6.69,False
A,V97030,G,NO,2017,6.08 ,6.08,,death_rate,6.08,False
A,V97030,G,PL,2017,9.98 ,9.98,,death_rate,9.98,False
A,V97030,G,PT,2017,10.16 ,10.16,,death_rate,10.16,False
A,V97030,G,RO,2017,8.46 ,8.46,,death_rate,8.46,False
A,V97030,G,SE,2017,7.13 ,7.13,,death_rate,7.13,False
A,V97030,G,SI,2017,8.33 ,8.33,,death_rate,8.33,False
A,V97030,G,SK,2017,8.30 ,8.3,,death_rate,8.3,False
A,V97030,H,AT,2017,7.20 ,7.2,,death_rate,7.2,False
A,V97030,H,BE,2017,3.47 ,3.47,,death_rate,3.47,False
A,V97030,H,BG,2017,9.60 ,9.6,,death_rate,9.6,False
A,V97030,H,CZ,2017,6.88 ,6.88,,death_rate,6.88,False
A,V97030,H,DE,2017,8.11 ,8.11,,death_rate,8.11,False
A,V97030,H,EE,2017,10.57 ,10.57,,death_rate,10.57,False
A,V97030,H,ES,2017,6.05 ,6.05,,death_rate,6.05,False
A,V97030,H,FI,2017,5.12 ,5.12,,death_rate,5.12,False
A,V97030,H,FR,2017,5.97 ,5.97,,death_rate,5.97,False
A,V97030,H,HU,2017,7.37 ,7.37,,death_rate,7.37,False
A,V97030,H,IT,2017,5.25 ,5.25,,death_rate,5.25,False
A,V97030,H,LV,2017,10.63 ,10.63,,death_rate,10.63,False
A,V97030,H,NL,2017,5.65 ,5.65,,death_rate,5.65,False
A,V97030,H,NO,2017,6.82 ,6.82,,death_rate,6.82,False
A,V97030,H,PL,2017,9.23 ,9.23,,death_rate,9.23,False
A,V97030,H,PT,2017,7.54 ,7.54,,death_rate,7.54,False
A,V97030,H,RO,2017,6.42 ,6.42,,death_rate,6.42,False
A,V97030,H,SE,2017,5.06 ,5.06,,death_rate,5.06,False
A,V97030,H,SI,2017,6.88 ,6.88,,death_rate,6.88,False
A,V97030,H,SK,2017,10.66 ,10.66,,death_rate,10.66,False
A,V97030,I,AT,2017,6.10 ,6.1,,death_rate,6.1,False
A,V97030,I,BE,2017,5.23 ,5.23,,death_rate,5.23,False
A,V97030,I,BG,2017,14.06 ,14.06,,death_rate,14.06,False
A,V97030,I,CZ,2017,9.45 ,9.45,,death_rate,9.45,False
A,V97030,I,DE,2017,8.03 ,8.03,,death_rate,8.03,False
A,V97030,I,EE,2017,9.38 ,9.38,,death_rate,9.38,False
A,V97030,I,ES,2017,10.52 ,10.52,,death_rate,10.52,False
A,V97030,I,FI,2017,7.71 ,7.71,,death_rate,7.71,False
A,V97030,I,FR,2017,5.33 ,5.33,,death_rate,5.33,False
A,V97030,I,HU,2017,9.78 ,9.78,,death_rate,9.78,False
A,V97030,I,IT,2017,6.42 ,6.42,,death_rate,6.42,False
A,V97030,I,LV,2017,9.52 ,9.52,,death_rate,9.52,False
A,V97030,I,NL,2017,5.48 ,5.48,,death_rate,5.48,False
A,V97030,I,NO,2017,4.36 ,4.36,,death_rate,4.36,False
A,V97030,I,PL,2017,9.46 ,9.46,,death_rate,9.46,False
A,V97030,I,PT,2017,11.77 ,11.77,,death_rate,11.77,False
A,V97030,I,RO,2017,10.03 ,10.03,,death_rate,10.03,False
A,V97030,I,SE,2017,7.00 ,7.0,,death_rate,7.0,False
A,V97030,I,SI,2017,10.18 ,10.18,,death_rate,10.18,False
A,V97030,I,SK,2017,9.07 ,9.07,,death_rate,9.07,False
A,V97030,J,AT,2017,4.68 ,4.68,,death_rate,4.68,False
A,V97030,J,BE,2017,2.94 ,2.94,,death_rate,2.94,False
A,V97030,J,BG,2017,9.01 ,9.01,,death_rate,9.01,False
A,V97030,J,CZ,2017,6.11 ,6.11,,death_rate,6.11,False
A,V97030,J,DE,2017,9.56 ,9.56,,death_rate,9.56,False
A,V97030,J,EE,2017,10.87 ,10.87,,death_rate,10.87,False
A,V97030,J,ES,2017,8.74 ,8.74,,death_rate,8.74,False
A,V97030,J,FI,2017,7.78 ,7.78,,death_rate,7.78,False
A,V97030,J,FR,2017,5.72 ,5.72,,death_rate,5.72,False
A,V97030,J,HU,2017,7.72 ,7.72,,death_rate,7.72,False
A,V97030,J,IT,2017,6.63 ,6.63,,death_rate,6.63,False
A,V97030,J,LV,2017,8.71 ,8.71,,death_rate,8.71,False
A,V97030,J,NL,2017,5.44 ,5.44,,death_rate,5.44,False
A,V97030,J,NO,2017,9.41 ,9.41,,death_rate,9.41,False
A,V97030,J,PL,2017,7.59 ,7.59,,death_rate,7.59,False
A,V97030,J,PT,2017,12.43 ,12.43,,death_rate,12.43,False
A,V97030,J,RO,2017,9.60 ,9.6,,death_rate,9.6,False
A,V97030,J,SE,2017,6.08 ,6.08,,death_rate,6.08,False
A,V97030,J,SI,2017,8.78 ,8.78,,death_rate,8.78,False
A,V97030,J,SK,2017,7.23 ,7.23,,death_rate,7.23,False
A,V97030,L,AT,2017,2.00 ,2.0,,death_rate,2.0,False
A,V97030,L,BE,2017,1.50 ,1.5,,death_rate,1.5,False
A,V97030,L,BG,2017,10.36 ,10.36,,death_rate,10.36,False
A,V97030,L,CZ,2017,6.94 ,6.94,,death_rate,6.94,False
A,V97030,L,DE,2017,7.37 ,7.37,,death_rate,7.37,False
A,V97030,L,EE,2017,8.85 ,8.85,,death_rate,8.85,False
A,V97030,L,ES,2017,4.40 ,4.4,,death_rate,4.4,False
A,V97030,L,FI,2017,4.41 ,4.41,,death_rate,4.41,False
A,V97030,L,FR,2017,3.80 ,3.8,,death_rate,3.8,False
A,V97030,L,HU,2017,6.79 ,6.79,,death_rate,6.79,False
A,V97030,L,IT,2017,4.87 ,4.87,,death_rate,4.87,False
A,V97030,L,LV,2017,9.76 ,9.76,,death_rate,9.76,False
A,V97030,L,NL,2017,4.85 ,4.85,,death_rate,4.85,False
A,V97030,L,NO,2017,3.41 ,3.41,,death_rate,3.41,False
A,V97030,L,PL,2017,6.75 ,6.75,,death_rate,6.75,False
A,V97030,L,PT,2017,7.01 ,7.01,,death_rate,7.01,False
A,V97030,L,RO,2017,6.10 ,6.1,,death_rate,6.1,False
A,V97030,L,SE,2017,3.10 ,3.1,,death_rate,3.1,False
A,V97030,L,SI,2017,5.29 ,5.29,,death_rate,5.29,False
A,V97030,L,SK,2017,5.40 ,5.4,,death_rate,5.4,False
A,V97030,M,AT,2017,4.03 ,4.03,,death_rate,4.03,False
A,V97030,M,BE,2017,2.67 ,2.67,,death_rate,2.67,False
A,V97030,M,BG,2017,8.87 ,8.87,,death_rate,8.87,False
A,V97030,M,CZ,2017,6.24 ,6.24,,death_rate,6.24,False
A,V97030,M,DE,2017,8.72 ,8.72,,death_rate,8.72,False
A,V97030,M,EE,2017,9.69 ,9.69,,death_rate,9.69,False
A,V97030,M,ES,2017,6.45 ,6.45,,death_rate,6.45,False
A,V97030,M,FI,2017,7.51 ,7.51,,death_rate,7.51,False
A,V97030,M,FR,2017,5.49 ,5.49,,death_rate,5.49,False
A,V97030,M,HU,2017,7.31 ,7.31,,death_rate,7.31,False
A,V97030,M,IT,2017,6.64 ,6.64,,death_rate,6.64,False
A,V97030,M,LV,2017,8.51 ,8.51,,death_rate,8.51,False
A,V97030,M,NL,2017,5.16 ,5.16,,death_rate,5.16,False
A,V97030,M,NO,2017,8.79 ,8.79,,death_rate,8.79,False
A,V97030,M,PL,2017,7.55 ,7.55,,death_rate,7.55,False
A,V97030,M,PT,2017,10.16 ,10.16,,death_rate,10.16,False
A,V97030,M,RO,2017,8.17 ,8.17,,death_rate,8.17,False
A,V97030,M,SE,2017,5.56 ,5.56,,death_rate,5.56,False
A,V97030,M,SI,2017,8.40 ,8.4,,death_rate,8.4,False
A,V97030,M,SK,2017,7.39 ,7.39,,death_rate,7.39,False
A,V97030,N,AT,2017,6.57 ,6.57,,death_rate,6.57,False
A,V97030,N,BE,2017,3.08 ,3.08,,death_rate,3.08,False
A,V97030,N,BG,2017,9.96 ,9.96,,death_rate,9.96,False
A,V97030,N,CZ,2017,7.68 ,7.68,,death_rate,7.68,False
A,V97030,N,DE,2017,9.18 ,9.18,,death_rate,9.18,False
A,V97030,N,EE,2017,11.92 ,11.92,,death_rate,11.92,False
A,V97030,N,ES,2017,9.74 ,9.74,,death_rate,9.74,False
A,V97030,N,FI,2017,7.60 ,7.6,,death_rate,7.6,False
A,V97030,N,FR,2017,4.97 ,4.97,,death_rate,4.97,False
A,V97030,N,HU,2017,10.81 ,10.81,,death_rate,10.81,False
A,V97030,N,IT,2017,7.40 ,7.4,,death_rate,7.4,False
A,V97030,N,LV,2017,13.38 ,13.38,,death_rate,13.38,False
A,V97030,N,NL,2017,6.13 ,6.13,,death_rate,6.13,False
A,V97030,N,NO,2017,8.06 ,8.06,,death_rate,8.06,False
A,V97030,N,PL,2017,11.75 ,11.75,,death_rate,11.75,False
A,V97030,N,PT,2017,23.29 ,23.29,,death_rate,23.29,False
A,V97030,N,RO,2017,8.86 ,8.86,,death_rate,8.86,False
A,V97030,N,SE,2017,7.01 ,7.01,,death_rate,7.01,False
A,V97030,N,SI,2017,11.08 ,11.08,,death_rate,11.08,False
A,V97030,N,SK,2017,9.53 ,9.53,,death_rate,9.53,False
A,V97043,B,AT,2017,77.78 ,77.78,,survival_3y,77.78,False
A,V97043,B,BE,2017,83.33 ,83.33,,survival_3y,83.33,False
A,V97043,B,BG,2017,43.33 ,43.33,,survival_3y,43.33,False
A,V97043,B,CZ,2017,51.35 ,51.35,,survival_3y,51.35,False
A,V97043,B,DE,2017,58.24 ,58.24,,survival_3y,58.24,False
A,V97043,B,EE,2017,60.00 ,60.0,,survival_3y,60.0,False
A,V97043,B,ES,2017,61.54 ,61.54,,survival_3y,61.54,False
A,V97043,B,FI,2017,61.70 ,61.7,,survival_3y,61.7,False
A,V97043,B,FR,2017,88.75 ,88.75,,survival_3y,88.75,False
A,V97043,B,HU,2017,42.31 ,42.31,,survival_3y,42.31,False
A,V97043,B,IT,2017,54.55 ,54.55,,survival_3y,54.55,False
A,V97043,B,LV,2017,35.48 ,35.48,,survival_3y,35.48,False
A,V97043,B,NL,2017,54.76 ,54.76,,survival_3y,54.76,False
A,V97043,B,NO,2017,52.00 ,52.0,,survival_3y,52.0,False
A,V97043,B,PL,2017,57.44 ,57.44,,survival_3y,57.44,False
A,V97043,B,PT,2017,50.55 ,50.55,,survival_3y,50.55,False
A,V97043,B,RO,2017,60.31 ,60.31,,survival_3y,60.31,False
A,V97043,B,SE,2017,85.29 ,85.29,,survival_3y,85.29,False
A,V97043,B,SI,2017,50.00 ,50.0,,survival_3y,50.0,False
A,V97043,B,SK,2017,64.86 ,64.86,,survival_3y,64.86,False
A,V97043,C,AT,2017,77.86 ,77.86,,survival_3y,77.86,False
A,V97043,C,BE,2017,77.30 ,77.3,,survival_3y,77.3,False
A,V97043,C,BG,2017,67.47 ,67.47,,survival_3y,67.47,False
A,V97043,C,CZ,2017,62.77 ,62.77,,survival_3y,62.77,False
A,V97043,C,DE,2017,56.07 ,56.07,,survival_3y,56.07,False
A,V97043,C,EE,2017,63.87 ,63.87,,survival_3y,63.87,False
A,V97043,C,ES,2017,60.60 ,60.6,,survival_3y,60.6,False
A,V97043,C,FI,2017,66.02 ,66.02,,survival_3y,66.02,False
A,V97043,C,FR,2017,59.06 ,59.06,,survival_3y,59.06,False
A,V97043,C,HU,2017,57.68 ,57.68,,survival_3y,57.68,False
A,V97043,C,IT,2017,66.72 ,66.72,,survival_3y,66.72,False
A,V97043,C,LV,2017,60.06 ,60.06,,survival_3y,60.06,False
A,V97043,C,NL,2017,75.65 ,75.65,,survival_3y,75.65,False
A,V97043,C,NO,2017,58.02 ,58.02,,survival_3y,58.02,False
A,V97043,C,PL,2017,56.20 ,56.2,,survival_3y,56.2,False
A,V97043,C,PT,2017,58.57 ,58.57,,survival_3y,58.57,False
A,V97043,C,RO,2017,60.45 ,60.45,,survival_3y,60.45,False
A,V97043,C,SE,2017,79.22 ,79.22,,survival_3y,79.22,False
A,V97043,C,SI,2017,68.62 ,68.62,,survival_3y,68.62,False
A,V97043,C,SK,2017,60.86 ,60.86,,survival_3y,60.86,False
A,V97043,D,AT,2017,85.34 ,85.34,,survival_3y,85.34,False
A,V97043,D,BE,2017,85.71 ,85.71,,survival_3y,85.71,False
A,V97043,D,BG,2017,59.52 ,59.52,,survival_3y,59.52,False
A,V97043,D,CZ,2017,83.43 ,83.43,,survival_3y,83.43,False
A,V97043,D,DE,2017,61.43 ,61.43,,survival_3y,61.43,False
A,V97043,D,EE,2017,66.67 ,66.67,,survival_3y,66.67,False
A,V97043,D,ES,2017,81.82 ,81.82,,survival_3y,81.82,False
A,V97043,D,FI,2017,75.00 ,75.0,,survival_3y,75.0,False
A,V97043,D,FR,2017,91.42 ,91.42,,survival_3y,91.42,False
A,V97043,D,HU,2017,49.32 ,49.32,,survival_3y,49.32,False
A,V97043,D,IT,2017,61.82 ,61.82,,survival_3y,61.82,False
A,V97043,D,LV,2017,66.10 ,66.1,,survival_3y,66.1,False
A,V97043,D,NL,2017,66.50 ,66.5,,survival_3y,66.5,False
A,V97043,D,NO,2017,69.70 ,69.7,,survival_3y,69.7,False
A,V97043,D,PL,2017,39.07 ,39.07,,survival_3y,39.07,False
A,V97043,D,PT,2017,77.44 ,77.44,,survival_3y,77.44,False
A,V97043,D,RO,2017,54.75 ,54.75,,survival_3y,54.75,False
A,V97043,D,SE,2017,50.50 ,50.5,,survival_3y,50.5,False
A,V97043,D,SI,2017,68.52 ,68.52,,survival_3y,68.52,False
A,V97043,D,SK,2017,77.42 ,77.42,,survival_3y,77.42,False
A,V97043,E,AT,2017,81.15 ,81.15,,survival_3y,81.15,False
A,V97043,E,BE,2017,76.81 ,76.81,,survival_3y,76.81,False
A,V97043,E,BG,2017,56.57 ,56.57,,survival_3y,56.57,False
A,V97043,E,CZ,2017,65.02 ,65.02,,survival_3y,65.02,False
A,V97043,E,DE,2017,58.47 ,58.47,,survival_3y,58.47,False
A,V97043,E,EE,2017,65.38 ,65.38,,survival_3y,65.38,False
A,V97043,E,ES,2017,66.34 ,66.34,,survival_3y,66.34,False
A,V97043,E,FI,2017,69.89 ,69.89,,survival_3y,69.89,False
A,V97043,E,FR,2017,54.87 ,54.87,,survival_3y,54.87,False
A,V97043,E,HU,2017,54.20 ,54.2,,survival_3y,54.2,False
A,V97043,E,IT,2017,62.34 ,62.34,,survival_3y,62.34,False
A,V97043,E,LV,2017,59.38 ,59.38,,survival_3y,59.38,False
A,V97043,E,NL,2017,73.03 ,73.03,,survival_3y,73.03,False
A,V97043,E,NO,2017,69.44 ,69.44,,survival_3y,69.44,False
A,V97043,E,PL,2017,56.94 ,56.94,,survival_3y,56.94,False
A,V97043,E,PT,2017,65.85 ,65.85,,survival_3y,65.85,False
A,V97043,E,RO,2017,57.21 ,57.21,,survival_3y,57.21,False
A,V97043,E,SE,2017,82.98 ,82.98,,survival_3y,82.98,False
A,V97043,E,SI,2017,45.65 ,45.65,,survival_3y,45.65,False
A,V97043,E,SK,2017,64.86 ,64.86,,survival_3y,64.86,False
A,V97043,F,AT,2017,66.84 ,66.84,,survival_3y,66.84,False
A,V97043,F,BE,2017,74.37 ,74.37,,survival_3y,74.37,False
A,V97043,F,BG,2017,47.98 ,47.98,,survival_3y,47.98,False
A,V97043,F,CZ,2017,60.87 ,60.87,,survival_3y,60.87,False
A,V97043,F,DE,2017,51.40 ,51.4,,survival_3y,51.4,False
A,V97043,F,EE,2017,63.56 ,63.56,,survival_3y,63.56,False
A,V97043,F,ES,2017,50.07 ,50.07,,survival_3y,50.07,False
A,V97043,F,FI,2017,65.23 ,65.23,,survival_3y,65.23,False
A,V97043,F,FR,2017,62.83 ,62.83,,survival_3y,62.83,False
A,V97043,F,HU,2017,54.29 ,54.29,,survival_3y,54.29,False
A,V97043,F,IT,2017,56.13 ,56.13,,survival_3y,56.13,False
A,V97043,F,LV,2017,51.80 ,51.8,,survival_3y,51.8,False
A,V97043,F,NL,2017,77.97 ,77.97,,survival_3y,77.97,False
A,V97043,F,NO,2017,55.94 ,55.94,,survival_3y,55.94,False
A,V97043,F,PL,2017,46.92 ,46.92,,survival_3y,46.92,False
A,V97043,F,PT,2017,50.32 ,50.32,,survival_3y,50.32,False
A,V97043,F,RO,2017,57.25 ,57.25,,survival_3y,57.25,False
A,V97043,F,SE,2017,76.19 ,76.19,,survival_3y,76.19,False
A,V97043,F,SI,2017,61.63 ,61.63,,survival_3y,61.63,False
A,V97043,F,SK,2017,56.90 ,56.9,,survival_3y,56.9,False
A,V97043,G,AT,2017,64.30 ,64.3,,survival_3y,64.3,False
A,V97043,G,BE,2017,69.23 ,69.23,,survival_3y,69.23,False
A,V97043,G,BG,2017,54.84 ,54.84,,survival_3y,54.84,False
A,V97043,G,CZ,2017,59.59 ,59.59,,survival_3y,59.59,False
A,V97043,G,DE,2017,51.45 ,51.45,,survival_3y,51.45,False
A,V97043,G,EE,2017,57.14 ,57.14,,survival_3y,57.14,False
A,V97043,G,ES,2017,51.40 ,51.4,,survival_3y,51.4,False
A,V97043,G,FI,2017,57.97 ,57.97,,survival_3y,57.97,False
A,V97043,G,FR,2017,56.90 ,56.9,,survival_3y,56.9,False
A,V97043,G,HU,2017,51.51 ,51.51,,survival_3y,51.51,False
A,V97043,G,IT,2017,55.50 ,55.5,,survival_3y,55.5,False
A,V97043,G,LV,2017,49.90 ,49.9,,survival_3y,49.9,False
A,V97043,G,NL,2017,62.94 ,62.94,,survival_3y,62.94,False
A,V97043,G,NO,2017,58.68 ,58.68,,survival_3y,58.68,False
A,V97043,G,PL,2017,49.14 ,49.14,,survival_3y,49.14,False
A,V97043,G,PT,2017,50.29 ,50.29,,survival_3y,50.29,False
A,V97043,G,RO,2017,58.09 ,58.09,,survival_3y,58.09,False
A,V97043,G,SE,2017,69.18 ,69.18,,survival_3y,69.18,False
A,V97043,G,SI,2017,62.28 ,62.28,,survival_3y,62.28,False
A,V97043,G,SK,2017,54.75 ,54.75,,survival_3y,54.75,False
A,V97043,H,AT,2017,63.10 ,63.1,,survival_3y,63.1,False
A,V97043,H,BE,2017,70.56 ,70.56,,survival_3y,70.56,False
A,V97043,H,BG,2017,69.04 ,69.04,,survival_3y,69.04,False
A,V97043,H,CZ,2017,62.76 ,62.76,,survival_3y,62.76,False
A,V97043,H,DE,2017,53.61 ,53.61,,survival_3y,53.61,False
A,V97043,H,EE,2017,55.70 ,55.7,,survival_3y,55.7,False
A,V97043,H,ES,2017,70.65 ,70.65,,survival_3y,70.65,False
A,V97043,H,FI,2017,75.06 ,75.06,,survival_3y,75.06,False
A,V97043,H,FR,2017,59.13 ,59.13,,survival_3y,59.13,False
A,V97043,H,HU,2017,60.73 ,60.73,,survival_3y,60.73,False
A,V97043,H,IT,2017,70.02 ,70.02,,survival_3y,70.02,False
A,V97043,H,LV,2017,59.74 ,59.74,,survival_3y,59.74,False
A,V97043,H,NL,2017,67.38 ,67.38,,survival_3y,67.38,False
A,V97043,H,NO,2017,61.61 ,61.61,,survival_3y,61.61,False
A,V97043,H,PL,2017,60.72 ,60.72,,survival_3y,60.72,False
A,V97043,H,PT,2017,59.06 ,59.06,,survival_3y,59.06,False
A,V97043,H,RO,2017,71.66 ,71.66,,survival_3y,71.66,False
A,V97043,H,SE,2017,78.61 ,78.61,,survival_3y,78.61,False
A,V97043,H,SI,2017,65.24 ,65.24,,survival_3y,65.24,False
A,V97043,H,SK,2017,55.65 ,55.65,,survival_3y,55.65,False
A,V97043,I,AT,2017,60.47 ,60.47,,survival_3y,60.47,False
A,V97043,I,BE,2017,61.24 ,61.24,,survival_3y,61.24,False
A,V97043,I,BG,2017,47.69 ,47.69,,survival_3y,47.69,False
A,V97043,I,CZ,2017,55.32 ,55.32,,survival_3y,55.32,False
A,V97043,I,DE,2017,47.36 ,47.36,,survival_3y,47.36,False
A,V97043,I,EE,2017,53.24 ,53.24,,survival_3y,53.24,False
A,V97043,I,ES,2017,47.89 ,47.89,,survival_3y,47.89,False
A,V97043,I,FI,2017,59.90 ,59.9,,survival_3y,59.9,False
A,V97043,I,FR,2017,68.01 ,68.01,,survival_3y,68.01,False
A,V97043,I,HU,2017,50.30 ,50.3,,survival_3y,50.3,False
A,V97043,I,IT,2017,60.47 ,60.47,,survival_3y,60.47,False
A,V97043,I,LV,2017,52.50 ,52.5,,survival_3y,52.5,False
A,V97043,I,NL,2017,70.47 ,70.47,,survival_3y,70.47,False
A,V97043,I,NO,2017,55.75 ,55.75,,survival_3y,55.75,False
A,V97043,I,PL,2017,52.20 ,52.2,,survival_3y,52.2,False
A,V97043,I,PT,2017,50.31 ,50.31,,survival_3y,50.31,False
A,V97043,I,RO,2017,50.21 ,50.21,,survival_3y,50.21,False
A,V97043,I,SE,2017,66.60 ,66.6,,survival_3y,66.6,False
A,V97043,I,SI,2017,52.02 ,52.02,,survival_3y,52.02,False
A,V97043,I,SK,2017,59.83 ,59.83,,survival_3y,59.83,False
A,V97043,J,AT,2017,73.00 ,73.0,,survival_3y,73.0,False
A,V97043,J,BE,2017,72.59 ,72.59,,survival_3y,72.59,False
A,V97043,J,BG,2017,68.75 ,68.75,,survival_3y,68.75,False
A,V97043,J,CZ,2017,66.71 ,66.71,,survival_3y,66.71,False
A,V97043,J,DE,2017,51.53 ,51.53,,survival_3y,51.53,False
A,V97043,J,EE,2017,58.17 ,58.17,,survival_3y,58.17,False
A,V97043,J,ES,2017,52.44 ,52.44,,survival_3y,52.44,False
A,V97043,J,FI,2017,61.68 ,61.68,,survival_3y,61.68,False
A,V97043,J,FR,2017,53.64 ,53.64,,survival_3y,53.64,False
A,V97043,J,HU,2017,59.62 ,59.62,,survival_3y,59.62,False
A,V97043,J,IT,2017,58.66 ,58.66,,survival_3y,58.66,False
A,V97043,J,LV,2017,61.78 ,61.78,,survival_3y,61.78,False
A,V97043,J,NL,2017,73.00 ,73.0,,survival_3y,73.0,False
A,V97043,J,NO,2017,46.68 ,46.68,,survival_3y,46.68,False
A,V97043,J,PL,2017,63.39 ,63.39,,survival_3y,63.39,False
A,V97043,J,PT,2017,50.92 ,50.92,,survival_3y,50.92,False
A,V97043,J,RO,2017,51.55 ,51.55,,survival_3y,51.55,False
A,V97043,J,SE,2017,80.34 ,80.34,,survival_3y,80.34,False
A,V97043,J,SI,2017,70.80 ,70.8,,survival_3y,70.8,False
A,V97043,J,SK,2017,59.69 ,59.69,,survival_3y,59.69,False
A,V97043,L,AT,2017,73.36 ,73.36,,survival_3y,73.36,False
A,V97043,L,BE,2017,84.68 ,84.68,,survival_3y,84.68,False
A,V97043,L,BG,2017,41.60 ,41.6,,survival_3y,41.6,False
A,V97043,L,CZ,2017,59.73 ,59.73,,survival_3y,59.73,False
A,V97043,L,DE,2017,55.91 ,55.91,,survival_3y,55.91,False
A,V97043,L,EE,2017,58.98 ,58.98,,survival_3y,58.98,False
A,V97043,L,ES,2017,75.20 ,75.2,,survival_3y,75.2,False
A,V97043,L,FI,2017,60.43 ,60.43,,survival_3y,60.43,False
A,V97043,L,FR,2017,72.52 ,72.52,,survival_3y,72.52,False
A,V97043,L,HU,2017,61.08 ,61.08,,survival_3y,61.08,False
A,V97043,L,IT,2017,62.28 ,62.28,,survival_3y,62.28,False
A,V97043,L,LV,2017,58.29 ,58.29,,survival_3y,58.29,False
A,V97043,L,NL,2017,71.85 ,71.85,,survival_3y,71.85,False
A,V97043,L,NO,2017,67.29 ,67.29,,survival_3y,67.29,False
A,V97043,L,PL,2017,61.42 ,61.42,,survival_3y,61.42,False
A,V97043,L,PT,2017,65.64 ,65.64,,survival_3y,65.64,False
A,V97043,L,RO,2017,63.10 ,63.1,,survival_3y,63.1,False
A,V97043,L,SE,2017,88.60 ,88.6,,survival_3y,88.6,False
A,V97043,L,SI,2017,72.96 ,72.96,,survival_3y,72.96,False
A,V97043,L,SK,2017,73.86 ,73.86,,survival_3y,73.86,False
A,V97043,M,AT,2017,73.55 ,73.55,,survival_3y,73.55,False
A,V97043,M,BE,2017,77.43 ,77.43,,survival_3y,77.43,False
A,V97043,M,BG,2017,61.58 ,61.58,,survival_3y,61.58,False
A,V97043,M,CZ,2017,64.37 ,64.37,,survival_3y,64.37,False
A,V97043,M,DE,2017,51.32 ,51.32,,survival_3y,51.32,False
A,V97043,M,EE,2017,59.10 ,59.1,,survival_3y,59.1,False
A,V97043,M,ES,2017,55.69 ,55.69,,survival_3y,55.69,False
A,V97043,M,FI,2017,61.71 ,61.71,,survival_3y,61.71,False
A,V97043,M,FR,2017,56.74 ,56.74,,survival_3y,56.74,False
A,V97043,M,HU,2017,59.51 ,59.51,,survival_3y,59.51,False
A,V97043,M,IT,2017,57.19 ,57.19,,survival_3y,57.19,False
A,V97043,M,LV,2017,63.14 ,63.14,,survival_3y,63.14,False
A,V97043,M,NL,2017,75.84 ,75.84,,survival_3y,75.84,False
A,V97043,M,NO,2017,49.92 ,49.92,,survival_3y,49.92,False
A,V97043,M,PL,2017,63.90 ,63.9,,survival_3y,63.9,False
A,V97043,M,PT,2017,48.99 ,48.99,,survival_3y,48.99,False
A,V97043,M,RO,2017,59.04 ,59.04,,survival_3y,59.04,False
A,V97043,M,SE,2017,79.86 ,79.86,,survival_3y,79.86,False
A,V97043,M,SI,2017,66.61 ,66.61,,survival_3y,66.61,False
A,V97043,M,SK,2017,60.05 ,60.05,,survival_3y,60.05,False
A,V97043,N,AT,2017,63.26 ,63.26,,survival_3y,63.26,False
A,V97043,N,BE,2017,70.24 ,70.24,,survival_3y,70.24,False
A,V97043,N,BG,2017,61.83 ,61.83,,survival_3y,61.83,False
A,V97043,N,CZ,2017,61.20 ,61.2,,survival_3y,61.2,False
A,V97043,N,DE,2017,53.04 ,53.04,,survival_3y,53.04,False
A,V97043,N,EE,2017,55.27 ,55.27,,survival_3y,55.27,False
A,V97043,N,ES,2017,51.00 ,51.0,,survival_3y,51.0,False
A,V97043,N,FI,2017,60.92 ,60.92,,survival_3y,60.92,False
A,V97043,N,FR,2017,57.47 ,57.47,,survival_3y,57.47,False
A,V97043,N,HU,2017,52.48 ,52.48,,survival_3y,52.48,False
A,V97043,N,IT,2017,58.90 ,58.9,,survival_3y,58.9,False
A,V97043,N,LV,2017,57.17 ,57.17,,survival_3y,57.17,False
A,V97043,N,NL,2017,69.10 ,69.1,,survival_3y,69.1,False
A,V97043,N,NO,2017,54.74 ,54.74,,survival_3y,54.74,False
A,V97043,N,PL,2017,47.06 ,47.06,,survival_3y,47.06,False
A,V97043,N,PT,2017,30.55 ,30.55,,survival_3y,30.55,False
A,V97043,N,RO,2017,52.61 ,52.61,,survival_3y,52.61,False
A,V97043,N,SE,2017,72.38 ,72.38,,survival_3y,72.38,False
A,V97043,N,SI,2017,58.63 ,58.63,,survival_3y,58.63,False
A,V97043,N,SK,2017,59.68 ,59.68,,survival_3y,59.68,False
A,V97020,B,AT,2018,3.25 ,3.25,,birth_rate,3.25,False
A,V97020,B,BE,2018,5.17 b,5.17,b,birth_rate,5.17,False
A,V97020,B,BG,2018,6.52 ,6.52,,birth_rate,6.52,False
A,V97020,B,CZ,2018,8.08 ,8.08,,birth_rate,8.08,False
A,V97020,B,DE,2018,3.47 b,3.47,b,birth_rate,3.47,False
A,V97020,B,EE,2018,7.69 ,7.69,,birth_rate,7.69,False
A,V97020,B,ES,2018,2.47 ,2.47,,birth_rate,2.47,False
A,V97020,B,FI,2018,4.78 ,4.78,,birth_rate,4.78,False
A,V97020,B,FR,2018,3.93 ,3.93,,birth_rate,3.93,False
A,V97020,B,HU,2018,6.14 ,6.14,,birth_rate,6.14,False
A,V97020,B,IT,2018,2.24 ,2.24,,birth_rate,2.24,False
A,V97020,B,LV,2018,14.60 ,14.6,,birth_rate,14.6,False
A,V97020,B,NL,2018,12.62 ,12.62,,birth_rate,12.62,False
A,V97020,B,NO,2018,6.63 ,6.63,,birth_rate,6.63,False
A,V97020,B,PL,2018,9.20 b,9.2,b,birth_rate,9.2,False
A,V97020,B,PT,2018,5.97 ,5.97,,birth_rate,5.97,False
A,V97020,B,RO,2018,9.40 ,9.4,,birth_rate,9.4,False
A,V97020,B,SE,2018,2.63 ,2.63,,birth_rate,2.63,False
A,V97020,B,SI,2018,6.45 ,6.45,,birth_rate,6.45,False
A,V97020,B,SK,2018,9.78 ,9.78,,birth_rate,9.78,False
A,V97020,C,AT,2018,4.37 ,4.37,,birth_rate,4.37,False
A,V97020,C,BE,2018,5.47 b,5.47,b,birth_rate,5.47,False
A,V97020,C,BG,2018,7.93 ,7.93,,birth_rate,7.93,False
A,V97020,C,CZ,2018,9.76 ,9.76,,birth_rate,9.76,False
A,V97020,C,DE,2018,4.20 b,4.2,b,birth_rate,4.2,False
A,V97020,C,EE,2018,9.74 ,9.74,,birth_rate,9.74,False
A,V97020,C,ES,2018,6.54 ,6.54,,birth_rate,6.54,False
A,V97020,C,FI,2018,6.01 ,6.01,,birth_rate,6.01,False
A,V97020,C,FR,2018,7.99 ,7.99,,birth_rate,7.99,False
A,V97020,C,HU,2018,9.47 ,9.47,,birth_rate,9.47,False
A,V97020,C,IT,2018,4.59 ,4.59,,birth_rate,4.59,False
A,V97020,C,LV,2018,12.12 ,12.12,,birth_rate,12.12,False
A,V97020,C,NL,2018,7.76 ,7.76,,birth_rate,7.76,False
A,V97020,C,NO,2018,6.03 ,6.03,,birth_rate,6.03,False
A,V97020,C,PL,2018,10.98 b,10.98,b,birth_rate,10.98,False
A,V97020,C,PT,2018,8.86 ,8.86,,birth_rate,8.86,False
A,V97020,C,RO,2018,11.32 ,11.32,,birth_rate,11.32,False
A,V97020,C,SE,2018,4.69 ,4.69,,birth_rate,4.69,False
A,V97020,C,SI,2018,6.54 ,6.54,,birth_rate,6.54,False
A,V97020,C,SK,2018,13.31 ,13.31,,birth_rate,13.31,False
A,V97020,D,AT,2018,3.41 ,3.41,,birth_rate,3.41,False
A,V97020,D,BE,2018,4.30 b,4.3,b,birth_rate,4.3,False
A,V97020,D,BG,2018,2.77 ,2.77,,birth_rate,2.77,False
A,V97020,D,CZ,2018,1.93 ,1.93,,birth_rate,1.93,False
A,V97020,D,DE,2018,8.53 b,8.53,b,birth_rate,8.53,False
A,V97020,D,EE,2018,5.75 ,5.75,,birth_rate,5.75,False
A,V97020,D,ES,2018,0.31 ,0.31,,birth_rate,0.31,False
A,V97020,D,FI,2018,3.64 ,3.64,,birth_rate,3.64,False
A,V97020,D,FR,2018,6.32 ,6.32,,birth_rate,6.32,False
A,V97020,D,HU,2018,26.87 ,26.87,,birth_rate,26.87,False
A,V97020,D,IT,2018,4.74 ,4.74,,birth_rate,4.74,False
A,V97020,D,LV,2018,5.03 ,5.03,,birth_rate,5.03,False
A,V97020,D,NL,2018,16.18 ,16.18,,birth_rate,16.18,False
A,V97020,D,NO,2018,3.86 ,3.86,,birth_rate,3.86,False
A,V97020,D,PL,2018,13.50 b,13.5,b,birth_rate,13.5,False
A,V97020,D,PT,2018,9.32 ,9.32,,birth_rate,9.32,False
A,V97020,D,RO,2018,9.05 ,9.05,,birth_rate,9.05,False
A,V97020,D,SE,2018,1.74 ,1.74,,birth_rate,1.74,False
A,V97020,D,SI,2018,2.01 ,2.01,,birth_rate,2.01,False
A,V97020,D,SK,2018,2.60 ,2.6,,birth_rate,2.6,False
A,V97020,E,AT,2018,1.96 ,1.96,,birth_rate,1.96,False
A,V97020,E,BE,2018,4.94 b,4.94,b,birth_rate,4.94,False
A,V97020,E,BG,2018,6.52 ,6.52,,birth_rate,6.52,False
A,V97020,E,CZ,2018,6.52 ,6.52,,birth_rate,6.52,False
A,V97020,E,DE,2018,3.54 b,3.54,b,birth_rate,3.54,False
A,V97020,E,EE,2018,7.89 ,7.89,,birth_rate,7.89,False
A,V97020,E,ES,2018,4.88 ,4.88,,birth_rate,4.88,False
A,V97020,E,FI,2018,2.60 ,2.6,,birth_rate,2.6,False
A,V97020,E,FR,2018,7.91 ,7.91,,birth_rate,7.91,False
A,V97020,E,HU,2018,7.09 ,7.09,,birth_rate,7.09,False
A,V97020,E,IT,2018,4.18 ,4.18,,birth_rate,4.18,False
A,V97020,E,LV,2018,10.25 ,10.25,,birth_rate,10.25,False
A,V97020,E,NL,2018,13.74 ,13.74,,birth_rate,13.74,False
A,V97020,E,NO,2018,4.61 ,4.61,,birth_rate,4.61,False
A,V97020,E,PL,2018,8.90 b,8.9,b,birth_rate,8.9,False
A,V97020,E,PT,2018,14.14 ,14.14,,birth_rate,14.14,False
A,V97020,E,RO,2018,10.64 ,10.64,,birth_rate,10.64,False
A,V97020,E,SE,2018,5.68 ,5.68,,birth_rate,5.68,False
A,V97020,E,SI,2018,6.25 ,6.25,,birth_rate,6.25,False
A,V97020,E,SK,2018,11.34 ,11.34,,birth_rate,11.34,False
A,V97020,F,AT,2018,6.35 ,6.35,,birth_rate,6.35,False
A,V97020,F,BE,2018,7.13 b,7.13,b,birth_rate,7.13,False
A,V97020,F,BG,2018,14.94 ,14.94,,birth_rate,14.94,False
A,V97020,F,CZ,2018,8.65 ,8.65,,birth_rate,8.65,False
A,V97020,F,DE,2018,7.27 b,7.27,b,birth_rate,7.27,False
A,V97020,F,EE,2018,12.99 ,12.99,,birth_rate,12.99,False
A,V97020,F,ES,2018,10.25 ,10.25,,birth_rate,10.25,False
A,V97020,F,FI,2018,7.14 ,7.14,,birth_rate,7.14,False
A,V97020,F,FR,2018,8.65 ,8.65,,birth_rate,8.65,False
A,V97020,F,HU,2018,18.01 ,18.01,,birth_rate,18.01,False
A,V97020,F,IT,2018,7.61 ,7.61,,birth_rate,7.61,False
A,V97020,F,LV,2018,15.74 ,15.74,,birth_rate,15.74,False
A,V97020,F,NL,2018,10.75 ,10.75,,birth_rate,10.75,False
A,V97020,F,NO,2018,8.47 ,8.47,,birth_rate,8.47,False
A,V97020,F,PL,2018,18.72 b,18.72,b,birth_rate,18.72,False
A,V97020,F,PT,2018,13.30 ,13.3,,birth_rate,13.3,False
A,V97020,F,RO,2018,14.37 ,14.37,,birth_rate,14.37,False
A,V97020,F,SE,2018,6.12 ,6.12,,birth_rate,6.12,False
A,V97020,F,SI,2018,8.98 ,8.98,,birth_rate,8.98,False
A,V97020,F,SK,2018,15.45 ,15.45,,birth_rate,15.45,False
A,V97020,G,AT,2018,6.15 ,6.15,,birth_rate,6.15,False
A,V97020,G,BE,2018,5.31 b,5.31,b,birth_rate,5.31,False
A,V97020,G,BG,2018,11.37 ,11.37,,birth_rate,11.37,False
A,V97020,G,CZ,2018,9.32 ,9.32,,birth_rate,9.32,False
A,V97020,G,DE,2018,7.04 b,7.04,b,birth_rate,7.04,False
A,V97020,G,EE,2018,9.75 ,9.75,,birth_rate,9.75,False
A,V97020,G,ES,2018,8.91 ,8.91,,birth_rate,8.91,False
A,V97020,G,FI,2018,7.14 ,7.14,,birth_rate,7.14,False
A,V97020,G,FR,2018,8.64 ,8.64,,birth_rate,8.64,False
A,V97020,G,HU,2018,9.06 ,9.06,,birth_rate,9.06,False
A,V97020,G,IT,2018,6.34 ,6.34,,birth_rate,6.34,False
A,V97020,G,LV,2018,10.11 ,10.11,,birth_rate,10.11,False
A,V97020,G,NL,2018,8.60 ,8.6,,birth_rate,8.6,False
A,V97020,G,NO,2018,6.78 ,6.78,,birth_rate,6.78,False
A,V97020,G,PL,2018,10.19 b,10.19,b,birth_rate,10.19,False
A,V97020,G,PT,2018,10.36 ,10.36,,birth_rate,10.36,False
A,V97020,G,RO,2018,8.59 ,8.59,,birth_rate,8.59,False
A,V97020,G,SE,2018,6.44 ,6.44,,birth_rate,6.44,False
A,V97020,G,SI,2018,8.05 ,8.05,,birth_rate,8.05,False
A,V97020,G,SK,2018,6.10 ,6.1,,birth_rate,6.1,False
A,V97020,H,AT,2018,9.60 ,9.6,,birth_rate,9.6,False
A,V97020,H,BE,2018,8.38 b,8.38,b,birth_rate,8.38,False
A,V97020,H,BG,2018,10.45 ,10.45,,birth_rate,10.45,False
A,V97020,H,CZ,2018,8.86 ,8.86,,birth_rate,8.86,False
A,V97020,H,DE,2018,8.52 b,8.52,b,birth_rate,8.52,False
A,V97020,H,EE,2018,9.94 ,9.94,,birth_rate,9.94,False
A,V97020,H,ES,2018,7.03 ,7.03,,birth_rate,7.03,False
A,V97020,H,FI,2018,6.69 ,6.69,,birth_rate,6.69,False
A,V97020,H,FR,2018,24.97 ,24.97,,birth_rate,24.97,False
A,V97020,H,HU,2018,11.98 ,11.98,,birth_rate,11.98,False
A,V97020,H,IT,2018,5.54 ,5.54,,birth_rate,5.54,False
A,V97020,H,LV,2018,16.43 ,16.43,,birth_rate,16.43,False
A,V97020,H,NL,2018,13.02 ,13.02,,birth_rate,13.02,False
A,V97020,H,NO,2018,6.76 ,6.76,,birth_rate,6.76,False
A,V97020,H,PL,2018,11.89 b,11.89,b,birth_rate,11.89,False
A,V97020,H,PT,2018,16.54 ,16.54,,birth_rate,16.54,False
A,V97020,H,RO,2018,11.85 ,11.85,,birth_rate,11.85,False
A,V97020,H,SE,2018,6.12 ,6.12,,birth_rate,6.12,False
A,V97020,H,SI,2018,7.90 ,7.9,,birth_rate,7.9,False
A,V97020,H,SK,2018,15.16 ,15.16,,birth_rate,15.16,False
A,V97020,I,AT,2018,6.13 ,6.13,,birth_rate,6.13,False
A,V97020,I,BE,2018,8.48 b,8.48,b,birth_rate,8.48,False
A,V97020,I,BG,2018,14.40 ,14.4,,birth_rate,14.4,False
A,V97020,I,CZ,2018,9.57 ,9.57,,birth_rate,9.57,False
A,V97020,I,DE,2018,9.44 b,9.44,b,birth_rate,9.44,False
A,V97020,I,EE,2018,11.68 ,11.68,,birth_rate,11.68,False
A,V97020,I,ES,2018,11.00 ,11.0,,birth_rate,11.0,False
A,V97020,I,FI,2018,9.18 ,9.18,,birth_rate,9.18,False
A,V97020,I,FR,2018,8.50 ,8.5,,birth_rate,8.5,False
A,V97020,I,HU,2018,11.81 ,11.81,,birth_rate,11.81,False
A,V97020,I,IT,2018,7.35 ,7.35,,birth_rate,7.35,False
A,V97020,I,LV,2018,14.63 ,14.63,,birth_rate,14.63,False
A,V97020,I,NL,2018,9.67 ,9.67,,birth_rate,9.67,False
A,V97020,I,NO,2018,7.24 ,7.24,,birth_rate,7.24,False
A,V97020,I,PL,2018,14.81 b,14.81,b,birth_rate,14.81,False
A,V97020,I,PT,2018,18.12 ,18.12,,birth_rate,18.12,False
A,V97020,I,RO,2018,12.10 ,12.1,,birth_rate,12.1,False
A,V97020,I,SE,2018,7.19 ,7.19,,birth_rate,7.19,False
A,V97020,I,SI,2018,20.31 ,20.31,,birth_rate,20.31,False
A,V97020,I,SK,2018,10.88 ,10.88,,birth_rate,10.88,False
A,V97020,J,AT,2018,7.47 ,7.47,,birth_rate,7.47,False
A,V97020,J,BE,2018,9.76 b,9.76,b,birth_rate,9.76,False
A,V97020,J,BG,2018,14.07 ,14.07,,birth_rate,14.07,False
A,V97020,J,CZ,2018,11.87 ,11.87,,birth_rate,11.87,False
A,V97020,J,DE,2018,10.75 b,10.75,b,birth_rate,10.75,False
A,V97020,J,EE,2018,19.56 ,19.56,,birth_rate,19.56,False
A,V97020,J,ES,2018,12.83 ,12.83,,birth_rate,12.83,False
A,V97020,J,FI,2018,11.40 ,11.4,,birth_rate,11.4,False
A,V97020,J,FR,2018,13.99 ,13.99,,birth_rate,13.99,False
A,V97020,J,HU,2018,14.89 ,14.89,,birth_rate,14.89,False
A,V97020,J,IT,2018,9.41 ,9.41,,birth_rate,9.41,False
A,V97020,J,LV,2018,16.06 ,16.06,,birth_rate,16.06,False
A,V97020,J,NL,2018,10.26 ,10.26,,birth_rate,10.26,False
A,V97020,J,NO,2018,11.14 ,11.14,,birth_rate,11.14,False
A,V97020,J,PL,2018,18.02 b,18.02,b,birth_rate,18.02,False
A,V97020,J,PT,2018,19.50 ,19.5,,birth_rate,19.5,False
A,V97020,J,RO,2018,16.06 ,16.06,,birth_rate,16.06,False
A,V97020,J,SE,2018,7.76 ,7.76,,birth_rate,7.76,False
A,V97020,J,SI,2018,13.11 ,13.11,,birth_rate,13.11,False
A,V97020,J,SK,2018,15.39 ,15.39,,birth_rate,15.39,False
A,V97020,L,AT,2018,3.75 ,3.75,,birth_rate,3.75,False
A,V97020,L,BE,2018,4.43 b,4.43,b,birth_rate,4.43,False
A,V97020,L,BG,2018,10.43 ,10.43,,birth_rate,10.43,False
A,V97020,L,CZ,2018,9.97 ,9.97,,birth_rate,9.97,False
A,V97020,L,DE,2018,8.62 b,8.62,b,birth_rate,8.62,False
A,V97020,L,EE,2018,9.23 ,9.23,,birth_rate,9.23,False
A,V97020,L,ES,2018,9.25 ,9.25,,birth_rate,9.25,False
A,V97020,L,FI,2018,7.18 ,7.18,,birth_rate,7.18,False
A,V97020,L,FR,2018,9.05 ,9.05,,birth_rate,9.05,False
A,V97020,L,HU,2018,14.26 ,14.26,,birth_rate,14.26,False
A,V97020,L,IT,2018,4.11 ,4.11,,birth_rate,4.11,False
A,V97020,L,LV,2018,9.33 ,9.33,,birth_rate,9.33,False
A,V97020,L,NL,2018,7.79 ,7.79,,birth_rate,7.79,False
A,V97020,L,NO,2018,4.26 ,4.26,,birth_rate,4.26,False
A,V97020,L,PL,2018,11.63 b,11.63,b,birth_rate,11.63,False
A,V97020,L,PT,2018,16.94 ,16.94,,birth_rate,16.94,False
A,V97020,L,RO,2018,11.93 ,11.93,,birth_rate,11.93,False
A,V97020,L,SE,2018,4.78 ,4.78,,birth_rate,4.78,False
A,V97020,L,SI,2018,13.94 ,13.94,,birth_rate,13.94,False
A,V97020,L,SK,2018,9.50 ,9.5,,birth_rate,9.5,False
A,V97020,M,AT,2018,5.77 ,5.77,,birth_rate,5.77,False
A,V97020,M,BE,2018,6.83 b,6.83,b,birth_rate,6.83,False
A,V97020,M,BG,2018,11.19 ,11.19,,birth_rate,11.19,False
A,V97020,M,CZ,2018,10.15 ,10.15,,birth_rate,10.15,False
A,V97020,M,DE,2018,8.49 b,8.49,b,birth_rate,8.49,False
A,V97020,M,EE,2018,13.57 ,13.57,,birth_rate,13.57,False
A,V97020,M,ES,2018,9.92 ,9.92,,birth_rate,9.92,False
A,V97020,M,FI,2018,9.80 ,9.8,,birth_rate,9.8,False
A,V97020,M,FR,2018,13.98 ,13.98,,birth_rate,13.98,False
A,V97020,M,HU,2018,12.27 ,12.27,,birth_rate,12.27,False
A,V97020,M,IT,2018,9.23 ,9.23,,birth_rate,9.23,False
A,V97020,M,LV,2018,10.97 ,10.97,,birth_rate,10.97,False
A,V97020,M,NL,2018,10.16 ,10.16,,birth_rate,10.16,False
A,V97020,M,NO,2018,10.56 ,10.56,,birth_rate,10.56,False
A,V97020,M,PL,2018,12.62 b,12.62,b,birth_rate,12.62,False
A,V97020,M,PT,2018,13.21 ,13.21,,birth_rate,13.21,False
A,V97020,M,RO,2018,11.21 ,11.21,,birth_rate,11.21,False
A,V97020,M,SE,2018,6.64 ,6.64,,birth_rate,6.64,False
A,V97020,M,SI,2018,11.62 ,11.62,,birth_rate,11.62,False
A,V97020,M,SK,2018,13.10 ,13.1,,birth_rate,13.1,False
A,V97020,N,AT,2018,10.10 ,10.1,,birth_rate,10.1,False
A,V97020,N,BE,2018,7.44 b,7.44,b,birth_rate,7.44,False
A,V97020,N,BG,2018,11.00 ,11.0,,birth_rate,11.0,False
A,V97020,N,CZ,2018,10.34 ,10.34,,birth_rate,10.34,False
A,V97020,N,DE,2018,10.46 b,10.46,b,birth_rate,10.46,False
A,V97020,N,EE,2018,15.85 ,15.85,,birth_rate,15.85,False
A,V97020,N,ES,2018,13.84 ,13.84,,birth_rate,13.84,False
A,V97020,N,FI,2018,10.12 ,10.12,,birth_rate,10.12,False
A,V97020,N,FR,2018,12.68 ,12.68,,birth_rate,12.68,False
A,V97020,N,HU,2018,18.18 ,18.18,,birth_rate,18.18,False
A,V97020,N,IT,2018,11.37 ,11.37,,birth_rate,11.37,False
A,V97020,N,LV,2018,14.74 ,14.74,,birth_rate,14.74,False
A,V97020,N,NL,2018,12.54 ,12.54,,birth_rate,12.54,False
A,V97020,N,NO,2018,11.00 ,11.0,,birth_rate,11.0,False
A,V97020,N,PL,2018,18.23 b,18.23,b,birth_rate,18.23,False
A,V97020,N,PT,2018,27.54 ,27.54,,birth_rate,27.54,False
A,V97020,N,RO,2018,11.66 ,11.66,,birth_rate,11.66,False
A,V97020,N,SE,2018,8.23 ,8.23,,birth_rate,8.23,False
A,V97020,N,SI,2018,13.89 ,13.89,,birth_rate,13.89,False
A,V97020,N,SK,2018,16.69 ,16.69,,birth_rate,16.69,False
A,V97030,B,AT,2018,3.52 ,3.52,,death_rate,3.52,False
A,V97030,B,BE,2018,2.30 b,2.3,b,death_rate,2.3,False
A,V97030,B,BG,2018,16.85 ,16.85,,death_rate,16.85,False
A,V97030,B,CZ,2018,5.94 ,5.94,,death_rate,5.94,False
A,V97030,B,DE,2018,5.15 b,5.15,b,death_rate,5.15,False
A,V97030,B,EE,2018,3.85 ,3.85,,death_rate,3.85,False
A,V97030,B,ES,2018,4.89 ,4.89,,death_rate,4.89,False
A,V97030,B,FI,2018,3.46 ,3.46,,death_rate,3.46,False
A,V97030,B,FR,2018,2.54 ,2.54,,death_rate,2.54,False
A,V97030,B,HU,2018,5.37 ,5.37,,death_rate,5.37,False
A,V97030,B,IT,2018,3.54 ,3.54,,death_rate,3.54,False
A,V97030,B,LV,2018,10.95 ,10.95,,death_rate,10.95,False
A,V97030,B,NL,2018,4.40 ,4.4,,death_rate,4.4,False
A,V97030,B,NO,2018,3.75 ,3.75,,death_rate,3.75,False
A,V97030,B,PL,2018,8.14 b,8.14,b,death_rate,8.14,False
A,V97030,B,PT,2018,4.40 ,4.4,,death_rate,4.4,False
A,V97030,B,RO,2018,8.57 ,8.57,,death_rate,8.57,False
A,V97030,B,SE,2018,2.37 ,2.37,,death_rate,2.37,False
A,V97030,B,SI,2018,10.75 ,10.75,,death_rate,10.75,False
A,V97030,B,SK,2018,3.11 ,3.11,,death_rate,3.11,False
A,V97030,C,AT,2018,2.83 ,2.83,,death_rate,2.83,False
A,V97030,C,BE,2018,2.73 b,2.73,b,death_rate,2.73,False
A,V97030,C,BG,2018,9.21 ,9.21,,death_rate,9.21,False
A,V97030,C,CZ,2018,6.81 ,6.81,,death_rate,6.81,False
A,V97030,C,DE,2018,5.81 b,5.81,b,death_rate,5.81,False
A,V97030,C,EE,2018,8.64 ,8.64,,death_rate,8.64,False
A,V97030,C,ES,2018,6.23 ,6.23,,death_rate,6.23,False
A,V97030,C,FI,2018,5.31 ,5.31,,death_rate,5.31,False
A,V97030,C,FR,2018,3.80 ,3.8,,death_rate,3.8,False
A,V97030,C,HU,2018,5.85 ,5.85,,death_rate,5.85,False
A,V97030,C,IT,2018,4.42 ,4.42,,death_rate,4.42,False
A,V97030,C,LV,2018,9.27 ,9.27,,death_rate,9.27,False
A,V97030,C,NL,2018,4.45 ,4.45,,death_rate,4.45,False
A,V97030,C,NO,2018,4.29 ,4.29,,death_rate,4.29,False
A,V97030,C,PL,2018,8.78 b,8.78,b,death_rate,8.78,False
A,V97030,C,PT,2018,7.74 ,7.74,,death_rate,7.74,False
A,V97030,C,RO,2018,8.57 ,8.57,,death_rate,8.57,False
A,V97030,C,SE,2018,4.74 ,4.74,,death_rate,4.74,False
A,V97030,C,SI,2018,5.36 ,5.36,,death_rate,5.36,False
A,V97030,C,SK,2018,7.85 ,7.85,,death_rate,7.85,False
A,V97030,D,AT,2018,2.47 ,2.47,,death_rate,2.47,False
A,V97030,D,BE,2018,0.83 b,0.83,b,death_rate,0.83,False
A,V97030,D,BG,2018,8.36 ,8.36,,death_rate,8.36,False
A,V97030,D,CZ,2018,1.89 ,1.89,,death_rate,1.89,False
A,V97030,D,DE,2018,6.46 b,6.46,b,death_rate,6.46,False
A,V97030,D,EE,2018,4.60 ,4.6,,death_rate,4.6,False
A,V97030,D,ES,2018,1.50 ,1.5,,death_rate,1.5,False
A,V97030,D,FI,2018,2.46 ,2.46,,death_rate,2.46,False
A,V97030,D,FR,2018,1.04 ,1.04,,death_rate,1.04,False
A,V97030,D,HU,2018,4.89 ,4.89,,death_rate,4.89,False
A,V97030,D,IT,2018,2.29 ,2.29,,death_rate,2.29,False
A,V97030,D,LV,2018,5.03 ,5.03,,death_rate,5.03,False
A,V97030,D,NL,2018,3.97 ,3.97,,death_rate,3.97,False
A,V97030,D,NO,2018,1.31 ,1.31,,death_rate,1.31,False
A,V97030,D,PL,2018,10.76 b,10.76,b,death_rate,10.76,False
A,V97030,D,PT,2018,3.02 ,3.02,,death_rate,3.02,False
A,V97030,D,RO,2018,9.05 ,9.05,,death_rate,9.05,False
A,V97030,D,SE,2018,12.10 ,12.1,,death_rate,12.1,False
A,V97030,D,SI,2018,2.22 ,2.22,,death_rate,2.22,False
A,V97030,D,SK,2018,2.60 ,2.6,,death_rate,2.6,False
A,V97030,E,AT,2018,2.40 ,2.4,,death_rate,2.4,False
A,V97030,E,BE,2018,1.32 b,1.32,b,death_rate,1.32,False
A,V97030,E,BG,2018,10.39 ,10.39,,death_rate,10.39,False
A,V97030,E,CZ,2018,5.90 ,5.9,,death_rate,5.9,False
A,V97030,E,DE,2018,4.43 b,4.43,b,death_rate,4.43,False
A,V97030,E,EE,2018,4.61 ,4.61,,death_rate,4.61,False
A,V97030,E,ES,2018,4.06 ,4.06,,death_rate,4.06,False
A,V97030,E,FI,2018,2.79 ,2.79,,death_rate,2.79,False
A,V97030,E,FR,2018,3.65 ,3.65,,death_rate,3.65,False
A,V97030,E,HU,2018,6.18 ,6.18,,death_rate,6.18,False
A,V97030,E,IT,2018,3.93 ,3.93,,death_rate,3.93,False
A,V97030,E,LV,2018,4.71 ,4.71,,death_rate,4.71,False
A,V97030,E,NL,2018,4.43 ,4.43,,death_rate,4.43,False
A,V97030,E,NO,2018,2.38 ,2.38,,death_rate,2.38,False
A,V97030,E,PL,2018,8.17 b,8.17,b,death_rate,8.17,False
A,V97030,E,PT,2018,7.58 ,7.58,,death_rate,7.58,False
A,V97030,E,RO,2018,9.39 ,9.39,,death_rate,9.39,False
A,V97030,E,SE,2018,3.08 ,3.08,,death_rate,3.08,False
A,V97030,E,SI,2018,6.01 ,6.01,,death_rate,6.01,False
A,V97030,E,SK,2018,5.60 ,5.6,,death_rate,5.6,False
A,V97030,F,AT,2018,3.94 ,3.94,,death_rate,3.94,False
A,V97030,F,BE,2018,3.01 b,3.01,b,death_rate,3.01,False
A,V97030,F,BG,2018,14.17 ,14.17,,death_rate,14.17,False
A,V97030,F,CZ,2018,7.06 ,7.06,,death_rate,7.06,False
A,V97030,F,DE,2018,7.87 b,7.87,b,death_rate,7.87,False
A,V97030,F,EE,2018,9.90 ,9.9,,death_rate,9.9,False
A,V97030,F,ES,2018,7.86 ,7.86,,death_rate,7.86,False
A,V97030,F,FI,2018,5.85 ,5.85,,death_rate,5.85,False
A,V97030,F,FR,2018,4.02 ,4.02,,death_rate,4.02,False
A,V97030,F,HU,2018,5.60 ,5.6,,death_rate,5.6,False
A,V97030,F,IT,2018,7.02 ,7.02,,death_rate,7.02,False
A,V97030,F,LV,2018,12.15 ,12.15,,death_rate,12.15,False
A,V97030,F,NL,2018,4.02 ,4.02,,death_rate,4.02,False
A,V97030,F,NO,2018,4.47 ,4.47,,death_rate,4.47,False
A,V97030,F,PL,2018,11.29 b,11.29,b,death_rate,11.29,False
A,V97030,F,PT,2018,8.36 ,8.36,,death_rate,8.36,False
A,V97030,F,RO,2018,10.09 ,10.09,,death_rate,10.09,False
A,V97030,F,SE,2018,5.27 ,5.27,,death_rate,5.27,False
A,V97030,F,SI,2018,6.92 ,6.92,,death_rate,6.92,False
A,V97030,F,SK,2018,9.36 ,9.36,,death_rate,9.36,False
A,V97030,G,AT,2018,5.06 ,5.06,,death_rate,5.06,False
A,V97030,G,BE,2018,3.39 b,3.39,b,death_rate,3.39,False
A,V97030,G,BG,2018,11.84 ,11.84,,death_rate,11.84,False
A,V97030,G,CZ,2018,7.68 ,7.68,,death_rate,7.68,False
A,V97030,G,DE,2018,8.81 b,8.81,b,death_rate,8.81,False
A,V97030,G,EE,2018,10.76 ,10.76,,death_rate,10.76,False
A,V97030,G,ES,2018,8.97 ,8.97,,death_rate,8.97,False
A,V97030,G,FI,2018,7.92 ,7.92,,death_rate,7.92,False
A,V97030,G,FR,2018,4.90 ,4.9,,death_rate,4.9,False
A,V97030,G,HU,2018,6.92 ,6.92,,death_rate,6.92,False
A,V97030,G,IT,2018,6.43 ,6.43,,death_rate,6.43,False
A,V97030,G,LV,2018,9.11 ,9.11,,death_rate,9.11,False
A,V97030,G,NL,2018,7.02 ,7.02,,death_rate,7.02,False
A,V97030,G,NO,2018,4.66 ,4.66,,death_rate,4.66,False
A,V97030,G,PL,2018,10.16 b,10.16,b,death_rate,10.16,False
A,V97030,G,PT,2018,9.66 ,9.66,,death_rate,9.66,False
A,V97030,G,RO,2018,9.47 ,9.47,,death_rate,9.47,False
A,V97030,G,SE,2018,6.85 ,6.85,,death_rate,6.85,False
A,V97030,G,SI,2018,7.67 ,7.67,,death_rate,7.67,False
A,V97030,G,SK,2018,7.99 ,7.99,,death_rate,7.99,False
A,V97030,H,AT,2018,6.91 ,6.91,,death_rate,6.91,False
A,V97030,H,BE,2018,3.57 b,3.57,b,death_rate,3.57,False
A,V97030,H,BG,2018,10.06 ,10.06,,death_rate,10.06,False
A,V97030,H,CZ,2018,7.52 ,7.52,,death_rate,7.52,False
A,V97030,H,DE,2018,9.49 b,9.49,b,death_rate,9.49,False
A,V97030,H,EE,2018,11.38 ,11.38,,death_rate,11.38,False
A,V97030,H,ES,2018,7.16 ,7.16,,death_rate,7.16,False
A,V97030,H,FI,2018,6.48 ,6.48,,death_rate,6.48,False
A,V97030,H,FR,2018,6.02 ,6.02,,death_rate,6.02,False
A,V97030,H,HU,2018,5.49 ,5.49,,death_rate,5.49,False
A,V97030,H,IT,2018,5.31 ,5.31,,death_rate,5.31,False
A,V97030,H,LV,2018,12.04 ,12.04,,death_rate,12.04,False
A,V97030,H,NL,2018,6.38 ,6.38,,death_rate,6.38,False
A,V97030,H,NO,2018,4.27 ,4.27,,death_rate,4.27,False
A,V97030,H,PL,2018,10.69 b,10.69,b,death_rate,10.69,False
A,V97030,H,PT,2018,8.05 ,8.05,,death_rate,8.05,False
A,V97030,H,RO,2018,6.82 ,6.82,,death_rate,6.82,False
A,V97030,H,SE,2018,5.14 ,5.14,,death_rate,5.14,False
A,V97030,H,SI,2018,6.75 ,6.75,,death_rate,6.75,False
A,V97030,H,SK,2018,11.08 ,11.08,,death_rate,11.08,False
A,V97030,I,AT,2018,5.49 ,5.49,,death_rate,5.49,False
A,V97030,I,BE,2018,5.20 b,5.2,b,death_rate,5.2,False
A,V97030,I,BG,2018,15.53 ,15.53,,death_rate,15.53,False
A,V97030,I,CZ,2018,8.81 ,8.81,,death_rate,8.81,False
A,V97030,I,DE,2018,9.82 b,9.82,b,death_rate,9.82,False
A,V97030,I,EE,2018,10.87 ,10.87,,death_rate,10.87,False
A,V97030,I,ES,2018,10.68 ,10.68,,death_rate,10.68,False
A,V97030,I,FI,2018,7.46 ,7.46,,death_rate,7.46,False
A,V97030,I,FR,2018,5.14 ,5.14,,death_rate,5.14,False
A,V97030,I,HU,2018,8.10 ,8.1,,death_rate,8.1,False
A,V97030,I,IT,2018,6.38 ,6.38,,death_rate,6.38,False
A,V97030,I,LV,2018,11.31 ,11.31,,death_rate,11.31,False
A,V97030,I,NL,2018,5.96 ,5.96,,death_rate,5.96,False
A,V97030,I,NO,2018,2.92 ,2.92,,death_rate,2.92,False
A,V97030,I,PL,2018,11.94 b,11.94,b,death_rate,11.94,False
A,V97030,I,PT,2018,11.53 ,11.53,,death_rate,11.53,False
A,V97030,I,RO,2018,10.84 ,10.84,,death_rate,10.84,False
A,V97030,I,SE,2018,7.07 ,7.07,,death_rate,7.07,False
A,V97030,I,SI,2018,10.14 ,10.14,,death_rate,10.14,False
A,V97030,I,SK,2018,8.83 ,8.83,,death_rate,8.83,False
A,V97030,J,AT,2018,4.02 ,4.02,,death_rate,4.02,False
A,V97030,J,BE,2018,2.82 b,2.82,b,death_rate,2.82,False
A,V97030,J,BG,2018,9.68 ,9.68,,death_rate,9.68,False
A,V97030,J,CZ,2018,6.14 ,6.14,,death_rate,6.14,False
A,V97030,J,DE,2018,10.71 b,10.71,b,death_rate,10.71,False
A,V97030,J,EE,2018,11.90 ,11.9,,death_rate,11.9,False
A,V97030,J,ES,2018,8.91 ,8.91,,death_rate,8.91,False
A,V97030,J,FI,2018,7.90 ,7.9,,death_rate,7.9,False
A,V97030,J,FR,2018,5.35 ,5.35,,death_rate,5.35,False
A,V97030,J,HU,2018,7.41 ,7.41,,death_rate,7.41,False
A,V97030,J,IT,2018,5.58 ,5.58,,death_rate,5.58,False
A,V97030,J,LV,2018,10.25 ,10.25,,death_rate,10.25,False
A,V97030,J,NL,2018,5.87 ,5.87,,death_rate,5.87,False
A,V97030,J,NO,2018,6.76 ,6.76,,death_rate,6.76,False
A,V97030,J,PL,2018,7.43 b,7.43,b,death_rate,7.43,False
A,V97030,J,PT,2018,12.52 ,12.52,,death_rate,12.52,False
A,V97030,J,RO,2018,9.90 ,9.9,,death_rate,9.9,False
A,V97030,J,SE,2018,5.53 ,5.53,,death_rate,5.53,False
A,V97030,J,SI,2018,9.99 ,9.99,,death_rate,9.99,False
A,V97030,J,SK,2018,7.05 ,7.05,,death_rate,7.05,False
A,V97030,L,AT,2018,1.55 ,1.55,,death_rate,1.55,False
A,V97030,L,BE,2018,1.80 b,1.8,b,death_rate,1.8,False
A,V97030,L,BG,2018,12.35 ,12.35,,death_rate,12.35,False
A,V97030,L,CZ,2018,6.64 ,6.64,,death_rate,6.64,False
A,V97030,L,DE,2018,6.48 b,6.48,b,death_rate,6.48,False
A,V97030,L,EE,2018,9.64 ,9.64,,death_rate,9.64,False
A,V97030,L,ES,2018,4.68 ,4.68,,death_rate,4.68,False
A,V97030,L,FI,2018,4.05 ,4.05,,death_rate,4.05,False
A,V97030,L,FR,2018,3.89 ,3.89,,death_rate,3.89,False
A,V97030,L,HU,2018,5.50 ,5.5,,death_rate,5.5,False
A,V97030,L,IT,2018,3.97 ,3.97,,death_rate,3.97,False
A,V97030,L,LV,2018,10.16 ,10.16,,death_rate,10.16,False
A,V97030,L,NL,2018,4.94 ,4.94,,death_rate,4.94,False
A,V97030,L,NO,2018,2.62 ,2.62,,death_rate,2.62,False
A,V97030,L,PL,2018,7.16 b,7.16,b,death_rate,7.16,False
A,V97030,L,PT,2018,7.38 ,7.38,,death_rate,7.38,False
A,V97030,L,RO,2018,6.63 ,6.63,,death_rate,6.63,False
A,V97030,L,SE,2018,2.89 ,2.89,,death_rate,2.89,False
A,V97030,L,SI,2018,6.00 ,6.0,,death_rate,6.0,False
A,V97030,L,SK,2018,5.29 ,5.29,,death_rate,5.29,False
A,V97030,M,AT,2018,3.51 ,3.51,,death_rate,3.51,False
A,V97030,M,BE,2018,2.81 b,2.81,b,death_rate,2.81,False
A,V97030,M,BG,2018,10.22 ,10.22,,death_rate,10.22,False
A,V97030,M,CZ,2018,6.28 ,6.28,,death_rate,6.28,False
A,V97030,M,DE,2018,9.84 b,9.84,b,death_rate,9.84,False
A,V97030,M,EE,2018,11.23 ,11.23,,death_rate,11.23,False
A,V97030,M,ES,2018,6.61 ,6.61,,death_rate,6.61,False
A,V97030,M,FI,2018,7.71 ,7.71,,death_rate,7.71,False
A,V97030,M,FR,2018,5.39 ,5.39,,death_rate,5.39,False
A,V97030,M,HU,2018,6.38 ,6.38,,death_rate,6.38,False
A,V97030,M,IT,2018,5.58 ,5.58,,death_rate,5.58,False
A,V97030,M,LV,2018,8.57 ,8.57,,death_rate,8.57,False
A,V97030,M,NL,2018,5.48 ,5.48,,death_rate,5.48,False
A,V97030,M,NO,2018,7.03 ,7.03,,death_rate,7.03,False
A,V97030,M,PL,2018,7.51 b,7.51,b,death_rate,7.51,False
A,V97030,M,PT,2018,10.36 ,10.36,,death_rate,10.36,False
A,V97030,M,RO,2018,8.18 ,8.18,,death_rate,8.18,False
A,V97030,M,SE,2018,5.11 ,5.11,,death_rate,5.11,False
A,V97030,M,SI,2018,8.55 ,8.55,,death_rate,8.55,False
A,V97030,M,SK,2018,7.43 ,7.43,,death_rate,7.43,False
A,V97030,N,AT,2018,6.16 ,6.16,,death_rate,6.16,False
A,V97030,N,BE,2018,3.19 b,3.19,b,death_rate,3.19,False
A,V97030,N,BG,2018,11.83 ,11.83,,death_rate,11.83,False
A,V97030,N,CZ,2018,8.01 ,8.01,,death_rate,8.01,False
A,V97030,N,DE,2018,9.89 b,9.89,b,death_rate,9.89,False
A,V97030,N,EE,2018,12.17 ,12.17,,death_rate,12.17,False
A,V97030,N,ES,2018,9.69 ,9.69,,death_rate,9.69,False
A,V97030,N,FI,2018,7.60 ,7.6,,death_rate,7.6,False
A,V97030,N,FR,2018,4.67 ,4.67,,death_rate,4.67,False
A,V97030,N,HU,2018,9.05 ,9.05,,death_rate,9.05,False
A,V97030,N,IT,2018,6.05 ,6.05,,death_rate,6.05,False
A,V97030,N,LV,2018,13.84 ,13.84,,death_rate,13.84,False
A,V97030,N,NL,2018,6.24 ,6.24,,death_rate,6.24,False
A,V97030,N,NO,2018,6.29 ,6.29,,death_rate,6.29,False
A,V97030,N,PL,2018,13.00 b,13.0,b,death_rate,13.0,False
A,V97030,N,PT,2018,25.86 ,25.86,,death_rate,25.86,False
A,V97030,N,RO,2018,9.76 ,9.76,,death_rate,9.76,False
A,V97030,N,SE,2018,6.82 ,6.82,,death_rate,6.82,False
A,V97030,N,SI,2018,10.54 ,10.54,,death_rate,10.54,False
A,V97030,N,SK,2018,9.54 ,9.54,,death_rate,9.54,False
A,V97043,B,AT,2018,81.25 ,81.25,,survival_3y,81.25,False
A,V97043,B,BE,2018,75.00 b,75.0,b,survival_3y,75.0,False
A,V97043,B,BG,2018,54.84 ,54.84,,survival_3y,54.84,False
A,V97043,B,CZ,2018,73.53 ,73.53,,survival_3y,73.53,False
A,V97043,B,DE,2018,35.38 b,35.38,b,survival_3y,35.38,False
A,V97043,B,EE,2018,66.67 ,66.67,,survival_3y,66.67,False
A,V97043,B,ES,2018,74.42 ,74.42,,survival_3y,74.42,False
A,V97043,B,FI,2018,51.22 ,51.22,,survival_3y,51.22,False
A,V97043,B,FR,2018,89.66 ,89.66,,survival_3y,89.66,False
A,V97043,B,HU,2018,67.86 ,67.86,,survival_3y,67.86,False
A,V97043,B,IT,2018,55.07 ,55.07,,survival_3y,55.07,False
A,V97043,B,LV,2018,32.14 ,32.14,,survival_3y,32.14,False
A,V97043,B,NL,2018,44.68 ,44.68,,survival_3y,44.68,False
A,V97043,B,NO,2018,59.21 ,59.21,,survival_3y,59.21,False
A,V97043,B,PL,2018,51.89 b,51.89,b,survival_3y,51.89,False
A,V97043,B,PT,2018,57.58 ,57.58,,survival_3y,57.58,False
A,V97043,B,RO,2018,55.84 ,55.84,,survival_3y,55.84,False
A,V97043,B,SE,2018,94.12 ,94.12,,survival_3y,94.12,False
A,V97043,B,SI,2018,40.00 ,40.0,,survival_3y,40.0,False
A,V97043,B,SK,2018,64.00 ,64.0,,survival_3y,64.0,False
A,V97043,C,AT,2018,78.02 ,78.02,,survival_3y,78.02,False
A,V97043,C,BE,2018,77.69 b,77.69,b,survival_3y,77.69,False
A,V97043,C,BG,2018,65.64 ,65.64,,survival_3y,65.64,False
A,V97043,C,CZ,2018,63.50 ,63.5,,survival_3y,63.5,False
A,V97043,C,DE,2018,56.16 b,56.16,b,survival_3y,56.16,False
A,V97043,C,EE,2018,60.75 ,60.75,,survival_3y,60.75,False
A,V97043,C,ES,2018,61.36 ,61.36,,survival_3y,61.36,False
A,V97043,C,FI,2018,67.09 ,67.09,,survival_3y,67.09,False
A,V97043,C,FR,2018,65.55 ,65.55,,survival_3y,65.55,False
A,V97043,C,HU,2018,62.91 ,62.91,,survival_3y,62.91,False
A,V97043,C,IT,2018,69.54 ,69.54,,survival_3y,69.54,False
A,V97043,C,LV,2018,51.49 ,51.49,,survival_3y,51.49,False
A,V97043,C,NL,2018,77.73 ,77.73,,survival_3y,77.73,False
A,V97043,C,NO,2018,57.51 ,57.51,,survival_3y,57.51,False
A,V97043,C,PL,2018,50.87 b,50.87,b,survival_3y,50.87,False
A,V97043,C,PT,2018,59.09 ,59.09,,survival_3y,59.09,False
A,V97043,C,RO,2018,65.94 ,65.94,,survival_3y,65.94,False
A,V97043,C,SE,2018,77.41 ,77.41,,survival_3y,77.41,False
A,V97043,C,SI,2018,70.29 ,70.29,,survival_3y,70.29,False
A,V97043,C,SK,2018,60.45 ,60.45,,survival_3y,60.45,False
A,V97043,D,AT,2018,81.48 ,81.48,,survival_3y,81.48,False
A,V97043,D,BE,2018,72.73 b,72.73,b,survival_3y,72.73,False
A,V97043,D,BG,2018,47.62 ,47.62,,survival_3y,47.62,False
A,V97043,D,CZ,2018,78.97 ,78.97,,survival_3y,78.97,False
A,V97043,D,DE,2018,45.89 b,45.89,b,survival_3y,45.89,False
A,V97043,D,EE,2018,50.00 ,50.0,,survival_3y,50.0,False
A,V97043,D,ES,2018,82.86 ,82.86,,survival_3y,82.86,False
A,V97043,D,FI,2018,66.67 ,66.67,,survival_3y,66.67,False
A,V97043,D,FR,2018,92.63 ,92.63,,survival_3y,92.63,False
A,V97043,D,HU,2018,58.93 ,58.93,,survival_3y,58.93,False
A,V97043,D,IT,2018,70.95 ,70.95,,survival_3y,70.95,False
A,V97043,D,LV,2018,63.64 ,63.64,,survival_3y,63.64,False
A,V97043,D,NL,2018,72.58 ,72.58,,survival_3y,72.58,False
A,V97043,D,NO,2018,63.89 ,63.89,,survival_3y,63.89,False
A,V97043,D,PL,2018,32.82 b,32.82,b,survival_3y,32.82,False
A,V97043,D,PT,2018,77.60 ,77.6,,survival_3y,77.6,False
A,V97043,D,RO,2018,51.61 ,51.61,,survival_3y,51.61,False
A,V97043,D,SE,2018,31.38 ,31.38,,survival_3y,31.38,False
A,V97043,D,SI,2018,52.08 ,52.08,,survival_3y,52.08,False
A,V97043,D,SK,2018,84.62 ,84.62,,survival_3y,84.62,False
A,V97043,E,AT,2018,70.00 ,70.0,,survival_3y,70.0,False
A,V97043,E,BE,2018,69.12 b,69.12,b,survival_3y,69.12,False
A,V97043,E,BG,2018,61.54 ,61.54,,survival_3y,61.54,False
A,V97043,E,CZ,2018,66.58 ,66.58,,survival_3y,66.58,False
A,V97043,E,DE,2018,47.38 b,47.38,b,survival_3y,47.38,False
A,V97043,E,EE,2018,88.89 ,88.89,,survival_3y,88.89,False
A,V97043,E,ES,2018,67.43 ,67.43,,survival_3y,67.43,False
A,V97043,E,FI,2018,65.75 ,65.75,,survival_3y,65.75,False
A,V97043,E,FR,2018,57.90 ,57.9,,survival_3y,57.9,False
A,V97043,E,HU,2018,57.26 ,57.26,,survival_3y,57.26,False
A,V97043,E,IT,2018,71.24 ,71.24,,survival_3y,71.24,False
A,V97043,E,LV,2018,69.70 ,69.7,,survival_3y,69.7,False
A,V97043,E,NL,2018,74.12 ,74.12,,survival_3y,74.12,False
A,V97043,E,NO,2018,70.31 ,70.31,,survival_3y,70.31,False
A,V97043,E,PL,2018,45.54 b,45.54,b,survival_3y,45.54,False
A,V97043,E,PT,2018,49.70 ,49.7,,survival_3y,49.7,False
A,V97043,E,RO,2018,57.68 ,57.68,,survival_3y,57.68,False
A,V97043,E,SE,2018,73.26 ,73.26,,survival_3y,73.26,False
A,V97043,E,SI,2018,45.83 ,45.83,,survival_3y,45.83,False
A,V97043,E,SK,2018,70.73 ,70.73,,survival_3y,70.73,False
A,V97043,F,AT,2018,66.86 ,66.86,,survival_3y,66.86,False
A,V97043,F,BE,2018,74.87 b,74.87,b,survival_3y,74.87,False
A,V97043,F,BG,2018,49.50 ,49.5,,survival_3y,49.5,False
A,V97043,F,CZ,2018,62.45 ,62.45,,survival_3y,62.45,False
A,V97043,F,DE,2018,52.35 b,52.35,b,survival_3y,52.35,False
A,V97043,F,EE,2018,59.81 ,59.81,,survival_3y,59.81,False
A,V97043,F,ES,2018,52.80 ,52.8,,survival_3y,52.8,False
A,V97043,F,FI,2018,64.25 ,64.25,,survival_3y,64.25,False
A,V97043,F,FR,2018,67.35 ,67.35,,survival_3y,67.35,False
A,V97043,F,HU,2018,58.96 ,58.96,,survival_3y,58.96,False
A,V97043,F,IT,2018,58.60 ,58.6,,survival_3y,58.6,False
A,V97043,F,LV,2018,42.85 ,42.85,,survival_3y,42.85,False
A,V97043,F,NL,2018,80.09 ,80.09,,survival_3y,80.09,False
A,V97043,F,NO,2018,55.04 ,55.04,,survival_3y,55.04,False
A,V97043,F,PL,2018,41.73 b,41.73,b,survival_3y,41.73,False
A,V97043,F,PT,2018,53.52 ,53.52,,survival_3y,53.52,False
A,V97043,F,RO,2018,61.69 ,61.69,,survival_3y,61.69,False
A,V97043,F,SE,2018,76.59 ,76.59,,survival_3y,76.59,False
A,V97043,F,SI,2018,63.81 ,63.81,,survival_3y,63.81,False
A,V97043,F,SK,2018,57.56 ,57.56,,survival_3y,57.56,False
A,V97043,G,AT,2018,63.14 ,63.14,,survival_3y,63.14,False
A,V97043,G,BE,2018,70.15 b,70.15,b,survival_3y,70.15,False
A,V97043,G,BG,2018,55.55 ,55.55,,survival_3y,55.55,False
A,V97043,G,CZ,2018,60.02 ,60.02,,survival_3y,60.02,False
A,V97043,G,DE,2018,50.78 b,50.78,b,survival_3y,50.78,False
A,V97043,G,EE,2018,54.75 ,54.75,,survival_3y,54.75,False
A,V97043,G,ES,2018,53.13 ,53.13,,survival_3y,53.13,False
A,V97043,G,FI,2018,56.51 ,56.51,,survival_3y,56.51,False
A,V97043,G,FR,2018,59.64 ,59.64,,survival_3y,59.64,False
A,V97043,G,HU,2018,53.61 ,53.61,,survival_3y,53.61,False
A,V97043,G,IT,2018,57.28 ,57.28,,survival_3y,57.28,False
A,V97043,G,LV,2018,46.65 ,46.65,,survival_3y,46.65,False
A,V97043,G,NL,2018,65.71 ,65.71,,survival_3y,65.71,False
A,V97043,G,NO,2018,53.47 ,53.47,,survival_3y,53.47,False
A,V97043,G,PL,2018,46.45 b,46.45,b,survival_3y,46.45,False
A,V97043,G,PT,2018,51.23 ,51.23,,survival_3y,51.23,False
A,V97043,G,RO,2018,61.64 ,61.64,,survival_3y,61.64,False
A,V97043,G,SE,2018,70.12 ,70.12,,survival_3y,70.12,False
A,V97043,G,SI,2018,62.79 ,62.79,,survival_3y,62.79,False
A,V97043,G,SK,2018,61.75 ,61.75,,survival_3y,61.75,False
A,V97043,H,AT,2018,62.54 ,62.54,,survival_3y,62.54,False
A,V97043,H,BE,2018,68.58 b,68.58,b,survival_3y,68.58,False
A,V97043,H,BG,2018,69.11 ,69.11,,survival_3y,69.11,False
A,V97043,H,CZ,2018,65.82 ,65.82,,survival_3y,65.82,False
A,V97043,H,DE,2018,53.02 b,53.02,b,survival_3y,53.02,False
A,V97043,H,EE,2018,49.86 ,49.86,,survival_3y,49.86,False
A,V97043,H,ES,2018,71.51 ,71.51,,survival_3y,71.51,False
A,V97043,H,FI,2018,75.54 ,75.54,,survival_3y,75.54,False
A,V97043,H,FR,2018,56.97 ,56.97,,survival_3y,56.97,False
A,V97043,H,HU,2018,63.22 ,63.22,,survival_3y,63.22,False
A,V97043,H,IT,2018,74.05 ,74.05,,survival_3y,74.05,False
A,V97043,H,LV,2018,46.60 ,46.6,,survival_3y,46.6,False
A,V97043,H,NL,2018,69.88 ,69.88,,survival_3y,69.88,False
A,V97043,H,NO,2018,57.93 ,57.93,,survival_3y,57.93,False
A,V97043,H,PL,2018,53.88 b,53.88,b,survival_3y,53.88,False
A,V97043,H,PT,2018,61.07 ,61.07,,survival_3y,61.07,False
A,V97043,H,RO,2018,74.34 ,74.34,,survival_3y,74.34,False
A,V97043,H,SE,2018,78.12 ,78.12,,survival_3y,78.12,False
A,V97043,H,SI,2018,56.30 ,56.3,,survival_3y,56.3,False
A,V97043,H,SK,2018,54.43 ,54.43,,survival_3y,54.43,False
A,V97043,I,AT,2018,60.92 ,60.92,,survival_3y,60.92,False
A,V97043,I,BE,2018,62.81 b,62.81,b,survival_3y,62.81,False
A,V97043,I,BG,2018,46.82 ,46.82,,survival_3y,46.82,False
A,V97043,I,CZ,2018,56.92 ,56.92,,survival_3y,56.92,False
A,V97043,I,DE,2018,46.76 b,46.76,b,survival_3y,46.76,False
A,V97043,I,EE,2018,59.51 ,59.51,,survival_3y,59.51,False
A,V97043,I,ES,2018,50.62 ,50.62,,survival_3y,50.62,False
A,V97043,I,FI,2018,61.11 ,61.11,,survival_3y,61.11,False
A,V97043,I,FR,2018,69.97 ,69.97,,survival_3y,69.97,False
A,V97043,I,HU,2018,51.47 ,51.47,,survival_3y,51.47,False
A,V97043,I,IT,2018,63.18 ,63.18,,survival_3y,63.18,False
A,V97043,I,LV,2018,49.11 ,49.11,,survival_3y,49.11,False
A,V97043,I,NL,2018,72.26 ,72.26,,survival_3y,72.26,False
A,V97043,I,NO,2018,55.11 ,55.11,,survival_3y,55.11,False
A,V97043,I,PL,2018,39.39 b,39.39,b,survival_3y,39.39,False
A,V97043,I,PT,2018,54.45 ,54.45,,survival_3y,54.45,False
A,V97043,I,RO,2018,58.62 ,58.62,,survival_3y,58.62,False
A,V97043,I,SE,2018,68.85 ,68.85,,survival_3y,68.85,False
A,V97043,I,SI,2018,51.43 ,51.43,,survival_3y,51.43,False
A,V97043,I,SK,2018,62.38 ,62.38,,survival_3y,62.38,False
A,V97043,J,AT,2018,69.35 ,69.35,,survival_3y,69.35,False
A,V97043,J,BE,2018,72.72 b,72.72,b,survival_3y,72.72,False
A,V97043,J,BG,2018,67.36 ,67.36,,survival_3y,67.36,False
A,V97043,J,CZ,2018,68.07 ,68.07,,survival_3y,68.07,False
A,V97043,J,DE,2018,51.34 b,51.34,b,survival_3y,51.34,False
A,V97043,J,EE,2018,61.36 ,61.36,,survival_3y,61.36,False
A,V97043,J,ES,2018,56.00 ,56.0,,survival_3y,56.0,False
A,V97043,J,FI,2018,59.54 ,59.54,,survival_3y,59.54,False
A,V97043,J,FR,2018,56.70 ,56.7,,survival_3y,56.7,False
A,V97043,J,HU,2018,63.45 ,63.45,,survival_3y,63.45,False
A,V97043,J,IT,2018,62.16 ,62.16,,survival_3y,62.16,False
A,V97043,J,LV,2018,51.62 ,51.62,,survival_3y,51.62,False
A,V97043,J,NL,2018,77.18 ,77.18,,survival_3y,77.18,False
A,V97043,J,NO,2018,40.65 ,40.65,,survival_3y,40.65,False
A,V97043,J,PL,2018,66.63 b,66.63,b,survival_3y,66.63,False
A,V97043,J,PT,2018,50.45 ,50.45,,survival_3y,50.45,False
A,V97043,J,RO,2018,59.41 ,59.41,,survival_3y,59.41,False
A,V97043,J,SE,2018,79.37 ,79.37,,survival_3y,79.37,False
A,V97043,J,SI,2018,68.18 ,68.18,,survival_3y,68.18,False
A,V97043,J,SK,2018,64.89 ,64.89,,survival_3y,64.89,False
A,V97043,L,AT,2018,77.68 ,77.68,,survival_3y,77.68,False
A,V97043,L,BE,2018,83.01 b,83.01,b,survival_3y,83.01,False
A,V97043,L,BG,2018,45.85 ,45.85,,survival_3y,45.85,False
A,V97043,L,CZ,2018,59.32 ,59.32,,survival_3y,59.32,False
A,V97043,L,DE,2018,50.48 b,50.48,b,survival_3y,50.48,False
A,V97043,L,EE,2018,56.37 ,56.37,,survival_3y,56.37,False
A,V97043,L,ES,2018,75.43 ,75.43,,survival_3y,75.43,False
A,V97043,L,FI,2018,58.21 ,58.21,,survival_3y,58.21,False
A,V97043,L,FR,2018,73.04 ,73.04,,survival_3y,73.04,False
A,V97043,L,HU,2018,62.50 ,62.5,,survival_3y,62.5,False
A,V97043,L,IT,2018,66.95 ,66.95,,survival_3y,66.95,False
A,V97043,L,LV,2018,52.60 ,52.6,,survival_3y,52.6,False
A,V97043,L,NL,2018,73.84 ,73.84,,survival_3y,73.84,False
A,V97043,L,NO,2018,61.22 ,61.22,,survival_3y,61.22,False
A,V97043,L,PL,2018,57.87 b,57.87,b,survival_3y,57.87,False
A,V97043,L,PT,2018,65.12 ,65.12,,survival_3y,65.12,False
A,V97043,L,RO,2018,66.81 ,66.81,,survival_3y,66.81,False
A,V97043,L,SE,2018,90.46 ,90.46,,survival_3y,90.46,False
A,V97043,L,SI,2018,74.45 ,74.45,,survival_3y,74.45,False
A,V97043,L,SK,2018,72.63 ,72.63,,survival_3y,72.63,False
A,V97043,M,AT,2018,70.36 ,70.36,,survival_3y,70.36,False
A,V97043,M,BE,2018,77.76 b,77.76,b,survival_3y,77.76,False
A,V97043,M,BG,2018,60.17 ,60.17,,survival_3y,60.17,False
A,V97043,M,CZ,2018,64.77 ,64.77,,survival_3y,64.77,False
A,V97043,M,DE,2018,49.20 b,49.2,b,survival_3y,49.2,False
A,V97043,M,EE,2018,56.04 ,56.04,,survival_3y,56.04,False
A,V97043,M,ES,2018,60.69 ,60.69,,survival_3y,60.69,False
A,V97043,M,FI,2018,58.97 ,58.97,,survival_3y,58.97,False
A,V97043,M,FR,2018,58.05 ,58.05,,survival_3y,58.05,False
A,V97043,M,HU,2018,62.22 ,62.22,,survival_3y,62.22,False
A,V97043,M,IT,2018,57.47 ,57.47,,survival_3y,57.47,False
A,V97043,M,LV,2018,55.99 ,55.99,,survival_3y,55.99,False
A,V97043,M,NL,2018,78.83 ,78.83,,survival_3y,78.83,False
A,V97043,M,NO,2018,44.16 ,44.16,,survival_3y,44.16,False
A,V97043,M,PL,2018,62.77 b,62.77,b,survival_3y,62.77,False
A,V97043,M,PT,2018,48.66 ,48.66,,survival_3y,48.66,False
A,V97043,M,RO,2018,64.96 ,64.96,,survival_3y,64.96,False
A,V97043,M,SE,2018,80.81 ,80.81,,survival_3y,80.81,False
A,V97043,M,SI,2018,66.23 ,66.23,,survival_3y,66.23,False
A,V97043,M,SK,2018,64.22 ,64.22,,survival_3y,64.22,False
A,V97043,N,AT,2018,62.76 ,62.76,,survival_3y,62.76,False
A,V97043,N,BE,2018,72.44 b,72.44,b,survival_3y,72.44,False
A,V97043,N,BG,2018,61.80 ,61.8,,survival_3y,61.8,False
A,V97043,N,CZ,2018,58.62 ,58.62,,survival_3y,58.62,False
A,V97043,N,DE,2018,52.28 b,52.28,b,survival_3y,52.28,False
A,V97043,N,EE,2018,56.82 ,56.82,,survival_3y,56.82,False
A,V97043,N,ES,2018,52.32 ,52.32,,survival_3y,52.32,False
A,V97043,N,FI,2018,61.25 ,61.25,,survival_3y,61.25,False
A,V97043,N,FR,2018,61.22 ,61.22,,survival_3y,61.22,False
A,V97043,N,HU,2018,54.03 ,54.03,,survival_3y,54.03,False
A,V97043,N,IT,2018,60.90 ,60.9,,survival_3y,60.9,False
A,V97043,N,LV,2018,47.29 ,47.29,,survival_3y,47.29,False
A,V97043,N,NL,2018,71.73 ,71.73,,survival_3y,71.73,False
A,V97043,N,NO,2018,48.09 ,48.09,,survival_3y,48.09,False
A,V97043,N,PL,2018,44.24 b,44.24,b,survival_3y,44.24,False
A,V97043,N,PT,2018,31.11 ,31.11,,survival_3y,31.11,False
A,V97043,N,RO,2018,60.58 ,60.58,,survival_3y,60.58,False
A,V97043,N,SE,2018,71.88 ,71.88,,survival_3y,71.88,False
A,V97043,N,SI,2018,60.83 ,60.83,,survival_3y,60.83,False
A,V97043,N,SK,2018,62.39 ,62.39,,survival_3y,62.39,False
A,V97020,B,AT,2019,3.85 ,3.85,,birth_rate,3.85,False
A,V97020,B,BE,2019,3.17 ,3.17,,birth_rate,3.17,False
A,V97020,B,BG,2019,4.93 ,4.93,,birth_rate,4.93,False
A,V97020,B,CZ,2019,6.24 ,6.24,,birth_rate,6.24,False
A,V97020,B,DE,2019,3.83 ,3.83,,birth_rate,3.83,False
A,V97020,B,EE,2019,2.58 ,2.58,,birth_rate,2.58,False
A,V97020,B,ES,2019,2.66 ,2.66,,birth_rate,2.66,False
A,V97020,B,FI,2019,4.57 ,4.57,,birth_rate,4.57,False
A,V97020,B,FR,2019,3.21 ,3.21,,birth_rate,3.21,False
A,V97020,B,HU,2019,3.71 ,3.71,,birth_rate,3.71,False
A,V97020,B,IT,2019,3.14 ,3.14,,birth_rate,3.14,False
A,V97020,B,LV,2019,17.30 ,17.3,,birth_rate,17.3,False
A,V97020,B,NL,2019,14.94 ,14.94,,birth_rate,14.94,False
A,V97020,B,NO,2019,5.49 ,5.49,,birth_rate,5.49,False
A,V97020,B,PL,2019,5.95 ,5.95,,birth_rate,5.95,False
A,V97020,B,PT,2019,3.82 ,3.82,,birth_rate,3.82,False
A,V97020,B,RO,2019,9.95 ,9.95,,birth_rate,9.95,False
A,V97020,B,SE,2019,2.46 ,2.46,,birth_rate,2.46,False
A,V97020,B,SI,2019,11.34 ,11.34,,birth_rate,11.34,False
A,V97020,B,SK,2019,9.09 ,9.09,,birth_rate,9.09,False
A,V97020,C,AT,2019,4.21 ,4.21,,birth_rate,4.21,False
A,V97020,C,BE,2019,5.67 ,5.67,,birth_rate,5.67,False
A,V97020,C,BG,2019,7.85 ,7.85,,birth_rate,7.85,False
A,V97020,C,CZ,2019,7.94 ,7.94,,birth_rate,7.94,False
A,V97020,C,DE,2019,4.57 ,4.57,,birth_rate,4.57,False
A,V97020,C,EE,2019,8.69 ,8.69,,birth_rate,8.69,False
A,V97020,C,ES,2019,5.84 ,5.84,,birth_rate,5.84,False
A,V97020,C,FI,2019,6.78 ,6.78,,birth_rate,6.78,False
A,V97020,C,FR,2019,10.16 ,10.16,,birth_rate,10.16,False
A,V97020,C,HU,2019,8.79 ,8.79,,birth_rate,8.79,False
A,V97020,C,IT,2019,4.71 ,4.71,,birth_rate,4.71,False
A,V97020,C,LV,2019,11.68 ,11.68,,birth_rate,11.68,False
A,V97020,C,NL,2019,8.35 ,8.35,,birth_rate,8.35,False
A,V97020,C,NO,2019,5.91 ,5.91,,birth_rate,5.91,False
A,V97020,C,PL,2019,10.37 ,10.37,,birth_rate,10.37,False
A,V97020,C,PT,2019,8.40 ,8.4,,birth_rate,8.4,False
A,V97020,C,RO,2019,11.51 ,11.51,,birth_rate,11.51,False
A,V97020,C,SE,2019,4.60 ,4.6,,birth_rate,4.6,False
A,V97020,C,SI,2019,6.33 ,6.33,,birth_rate,6.33,False
A,V97020,C,SK,2019,12.16 ,12.16,,birth_rate,12.16,False
A,V97020,D,AT,2019,3.17 ,3.17,,birth_rate,3.17,False
A,V97020,D,BE,2019,6.18 ,6.18,,birth_rate,6.18,False
A,V97020,D,BG,2019,5.78 ,5.78,,birth_rate,5.78,False
A,V97020,D,CZ,2019,1.50 ,1.5,,birth_rate,1.5,False
A,V97020,D,DE,2019,10.74 ,10.74,,birth_rate,10.74,False
A,V97020,D,EE,2019,7.14 ,7.14,,birth_rate,7.14,False
A,V97020,D,ES,2019,0.57 ,0.57,,birth_rate,0.57,False
A,V97020,D,FI,2019,3.92 ,3.92,,birth_rate,3.92,False
A,V97020,D,FR,2019,9.27 ,9.27,,birth_rate,9.27,False
A,V97020,D,HU,2019,17.88 ,17.88,,birth_rate,17.88,False
A,V97020,D,IT,2019,4.10 ,4.1,,birth_rate,4.1,False
A,V97020,D,LV,2019,3.45 ,3.45,,birth_rate,3.45,False
A,V97020,D,NL,2019,15.48 ,15.48,,birth_rate,15.48,False
A,V97020,D,NO,2019,2.95 ,2.95,,birth_rate,2.95,False
A,V97020,D,PL,2019,15.38 ,15.38,,birth_rate,15.38,False
A,V97020,D,PT,2019,5.71 ,5.71,,birth_rate,5.71,False
A,V97020,D,RO,2019,6.99 ,6.99,,birth_rate,6.99,False
A,V97020,D,SE,2019,2.37 ,2.37,,birth_rate,2.37,False
A,V97020,D,SI,2019,1.89 ,1.89,,birth_rate,1.89,False
A,V97020,D,SK,2019,0.68 ,0.68,,birth_rate,0.68,False
A,V97020,E,AT,2019,2.37 ,2.37,,birth_rate,2.37,False
A,V97020,E,BE,2019,5.65 ,5.65,,birth_rate,5.65,False
A,V97020,E,BG,2019,7.21 ,7.21,,birth_rate,7.21,False
A,V97020,E,CZ,2019,8.07 ,8.07,,birth_rate,8.07,False
A,V97020,E,DE,2019,4.83 ,4.83,,birth_rate,4.83,False
A,V97020,E,EE,2019,6.25 ,6.25,,birth_rate,6.25,False
A,V97020,E,ES,2019,4.92 ,4.92,,birth_rate,4.92,False
A,V97020,E,FI,2019,4.58 ,4.58,,birth_rate,4.58,False
A,V97020,E,FR,2019,8.95 ,8.95,,birth_rate,8.95,False
A,V97020,E,HU,2019,7.15 ,7.15,,birth_rate,7.15,False
A,V97020,E,IT,2019,4.21 ,4.21,,birth_rate,4.21,False
A,V97020,E,LV,2019,6.92 ,6.92,,birth_rate,6.92,False
A,V97020,E,NL,2019,12.59 ,12.59,,birth_rate,12.59,False
A,V97020,E,NO,2019,5.03 ,5.03,,birth_rate,5.03,False
A,V97020,E,PL,2019,7.38 ,7.38,,birth_rate,7.38,False
A,V97020,E,PT,2019,9.43 ,9.43,,birth_rate,9.43,False
A,V97020,E,RO,2019,9.29 ,9.29,,birth_rate,9.29,False
A,V97020,E,SE,2019,5.53 ,5.53,,birth_rate,5.53,False
A,V97020,E,SI,2019,3.92 ,3.92,,birth_rate,3.92,False
A,V97020,E,SK,2019,11.32 ,11.32,,birth_rate,11.32,False
A,V97020,F,AT,2019,6.32 ,6.32,,birth_rate,6.32,False
A,V97020,F,BE,2019,8.37 ,8.37,,birth_rate,8.37,False
A,V97020,F,BG,2019,14.65 ,14.65,,birth_rate,14.65,False
A,V97020,F,CZ,2019,7.89 ,7.89,,birth_rate,7.89,False
A,V97020,F,DE,2019,7.75 ,7.75,,birth_rate,7.75,False
A,V97020,F,EE,2019,11.77 ,11.77,,birth_rate,11.77,False
A,V97020,F,ES,2019,9.25 ,9.25,,birth_rate,9.25,False
A,V97020,F,FI,2019,7.70 ,7.7,,birth_rate,7.7,False
A,V97020,F,FR,2019,9.77 ,9.77,,birth_rate,9.77,False
A,V97020,F,HU,2019,17.26 ,17.26,,birth_rate,17.26,False
A,V97020,F,IT,2019,8.21 ,8.21,,birth_rate,8.21,False
A,V97020,F,LV,2019,15.18 ,15.18,,birth_rate,15.18,False
A,V97020,F,NL,2019,11.24 ,11.24,,birth_rate,11.24,False
A,V97020,F,NO,2019,8.10 ,8.1,,birth_rate,8.1,False
A,V97020,F,PL,2019,19.01 ,19.01,,birth_rate,19.01,False
A,V97020,F,PT,2019,13.29 ,13.29,,birth_rate,13.29,False
A,V97020,F,RO,2019,15.85 ,15.85,,birth_rate,15.85,False
A,V97020,F,SE,2019,5.94 ,5.94,,birth_rate,5.94,False
A,V97020,F,SI,2019,8.87 ,8.87,,birth_rate,8.87,False
A,V97020,F,SK,2019,14.99 ,14.99,,birth_rate,14.99,False
A,V97020,G,AT,2019,6.26 ,6.26,,birth_rate,6.26,False
A,V97020,G,BE,2019,5.50 ,5.5,,birth_rate,5.5,False
A,V97020,G,BG,2019,11.69 ,11.69,,birth_rate,11.69,False
A,V97020,G,CZ,2019,9.47 ,9.47,,birth_rate,9.47,False
A,V97020,G,DE,2019,7.67 ,7.67,,birth_rate,7.67,False
A,V97020,G,EE,2019,9.11 ,9.11,,birth_rate,9.11,False
A,V97020,G,ES,2019,8.37 ,8.37,,birth_rate,8.37,False
A,V97020,G,FI,2019,7.43 ,7.43,,birth_rate,7.43,False
A,V97020,G,FR,2019,9.32 ,9.32,,birth_rate,9.32,False
A,V97020,G,HU,2019,7.74 ,7.74,,birth_rate,7.74,False
A,V97020,G,IT,2019,6.55 ,6.55,,birth_rate,6.55,False
A,V97020,G,LV,2019,9.55 ,9.55,,birth_rate,9.55,False
A,V97020,G,NL,2019,10.53 ,10.53,,birth_rate,10.53,False
A,V97020,G,NO,2019,6.30 ,6.3,,birth_rate,6.3,False
A,V97020,G,PL,2019,9.65 ,9.65,,birth_rate,9.65,False
A,V97020,G,PT,2019,9.79 ,9.79,,birth_rate,9.79,False
A,V97020,G,RO,2019,9.26 ,9.26,,birth_rate,9.26,False
A,V97020,G,SE,2019,6.32 ,6.32,,birth_rate,6.32,False
A,V97020,G,SI,2019,7.61 ,7.61,,birth_rate,7.61,False
A,V97020,G,SK,2019,5.94 ,5.94,,birth_rate,5.94,False
A,V97020,H,AT,2019,9.38 ,9.38,,birth_rate,9.38,False
A,V97020,H,BE,2019,8.09 ,8.09,,birth_rate,8.09,False
A,V97020,H,BG,2019,9.65 ,9.65,,birth_rate,9.65,False
A,V97020,H,CZ,2019,8.37 ,8.37,,birth_rate,8.37,False
A,V97020,H,DE,2019,9.08 ,9.08,,birth_rate,9.08,False
A,V97020,H,EE,2019,8.55 ,8.55,,birth_rate,8.55,False
A,V97020,H,ES,2019,11.31 ,11.31,,birth_rate,11.31,False
A,V97020,H,FI,2019,9.33 ,9.33,,birth_rate,9.33,False
A,V97020,H,FR,2019,24.14 ,24.14,,birth_rate,24.14,False
A,V97020,H,HU,2019,13.02 ,13.02,,birth_rate,13.02,False
A,V97020,H,IT,2019,5.87 ,5.87,,birth_rate,5.87,False
A,V97020,H,LV,2019,15.46 ,15.46,,birth_rate,15.46,False
A,V97020,H,NL,2019,13.76 ,13.76,,birth_rate,13.76,False
A,V97020,H,NO,2019,6.78 ,6.78,,birth_rate,6.78,False
A,V97020,H,PL,2019,11.40 ,11.4,,birth_rate,11.4,False
A,V97020,H,PT,2019,24.46 ,24.46,,birth_rate,24.46,False
A,V97020,H,RO,2019,11.63 ,11.63,,birth_rate,11.63,False
A,V97020,H,SE,2019,6.42 ,6.42,,birth_rate,6.42,False
A,V97020,H,SI,2019,7.86 ,7.86,,birth_rate,7.86,False
A,V97020,H,SK,2019,15.18 ,15.18,,birth_rate,15.18,False
A,V97020,I,AT,2019,6.37 ,6.37,,birth_rate,6.37,False
A,V97020,I,BE,2019,8.10 ,8.1,,birth_rate,8.1,False
A,V97020,I,BG,2019,14.57 ,14.57,,birth_rate,14.57,False
A,V97020,I,CZ,2019,9.67 ,9.67,,birth_rate,9.67,False
A,V97020,I,DE,2019,11.09 ,11.09,,birth_rate,11.09,False
A,V97020,I,EE,2019,11.01 ,11.01,,birth_rate,11.01,False
A,V97020,I,ES,2019,11.45 ,11.45,,birth_rate,11.45,False
A,V97020,I,FI,2019,9.51 ,9.51,,birth_rate,9.51,False
A,V97020,I,FR,2019,9.26 ,9.26,,birth_rate,9.26,False
A,V97020,I,HU,2019,10.71 ,10.71,,birth_rate,10.71,False
A,V97020,I,IT,2019,7.42 ,7.42,,birth_rate,7.42,False
A,V97020,I,LV,2019,14.69 ,14.69,,birth_rate,14.69,False
A,V97020,I,NL,2019,11.90 ,11.9,,birth_rate,11.9,False
A,V97020,I,NO,2019,7.27 ,7.27,,birth_rate,7.27,False
A,V97020,I,PL,2019,14.06 ,14.06,,birth_rate,14.06,False
A,V97020,I,PT,2019,14.96 ,14.96,,birth_rate,14.96,False
A,V97020,I,RO,2019,12.91 ,12.91,,birth_rate,12.91,False
A,V97020,I,SE,2019,7.30 ,7.3,,birth_rate,7.3,False
A,V97020,I,SI,2019,20.29 ,20.29,,birth_rate,20.29,False
A,V97020,I,SK,2019,11.54 ,11.54,,birth_rate,11.54,False
A,V97020,J,AT,2019,6.87 ,6.87,,birth_rate,6.87,False
A,V97020,J,BE,2019,9.45 ,9.45,,birth_rate,9.45,False
A,V97020,J,BG,2019,13.13 ,13.13,,birth_rate,13.13,False
A,V97020,J,CZ,2019,10.79 ,10.79,,birth_rate,10.79,False
A,V97020,J,DE,2019,11.13 ,11.13,,birth_rate,11.13,False
A,V97020,J,EE,2019,18.54 ,18.54,,birth_rate,18.54,False
A,V97020,J,ES,2019,11.65 ,11.65,,birth_rate,11.65,False
A,V97020,J,FI,2019,11.06 ,11.06,,birth_rate,11.06,False
A,V97020,J,FR,2019,15.16 ,15.16,,birth_rate,15.16,False
A,V97020,J,HU,2019,14.25 ,14.25,,birth_rate,14.25,False
A,V97020,J,IT,2019,9.23 ,9.23,,birth_rate,9.23,False
A,V97020,J,LV,2019,14.52 ,14.52,,birth_rate,14.52,False
A,V97020,J,NL,2019,10.59 ,10.59,,birth_rate,10.59,False
A,V97020,J,NO,2019,11.32 ,11.32,,birth_rate,11.32,False
A,V97020,J,PL,2019,15.71 ,15.71,,birth_rate,15.71,False
A,V97020,J,PT,2019,20.07 ,20.07,,birth_rate,20.07,False
A,V97020,J,RO,2019,16.14 ,16.14,,birth_rate,16.14,False
A,V97020,J,SE,2019,7.50 ,7.5,,birth_rate,7.5,False
A,V97020,J,SI,2019,11.95 ,11.95,,birth_rate,11.95,False
A,V97020,J,SK,2019,14.46 ,14.46,,birth_rate,14.46,False
A,V97020,L,AT,2019,2.45 ,2.45,,birth_rate,2.45,False
A,V97020,L,BE,2019,4.51 ,4.51,,birth_rate,4.51,False
A,V97020,L,BG,2019,10.41 ,10.41,,birth_rate,10.41,False
A,V97020,L,CZ,2019,11.62 ,11.62,,birth_rate,11.62,False
A,V97020,L,DE,2019,13.35 ,13.35,,birth_rate,13.35,False
A,V97020,L,EE,2019,7.99 ,7.99,,birth_rate,7.99,False
A,V97020,L,ES,2019,8.37 ,8.37,,birth_rate,8.37,False
A,V97020,L,FI,2019,6.50 ,6.5,,birth_rate,6.5,False
A,V97020,L,FR,2019,10.19 ,10.19,,birth_rate,10.19,False
A,V97020,L,HU,2019,12.58 ,12.58,,birth_rate,12.58,False
A,V97020,L,IT,2019,4.12 ,4.12,,birth_rate,4.12,False
A,V97020,L,LV,2019,7.52 ,7.52,,birth_rate,7.52,False
A,V97020,L,NL,2019,7.82 ,7.82,,birth_rate,7.82,False
A,V97020,L,NO,2019,3.86 ,3.86,,birth_rate,3.86,False
A,V97020,L,PL,2019,11.40 ,11.4,,birth_rate,11.4,False
A,V97020,L,PT,2019,15.25 ,15.25,,birth_rate,15.25,False
A,V97020,L,RO,2019,9.85 ,9.85,,birth_rate,9.85,False
A,V97020,L,SE,2019,4.80 ,4.8,,birth_rate,4.8,False
A,V97020,L,SI,2019,13.24 ,13.24,,birth_rate,13.24,False
A,V97020,L,SK,2019,9.00 ,9.0,,birth_rate,9.0,False
A,V97020,M,AT,2019,5.14 ,5.14,,birth_rate,5.14,False
A,V97020,M,BE,2019,7.99 ,7.99,,birth_rate,7.99,False
A,V97020,M,BG,2019,10.76 ,10.76,,birth_rate,10.76,False
A,V97020,M,CZ,2019,8.12 ,8.12,,birth_rate,8.12,False
A,V97020,M,DE,2019,9.12 ,9.12,,birth_rate,9.12,False
A,V97020,M,EE,2019,11.48 ,11.48,,birth_rate,11.48,False
A,V97020,M,ES,2019,8.87 ,8.87,,birth_rate,8.87,False
A,V97020,M,FI,2019,10.90 ,10.9,,birth_rate,10.9,False
A,V97020,M,FR,2019,15.15 ,15.15,,birth_rate,15.15,False
A,V97020,M,HU,2019,11.43 ,11.43,,birth_rate,11.43,False
A,V97020,M,IT,2019,9.59 ,9.59,,birth_rate,9.59,False
A,V97020,M,LV,2019,10.73 ,10.73,,birth_rate,10.73,False
A,V97020,M,NL,2019,10.48 ,10.48,,birth_rate,10.48,False
A,V97020,M,NO,2019,10.94 ,10.94,,birth_rate,10.94,False
A,V97020,M,PL,2019,11.23 ,11.23,,birth_rate,11.23,False
A,V97020,M,PT,2019,12.34 ,12.34,,birth_rate,12.34,False
A,V97020,M,RO,2019,11.91 ,11.91,,birth_rate,11.91,False
A,V97020,M,SE,2019,6.33 ,6.33,,birth_rate,6.33,False
A,V97020,M,SI,2019,11.15 ,11.15,,birth_rate,11.15,False
A,V97020,M,SK,2019,11.54 ,11.54,,birth_rate,11.54,False
A,V97020,N,AT,2019,9.22 ,9.22,,birth_rate,9.22,False
A,V97020,N,BE,2019,7.79 ,7.79,,birth_rate,7.79,False
A,V97020,N,BG,2019,11.12 ,11.12,,birth_rate,11.12,False
A,V97020,N,CZ,2019,10.74 ,10.74,,birth_rate,10.74,False
A,V97020,N,DE,2019,11.32 ,11.32,,birth_rate,11.32,False
A,V97020,N,EE,2019,15.99 ,15.99,,birth_rate,15.99,False
A,V97020,N,ES,2019,12.23 ,12.23,,birth_rate,12.23,False
A,V97020,N,FI,2019,11.22 ,11.22,,birth_rate,11.22,False
A,V97020,N,FR,2019,14.66 ,14.66,,birth_rate,14.66,False
A,V97020,N,HU,2019,17.61 ,17.61,,birth_rate,17.61,False
A,V97020,N,IT,2019,11.74 ,11.74,,birth_rate,11.74,False
A,V97020,N,LV,2019,15.04 ,15.04,,birth_rate,15.04,False
A,V97020,N,NL,2019,13.62 ,13.62,,birth_rate,13.62,False
A,V97020,N,NO,2019,11.20 ,11.2,,birth_rate,11.2,False
A,V97020,N,PL,2019,16.97 ,16.97,,birth_rate,16.97,False
A,V97020,N,PT,2019,28.67 ,28.67,,birth_rate,28.67,False
A,V97020,N,RO,2019,14.26 ,14.26,,birth_rate,14.26,False
A,V97020,N,SE,2019,8.46 ,8.46,,birth_rate,8.46,False
A,V97020,N,SI,2019,14.68 ,14.68,,birth_rate,14.68,False
A,V97020,N,SK,2019,18.33 ,18.33,,birth_rate,18.33,False
A,V97030,B,AT,2019,2.75 p,2.75,p,death_rate,2.75,False
A,V97030,B,BE,2019,2.65 ,2.65,,death_rate,2.65,False
A,V97030,B,BG,2019,6.25 p,6.25,p,death_rate,6.25,False
A,V97030,B,CZ,2019,4.80 p,4.8,p,death_rate,4.8,False
A,V97030,B,DE,2019,5.51 ,5.51,,death_rate,5.51,False
A,V97030,B,EE,2019,7.10 ,7.1,,death_rate,7.1,False
A,V97030,B,ES,2019,6.82 ,6.82,,death_rate,6.82,False
A,V97030,B,FI,2019,4.18 ,4.18,,death_rate,4.18,False
A,V97030,B,FR,2019,2.35 ,2.35,,death_rate,2.35,False
A,V97030,B,HU,2019,7.96 p,7.96,p,death_rate,7.96,False
A,V97030,B,IT,2019,5.93 p,5.93,p,death_rate,5.93,False
A,V97030,B,LV,2019,8.30 ,8.3,,death_rate,8.3,False
A,V97030,B,NL,2019,8.38 ,8.38,,death_rate,8.38,False
A,V97030,B,NO,2019,2.92 p,2.92,p,death_rate,2.92,False
A,V97030,B,PL,2019,7.74 p,7.74,p,death_rate,7.74,False
A,V97030,B,PT,2019,5.49 p,5.49,p,death_rate,5.49,False
A,V97030,B,RO,2019,11.88 p,11.88,p,death_rate,11.88,False
A,V97030,B,SE,2019,2.85 ,2.85,,death_rate,2.85,False
A,V97030,B,SI,2019,10.31 ,10.31,,death_rate,10.31,False
A,V97030,B,SK,2019,7.02 p,7.02,p,death_rate,7.02,False
A,V97030,C,AT,2019,3.62 p,3.62,p,death_rate,3.62,False
A,V97030,C,BE,2019,2.58 ,2.58,,death_rate,2.58,False
A,V97030,C,BG,2019,9.50 p,9.5,p,death_rate,9.5,False
A,V97030,C,CZ,2019,8.11 p,8.11,p,death_rate,8.11,False
A,V97030,C,DE,2019,7.39 ,7.39,,death_rate,7.39,False
A,V97030,C,EE,2019,7.90 ,7.9,,death_rate,7.9,False
A,V97030,C,ES,2019,6.96 ,6.96,,death_rate,6.96,False
A,V97030,C,FI,2019,6.12 ,6.12,,death_rate,6.12,False
A,V97030,C,FR,2019,3.52 ,3.52,,death_rate,3.52,False
A,V97030,C,HU,2019,8.20 p,8.2,p,death_rate,8.2,False
A,V97030,C,IT,2019,6.24 p,6.24,p,death_rate,6.24,False
A,V97030,C,LV,2019,8.66 ,8.66,,death_rate,8.66,False
A,V97030,C,NL,2019,4.60 ,4.6,,death_rate,4.6,False
A,V97030,C,NO,2019,2.77 p,2.77,p,death_rate,2.77,False
A,V97030,C,PL,2019,8.82 p,8.82,p,death_rate,8.82,False
A,V97030,C,PT,2019,8.59 p,8.59,p,death_rate,8.59,False
A,V97030,C,RO,2019,9.92 p,9.92,p,death_rate,9.92,False
A,V97030,C,SE,2019,4.98 ,4.98,,death_rate,4.98,False
A,V97030,C,SI,2019,5.56 ,5.56,,death_rate,5.56,False
A,V97030,C,SK,2019,9.64 p,9.64,p,death_rate,9.64,False
A,V97030,D,AT,2019,4.59 p,4.59,p,death_rate,4.59,False
A,V97030,D,BE,2019,0.70 ,0.7,,death_rate,0.7,False
A,V97030,D,BG,2019,3.82 p,3.82,p,death_rate,3.82,False
A,V97030,D,CZ,2019,2.24 p,2.24,p,death_rate,2.24,False
A,V97030,D,DE,2019,19.02 ,19.02,,death_rate,19.02,False
A,V97030,D,EE,2019,3.01 ,3.01,,death_rate,3.01,False
A,V97030,D,ES,2019,1.85 ,1.85,,death_rate,1.85,False
A,V97030,D,FI,2019,2.33 ,2.33,,death_rate,2.33,False
A,V97030,D,FR,2019,1.43 ,1.43,,death_rate,1.43,False
A,V97030,D,HU,2019,8.01 p,8.01,p,death_rate,8.01,False
A,V97030,D,IT,2019,2.60 p,2.6,p,death_rate,2.6,False
A,V97030,D,LV,2019,3.64 ,3.64,,death_rate,3.64,False
A,V97030,D,NL,2019,4.56 ,4.56,,death_rate,4.56,False
A,V97030,D,NO,2019,2.07 p,2.07,p,death_rate,2.07,False
A,V97030,D,PL,2019,11.25 p,11.25,p,death_rate,11.25,False
A,V97030,D,PT,2019,3.07 p,3.07,p,death_rate,3.07,False
A,V97030,D,RO,2019,12.72 p,12.72,p,death_rate,12.72,False
A,V97030,D,SE,2019,6.62 ,6.62,,death_rate,6.62,False
A,V97030,D,SI,2019,3.41 ,3.41,,death_rate,3.41,False
A,V97030,D,SK,2019,3.24 p,3.24,p,death_rate,3.24,False
A,V97030,E,AT,2019,3.70 p,3.7,p,death_rate,3.7,False
A,V97030,E,BE,2019,1.28 ,1.28,,death_rate,1.28,False
A,V97030,E,BG,2019,6.95 p,6.95,p,death_rate,6.95,False
A,V97030,E,CZ,2019,6.34 p,6.34,p,death_rate,6.34,False
A,V97030,E,DE,2019,5.12 ,5.12,,death_rate,5.12,False
A,V97030,E,EE,2019,5.26 ,5.26,,death_rate,5.26,False
A,V97030,E,ES,2019,3.94 ,3.94,,death_rate,3.94,False
A,V97030,E,FI,2019,3.33 ,3.33,,death_rate,3.33,False
A,V97030,E,FR,2019,3.14 ,3.14,,death_rate,3.14,False
A,V97030,E,HU,2019,7.43 p,7.43,p,death_rate,7.43,False
A,V97030,E,IT,2019,4.84 p,4.84,p,death_rate,4.84,False
A,V97030,E,LV,2019,6.92 ,6.92,,death_rate,6.92,False
A,V97030,E,NL,2019,5.27 ,5.27,,death_rate,5.27,False
A,V97030,E,NO,2019,2.25 p,2.25,p,death_rate,2.25,False
A,V97030,E,PL,2019,7.46 p,7.46,p,death_rate,7.46,False
A,V97030,E,PT,2019,7.44 p,7.44,p,death_rate,7.44,False
A,V97030,E,RO,2019,8.36 p,8.36,p,death_rate,8.36,False
A,V97030,E,SE,2019,4.76 ,4.76,,death_rate,4.76,False
A,V97030,E,SI,2019,5.39 ,5.39,,death_rate,5.39,False
A,V97030,E,SK,2019,8.57 p,8.57,p,death_rate,8.57,False
A,V97030,F,AT,2019,4.26 p,4.26,p,death_rate,4.26,False
A,V97030,F,BE,2019,3.12 ,3.12,,death_rate,3.12,False
A,V97030,F,BG,2019,13.84 p,13.84,p,death_rate,13.84,False
A,V97030,F,CZ,2019,7.92 p,7.92,p,death_rate,7.92,False
A,V97030,F,DE,2019,8.87 ,8.87,,death_rate,8.87,False
A,V97030,F,EE,2019,9.36 ,9.36,,death_rate,9.36,False
A,V97030,F,ES,2019,8.92 ,8.92,,death_rate,8.92,False
A,V97030,F,FI,2019,6.00 ,6.0,,death_rate,6.0,False
A,V97030,F,FR,2019,3.91 ,3.91,,death_rate,3.91,False
A,V97030,F,HU,2019,8.18 p,8.18,p,death_rate,8.18,False
A,V97030,F,IT,2019,8.16 p,8.16,p,death_rate,8.16,False
A,V97030,F,LV,2019,11.44 ,11.44,,death_rate,11.44,False
A,V97030,F,NL,2019,3.99 ,3.99,,death_rate,3.99,False
A,V97030,F,NO,2019,2.67 p,2.67,p,death_rate,2.67,False
A,V97030,F,PL,2019,10.62 p,10.62,p,death_rate,10.62,False
A,V97030,F,PT,2019,9.50 p,9.5,p,death_rate,9.5,False
A,V97030,F,RO,2019,12.09 p,12.09,p,death_rate,12.09,False
A,V97030,F,SE,2019,5.38 ,5.38,,death_rate,5.38,False
A,V97030,F,SI,2019,6.53 ,6.53,,death_rate,6.53,False
A,V97030,F,SK,2019,11.40 p,11.4,p,death_rate,11.4,False
A,V97030,G,AT,2019,5.72 p,5.72,p,death_rate,5.72,False
A,V97030,G,BE,2019,3.19 ,3.19,,death_rate,3.19,False
A,V97030,G,BG,2019,13.80 p,13.8,p,death_rate,13.8,False
A,V97030,G,CZ,2019,8.69 p,8.69,p,death_rate,8.69,False
A,V97030,G,DE,2019,11.03 ,11.03,,death_rate,11.03,False
A,V97030,G,EE,2019,10.46 ,10.46,,death_rate,10.46,False
A,V97030,G,ES,2019,9.44 ,9.44,,death_rate,9.44,False
A,V97030,G,FI,2019,7.84 ,7.84,,death_rate,7.84,False
A,V97030,G,FR,2019,4.82 ,4.82,,death_rate,4.82,False
A,V97030,G,HU,2019,8.95 p,8.95,p,death_rate,8.95,False
A,V97030,G,IT,2019,8.14 p,8.14,p,death_rate,8.14,False
A,V97030,G,LV,2019,8.34 ,8.34,,death_rate,8.34,False
A,V97030,G,NL,2019,7.03 ,7.03,,death_rate,7.03,False
A,V97030,G,NO,2019,3.27 p,3.27,p,death_rate,3.27,False
A,V97030,G,PL,2019,10.38 p,10.38,p,death_rate,10.38,False
A,V97030,G,PT,2019,10.47 p,10.47,p,death_rate,10.47,False
A,V97030,G,RO,2019,11.52 p,11.52,p,death_rate,11.52,False
A,V97030,G,SE,2019,7.15 ,7.15,,death_rate,7.15,False
A,V97030,G,SI,2019,7.74 ,7.74,,death_rate,7.74,False
A,V97030,G,SK,2019,9.59 p,9.59,p,death_rate,9.59,False
A,V97030,H,AT,2019,8.37 p,8.37,p,death_rate,8.37,False
A,V97030,H,BE,2019,3.41 ,3.41,,death_rate,3.41,False
A,V97030,H,BG,2019,11.85 p,11.85,p,death_rate,11.85,False
A,V97030,H,CZ,2019,8.24 p,8.24,p,death_rate,8.24,False
A,V97030,H,DE,2019,12.80 ,12.8,,death_rate,12.8,False
A,V97030,H,EE,2019,11.50 ,11.5,,death_rate,11.5,False
A,V97030,H,ES,2019,7.23 ,7.23,,death_rate,7.23,False
A,V97030,H,FI,2019,6.45 ,6.45,,death_rate,6.45,False
A,V97030,H,FR,2019,6.22 ,6.22,,death_rate,6.22,False
A,V97030,H,HU,2019,9.24 p,9.24,p,death_rate,9.24,False
A,V97030,H,IT,2019,5.57 p,5.57,p,death_rate,5.57,False
A,V97030,H,LV,2019,11.23 ,11.23,,death_rate,11.23,False
A,V97030,H,NL,2019,6.48 ,6.48,,death_rate,6.48,False
A,V97030,H,NO,2019,2.20 p,2.2,p,death_rate,2.2,False
A,V97030,H,PL,2019,12.70 p,12.7,p,death_rate,12.7,False
A,V97030,H,PT,2019,10.88 p,10.88,p,death_rate,10.88,False
A,V97030,H,RO,2019,7.15 p,7.15,p,death_rate,7.15,False
A,V97030,H,SE,2019,5.31 ,5.31,,death_rate,5.31,False
A,V97030,H,SI,2019,7.61 ,7.61,,death_rate,7.61,False
A,V97030,H,SK,2019,15.38 p,15.38,p,death_rate,15.38,False
A,V97030,I,AT,2019,6.52 p,6.52,p,death_rate,6.52,False
A,V97030,I,BE,2019,5.06 ,5.06,,death_rate,5.06,False
A,V97030,I,BG,2019,17.57 p,17.57,p,death_rate,17.57,False
A,V97030,I,CZ,2019,9.87 p,9.87,p,death_rate,9.87,False
A,V97030,I,DE,2019,14.22 ,14.22,,death_rate,14.22,False
A,V97030,I,EE,2019,12.17 ,12.17,,death_rate,12.17,False
A,V97030,I,ES,2019,10.50 ,10.5,,death_rate,10.5,False
A,V97030,I,FI,2019,8.22 ,8.22,,death_rate,8.22,False
A,V97030,I,FR,2019,5.08 ,5.08,,death_rate,5.08,False
A,V97030,I,HU,2019,10.36 p,10.36,p,death_rate,10.36,False
A,V97030,I,IT,2019,7.09 p,7.09,p,death_rate,7.09,False
A,V97030,I,LV,2019,10.96 ,10.96,,death_rate,10.96,False
A,V97030,I,NL,2019,6.02 ,6.02,,death_rate,6.02,False
A,V97030,I,NO,2019,2.33 p,2.33,p,death_rate,2.33,False
A,V97030,I,PL,2019,12.67 p,12.67,p,death_rate,12.67,False
A,V97030,I,PT,2019,14.72 p,14.72,p,death_rate,14.72,False
A,V97030,I,RO,2019,11.13 p,11.13,p,death_rate,11.13,False
A,V97030,I,SE,2019,6.88 ,6.88,,death_rate,6.88,False
A,V97030,I,SI,2019,12.67 ,12.67,,death_rate,12.67,False
A,V97030,I,SK,2019,10.44 p,10.44,p,death_rate,10.44,False
A,V97030,J,AT,2019,5.01 p,5.01,p,death_rate,5.01,False
A,V97030,J,BE,2019,2.78 ,2.78,,death_rate,2.78,False
A,V97030,J,BG,2019,10.42 p,10.42,p,death_rate,10.42,False
A,V97030,J,CZ,2019,7.40 p,7.4,p,death_rate,7.4,False
A,V97030,J,DE,2019,14.12 ,14.12,,death_rate,14.12,False
A,V97030,J,EE,2019,11.60 ,11.6,,death_rate,11.6,False
A,V97030,J,ES,2019,9.72 ,9.72,,death_rate,9.72,False
A,V97030,J,FI,2019,8.41 ,8.41,,death_rate,8.41,False
A,V97030,J,FR,2019,5.24 ,5.24,,death_rate,5.24,False
A,V97030,J,HU,2019,10.21 p,10.21,p,death_rate,10.21,False
A,V97030,J,IT,2019,7.84 p,7.84,p,death_rate,7.84,False
A,V97030,J,LV,2019,10.73 ,10.73,,death_rate,10.73,False
A,V97030,J,NL,2019,5.96 ,5.96,,death_rate,5.96,False
A,V97030,J,NO,2019,5.28 p,5.28,p,death_rate,5.28,False
A,V97030,J,PL,2019,7.88 p,7.88,p,death_rate,7.88,False
A,V97030,J,PT,2019,13.88 p,13.88,p,death_rate,13.88,False
A,V97030,J,RO,2019,10.13 p,10.13,p,death_rate,10.13,False
A,V97030,J,SE,2019,5.54 ,5.54,,death_rate,5.54,False
A,V97030,J,SI,2019,8.77 ,8.77,,death_rate,8.77,False
A,V97030,J,SK,2019,8.82 p,8.82,p,death_rate,8.82,False
A,V97030,L,AT,2019,1.88 p,1.88,p,death_rate,1.88,False
A,V97030,L,BE,2019,1.14 ,1.14,,death_rate,1.14,False
A,V97030,L,BG,2019,11.32 p,11.32,p,death_rate,11.32,False
A,V97030,L,CZ,2019,8.28 p,8.28,p,death_rate,8.28,False
A,V97030,L,DE,2019,7.63 ,7.63,,death_rate,7.63,False
A,V97030,L,EE,2019,8.35 ,8.35,,death_rate,8.35,False
A,V97030,L,ES,2019,5.34 ,5.34,,death_rate,5.34,False
A,V97030,L,FI,2019,6.88 ,6.88,,death_rate,6.88,False
A,V97030,L,FR,2019,3.73 ,3.73,,death_rate,3.73,False
A,V97030,L,HU,2019,7.79 p,7.79,p,death_rate,7.79,False
A,V97030,L,IT,2019,4.72 p,4.72,p,death_rate,4.72,False
A,V97030,L,LV,2019,8.58 ,8.58,,death_rate,8.58,False
A,V97030,L,NL,2019,5.03 ,5.03,,death_rate,5.03,False
A,V97030,L,NO,2019,2.41 p,2.41,p,death_rate,2.41,False
A,V97030,L,PL,2019,7.94 p,7.94,p,death_rate,7.94,False
A,V97030,L,PT,2019,8.14 p,8.14,p,death_rate,8.14,False
A,V97030,L,RO,2019,7.52 p,7.52,p,death_rate,7.52,False
A,V97030,L,SE,2019,2.80 ,2.8,,death_rate,2.8,False
A,V97030,L,SI,2019,6.77 ,6.77,,death_rate,6.77,False
A,V97030,L,SK,2019,6.33 p,6.33,p,death_rate,6.33,False
A,V97030,M,AT,2019,4.69 p,4.69,p,death_rate,4.69,False
A,V97030,M,BE,2019,2.61 ,2.61,,death_rate,2.61,False
A,V97030,M,BG,2019,10.33 p,10.33,p,death_rate,10.33,False
A,V97030,M,CZ,2019,7.76 p,7.76,p,death_rate,7.76,False
A,V97030,M,DE,2019,13.98 ,13.98,,death_rate,13.98,False
A,V97030,M,EE,2019,10.30 ,10.3,,death_rate,10.3,False
A,V97030,M,ES,2019,7.37 ,7.37,,death_rate,7.37,False
A,V97030,M,FI,2019,8.19 ,8.19,,death_rate,8.19,False
A,V97030,M,FR,2019,5.10 ,5.1,,death_rate,5.1,False
A,V97030,M,HU,2019,9.38 p,9.38,p,death_rate,9.38,False
A,V97030,M,IT,2019,9.54 p,9.54,p,death_rate,9.54,False
A,V97030,M,LV,2019,8.53 ,8.53,,death_rate,8.53,False
A,V97030,M,NL,2019,5.62 ,5.62,,death_rate,5.62,False
A,V97030,M,NO,2019,4.89 p,4.89,p,death_rate,4.89,False
A,V97030,M,PL,2019,8.18 p,8.18,p,death_rate,8.18,False
A,V97030,M,PT,2019,10.40 p,10.4,p,death_rate,10.4,False
A,V97030,M,RO,2019,8.45 p,8.45,p,death_rate,8.45,False
A,V97030,M,SE,2019,5.31 ,5.31,,death_rate,5.31,False
A,V97030,M,SI,2019,8.72 ,8.72,,death_rate,8.72,False
A,V97030,M,SK,2019,9.03 p,9.03,p,death_rate,9.03,False
A,V97030,N,AT,2019,6.89 p,6.89,p,death_rate,6.89,False
A,V97030,N,BE,2019,3.07 ,3.07,,death_rate,3.07,False
A,V97030,N,BG,2019,12.67 p,12.67,p,death_rate,12.67,False
A,V97030,N,CZ,2019,10.30 p,10.3,p,death_rate,10.3,False
A,V97030,N,DE,2019,13.88 ,13.88,,death_rate,13.88,False
A,V97030,N,EE,2019,13.06 ,13.06,,death_rate,13.06,False
A,V97030,N,ES,2019,10.10 ,10.1,,death_rate,10.1,False
A,V97030,N,FI,2019,8.39 ,8.39,,death_rate,8.39,False
A,V97030,N,FR,2019,4.35 ,4.35,,death_rate,4.35,False
A,V97030,N,HU,2019,13.06 p,13.06,p,death_rate,13.06,False
A,V97030,N,IT,2019,11.63 p,11.63,p,death_rate,11.63,False
A,V97030,N,LV,2019,12.75 ,12.75,,death_rate,12.75,False
A,V97030,N,NL,2019,6.40 ,6.4,,death_rate,6.4,False
A,V97030,N,NO,2019,5.08 p,5.08,p,death_rate,5.08,False
A,V97030,N,PL,2019,13.33 p,13.33,p,death_rate,13.33,False
A,V97030,N,PT,2019,24.46 p,24.46,p,death_rate,24.46,False
A,V97030,N,RO,2019,9.94 p,9.94,p,death_rate,9.94,False
A,V97030,N,SE,2019,6.85 ,6.85,,death_rate,6.85,False
A,V97030,N,SI,2019,11.45 ,11.45,,death_rate,11.45,False
A,V97030,N,SK,2019,10.86 p,10.86,p,death_rate,10.86,False
A,V97043,B,AT,2019,43.75 ,43.75,,survival_3y,43.75,False
A,V97043,B,BE,2019,100.00 ,100.0,,survival_3y,100.0,False
A,V97043,B,BG,2019,45.45 ,45.45,,survival_3y,45.45,False
A,V97043,B,CZ,2019,80.95 ,80.95,,survival_3y,80.95,False
A,V97043,B,DE,2019,47.27 ,47.27,,survival_3y,47.27,False
A,V97043,B,EE,2019,60.00 ,60.0,,survival_3y,60.0,False
A,V97043,B,ES,2019,69.33 ,69.33,,survival_3y,69.33,False
A,V97043,B,FI,2019,65.71 ,65.71,,survival_3y,65.71,False
A,V97043,B,FR,2019,91.03 ,91.03,,survival_3y,91.03,False
A,V97043,B,HU,2019,35.71 ,35.71,,survival_3y,35.71,False
A,V97043,B,IT,2019,52.46 ,52.46,,survival_3y,52.46,False
A,V97043,B,LV,2019,28.85 ,28.85,,survival_3y,28.85,False
A,V97043,B,NL,2019,72.92 ,72.92,,survival_3y,72.92,False
A,V97043,B,NO,2019,62.50 ,62.5,,survival_3y,62.5,False
A,V97043,B,PL,2019,49.81 ,49.81,,survival_3y,49.81,False
A,V97043,B,PT,2019,55.22 ,55.22,,survival_3y,55.22,False
A,V97043,B,RO,2019,43.96 ,43.96,,survival_3y,43.96,False
A,V97043,B,SE,2019,87.50 ,87.5,,survival_3y,87.5,False
A,V97043,B,SI,2019,28.57 ,28.57,,survival_3y,28.57,False
A,V97043,B,SK,2019,58.33 ,58.33,,survival_3y,58.33,False
A,V97043,C,AT,2019,74.27 ,74.27,,survival_3y,74.27,False
A,V97043,C,BE,2019,78.80 ,78.8,,survival_3y,78.8,False
A,V97043,C,BG,2019,63.39 ,63.39,,survival_3y,63.39,False
A,V97043,C,CZ,2019,64.92 ,64.92,,survival_3y,64.92,False
A,V97043,C,DE,2019,54.34 ,54.34,,survival_3y,54.34,False
A,V97043,C,EE,2019,59.57 ,59.57,,survival_3y,59.57,False
A,V97043,C,ES,2019,62.49 ,62.49,,survival_3y,62.49,False
A,V97043,C,FI,2019,69.22 ,69.22,,survival_3y,69.22,False
A,V97043,C,FR,2019,68.46 ,68.46,,survival_3y,68.46,False
A,V97043,C,HU,2019,61.42 ,61.42,,survival_3y,61.42,False
A,V97043,C,IT,2019,65.01 ,65.01,,survival_3y,65.01,False
A,V97043,C,LV,2019,49.14 ,49.14,,survival_3y,49.14,False
A,V97043,C,NL,2019,78.81 ,78.81,,survival_3y,78.81,False
A,V97043,C,NO,2019,57.99 ,57.99,,survival_3y,57.99,False
A,V97043,C,PL,2019,49.53 ,49.53,,survival_3y,49.53,False
A,V97043,C,PT,2019,58.31 ,58.31,,survival_3y,58.31,False
A,V97043,C,RO,2019,59.96 ,59.96,,survival_3y,59.96,False
A,V97043,C,SE,2019,79.05 ,79.05,,survival_3y,79.05,False
A,V97043,C,SI,2019,67.08 ,67.08,,survival_3y,67.08,False
A,V97043,C,SK,2019,67.07 ,67.07,,survival_3y,67.07,False
A,V97043,D,AT,2019,84.44 ,84.44,,survival_3y,84.44,False
A,V97043,D,BE,2019,73.68 ,73.68,,survival_3y,73.68,False
A,V97043,D,BG,2019,29.58 ,29.58,,survival_3y,29.58,False
A,V97043,D,CZ,2019,80.84 ,80.84,,survival_3y,80.84,False
A,V97043,D,DE,2019,48.05 ,48.05,,survival_3y,48.05,False
A,V97043,D,EE,2019,83.33 ,83.33,,survival_3y,83.33,False
A,V97043,D,ES,2019,80.95 ,80.95,,survival_3y,80.95,False
A,V97043,D,FI,2019,78.95 ,78.95,,survival_3y,78.95,False
A,V97043,D,FR,2019,90.90 ,90.9,,survival_3y,90.9,False
A,V97043,D,HU,2019,45.14 ,45.14,,survival_3y,45.14,False
A,V97043,D,IT,2019,67.63 ,67.63,,survival_3y,67.63,False
A,V97043,D,LV,2019,48.44 ,48.44,,survival_3y,48.44,False
A,V97043,D,NL,2019,72.41 ,72.41,,survival_3y,72.41,False
A,V97043,D,NO,2019,75.00 ,75.0,,survival_3y,75.0,False
A,V97043,D,PL,2019,31.65 ,31.65,,survival_3y,31.65,False
A,V97043,D,PT,2019,88.40 ,88.4,,survival_3y,88.4,False
A,V97043,D,RO,2019,46.95 ,46.95,,survival_3y,46.95,False
A,V97043,D,SE,2019,46.38 ,46.38,,survival_3y,46.38,False
A,V97043,D,SI,2019,57.69 ,57.69,,survival_3y,57.69,False
A,V97043,D,SK,2019,57.14 ,57.14,,survival_3y,57.14,False
A,V97043,E,AT,2019,81.18 ,81.18,,survival_3y,81.18,False
A,V97043,E,BE,2019,80.00 ,80.0,,survival_3y,80.0,False
A,V97043,E,BG,2019,65.69 ,65.69,,survival_3y,65.69,False
A,V97043,E,CZ,2019,68.09 ,68.09,,survival_3y,68.09,False
A,V97043,E,DE,2019,50.73 ,50.73,,survival_3y,50.73,False
A,V97043,E,EE,2019,61.90 ,61.9,,survival_3y,61.9,False
A,V97043,E,ES,2019,65.90 ,65.9,,survival_3y,65.9,False
A,V97043,E,FI,2019,70.15 ,70.15,,survival_3y,70.15,False
A,V97043,E,FR,2019,51.93 ,51.93,,survival_3y,51.93,False
A,V97043,E,HU,2019,55.93 ,55.93,,survival_3y,55.93,False
A,V97043,E,IT,2019,65.27 ,65.27,,survival_3y,65.27,False
A,V97043,E,LV,2019,48.28 ,48.28,,survival_3y,48.28,False
A,V97043,E,NL,2019,74.79 ,74.79,,survival_3y,74.79,False
A,V97043,E,NO,2019,65.71 ,65.71,,survival_3y,65.71,False
A,V97043,E,PL,2019,46.56 ,46.56,,survival_3y,46.56,False
A,V97043,E,PT,2019,55.56 ,55.56,,survival_3y,55.56,False
A,V97043,E,RO,2019,62.39 ,62.39,,survival_3y,62.39,False
A,V97043,E,SE,2019,81.00 ,81.0,,survival_3y,81.0,False
A,V97043,E,SI,2019,84.85 ,84.85,,survival_3y,84.85,False
A,V97043,E,SK,2019,69.23 ,69.23,,survival_3y,69.23,False
A,V97043,F,AT,2019,68.59 ,68.59,,survival_3y,68.59,False
A,V97043,F,BE,2019,77.76 ,77.76,,survival_3y,77.76,False
A,V97043,F,BG,2019,49.32 ,49.32,,survival_3y,49.32,False
A,V97043,F,CZ,2019,64.46 ,64.46,,survival_3y,64.46,False
A,V97043,F,DE,2019,53.05 ,53.05,,survival_3y,53.05,False
A,V97043,F,EE,2019,58.73 ,58.73,,survival_3y,58.73,False
A,V97043,F,ES,2019,55.43 ,55.43,,survival_3y,55.43,False
A,V97043,F,FI,2019,66.53 ,66.53,,survival_3y,66.53,False
A,V97043,F,FR,2019,70.95 ,70.95,,survival_3y,70.95,False
A,V97043,F,HU,2019,64.06 ,64.06,,survival_3y,64.06,False
A,V97043,F,IT,2019,54.92 ,54.92,,survival_3y,54.92,False
A,V97043,F,LV,2019,40.92 ,40.92,,survival_3y,40.92,False
A,V97043,F,NL,2019,79.07 ,79.07,,survival_3y,79.07,False
A,V97043,F,NO,2019,57.85 ,57.85,,survival_3y,57.85,False
A,V97043,F,PL,2019,42.07 ,42.07,,survival_3y,42.07,False
A,V97043,F,PT,2019,54.72 ,54.72,,survival_3y,54.72,False
A,V97043,F,RO,2019,58.21 ,58.21,,survival_3y,58.21,False
A,V97043,F,SE,2019,79.43 ,79.43,,survival_3y,79.43,False
A,V97043,F,SI,2019,61.42 ,61.42,,survival_3y,61.42,False
A,V97043,F,SK,2019,60.53 ,60.53,,survival_3y,60.53,False
A,V97043,G,AT,2019,62.52 ,62.52,,survival_3y,62.52,False
A,V97043,G,BE,2019,72.23 ,72.23,,survival_3y,72.23,False
A,V97043,G,BG,2019,55.23 ,55.23,,survival_3y,55.23,False
A,V97043,G,CZ,2019,61.19 ,61.19,,survival_3y,61.19,False
A,V97043,G,DE,2019,50.90 ,50.9,,survival_3y,50.9,False
A,V97043,G,EE,2019,54.34 ,54.34,,survival_3y,54.34,False
A,V97043,G,ES,2019,53.96 ,53.96,,survival_3y,53.96,False
A,V97043,G,FI,2019,57.46 ,57.46,,survival_3y,57.46,False
A,V97043,G,FR,2019,62.16 ,62.16,,survival_3y,62.16,False
A,V97043,G,HU,2019,53.25 ,53.25,,survival_3y,53.25,False
A,V97043,G,IT,2019,55.48 ,55.48,,survival_3y,55.48,False
A,V97043,G,LV,2019,46.66 ,46.66,,survival_3y,46.66,False
A,V97043,G,NL,2019,66.92 ,66.92,,survival_3y,66.92,False
A,V97043,G,NO,2019,55.94 ,55.94,,survival_3y,55.94,False
A,V97043,G,PL,2019,46.15 ,46.15,,survival_3y,46.15,False
A,V97043,G,PT,2019,50.54 ,50.54,,survival_3y,50.54,False
A,V97043,G,RO,2019,60.27 ,60.27,,survival_3y,60.27,False
A,V97043,G,SE,2019,70.58 ,70.58,,survival_3y,70.58,False
A,V97043,G,SI,2019,57.30 ,57.3,,survival_3y,57.3,False
A,V97043,G,SK,2019,62.38 ,62.38,,survival_3y,62.38,False
A,V97043,H,AT,2019,61.00 ,61.0,,survival_3y,61.0,False
A,V97043,H,BE,2019,72.57 ,72.57,,survival_3y,72.57,False
A,V97043,H,BG,2019,66.23 ,66.23,,survival_3y,66.23,False
A,V97043,H,CZ,2019,64.24 ,64.24,,survival_3y,64.24,False
A,V97043,H,DE,2019,52.92 ,52.92,,survival_3y,52.92,False
A,V97043,H,EE,2019,53.34 ,53.34,,survival_3y,53.34,False
A,V97043,H,ES,2019,63.38 ,63.38,,survival_3y,63.38,False
A,V97043,H,FI,2019,71.25 ,71.25,,survival_3y,71.25,False
A,V97043,H,FR,2019,51.11 ,51.11,,survival_3y,51.11,False
A,V97043,H,HU,2019,61.47 ,61.47,,survival_3y,61.47,False
A,V97043,H,IT,2019,70.58 ,70.58,,survival_3y,70.58,False
A,V97043,H,LV,2019,41.36 ,41.36,,survival_3y,41.36,False
A,V97043,H,NL,2019,77.62 ,77.62,,survival_3y,77.62,False
A,V97043,H,NO,2019,51.95 ,51.95,,survival_3y,51.95,False
A,V97043,H,PL,2019,51.59 ,51.59,,survival_3y,51.59,False
A,V97043,H,PT,2019,56.90 ,56.9,,survival_3y,56.9,False
A,V97043,H,RO,2019,68.92 ,68.92,,survival_3y,68.92,False
A,V97043,H,SE,2019,79.95 ,79.95,,survival_3y,79.95,False
A,V97043,H,SI,2019,65.67 ,65.67,,survival_3y,65.67,False
A,V97043,H,SK,2019,54.49 ,54.49,,survival_3y,54.49,False
A,V97043,I,AT,2019,59.99 ,59.99,,survival_3y,59.99,False
A,V97043,I,BE,2019,68.27 ,68.27,,survival_3y,68.27,False
A,V97043,I,BG,2019,48.15 ,48.15,,survival_3y,48.15,False
A,V97043,I,CZ,2019,61.65 ,61.65,,survival_3y,61.65,False
A,V97043,I,DE,2019,47.85 ,47.85,,survival_3y,47.85,False
A,V97043,I,EE,2019,57.18 ,57.18,,survival_3y,57.18,False
A,V97043,I,ES,2019,50.58 ,50.58,,survival_3y,50.58,False
A,V97043,I,FI,2019,58.73 ,58.73,,survival_3y,58.73,False
A,V97043,I,FR,2019,69.92 ,69.92,,survival_3y,69.92,False
A,V97043,I,HU,2019,51.40 ,51.4,,survival_3y,51.4,False
A,V97043,I,IT,2019,62.68 ,62.68,,survival_3y,62.68,False
A,V97043,I,LV,2019,48.01 ,48.01,,survival_3y,48.01,False
A,V97043,I,NL,2019,71.66 ,71.66,,survival_3y,71.66,False
A,V97043,I,NO,2019,57.95 ,57.95,,survival_3y,57.95,False
A,V97043,I,PL,2019,42.12 ,42.12,,survival_3y,42.12,False
A,V97043,I,PT,2019,53.91 ,53.91,,survival_3y,53.91,False
A,V97043,I,RO,2019,54.83 ,54.83,,survival_3y,54.83,False
A,V97043,I,SE,2019,67.99 ,67.99,,survival_3y,67.99,False
A,V97043,I,SI,2019,53.35 ,53.35,,survival_3y,53.35,False
A,V97043,I,SK,2019,62.01 ,62.01,,survival_3y,62.01,False
A,V97043,J,AT,2019,67.96 ,67.96,,survival_3y,67.96,False
A,V97043,J,BE,2019,77.18 ,77.18,,survival_3y,77.18,False
A,V97043,J,BG,2019,63.69 ,63.69,,survival_3y,63.69,False
A,V97043,J,CZ,2019,68.50 ,68.5,,survival_3y,68.5,False
A,V97043,J,DE,2019,51.54 ,51.54,,survival_3y,51.54,False
A,V97043,J,EE,2019,55.78 ,55.78,,survival_3y,55.78,False
A,V97043,J,ES,2019,54.87 ,54.87,,survival_3y,54.87,False
A,V97043,J,FI,2019,61.94 ,61.94,,survival_3y,61.94,False
A,V97043,J,FR,2019,59.61 ,59.61,,survival_3y,59.61,False
A,V97043,J,HU,2019,64.31 ,64.31,,survival_3y,64.31,False
A,V97043,J,IT,2019,60.28 ,60.28,,survival_3y,60.28,False
A,V97043,J,LV,2019,51.89 ,51.89,,survival_3y,51.89,False
A,V97043,J,NL,2019,78.22 ,78.22,,survival_3y,78.22,False
A,V97043,J,NO,2019,48.31 ,48.31,,survival_3y,48.31,False
A,V97043,J,PL,2019,67.62 ,67.62,,survival_3y,67.62,False
A,V97043,J,PT,2019,51.09 ,51.09,,survival_3y,51.09,False
A,V97043,J,RO,2019,61.91 ,61.91,,survival_3y,61.91,False
A,V97043,J,SE,2019,80.80 ,80.8,,survival_3y,80.8,False
A,V97043,J,SI,2019,63.33 ,63.33,,survival_3y,63.33,False
A,V97043,J,SK,2019,67.47 ,67.47,,survival_3y,67.47,False
A,V97043,L,AT,2019,82.13 ,82.13,,survival_3y,82.13,False
A,V97043,L,BE,2019,86.95 ,86.95,,survival_3y,86.95,False
A,V97043,L,BG,2019,42.99 ,42.99,,survival_3y,42.99,False
A,V97043,L,CZ,2019,61.37 ,61.37,,survival_3y,61.37,False
A,V97043,L,DE,2019,48.50 ,48.5,,survival_3y,48.5,False
A,V97043,L,EE,2019,50.73 ,50.73,,survival_3y,50.73,False
A,V97043,L,ES,2019,75.79 ,75.79,,survival_3y,75.79,False
A,V97043,L,FI,2019,71.91 ,71.91,,survival_3y,71.91,False
A,V97043,L,FR,2019,74.04 ,74.04,,survival_3y,74.04,False
A,V97043,L,HU,2019,65.31 ,65.31,,survival_3y,65.31,False
A,V97043,L,IT,2019,61.39 ,61.39,,survival_3y,61.39,False
A,V97043,L,LV,2019,49.55 ,49.55,,survival_3y,49.55,False
A,V97043,L,NL,2019,75.87 ,75.87,,survival_3y,75.87,False
A,V97043,L,NO,2019,57.46 ,57.46,,survival_3y,57.46,False
A,V97043,L,PL,2019,56.21 ,56.21,,survival_3y,56.21,False
A,V97043,L,PT,2019,67.88 ,67.88,,survival_3y,67.88,False
A,V97043,L,RO,2019,66.87 ,66.87,,survival_3y,66.87,False
A,V97043,L,SE,2019,90.01 ,90.01,,survival_3y,90.01,False
A,V97043,L,SI,2019,73.77 ,73.77,,survival_3y,73.77,False
A,V97043,L,SK,2019,68.36 ,68.36,,survival_3y,68.36,False
A,V97043,M,AT,2019,70.65 ,70.65,,survival_3y,70.65,False
A,V97043,M,BE,2019,80.77 ,80.77,,survival_3y,80.77,False
A,V97043,M,BG,2019,59.45 ,59.45,,survival_3y,59.45,False
A,V97043,M,CZ,2019,65.27 ,65.27,,survival_3y,65.27,False
A,V97043,M,DE,2019,48.83 ,48.83,,survival_3y,48.83,False
A,V97043,M,EE,2019,56.50 ,56.5,,survival_3y,56.5,False
A,V97043,M,ES,2019,56.69 ,56.69,,survival_3y,56.69,False
A,V97043,M,FI,2019,62.17 ,62.17,,survival_3y,62.17,False
A,V97043,M,FR,2019,58.54 ,58.54,,survival_3y,58.54,False
A,V97043,M,HU,2019,63.45 ,63.45,,survival_3y,63.45,False
A,V97043,M,IT,2019,54.49 ,54.49,,survival_3y,54.49,False
A,V97043,M,LV,2019,48.70 ,48.7,,survival_3y,48.7,False
A,V97043,M,NL,2019,79.09 ,79.09,,survival_3y,79.09,False
A,V97043,M,NO,2019,51.30 ,51.3,,survival_3y,51.3,False
A,V97043,M,PL,2019,61.37 ,61.37,,survival_3y,61.37,False
A,V97043,M,PT,2019,47.71 ,47.71,,survival_3y,47.71,False
A,V97043,M,RO,2019,69.76 ,69.76,,survival_3y,69.76,False
A,V97043,M,SE,2019,81.15 ,81.15,,survival_3y,81.15,False
A,V97043,M,SI,2019,62.08 ,62.08,,survival_3y,62.08,False
A,V97043,M,SK,2019,64.31 ,64.31,,survival_3y,64.31,False
A,V97043,N,AT,2019,64.35 ,64.35,,survival_3y,64.35,False
A,V97043,N,BE,2019,74.21 ,74.21,,survival_3y,74.21,False
A,V97043,N,BG,2019,59.02 ,59.02,,survival_3y,59.02,False
A,V97043,N,CZ,2019,60.04 ,60.04,,survival_3y,60.04,False
A,V97043,N,DE,2019,52.75 ,52.75,,survival_3y,52.75,False
A,V97043,N,EE,2019,51.99 ,51.99,,survival_3y,51.99,False
A,V97043,N,ES,2019,52.53 ,52.53,,survival_3y,52.53,False
A,V97043,N,FI,2019,63.81 ,63.81,,survival_3y,63.81,False
A,V97043,N,FR,2019,63.32 ,63.32,,survival_3y,63.32,False
A,V97043,N,HU,2019,55.31 ,55.31,,survival_3y,55.31,False
A,V97043,N,IT,2019,56.07 ,56.07,,survival_3y,56.07,False
A,V97043,N,LV,2019,40.58 ,40.58,,survival_3y,40.58,False
A,V97043,N,NL,2019,71.75 ,71.75,,survival_3y,71.75,False
A,V97043,N,NO,2019,53.09 ,53.09,,survival_3y,53.09,False
A,V97043,N,PL,2019,44.56 ,44.56,,survival_3y,44.56,False
A,V97043,N,PT,2019,28.82 ,28.82,,survival_3y,28.82,False
A,V97043,N,RO,2019,60.13 ,60.13,,survival_3y,60.13,False
A,V97043,N,SE,2019,72.87 ,72.87,,survival_3y,72.87,False
A,V97043,N,SI,2019,57.16 ,57.16,,survival_3y,57.16,False
A,V97043,N,SK,2019,61.26 ,61.26,,survival_3y,61.26,False
A,V97020,B,AT,2020,2.20 p,2.2,p,birth_rate,2.2,False
A,V97020,B,BE,2020,4.97 ,4.97,,birth_rate,4.97,False
A,V97020,B,BG,2020,2.90 ,2.9,,birth_rate,2.9,False
A,V97020,B,CZ,2020,7.95 ,7.95,,birth_rate,7.95,False
A,V97020,B,DE,2020,3.07 ,3.07,,birth_rate,3.07,False
A,V97020,B,EE,2020,5.19 ,5.19,,birth_rate,5.19,False
A,V97020,B,ES,2020,2.32 ,2.32,,birth_rate,2.32,False
A,V97020,B,FI,2020,4.28 ,4.28,,birth_rate,4.28,False
A,V97020,B,FR,2020,2.97 ,2.97,,birth_rate,2.97,False
A,V97020,B,HU,2020,5.82 b,5.82,b,birth_rate,5.82,False
A,V97020,B,IT,2020,2.21 ,2.21,,birth_rate,2.21,False
A,V97020,B,LV,2020,25.59 ,25.59,,birth_rate,25.59,False
A,V97020,B,NL,2020,14.92 ,14.92,,birth_rate,14.92,False
A,V97020,B,NO,2020,4.13 ,4.13,,birth_rate,4.13,False
A,V97020,B,PL,2020,5.71 ,5.71,,birth_rate,5.71,False
A,V97020,B,PT,2020,5.38 ,5.38,,birth_rate,5.38,False
A,V97020,B,RO,2020,9.77 ,9.77,,birth_rate,9.77,False
A,V97020,B,SE,2020,2.83 ,2.83,,birth_rate,2.83,False
A,V97020,B,SI,2020,3.41 ,3.41,,birth_rate,3.41,False
A,V97020,B,SK,2020,16.24 ,16.24,,birth_rate,16.24,False
A,V97020,C,AT,2020,4.27 p,4.27,p,birth_rate,4.27,False
A,V97020,C,BE,2020,5.54 ,5.54,,birth_rate,5.54,False
A,V97020,C,BG,2020,6.25 ,6.25,,birth_rate,6.25,False
A,V97020,C,CZ,2020,7.17 ,7.17,,birth_rate,7.17,False
A,V97020,C,DE,2020,3.41 ,3.41,,birth_rate,3.41,False
A,V97020,C,EE,2020,9.45 ,9.45,,birth_rate,9.45,False
A,V97020,C,ES,2020,4.94 ,4.94,,birth_rate,4.94,False
A,V97020,C,FI,2020,6.90 ,6.9,,birth_rate,6.9,False
A,V97020,C,FR,2020,9.53 ,9.53,,birth_rate,9.53,False
A,V97020,C,HU,2020,8.29 b,8.29,b,birth_rate,8.29,False
A,V97020,C,IT,2020,3.85 ,3.85,,birth_rate,3.85,False
A,V97020,C,LV,2020,11.10 ,11.1,,birth_rate,11.1,False
A,V97020,C,NL,2020,7.96 ,7.96,,birth_rate,7.96,False
A,V97020,C,NO,2020,6.20 ,6.2,,birth_rate,6.2,False
A,V97020,C,PL,2020,8.27 ,8.27,,birth_rate,8.27,False
A,V97020,C,PT,2020,7.10 ,7.1,,birth_rate,7.1,False
A,V97020,C,RO,2020,10.01 ,10.01,,birth_rate,10.01,False
A,V97020,C,SE,2020,5.53 ,5.53,,birth_rate,5.53,False
A,V97020,C,SI,2020,6.29 ,6.29,,birth_rate,6.29,False
A,V97020,C,SK,2020,9.38 ,9.38,,birth_rate,9.38,False
A,V97020,D,AT,2020,3.85 p,3.85,p,birth_rate,3.85,False
A,V97020,D,BE,2020,8.77 ,8.77,,birth_rate,8.77,False
A,V97020,D,BG,2020,15.01 ,15.01,,birth_rate,15.01,False
A,V97020,D,CZ,2020,1.28 ,1.28,,birth_rate,1.28,False
A,V97020,D,DE,2020,5.67 ,5.67,,birth_rate,5.67,False
A,V97020,D,EE,2020,37.96 ,37.96,,birth_rate,37.96,False
A,V97020,D,ES,2020,0.46 ,0.46,,birth_rate,0.46,False
A,V97020,D,FI,2020,5.27 ,5.27,,birth_rate,5.27,False
A,V97020,D,FR,2020,8.06 ,8.06,,birth_rate,8.06,False
A,V97020,D,HU,2020,10.57 b,10.57,b,birth_rate,10.57,False
A,V97020,D,IT,2020,3.60 ,3.6,,birth_rate,3.6,False
A,V97020,D,LV,2020,3.95 ,3.95,,birth_rate,3.95,False
A,V97020,D,NL,2020,11.03 ,11.03,,birth_rate,11.03,False
A,V97020,D,NO,2020,0.00 ,0.0,,birth_rate,0.0,False
A,V97020,D,PL,2020,17.47 ,17.47,,birth_rate,17.47,False
A,V97020,D,PT,2020,4.23 ,4.23,,birth_rate,4.23,False
A,V97020,D,RO,2020,5.97 ,5.97,,birth_rate,5.97,False
A,V97020,D,SE,2020,2.59 ,2.59,,birth_rate,2.59,False
A,V97020,D,SI,2020,2.56 ,2.56,,birth_rate,2.56,False
A,V97020,D,SK,2020,1.02 ,1.02,,birth_rate,1.02,False
A,V97020,E,AT,2020,2.27 p,2.27,p,birth_rate,2.27,False
A,V97020,E,BE,2020,5.40 ,5.4,,birth_rate,5.4,False
A,V97020,E,BG,2020,6.27 ,6.27,,birth_rate,6.27,False
A,V97020,E,CZ,2020,8.48 ,8.48,,birth_rate,8.48,False
A,V97020,E,DE,2020,3.52 ,3.52,,birth_rate,3.52,False
A,V97020,E,EE,2020,8.88 ,8.88,,birth_rate,8.88,False
A,V97020,E,ES,2020,4.10 ,4.1,,birth_rate,4.1,False
A,V97020,E,FI,2020,4.81 ,4.81,,birth_rate,4.81,False
A,V97020,E,FR,2020,8.53 ,8.53,,birth_rate,8.53,False
A,V97020,E,HU,2020,6.03 b,6.03,b,birth_rate,6.03,False
A,V97020,E,IT,2020,3.07 ,3.07,,birth_rate,3.07,False
A,V97020,E,LV,2020,5.25 ,5.25,,birth_rate,5.25,False
A,V97020,E,NL,2020,7.35 ,7.35,,birth_rate,7.35,False
A,V97020,E,NO,2020,5.59 ,5.59,,birth_rate,5.59,False
A,V97020,E,PL,2020,7.97 ,7.97,,birth_rate,7.97,False
A,V97020,E,PT,2020,6.16 ,6.16,,birth_rate,6.16,False
A,V97020,E,RO,2020,7.66 ,7.66,,birth_rate,7.66,False
A,V97020,E,SE,2020,6.45 ,6.45,,birth_rate,6.45,False
A,V97020,E,SI,2020,3.01 ,3.01,,birth_rate,3.01,False
A,V97020,E,SK,2020,12.14 ,12.14,,birth_rate,12.14,False
A,V97020,F,AT,2020,5.71 p,5.71,p,birth_rate,5.71,False
A,V97020,F,BE,2020,8.81 ,8.81,,birth_rate,8.81,False
A,V97020,F,BG,2020,13.33 ,13.33,,birth_rate,13.33,False
A,V97020,F,CZ,2020,7.37 ,7.37,,birth_rate,7.37,False
A,V97020,F,DE,2020,6.36 ,6.36,,birth_rate,6.36,False
A,V97020,F,EE,2020,11.04 ,11.04,,birth_rate,11.04,False
A,V97020,F,ES,2020,7.94 ,7.94,,birth_rate,7.94,False
A,V97020,F,FI,2020,7.99 ,7.99,,birth_rate,7.99,False
A,V97020,F,FR,2020,8.78 ,8.78,,birth_rate,8.78,False
A,V97020,F,HU,2020,13.43 b,13.43,b,birth_rate,13.43,False
A,V97020,F,IT,2020,7.70 ,7.7,,birth_rate,7.7,False
A,V97020,F,LV,2020,13.49 ,13.49,,birth_rate,13.49,False
A,V97020,F,NL,2020,9.82 ,9.82,,birth_rate,9.82,False
A,V97020,F,NO,2020,8.29 ,8.29,,birth_rate,8.29,False
A,V97020,F,PL,2020,15.42 ,15.42,,birth_rate,15.42,False
A,V97020,F,PT,2020,10.61 ,10.61,,birth_rate,10.61,False
A,V97020,F,RO,2020,14.49 ,14.49,,birth_rate,14.49,False
A,V97020,F,SE,2020,6.95 ,6.95,,birth_rate,6.95,False
A,V97020,F,SI,2020,8.66 ,8.66,,birth_rate,8.66,False
A,V97020,F,SK,2020,11.68 ,11.68,,birth_rate,11.68,False
A,V97020,G,AT,2020,6.20 p,6.2,p,birth_rate,6.2,False
A,V97020,G,BE,2020,5.78 ,5.78,,birth_rate,5.78,False
A,V97020,G,BG,2020,8.89 ,8.89,,birth_rate,8.89,False
A,V97020,G,CZ,2020,8.92 ,8.92,,birth_rate,8.92,False
A,V97020,G,DE,2020,6.12 ,6.12,,birth_rate,6.12,False
A,V97020,G,EE,2020,10.34 ,10.34,,birth_rate,10.34,False
A,V97020,G,ES,2020,6.93 ,6.93,,birth_rate,6.93,False
A,V97020,G,FI,2020,7.75 ,7.75,,birth_rate,7.75,False
A,V97020,G,FR,2020,9.26 ,9.26,,birth_rate,9.26,False
A,V97020,G,HU,2020,8.31 b,8.31,b,birth_rate,8.31,False
A,V97020,G,IT,2020,5.81 ,5.81,,birth_rate,5.81,False
A,V97020,G,LV,2020,8.63 ,8.63,,birth_rate,8.63,False
A,V97020,G,NL,2020,12.60 ,12.6,,birth_rate,12.6,False
A,V97020,G,NO,2020,6.88 ,6.88,,birth_rate,6.88,False
A,V97020,G,PL,2020,8.55 ,8.55,,birth_rate,8.55,False
A,V97020,G,PT,2020,8.59 ,8.59,,birth_rate,8.59,False
A,V97020,G,RO,2020,8.84 ,8.84,,birth_rate,8.84,False
A,V97020,G,SE,2020,7.65 ,7.65,,birth_rate,7.65,False
A,V97020,G,SI,2020,6.91 ,6.91,,birth_rate,6.91,False
A,V97020,G,SK,2020,5.70 ,5.7,,birth_rate,5.7,False
A,V97020,H,AT,2020,7.14 p,7.14,p,birth_rate,7.14,False
A,V97020,H,BE,2020,6.87 ,6.87,,birth_rate,6.87,False
A,V97020,H,BG,2020,8.39 ,8.39,,birth_rate,8.39,False
A,V97020,H,CZ,2020,8.46 ,8.46,,birth_rate,8.46,False
A,V97020,H,DE,2020,6.84 ,6.84,,birth_rate,6.84,False
A,V97020,H,EE,2020,8.62 ,8.62,,birth_rate,8.62,False
A,V97020,H,ES,2020,9.67 ,9.67,,birth_rate,9.67,False
A,V97020,H,FI,2020,7.71 ,7.71,,birth_rate,7.71,False
A,V97020,H,FR,2020,24.87 ,24.87,,birth_rate,24.87,False
A,V97020,H,HU,2020,15.89 b,15.89,b,birth_rate,15.89,False
A,V97020,H,IT,2020,4.56 ,4.56,,birth_rate,4.56,False
A,V97020,H,LV,2020,18.66 ,18.66,,birth_rate,18.66,False
A,V97020,H,NL,2020,12.51 ,12.51,,birth_rate,12.51,False
A,V97020,H,NO,2020,7.52 ,7.52,,birth_rate,7.52,False
A,V97020,H,PL,2020,8.86 ,8.86,,birth_rate,8.86,False
A,V97020,H,PT,2020,17.03 ,17.03,,birth_rate,17.03,False
A,V97020,H,RO,2020,12.01 ,12.01,,birth_rate,12.01,False
A,V97020,H,SE,2020,6.95 ,6.95,,birth_rate,6.95,False
A,V97020,H,SI,2020,6.57 ,6.57,,birth_rate,6.57,False
A,V97020,H,SK,2020,14.36 ,14.36,,birth_rate,14.36,False
A,V97020,I,AT,2020,5.24 p,5.24,p,birth_rate,5.24,False
A,V97020,I,BE,2020,6.62 ,6.62,,birth_rate,6.62,False
A,V97020,I,BG,2020,10.73 ,10.73,,birth_rate,10.73,False
A,V97020,I,CZ,2020,8.53 ,8.53,,birth_rate,8.53,False
A,V97020,I,DE,2020,7.38 ,7.38,,birth_rate,7.38,False
A,V97020,I,EE,2020,10.91 ,10.91,,birth_rate,10.91,False
A,V97020,I,ES,2020,7.70 ,7.7,,birth_rate,7.7,False
A,V97020,I,FI,2020,8.93 ,8.93,,birth_rate,8.93,False
A,V97020,I,FR,2020,8.54 ,8.54,,birth_rate,8.54,False
A,V97020,I,HU,2020,9.59 b,9.59,b,birth_rate,9.59,False
A,V97020,I,IT,2020,5.23 ,5.23,,birth_rate,5.23,False
A,V97020,I,LV,2020,13.55 ,13.55,,birth_rate,13.55,False
A,V97020,I,NL,2020,10.59 ,10.59,,birth_rate,10.59,False
A,V97020,I,NO,2020,6.71 ,6.71,,birth_rate,6.71,False
A,V97020,I,PL,2020,10.87 ,10.87,,birth_rate,10.87,False
A,V97020,I,PT,2020,9.56 ,9.56,,birth_rate,9.56,False
A,V97020,I,RO,2020,10.95 ,10.95,,birth_rate,10.95,False
A,V97020,I,SE,2020,6.80 ,6.8,,birth_rate,6.8,False
A,V97020,I,SI,2020,15.46 ,15.46,,birth_rate,15.46,False
A,V97020,I,SK,2020,10.54 ,10.54,,birth_rate,10.54,False
A,V97020,J,AT,2020,6.51 p,6.51,p,birth_rate,6.51,False
A,V97020,J,BE,2020,7.97 ,7.97,,birth_rate,7.97,False
A,V97020,J,BG,2020,11.01 ,11.01,,birth_rate,11.01,False
A,V97020,J,CZ,2020,10.63 ,10.63,,birth_rate,10.63,False
A,V97020,J,DE,2020,8.76 ,8.76,,birth_rate,8.76,False
A,V97020,J,EE,2020,19.05 ,19.05,,birth_rate,19.05,False
A,V97020,J,ES,2020,9.98 ,9.98,,birth_rate,9.98,False
A,V97020,J,FI,2020,12.07 ,12.07,,birth_rate,12.07,False
A,V97020,J,FR,2020,13.98 ,13.98,,birth_rate,13.98,False
A,V97020,J,HU,2020,11.32 b,11.32,b,birth_rate,11.32,False
A,V97020,J,IT,2020,8.65 ,8.65,,birth_rate,8.65,False
A,V97020,J,LV,2020,14.59 ,14.59,,birth_rate,14.59,False
A,V97020,J,NL,2020,10.13 ,10.13,,birth_rate,10.13,False
A,V97020,J,NO,2020,10.68 ,10.68,,birth_rate,10.68,False
A,V97020,J,PL,2020,12.39 ,12.39,,birth_rate,12.39,False
A,V97020,J,PT,2020,15.63 ,15.63,,birth_rate,15.63,False
A,V97020,J,RO,2020,15.15 ,15.15,,birth_rate,15.15,False
A,V97020,J,SE,2020,7.82 ,7.82,,birth_rate,7.82,False
A,V97020,J,SI,2020,10.88 ,10.88,,birth_rate,10.88,False
A,V97020,J,SK,2020,11.98 ,11.98,,birth_rate,11.98,False
A,V97020,L,AT,2020,2.49 p,2.49,p,birth_rate,2.49,False
A,V97020,L,BE,2020,4.45 ,4.45,,birth_rate,4.45,False
A,V97020,L,BG,2020,8.66 ,8.66,,birth_rate,8.66,False
A,V97020,L,CZ,2020,11.15 ,11.15,,birth_rate,11.15,False
A,V97020,L,DE,2020,14.37 ,14.37,,birth_rate,14.37,False
A,V97020,L,EE,2020,10.23 ,10.23,,birth_rate,10.23,False
A,V97020,L,ES,2020,6.33 ,6.33,,birth_rate,6.33,False
A,V97020,L,FI,2020,6.49 ,6.49,,birth_rate,6.49,False
A,V97020,L,FR,2020,9.90 ,9.9,,birth_rate,9.9,False
A,V97020,L,HU,2020,10.46 b,10.46,b,birth_rate,10.46,False
A,V97020,L,IT,2020,3.55 ,3.55,,birth_rate,3.55,False
A,V97020,L,LV,2020,7.90 ,7.9,,birth_rate,7.9,False
A,V97020,L,NL,2020,7.28 ,7.28,,birth_rate,7.28,False
A,V97020,L,NO,2020,4.14 ,4.14,,birth_rate,4.14,False
A,V97020,L,PL,2020,8.96 ,8.96,,birth_rate,8.96,False
A,V97020,L,PT,2020,11.96 ,11.96,,birth_rate,11.96,False
A,V97020,L,RO,2020,9.91 ,9.91,,birth_rate,9.91,False
A,V97020,L,SE,2020,4.85 ,4.85,,birth_rate,4.85,False
A,V97020,L,SI,2020,9.67 ,9.67,,birth_rate,9.67,False
A,V97020,L,SK,2020,8.76 ,8.76,,birth_rate,8.76,False
A,V97020,M,AT,2020,4.51 p,4.51,p,birth_rate,4.51,False
A,V97020,M,BE,2020,7.48 ,7.48,,birth_rate,7.48,False
A,V97020,M,BG,2020,8.36 ,8.36,,birth_rate,8.36,False
A,V97020,M,CZ,2020,7.34 ,7.34,,birth_rate,7.34,False
A,V97020,M,DE,2020,6.77 ,6.77,,birth_rate,6.77,False
A,V97020,M,EE,2020,12.38 ,12.38,,birth_rate,12.38,False
A,V97020,M,ES,2020,6.54 ,6.54,,birth_rate,6.54,False
A,V97020,M,FI,2020,11.20 ,11.2,,birth_rate,11.2,False
A,V97020,M,FR,2020,13.13 ,13.13,,birth_rate,13.13,False
A,V97020,M,HU,2020,8.98 b,8.98,b,birth_rate,8.98,False
A,V97020,M,IT,2020,8.68 ,8.68,,birth_rate,8.68,False
A,V97020,M,LV,2020,10.55 ,10.55,,birth_rate,10.55,False
A,V97020,M,NL,2020,9.70 ,9.7,,birth_rate,9.7,False
A,V97020,M,NO,2020,10.54 ,10.54,,birth_rate,10.54,False
A,V97020,M,PL,2020,8.83 ,8.83,,birth_rate,8.83,False
A,V97020,M,PT,2020,10.93 ,10.93,,birth_rate,10.93,False
A,V97020,M,RO,2020,10.17 ,10.17,,birth_rate,10.17,False
A,V97020,M,SE,2020,6.69 ,6.69,,birth_rate,6.69,False
A,V97020,M,SI,2020,9.99 ,9.99,,birth_rate,9.99,False
A,V97020,M,SK,2020,10.28 ,10.28,,birth_rate,10.28,False
A,V97020,N,AT,2020,8.08 p,8.08,p,birth_rate,8.08,False
A,V97020,N,BE,2020,7.25 ,7.25,,birth_rate,7.25,False
A,V97020,N,BG,2020,8.26 ,8.26,,birth_rate,8.26,False
A,V97020,N,CZ,2020,10.22 ,10.22,,birth_rate,10.22,False
A,V97020,N,DE,2020,8.78 ,8.78,,birth_rate,8.78,False
A,V97020,N,EE,2020,16.84 ,16.84,,birth_rate,16.84,False
A,V97020,N,ES,2020,9.38 ,9.38,,birth_rate,9.38,False
A,V97020,N,FI,2020,10.77 ,10.77,,birth_rate,10.77,False
A,V97020,N,FR,2020,12.65 ,12.65,,birth_rate,12.65,False
A,V97020,N,HU,2020,14.45 b,14.45,b,birth_rate,14.45,False
A,V97020,N,IT,2020,9.94 ,9.94,,birth_rate,9.94,False
A,V97020,N,LV,2020,13.03 ,13.03,,birth_rate,13.03,False
A,V97020,N,NL,2020,12.63 ,12.63,,birth_rate,12.63,False
A,V97020,N,NO,2020,10.59 ,10.59,,birth_rate,10.59,False
A,V97020,N,PL,2020,13.31 ,13.31,,birth_rate,13.31,False
A,V97020,N,PT,2020,21.52 ,21.52,,birth_rate,21.52,False
A,V97020,N,RO,2020,12.03 ,12.03,,birth_rate,12.03,False
A,V97020,N,SE,2020,8.79 ,8.79,,birth_rate,8.79,False
A,V97020,N,SI,2020,11.98 ,11.98,,birth_rate,11.98,False
A,V97020,N,SK,2020,15.34 ,15.34,,birth_rate,15.34,False
A,V97030,B,AT,2020,2.48 p,2.48,p,death_rate,2.48,False
A,V97030,B,BE,2020,3.31 ,3.31,,death_rate,3.31,False
A,V97030,B,BG,2020,10.32 p,10.32,p,death_rate,10.32,False
A,V97030,B,CZ,2020,4.77 e,4.77,e,death_rate,4.77,False
A,V97030,B,DE,2020,4.36 ,4.36,,death_rate,4.36,False
A,V97030,B,EE,2020,2.60 p,2.6,p,death_rate,2.6,False
A,V97030,B,ES,2020,5.98 e,5.98,e,death_rate,5.98,False
A,V97030,B,FI,2020,6.23 ,6.23,,death_rate,6.23,False
A,V97030,B,FR,2020,2.23 ,2.23,,death_rate,2.23,False
A,V97030,B,HU,2020,7.48 be,7.48,be,death_rate,7.48,False
A,V97030,B,IT,2020,4.73 e,4.73,e,death_rate,4.73,False
A,V97030,B,LV,2020,6.18 e,6.18,e,death_rate,6.18,False
A,V97030,B,NL,2020,8.58 p,8.58,p,death_rate,8.58,False
A,V97030,B,NO,2020,1.49 ,1.49,,death_rate,1.49,False
A,V97030,B,PL,2020,7.67 p,7.67,p,death_rate,7.67,False
A,V97030,B,PT,2020,6.26 e,6.26,e,death_rate,6.26,False
A,V97030,B,RO,2020,9.49 e,9.49,e,death_rate,9.49,False
A,V97030,B,SE,2020,4.50 ,4.5,,death_rate,4.5,False
A,V97030,B,SI,2020,2.27 p,2.27,p,death_rate,2.27,False
A,V97030,B,SK,2020,4.06 e,4.06,e,death_rate,4.06,False
A,V97030,C,AT,2020,3.11 p,3.11,p,death_rate,3.11,False
A,V97030,C,BE,2020,2.94 ,2.94,,death_rate,2.94,False
A,V97030,C,BG,2020,8.58 p,8.58,p,death_rate,8.58,False
A,V97030,C,CZ,2020,7.07 e,7.07,e,death_rate,7.07,False
A,V97030,C,DE,2020,6.10 ,6.1,,death_rate,6.1,False
A,V97030,C,EE,2020,7.75 p,7.75,p,death_rate,7.75,False
A,V97030,C,ES,2020,6.16 e,6.16,e,death_rate,6.16,False
A,V97030,C,FI,2020,7.97 ,7.97,,death_rate,7.97,False
A,V97030,C,FR,2020,2.96 ,2.96,,death_rate,2.96,False
A,V97030,C,HU,2020,6.83 be,6.83,be,death_rate,6.83,False
A,V97030,C,IT,2020,6.11 e,6.11,e,death_rate,6.11,False
A,V97030,C,LV,2020,9.90 e,9.9,e,death_rate,9.9,False
A,V97030,C,NL,2020,5.65 p,5.65,p,death_rate,5.65,False
A,V97030,C,NO,2020,2.58 ,2.58,,death_rate,2.58,False
A,V97030,C,PL,2020,7.89 p,7.89,p,death_rate,7.89,False
A,V97030,C,PT,2020,8.06 e,8.06,e,death_rate,8.06,False
A,V97030,C,RO,2020,7.18 e,7.18,e,death_rate,7.18,False
A,V97030,C,SE,2020,5.23 ,5.23,,death_rate,5.23,False
A,V97030,C,SI,2020,4.13 p,4.13,p,death_rate,4.13,False
A,V97030,C,SK,2020,7.72 e,7.72,e,death_rate,7.72,False
A,V97030,D,AT,2020,2.31 p,2.31,p,death_rate,2.31,False
A,V97030,D,BE,2020,2.19 ,2.19,,death_rate,2.19,False
A,V97030,D,BG,2020,16.72 p,16.72,p,death_rate,16.72,False
A,V97030,D,CZ,2020,2.16 e,2.16,e,death_rate,2.16,False
A,V97030,D,DE,2020,9.11 ,9.11,,death_rate,9.11,False
A,V97030,D,EE,2020,20.60 p,20.6,p,death_rate,20.6,False
A,V97030,D,ES,2020,1.98 e,1.98,e,death_rate,1.98,False
A,V97030,D,FI,2020,4.27 ,4.27,,death_rate,4.27,False
A,V97030,D,FR,2020,1.17 ,1.17,,death_rate,1.17,False
A,V97030,D,HU,2020,5.89 be,5.89,be,death_rate,5.89,False
A,V97030,D,IT,2020,2.88 e,2.88,e,death_rate,2.88,False
A,V97030,D,LV,2020,5.34 e,5.34,e,death_rate,5.34,False
A,V97030,D,NL,2020,5.68 p,5.68,p,death_rate,5.68,False
A,V97030,D,NO,2020,11.11 ,11.11,,death_rate,11.11,False
A,V97030,D,PL,2020,9.20 p,9.2,p,death_rate,9.2,False
A,V97030,D,PT,2020,3.50 e,3.5,e,death_rate,3.5,False
A,V97030,D,RO,2020,7.13 e,7.13,e,death_rate,7.13,False
A,V97030,D,SE,2020,4.57 ,4.57,,death_rate,4.57,False
A,V97030,D,SI,2020,2.12 p,2.12,p,death_rate,2.12,False
A,V97030,D,SK,2020,3.22 e,3.22,e,death_rate,3.22,False
A,V97030,E,AT,2020,1.86 p,1.86,p,death_rate,1.86,False
A,V97030,E,BE,2020,2.37 ,2.37,,death_rate,2.37,False
A,V97030,E,BG,2020,7.80 p,7.8,p,death_rate,7.8,False
A,V97030,E,CZ,2020,6.41 e,6.41,e,death_rate,6.41,False
A,V97030,E,DE,2020,4.24 ,4.24,,death_rate,4.24,False
A,V97030,E,EE,2020,4.93 p,4.93,p,death_rate,4.93,False
A,V97030,E,ES,2020,3.80 e,3.8,e,death_rate,3.8,False
A,V97030,E,FI,2020,12.96 ,12.96,,death_rate,12.96,False
A,V97030,E,FR,2020,2.89 ,2.89,,death_rate,2.89,False
A,V97030,E,HU,2020,7.31 be,7.31,be,death_rate,7.31,False
A,V97030,E,IT,2020,5.78 e,5.78,e,death_rate,5.78,False
A,V97030,E,LV,2020,8.02 e,8.02,e,death_rate,8.02,False
A,V97030,E,NL,2020,4.75 p,4.75,p,death_rate,4.75,False
A,V97030,E,NO,2020,2.42 ,2.42,,death_rate,2.42,False
A,V97030,E,PL,2020,7.49 p,7.49,p,death_rate,7.49,False
A,V97030,E,PT,2020,6.86 e,6.86,e,death_rate,6.86,False
A,V97030,E,RO,2020,8.40 e,8.4,e,death_rate,8.4,False
A,V97030,E,SE,2020,4.15 ,4.15,,death_rate,4.15,False
A,V97030,E,SI,2020,3.01 p,3.01,p,death_rate,3.01,False
A,V97030,E,SK,2020,4.84 e,4.84,e,death_rate,4.84,False
A,V97030,F,AT,2020,3.46 p,3.46,p,death_rate,3.46,False
A,V97030,F,BE,2020,3.10 ,3.1,,death_rate,3.1,False
A,V97030,F,BG,2020,13.38 p,13.38,p,death_rate,13.38,False
A,V97030,F,CZ,2020,7.33 e,7.33,e,death_rate,7.33,False
A,V97030,F,DE,2020,7.84 ,7.84,,death_rate,7.84,False
A,V97030,F,EE,2020,9.18 p,9.18,p,death_rate,9.18,False
A,V97030,F,ES,2020,8.34 e,8.34,e,death_rate,8.34,False
A,V97030,F,FI,2020,6.52 ,6.52,,death_rate,6.52,False
A,V97030,F,FR,2020,3.26 ,3.26,,death_rate,3.26,False
A,V97030,F,HU,2020,5.79 be,5.79,be,death_rate,5.79,False
A,V97030,F,IT,2020,7.76 e,7.76,e,death_rate,7.76,False
A,V97030,F,LV,2020,12.15 e,12.15,e,death_rate,12.15,False
A,V97030,F,NL,2020,4.80 p,4.8,p,death_rate,4.8,False
A,V97030,F,NO,2020,1.79 ,1.79,,death_rate,1.79,False
A,V97030,F,PL,2020,11.05 p,11.05,p,death_rate,11.05,False
A,V97030,F,PT,2020,9.22 e,9.22,e,death_rate,9.22,False
A,V97030,F,RO,2020,8.21 e,8.21,e,death_rate,8.21,False
A,V97030,F,SE,2020,5.25 ,5.25,,death_rate,5.25,False
A,V97030,F,SI,2020,3.79 p,3.79,p,death_rate,3.79,False
A,V97030,F,SK,2020,10.07 e,10.07,e,death_rate,10.07,False
A,V97030,G,AT,2020,4.46 p,4.46,p,death_rate,4.46,False
A,V97030,G,BE,2020,3.28 ,3.28,,death_rate,3.28,False
A,V97030,G,BG,2020,13.87 p,13.87,p,death_rate,13.87,False
A,V97030,G,CZ,2020,8.53 e,8.53,e,death_rate,8.53,False
A,V97030,G,DE,2020,9.24 ,9.24,,death_rate,9.24,False
A,V97030,G,EE,2020,9.45 p,9.45,p,death_rate,9.45,False
A,V97030,G,ES,2020,8.46 e,8.46,e,death_rate,8.46,False
A,V97030,G,FI,2020,9.79 ,9.79,,death_rate,9.79,False
A,V97030,G,FR,2020,4.06 ,4.06,,death_rate,4.06,False
A,V97030,G,HU,2020,7.72 be,7.72,be,death_rate,7.72,False
A,V97030,G,IT,2020,8.07 e,8.07,e,death_rate,8.07,False
A,V97030,G,LV,2020,10.65 e,10.65,e,death_rate,10.65,False
A,V97030,G,NL,2020,8.05 p,8.05,p,death_rate,8.05,False
A,V97030,G,NO,2020,2.17 ,2.17,,death_rate,2.17,False
A,V97030,G,PL,2020,8.12 p,8.12,p,death_rate,8.12,False
A,V97030,G,PT,2020,9.97 e,9.97,e,death_rate,9.97,False
A,V97030,G,RO,2020,7.23 e,7.23,e,death_rate,7.23,False
A,V97030,G,SE,2020,7.01 ,7.01,,death_rate,7.01,False
A,V97030,G,SI,2020,4.66 p,4.66,p,death_rate,4.66,False
A,V97030,G,SK,2020,7.75 e,7.75,e,death_rate,7.75,False
A,V97030,H,AT,2020,6.35 p,6.35,p,death_rate,6.35,False
A,V97030,H,BE,2020,3.57 ,3.57,,death_rate,3.57,False
A,V97030,H,BG,2020,10.78 p,10.78,p,death_rate,10.78,False
A,V97030,H,CZ,2020,7.04 e,7.04,e,death_rate,7.04,False
A,V97030,H,DE,2020,11.12 ,11.12,,death_rate,11.12,False
A,V97030,H,EE,2020,11.98 p,11.98,p,death_rate,11.98,False
A,V97030,H,ES,2020,7.27 e,7.27,e,death_rate,7.27,False
A,V97030,H,FI,2020,6.08 ,6.08,,death_rate,6.08,False
A,V97030,H,FR,2020,4.30 ,4.3,,death_rate,4.3,False
A,V97030,H,HU,2020,6.38 be,6.38,be,death_rate,6.38,False
A,V97030,H,IT,2020,6.25 e,6.25,e,death_rate,6.25,False
A,V97030,H,LV,2020,12.34 e,12.34,e,death_rate,12.34,False
A,V97030,H,NL,2020,7.37 p,7.37,p,death_rate,7.37,False
A,V97030,H,NO,2020,1.06 ,1.06,,death_rate,1.06,False
A,V97030,H,PL,2020,10.38 p,10.38,p,death_rate,10.38,False
A,V97030,H,PT,2020,12.55 e,12.55,e,death_rate,12.55,False
A,V97030,H,RO,2020,6.87 e,6.87,e,death_rate,6.87,False
A,V97030,H,SE,2020,5.95 ,5.95,,death_rate,5.95,False
A,V97030,H,SI,2020,4.77 p,4.77,p,death_rate,4.77,False
A,V97030,H,SK,2020,10.02 e,10.02,e,death_rate,10.02,False
A,V97030,I,AT,2020,5.03 p,5.03,p,death_rate,5.03,False
A,V97030,I,BE,2020,4.31 ,4.31,,death_rate,4.31,False
A,V97030,I,BG,2020,14.58 p,14.58,p,death_rate,14.58,False
A,V97030,I,CZ,2020,10.08 e,10.08,e,death_rate,10.08,False
A,V97030,I,DE,2020,12.00 ,12.0,,death_rate,12.0,False
A,V97030,I,EE,2020,11.97 p,11.97,p,death_rate,11.97,False
A,V97030,I,ES,2020,10.37 e,10.37,e,death_rate,10.37,False
A,V97030,I,FI,2020,8.17 ,8.17,,death_rate,8.17,False
A,V97030,I,FR,2020,4.23 ,4.23,,death_rate,4.23,False
A,V97030,I,HU,2020,8.98 be,8.98,be,death_rate,8.98,False
A,V97030,I,IT,2020,8.03 e,8.03,e,death_rate,8.03,False
A,V97030,I,LV,2020,13.70 e,13.7,e,death_rate,13.7,False
A,V97030,I,NL,2020,7.08 p,7.08,p,death_rate,7.08,False
A,V97030,I,NO,2020,2.08 ,2.08,,death_rate,2.08,False
A,V97030,I,PL,2020,10.16 p,10.16,p,death_rate,10.16,False
A,V97030,I,PT,2020,13.93 e,13.93,e,death_rate,13.93,False
A,V97030,I,RO,2020,9.31 e,9.31,e,death_rate,9.31,False
A,V97030,I,SE,2020,7.01 ,7.01,,death_rate,7.01,False
A,V97030,I,SI,2020,16.19 p,16.19,p,death_rate,16.19,False
A,V97030,I,SK,2020,7.34 e,7.34,e,death_rate,7.34,False
A,V97030,J,AT,2020,3.65 p,3.65,p,death_rate,3.65,False
A,V97030,J,BE,2020,3.55 ,3.55,,death_rate,3.55,False
A,V97030,J,BG,2020,15.89 p,15.89,p,death_rate,15.89,False
A,V97030,J,CZ,2020,6.14 e,6.14,e,death_rate,6.14,False
A,V97030,J,DE,2020,11.29 ,11.29,,death_rate,11.29,False
A,V97030,J,EE,2020,10.87 p,10.87,p,death_rate,10.87,False
A,V97030,J,ES,2020,9.03 e,9.03,e,death_rate,9.03,False
A,V97030,J,FI,2020,11.26 ,11.26,,death_rate,11.26,False
A,V97030,J,FR,2020,4.57 ,4.57,,death_rate,4.57,False
A,V97030,J,HU,2020,8.08 be,8.08,be,death_rate,8.08,False
A,V97030,J,IT,2020,7.81 e,7.81,e,death_rate,7.81,False
A,V97030,J,LV,2020,14.67 e,14.67,e,death_rate,14.67,False
A,V97030,J,NL,2020,8.55 p,8.55,p,death_rate,8.55,False
A,V97030,J,NO,2020,4.29 ,4.29,,death_rate,4.29,False
A,V97030,J,PL,2020,6.30 p,6.3,p,death_rate,6.3,False
A,V97030,J,PT,2020,13.34 e,13.34,e,death_rate,13.34,False
A,V97030,J,RO,2020,8.89 e,8.89,e,death_rate,8.89,False
A,V97030,J,SE,2020,5.70 ,5.7,,death_rate,5.7,False
A,V97030,J,SI,2020,5.84 p,5.84,p,death_rate,5.84,False
A,V97030,J,SK,2020,7.29 e,7.29,e,death_rate,7.29,False
A,V97030,L,AT,2020,2.45 p,2.45,p,death_rate,2.45,False
A,V97030,L,BE,2020,1.74 ,1.74,,death_rate,1.74,False
A,V97030,L,BG,2020,24.72 p,24.72,p,death_rate,24.72,False
A,V97030,L,CZ,2020,7.23 e,7.23,e,death_rate,7.23,False
A,V97030,L,DE,2020,8.09 ,8.09,,death_rate,8.09,False
A,V97030,L,EE,2020,8.11 p,8.11,p,death_rate,8.11,False
A,V97030,L,ES,2020,5.55 e,5.55,e,death_rate,5.55,False
A,V97030,L,FI,2020,19.57 ,19.57,,death_rate,19.57,False
A,V97030,L,FR,2020,3.20 ,3.2,,death_rate,3.2,False
A,V97030,L,HU,2020,6.65 be,6.65,be,death_rate,6.65,False
A,V97030,L,IT,2020,4.68 e,4.68,e,death_rate,4.68,False
A,V97030,L,LV,2020,10.36 e,10.36,e,death_rate,10.36,False
A,V97030,L,NL,2020,5.98 p,5.98,p,death_rate,5.98,False
A,V97030,L,NO,2020,2.99 ,2.99,,death_rate,2.99,False
A,V97030,L,PL,2020,7.27 p,7.27,p,death_rate,7.27,False
A,V97030,L,PT,2020,7.74 e,7.74,e,death_rate,7.74,False
A,V97030,L,RO,2020,7.27 e,7.27,e,death_rate,7.27,False
A,V97030,L,SE,2020,2.72 ,2.72,,death_rate,2.72,False
A,V97030,L,SI,2020,4.16 p,4.16,p,death_rate,4.16,False
A,V97030,L,SK,2020,3.36 e,3.36,e,death_rate,3.36,False
A,V97030,M,AT,2020,3.64 p,3.64,p,death_rate,3.64,False
A,V97030,M,BE,2020,3.27 ,3.27,,death_rate,3.27,False
A,V97030,M,BG,2020,16.91 p,16.91,p,death_rate,16.91,False
A,V97030,M,CZ,2020,6.42 e,6.42,e,death_rate,6.42,False
A,V97030,M,DE,2020,10.71 ,10.71,,death_rate,10.71,False
A,V97030,M,EE,2020,9.54 p,9.54,p,death_rate,9.54,False
A,V97030,M,ES,2020,7.64 e,7.64,e,death_rate,7.64,False
A,V97030,M,FI,2020,10.98 ,10.98,,death_rate,10.98,False
A,V97030,M,FR,2020,4.33 ,4.33,,death_rate,4.33,False
A,V97030,M,HU,2020,7.06 be,7.06,be,death_rate,7.06,False
A,V97030,M,IT,2020,10.00 e,10.0,e,death_rate,10.0,False
A,V97030,M,LV,2020,12.15 e,12.15,e,death_rate,12.15,False
A,V97030,M,NL,2020,8.24 p,8.24,p,death_rate,8.24,False
A,V97030,M,NO,2020,3.41 ,3.41,,death_rate,3.41,False
A,V97030,M,PL,2020,7.00 p,7.0,p,death_rate,7.0,False
A,V97030,M,PT,2020,10.33 e,10.33,e,death_rate,10.33,False
A,V97030,M,RO,2020,6.97 e,6.97,e,death_rate,6.97,False
A,V97030,M,SE,2020,5.52 ,5.52,,death_rate,5.52,False
A,V97030,M,SI,2020,6.06 p,6.06,p,death_rate,6.06,False
A,V97030,M,SK,2020,7.38 e,7.38,e,death_rate,7.38,False
A,V97030,N,AT,2020,5.83 p,5.83,p,death_rate,5.83,False
A,V97030,N,BE,2020,3.40 ,3.4,,death_rate,3.4,False
A,V97030,N,BG,2020,18.05 p,18.05,p,death_rate,18.05,False
A,V97030,N,CZ,2020,8.14 e,8.14,e,death_rate,8.14,False
A,V97030,N,DE,2020,10.70 ,10.7,,death_rate,10.7,False
A,V97030,N,EE,2020,12.86 p,12.86,p,death_rate,12.86,False
A,V97030,N,ES,2020,10.44 e,10.44,e,death_rate,10.44,False
A,V97030,N,FI,2020,9.44 ,9.44,,death_rate,9.44,False
A,V97030,N,FR,2020,3.85 ,3.85,,death_rate,3.85,False
A,V97030,N,HU,2020,9.84 be,9.84,be,death_rate,9.84,False
A,V97030,N,IT,2020,10.80 e,10.8,e,death_rate,10.8,False
A,V97030,N,LV,2020,13.27 e,13.27,e,death_rate,13.27,False
A,V97030,N,NL,2020,7.88 p,7.88,p,death_rate,7.88,False
A,V97030,N,NO,2020,2.74 ,2.74,,death_rate,2.74,False
A,V97030,N,PL,2020,11.94 p,11.94,p,death_rate,11.94,False
A,V97030,N,PT,2020,24.25 e,24.25,e,death_rate,24.25,False
A,V97030,N,RO,2020,8.11 e,8.11,e,death_rate,8.11,False
A,V97030,N,SE,2020,6.83 ,6.83,,death_rate,6.83,False
A,V97030,N,SI,2020,10.22 p,10.22,p,death_rate,10.22,False
A,V97030,N,SK,2020,7.95 e,7.95,e,death_rate,7.95,False
A,V97043,B,AT,2020,71.43 p,71.43,p,survival_3y,71.43,False
A,V97043,B,BE,2020,62.50 ,62.5,,survival_3y,62.5,False
A,V97043,B,BG,2020,43.48 ,43.48,,survival_3y,43.48,False
A,V97043,B,CZ,2020,72.73 ,72.73,,survival_3y,72.73,False
A,V97043,B,DE,2020,42.03 ,42.03,,survival_3y,42.03,False
A,V97043,B,EE,2020,50.00 ,50.0,,survival_3y,50.0,False
A,V97043,B,ES,2020,78.18 ,78.18,,survival_3y,78.18,False
A,V97043,B,FI,2020,48.78 ,48.78,,survival_3y,48.78,False
A,V97043,B,FR,2020,86.32 ,86.32,,survival_3y,86.32,False
A,V97043,B,HU,2020,54.17 b,54.17,b,survival_3y,54.17,False
A,V97043,B,IT,2020,60.94 ,60.94,,survival_3y,60.94,False
A,V97043,B,LV,2020,26.19 ,26.19,,survival_3y,26.19,False
A,V97043,B,NL,2020,80.00 ,80.0,,survival_3y,80.0,False
A,V97043,B,NO,2020,38.55 ,38.55,,survival_3y,38.55,False
A,V97043,B,PL,2020,53.94 ,53.94,,survival_3y,53.94,False
A,V97043,B,PT,2020,52.11 ,52.11,,survival_3y,52.11,False
A,V97043,B,RO,2020,53.57 ,53.57,,survival_3y,53.57,False
A,V97043,B,SE,2020,93.10 ,93.1,,survival_3y,93.1,False
A,V97043,B,SI,2020,33.33 ,33.33,,survival_3y,33.33,False
A,V97043,B,SK,2020,68.42 ,68.42,,survival_3y,68.42,False
A,V97043,C,AT,2020,75.18 p,75.18,p,survival_3y,75.18,False
A,V97043,C,BE,2020,77.84 ,77.84,,survival_3y,77.84,False
A,V97043,C,BG,2020,61.58 ,61.58,,survival_3y,61.58,False
A,V97043,C,CZ,2020,64.94 ,64.94,,survival_3y,64.94,False
A,V97043,C,DE,2020,53.62 ,53.62,,survival_3y,53.62,False
A,V97043,C,EE,2020,55.46 ,55.46,,survival_3y,55.46,False
A,V97043,C,ES,2020,61.82 ,61.82,,survival_3y,61.82,False
A,V97043,C,FI,2020,66.71 ,66.71,,survival_3y,66.71,False
A,V97043,C,FR,2020,68.15 ,68.15,,survival_3y,68.15,False
A,V97043,C,HU,2020,57.01 b,57.01,b,survival_3y,57.01,False
A,V97043,C,IT,2020,64.43 ,64.43,,survival_3y,64.43,False
A,V97043,C,LV,2020,51.77 ,51.77,,survival_3y,51.77,False
A,V97043,C,NL,2020,78.94 ,78.94,,survival_3y,78.94,False
A,V97043,C,NO,2020,61.55 ,61.55,,survival_3y,61.55,False
A,V97043,C,PL,2020,52.61 ,52.61,,survival_3y,52.61,False
A,V97043,C,PT,2020,55.93 ,55.93,,survival_3y,55.93,False
A,V97043,C,RO,2020,66.57 ,66.57,,survival_3y,66.57,False
A,V97043,C,SE,2020,79.94 ,79.94,,survival_3y,79.94,False
A,V97043,C,SI,2020,68.17 ,68.17,,survival_3y,68.17,False
A,V97043,C,SK,2020,67.30 ,67.3,,survival_3y,67.3,False
A,V97043,D,AT,2020,77.88 p,77.88,p,survival_3y,77.88,False
A,V97043,D,BE,2020,78.13 ,78.13,,survival_3y,78.13,False
A,V97043,D,BG,2020,49.15 ,49.15,,survival_3y,49.15,False
A,V97043,D,CZ,2020,83.02 ,83.02,,survival_3y,83.02,False
A,V97043,D,DE,2020,45.42 ,45.42,,survival_3y,45.42,False
A,V97043,D,EE,2020,60.00 ,60.0,,survival_3y,60.0,False
A,V97043,D,ES,2020,76.36 ,76.36,,survival_3y,76.36,False
A,V97043,D,FI,2020,65.63 ,65.63,,survival_3y,65.63,False
A,V97043,D,FR,2020,90.33 ,90.33,,survival_3y,90.33,False
A,V97043,D,HU,2020,55.83 b,55.83,b,survival_3y,55.83,False
A,V97043,D,IT,2020,70.69 ,70.69,,survival_3y,70.69,False
A,V97043,D,LV,2020,50.00 ,50.0,,survival_3y,50.0,False
A,V97043,D,NL,2020,71.94 ,71.94,,survival_3y,71.94,False
A,V97043,D,NO,2020,2.22 ,2.22,,survival_3y,2.22,False
A,V97043,D,PL,2020,43.75 ,43.75,,survival_3y,43.75,False
A,V97043,D,PT,2020,79.55 ,79.55,,survival_3y,79.55,False
A,V97043,D,RO,2020,43.88 ,43.88,,survival_3y,43.88,False
A,V97043,D,SE,2020,87.27 ,87.27,,survival_3y,87.27,False
A,V97043,D,SI,2020,48.78 ,48.78,,survival_3y,48.78,False
A,V97043,D,SK,2020,71.43 ,71.43,,survival_3y,71.43,False
A,V97043,E,AT,2020,75.36 p,75.36,p,survival_3y,75.36,False
A,V97043,E,BE,2020,80.00 ,80.0,,survival_3y,80.0,False
A,V97043,E,BG,2020,52.94 ,52.94,,survival_3y,52.94,False
A,V97043,E,CZ,2020,67.54 ,67.54,,survival_3y,67.54,False
A,V97043,E,DE,2020,48.90 ,48.9,,survival_3y,48.9,False
A,V97043,E,EE,2020,66.67 ,66.67,,survival_3y,66.67,False
A,V97043,E,ES,2020,63.17 ,63.17,,survival_3y,63.17,False
A,V97043,E,FI,2020,67.47 ,67.47,,survival_3y,67.47,False
A,V97043,E,FR,2020,64.27 ,64.27,,survival_3y,64.27,False
A,V97043,E,HU,2020,57.26 b,57.26,b,survival_3y,57.26,False
A,V97043,E,IT,2020,68.78 ,68.78,,survival_3y,68.78,False
A,V97043,E,LV,2020,68.42 ,68.42,,survival_3y,68.42,False
A,V97043,E,NL,2020,81.16 ,81.16,,survival_3y,81.16,False
A,V97043,E,NO,2020,69.44 ,69.44,,survival_3y,69.44,False
A,V97043,E,PL,2020,47.61 ,47.61,,survival_3y,47.61,False
A,V97043,E,PT,2020,63.10 ,63.1,,survival_3y,63.1,False
A,V97043,E,RO,2020,68.44 ,68.44,,survival_3y,68.44,False
A,V97043,E,SE,2020,79.05 ,79.05,,survival_3y,79.05,False
A,V97043,E,SI,2020,51.61 ,51.61,,survival_3y,51.61,False
A,V97043,E,SK,2020,77.56 ,77.56,,survival_3y,77.56,False
A,V97043,F,AT,2020,72.03 p,72.03,p,survival_3y,72.03,False
A,V97043,F,BE,2020,76.68 ,76.68,,survival_3y,76.68,False
A,V97043,F,BG,2020,46.80 ,46.8,,survival_3y,46.8,False
A,V97043,F,CZ,2020,63.71 ,63.71,,survival_3y,63.71,False
A,V97043,F,DE,2020,52.79 ,52.79,,survival_3y,52.79,False
A,V97043,F,EE,2020,60.45 ,60.45,,survival_3y,60.45,False
A,V97043,F,ES,2020,55.25 ,55.25,,survival_3y,55.25,False
A,V97043,F,FI,2020,67.40 ,67.4,,survival_3y,67.4,False
A,V97043,F,FR,2020,72.62 ,72.62,,survival_3y,72.62,False
A,V97043,F,HU,2020,58.94 b,58.94,b,survival_3y,58.94,False
A,V97043,F,IT,2020,56.33 ,56.33,,survival_3y,56.33,False
A,V97043,F,LV,2020,39.00 ,39.0,,survival_3y,39.0,False
A,V97043,F,NL,2020,81.13 ,81.13,,survival_3y,81.13,False
A,V97043,F,NO,2020,55.62 ,55.62,,survival_3y,55.62,False
A,V97043,F,PL,2020,47.75 ,47.75,,survival_3y,47.75,False
A,V97043,F,PT,2020,54.72 ,54.72,,survival_3y,54.72,False
A,V97043,F,RO,2020,63.29 ,63.29,,survival_3y,63.29,False
A,V97043,F,SE,2020,79.05 ,79.05,,survival_3y,79.05,False
A,V97043,F,SI,2020,65.67 ,65.67,,survival_3y,65.67,False
A,V97043,F,SK,2020,60.34 ,60.34,,survival_3y,60.34,False
A,V97043,G,AT,2020,64.37 p,64.37,p,survival_3y,64.37,False
A,V97043,G,BE,2020,72.79 ,72.79,,survival_3y,72.79,False
A,V97043,G,BG,2020,53.95 ,53.95,,survival_3y,53.95,False
A,V97043,G,CZ,2020,62.96 ,62.96,,survival_3y,62.96,False
A,V97043,G,DE,2020,48.54 ,48.54,,survival_3y,48.54,False
A,V97043,G,EE,2020,50.80 ,50.8,,survival_3y,50.8,False
A,V97043,G,ES,2020,53.79 ,53.79,,survival_3y,53.79,False
A,V97043,G,FI,2020,57.38 ,57.38,,survival_3y,57.38,False
A,V97043,G,FR,2020,60.30 ,60.3,,survival_3y,60.3,False
A,V97043,G,HU,2020,55.44 b,55.44,b,survival_3y,55.44,False
A,V97043,G,IT,2020,55.09 ,55.09,,survival_3y,55.09,False
A,V97043,G,LV,2020,50.33 ,50.33,,survival_3y,50.33,False
A,V97043,G,NL,2020,66.52 ,66.52,,survival_3y,66.52,False
A,V97043,G,NO,2020,56.69 ,56.69,,survival_3y,56.69,False
A,V97043,G,PL,2020,50.28 ,50.28,,survival_3y,50.28,False
A,V97043,G,PT,2020,48.55 ,48.55,,survival_3y,48.55,False
A,V97043,G,RO,2020,62.49 ,62.49,,survival_3y,62.49,False
A,V97043,G,SE,2020,70.87 ,70.87,,survival_3y,70.87,False
A,V97043,G,SI,2020,58.90 ,58.9,,survival_3y,58.9,False
A,V97043,G,SK,2020,54.13 ,54.13,,survival_3y,54.13,False
A,V97043,H,AT,2020,62.58 p,62.58,p,survival_3y,62.58,False
A,V97043,H,BE,2020,71.26 ,71.26,,survival_3y,71.26,False
A,V97043,H,BG,2020,62.34 ,62.34,,survival_3y,62.34,False
A,V97043,H,CZ,2020,63.55 ,63.55,,survival_3y,63.55,False
A,V97043,H,DE,2020,49.04 ,49.04,,survival_3y,49.04,False
A,V97043,H,EE,2020,52.96 ,52.96,,survival_3y,52.96,False
A,V97043,H,ES,2020,58.00 ,58.0,,survival_3y,58.0,False
A,V97043,H,FI,2020,70.76 ,70.76,,survival_3y,70.76,False
A,V97043,H,FR,2020,44.99 ,44.99,,survival_3y,44.99,False
A,V97043,H,HU,2020,37.15 b,37.15,b,survival_3y,37.15,False
A,V97043,H,IT,2020,69.86 ,69.86,,survival_3y,69.86,False
A,V97043,H,LV,2020,45.14 ,45.14,,survival_3y,45.14,False
A,V97043,H,NL,2020,73.83 ,73.83,,survival_3y,73.83,False
A,V97043,H,NO,2020,52.41 ,52.41,,survival_3y,52.41,False
A,V97043,H,PL,2020,51.61 ,51.61,,survival_3y,51.61,False
A,V97043,H,PT,2020,48.20 ,48.2,,survival_3y,48.2,False
A,V97043,H,RO,2020,69.57 ,69.57,,survival_3y,69.57,False
A,V97043,H,SE,2020,79.59 ,79.59,,survival_3y,79.59,False
A,V97043,H,SI,2020,65.65 ,65.65,,survival_3y,65.65,False
A,V97043,H,SK,2020,51.05 ,51.05,,survival_3y,51.05,False
A,V97043,I,AT,2020,59.18 p,59.18,p,survival_3y,59.18,False
A,V97043,I,BE,2020,66.73 ,66.73,,survival_3y,66.73,False
A,V97043,I,BG,2020,44.72 ,44.72,,survival_3y,44.72,False
A,V97043,I,CZ,2020,63.03 ,63.03,,survival_3y,63.03,False
A,V97043,I,DE,2020,44.38 ,44.38,,survival_3y,44.38,False
A,V97043,I,EE,2020,56.12 ,56.12,,survival_3y,56.12,False
A,V97043,I,ES,2020,50.12 ,50.12,,survival_3y,50.12,False
A,V97043,I,FI,2020,61.78 ,61.78,,survival_3y,61.78,False
A,V97043,I,FR,2020,70.57 ,70.57,,survival_3y,70.57,False
A,V97043,I,HU,2020,54.83 b,54.83,b,survival_3y,54.83,False
A,V97043,I,IT,2020,62.95 ,62.95,,survival_3y,62.95,False
A,V97043,I,LV,2020,49.77 ,49.77,,survival_3y,49.77,False
A,V97043,I,NL,2020,72.18 ,72.18,,survival_3y,72.18,False
A,V97043,I,NO,2020,57.01 ,57.01,,survival_3y,57.01,False
A,V97043,I,PL,2020,42.06 ,42.06,,survival_3y,42.06,False
A,V97043,I,PT,2020,52.56 ,52.56,,survival_3y,52.56,False
A,V97043,I,RO,2020,58.67 ,58.67,,survival_3y,58.67,False
A,V97043,I,SE,2020,68.00 ,68.0,,survival_3y,68.0,False
A,V97043,I,SI,2020,53.57 ,53.57,,survival_3y,53.57,False
A,V97043,I,SK,2020,60.71 ,60.71,,survival_3y,60.71,False
A,V97043,J,AT,2020,70.24 p,70.24,p,survival_3y,70.24,False
A,V97043,J,BE,2020,76.75 ,76.75,,survival_3y,76.75,False
A,V97043,J,BG,2020,61.74 ,61.74,,survival_3y,61.74,False
A,V97043,J,CZ,2020,69.01 ,69.01,,survival_3y,69.01,False
A,V97043,J,DE,2020,49.18 ,49.18,,survival_3y,49.18,False
A,V97043,J,EE,2020,55.28 ,55.28,,survival_3y,55.28,False
A,V97043,J,ES,2020,53.33 ,53.33,,survival_3y,53.33,False
A,V97043,J,FI,2020,60.85 ,60.85,,survival_3y,60.85,False
A,V97043,J,FR,2020,60.07 ,60.07,,survival_3y,60.07,False
A,V97043,J,HU,2020,68.70 b,68.7,b,survival_3y,68.7,False
A,V97043,J,IT,2020,60.18 ,60.18,,survival_3y,60.18,False
A,V97043,J,LV,2020,50.25 ,50.25,,survival_3y,50.25,False
A,V97043,J,NL,2020,77.16 ,77.16,,survival_3y,77.16,False
A,V97043,J,NO,2020,50.63 ,50.63,,survival_3y,50.63,False
A,V97043,J,PL,2020,70.43 ,70.43,,survival_3y,70.43,False
A,V97043,J,PT,2020,47.84 ,47.84,,survival_3y,47.84,False
A,V97043,J,RO,2020,63.91 ,63.91,,survival_3y,63.91,False
A,V97043,J,SE,2020,81.73 ,81.73,,survival_3y,81.73,False
A,V97043,J,SI,2020,61.67 ,61.67,,survival_3y,61.67,False
A,V97043,J,SK,2020,67.47 ,67.47,,survival_3y,67.47,False
A,V97043,L,AT,2020,82.12 p,82.12,p,survival_3y,82.12,False
A,V97043,L,BE,2020,86.97 ,86.97,,survival_3y,86.97,False
A,V97043,L,BG,2020,46.53 ,46.53,,survival_3y,46.53,False
A,V97043,L,CZ,2020,59.11 ,59.11,,survival_3y,59.11,False
A,V97043,L,DE,2020,47.95 ,47.95,,survival_3y,47.95,False
A,V97043,L,EE,2020,50.47 ,50.47,,survival_3y,50.47,False
A,V97043,L,ES,2020,73.18 ,73.18,,survival_3y,73.18,False
A,V97043,L,FI,2020,70.82 ,70.82,,survival_3y,70.82,False
A,V97043,L,FR,2020,73.71 ,73.71,,survival_3y,73.71,False
A,V97043,L,HU,2020,68.03 b,68.03,b,survival_3y,68.03,False
A,V97043,L,IT,2020,60.84 ,60.84,,survival_3y,60.84,False
A,V97043,L,LV,2020,51.69 ,51.69,,survival_3y,51.69,False
A,V97043,L,NL,2020,76.82 ,76.82,,survival_3y,76.82,False
A,V97043,L,NO,2020,60.70 ,60.7,,survival_3y,60.7,False
A,V97043,L,PL,2020,58.60 ,58.6,,survival_3y,58.6,False
A,V97043,L,PT,2020,65.50 ,65.5,,survival_3y,65.5,False
A,V97043,L,RO,2020,63.54 ,63.54,,survival_3y,63.54,False
A,V97043,L,SE,2020,91.96 ,91.96,,survival_3y,91.96,False
A,V97043,L,SI,2020,75.25 ,75.25,,survival_3y,75.25,False
A,V97043,L,SK,2020,71.79 ,71.79,,survival_3y,71.79,False
A,V97043,M,AT,2020,71.29 p,71.29,p,survival_3y,71.29,False
A,V97043,M,BE,2020,80.78 ,80.78,,survival_3y,80.78,False
A,V97043,M,BG,2020,59.24 ,59.24,,survival_3y,59.24,False
A,V97043,M,CZ,2020,65.57 ,65.57,,survival_3y,65.57,False
A,V97043,M,DE,2020,44.94 ,44.94,,survival_3y,44.94,False
A,V97043,M,EE,2020,51.00 ,51.0,,survival_3y,51.0,False
A,V97043,M,ES,2020,54.87 ,54.87,,survival_3y,54.87,False
A,V97043,M,FI,2020,60.16 ,60.16,,survival_3y,60.16,False
A,V97043,M,FR,2020,56.17 ,56.17,,survival_3y,56.17,False
A,V97043,M,HU,2020,73.58 b,73.58,b,survival_3y,73.58,False
A,V97043,M,IT,2020,52.62 ,52.62,,survival_3y,52.62,False
A,V97043,M,LV,2020,54.27 ,54.27,,survival_3y,54.27,False
A,V97043,M,NL,2020,78.28 ,78.28,,survival_3y,78.28,False
A,V97043,M,NO,2020,50.62 ,50.62,,survival_3y,50.62,False
A,V97043,M,PL,2020,63.37 ,63.37,,survival_3y,63.37,False
A,V97043,M,PT,2020,48.25 ,48.25,,survival_3y,48.25,False
A,V97043,M,RO,2020,70.13 ,70.13,,survival_3y,70.13,False
A,V97043,M,SE,2020,82.27 ,82.27,,survival_3y,82.27,False
A,V97043,M,SI,2020,61.53 ,61.53,,survival_3y,61.53,False
A,V97043,M,SK,2020,64.30 ,64.3,,survival_3y,64.3,False
A,V97043,N,AT,2020,63.48 p,63.48,p,survival_3y,63.48,False
A,V97043,N,BE,2020,73.98 ,73.98,,survival_3y,73.98,False
A,V97043,N,BG,2020,56.13 ,56.13,,survival_3y,56.13,False
A,V97043,N,CZ,2020,61.01 ,61.01,,survival_3y,61.01,False
A,V97043,N,DE,2020,50.08 ,50.08,,survival_3y,50.08,False
A,V97043,N,EE,2020,50.72 ,50.72,,survival_3y,50.72,False
A,V97043,N,ES,2020,51.65 ,51.65,,survival_3y,51.65,False
A,V97043,N,FI,2020,64.57 ,64.57,,survival_3y,64.57,False
A,V97043,N,FR,2020,64.74 ,64.74,,survival_3y,64.74,False
A,V97043,N,HU,2020,57.79 b,57.79,b,survival_3y,57.79,False
A,V97043,N,IT,2020,53.83 ,53.83,,survival_3y,53.83,False
A,V97043,N,LV,2020,42.72 ,42.72,,survival_3y,42.72,False
A,V97043,N,NL,2020,72.70 ,72.7,,survival_3y,72.7,False
A,V97043,N,NO,2020,53.75 ,53.75,,survival_3y,53.75,False
A,V97043,N,PL,2020,47.01 ,47.01,,survival_3y,47.01,False
A,V97043,N,PT,2020,27.36 ,27.36,,survival_3y,27.36,False
A,V97043,N,RO,2020,63.31 ,63.31,,survival_3y,63.31,False
A,V97043,N,SE,2020,75.37 ,75.37,,survival_3y,75.37,False
A,V97043,N,SI,2020,58.81 ,58.81,,survival_3y,58.81,False
A,V97043,N,SK,2020,60.24 ,60.24,,survival_3y,60.24,False
A,V97460,B,AT,2013,4.31 b,4.31,b,high_growth_share,4.31,False
A,V97460,B,BE,2013,4.44 ,4.44,,high_growth_share,4.44,False
A,V97460,B,BG,2013,8.51 ,8.51,,high_growth_share,8.51,False
A,V97460,B,CZ,2013,5.60 ,5.6,,high_growth_share,5.6,False
A,V97460,B,DE,2013,6.86 ,6.86,,high_growth_share,6.86,False
A,V97460,B,EE,2013,6.38 b,6.38,b,high_growth_share,6.38,False
A,V97460,B,ES,2013,5.17 ,5.17,,high_growth_share,5.17,False
A,V97460,B,FI,2013,14.29 b,14.29,b,high_growth_share,14.29,False
A,V97460,B,FR,2013,4.21 b,4.21,b,high_growth_share,4.21,False
A,V97460,B,HU,2013,5.88 ,5.88,,high_growth_share,5.88,False
A,V97460,B,IT,2013,4.44 ,4.44,,high_growth_share,4.44,False
A,V97460,B,LV,2013,16.36 ,16.36,,high_growth_share,16.36,False
A,V97460,B,NL,2013,10.13 ,10.13,,high_growth_share,10.13,False
A,V97460,B,NO,2013,24.43 ,24.43,,high_growth_share,24.43,False
A,V97460,B,PL,2013,8.35 ,8.35,,high_growth_share,8.35,False
A,V97460,B,PT,2013,5.16 ,5.16,,high_growth_share,5.16,False
A,V97460,B,RO,2013,3.61 ,3.61,,high_growth_share,3.61,False
A,V97460,B,SE,2013,12.12 ,12.12,,high_growth_share,12.12,False
A,V97460,B,SI,2013,3.85 ,3.85,,high_growth_share,3.85,False
A,V97460,B,SK,2013,9.09 ,9.09,,high_growth_share,9.09,False
A,V97460,C,AT,2013,7.04 b,7.04,b,high_growth_share,7.04,False
A,V97460,C,BE,2013,6.12 ,6.12,,high_growth_share,6.12,False
A,V97460,C,BG,2013,11.56 ,11.56,,high_growth_share,11.56,False
A,V97460,C,CZ,2013,11.54 ,11.54,,high_growth_share,11.54,False
A,V97460,C,DE,2013,9.72 ,9.72,,high_growth_share,9.72,False
A,V97460,C,EE,2013,12.56 b,12.56,b,high_growth_share,12.56,False
A,V97460,C,ES,2013,7.88 ,7.88,,high_growth_share,7.88,False
A,V97460,C,FI,2013,8.88 b,8.88,b,high_growth_share,8.88,False
A,V97460,C,FR,2013,7.74 b,7.74,b,high_growth_share,7.74,False
A,V97460,C,HU,2013,13.80 ,13.8,,high_growth_share,13.8,False
A,V97460,C,IT,2013,5.93 ,5.93,,high_growth_share,5.93,False
A,V97460,C,LV,2013,16.03 ,16.03,,high_growth_share,16.03,False
A,V97460,C,NL,2013,9.03 ,9.03,,high_growth_share,9.03,False
A,V97460,C,NO,2013,11.01 ,11.01,,high_growth_share,11.01,False
A,V97460,C,PL,2013,8.95 ,8.95,,high_growth_share,8.95,False
A,V97460,C,PT,2013,8.23 ,8.23,,high_growth_share,8.23,False
A,V97460,C,RO,2013,2.81 ,2.81,,high_growth_share,2.81,False
A,V97460,C,SE,2013,10.80 ,10.8,,high_growth_share,10.8,False
A,V97460,C,SI,2013,7.95 ,7.95,,high_growth_share,7.95,False
A,V97460,C,SK,2013,13.41 ,13.41,,high_growth_share,13.41,False
A,V97460,D,AT,2013,5.63 b,5.63,b,high_growth_share,5.63,False
A,V97460,D,BE,2013,14.71 ,14.71,,high_growth_share,14.71,False
A,V97460,D,BG,2013,4.31 ,4.31,,high_growth_share,4.31,False
A,V97460,D,CZ,2013,9.14 ,9.14,,high_growth_share,9.14,False
A,V97460,D,DE,2013,10.14 ,10.14,,high_growth_share,10.14,False
A,V97460,D,EE,2013,3.13 b,3.13,b,high_growth_share,3.13,False
A,V97460,D,ES,2013,8.40 ,8.4,,high_growth_share,8.4,False
A,V97460,D,FI,2013,3.09 b,3.09,b,high_growth_share,3.09,False
A,V97460,D,FR,2013,6.37 b,6.37,b,high_growth_share,6.37,False
A,V97460,D,HU,2013,5.65 ,5.65,,high_growth_share,5.65,False
A,V97460,D,IT,2013,9.39 ,9.39,,high_growth_share,9.39,False
A,V97460,D,LV,2013,3.03 ,3.03,,high_growth_share,3.03,False
A,V97460,D,NL,2013,16.42 ,16.42,,high_growth_share,16.42,False
A,V97460,D,NO,2013,11.72 ,11.72,,high_growth_share,11.72,False
A,V97460,D,PL,2013,2.72 ,2.72,,high_growth_share,2.72,False
A,V97460,D,PT,2013,6.00 ,6.0,,high_growth_share,6.0,False
A,V97460,D,RO,2013,3.38 ,3.38,,high_growth_share,3.38,False
A,V97460,D,SE,2013,11.54 ,11.54,,high_growth_share,11.54,False
A,V97460,D,SI,2013,7.32 ,7.32,,high_growth_share,7.32,False
A,V97460,D,SK,2013,4.70 ,4.7,,high_growth_share,4.7,False
A,V97460,E,AT,2013,6.49 b,6.49,b,high_growth_share,6.49,False
A,V97460,E,BE,2013,12.80 ,12.8,,high_growth_share,12.8,False
A,V97460,E,BG,2013,7.75 ,7.75,,high_growth_share,7.75,False
A,V97460,E,CZ,2013,10.69 ,10.69,,high_growth_share,10.69,False
A,V97460,E,DE,2013,11.20 ,11.2,,high_growth_share,11.2,False
A,V97460,E,EE,2013,3.80 b,3.8,b,high_growth_share,3.8,False
A,V97460,E,ES,2013,6.05 ,6.05,,high_growth_share,6.05,False
A,V97460,E,FI,2013,10.20 b,10.2,b,high_growth_share,10.2,False
A,V97460,E,FR,2013,10.58 b,10.58,b,high_growth_share,10.58,False
A,V97460,E,HU,2013,9.50 ,9.5,,high_growth_share,9.5,False
A,V97460,E,IT,2013,11.69 ,11.69,,high_growth_share,11.69,False
A,V97460,E,LV,2013,15.00 ,15.0,,high_growth_share,15.0,False
A,V97460,E,NL,2013,9.78 ,9.78,,high_growth_share,9.78,False
A,V97460,E,NO,2013,13.75 ,13.75,,high_growth_share,13.75,False
A,V97460,E,PL,2013,7.39 ,7.39,,high_growth_share,7.39,False
A,V97460,E,PT,2013,8.92 ,8.92,,high_growth_share,8.92,False
A,V97460,E,RO,2013,2.27 ,2.27,,high_growth_share,2.27,False
A,V97460,E,SE,2013,18.33 ,18.33,,high_growth_share,18.33,False
A,V97460,E,SI,2013,6.78 ,6.78,,high_growth_share,6.78,False
A,V97460,E,SK,2013,6.75 ,6.75,,high_growth_share,6.75,False
A,V97460,F,AT,2013,6.91 b,6.91,b,high_growth_share,6.91,False
A,V97460,F,BE,2013,7.26 ,7.26,,high_growth_share,7.26,False
A,V97460,F,BG,2013,11.81 ,11.81,,high_growth_share,11.81,False
A,V97460,F,CZ,2013,6.66 ,6.66,,high_growth_share,6.66,False
A,V97460,F,DE,2013,8.81 ,8.81,,high_growth_share,8.81,False
A,V97460,F,EE,2013,7.45 b,7.45,b,high_growth_share,7.45,False
A,V97460,F,ES,2013,5.91 ,5.91,,high_growth_share,5.91,False
A,V97460,F,FI,2013,13.76 b,13.76,b,high_growth_share,13.76,False
A,V97460,F,FR,2013,8.81 b,8.81,b,high_growth_share,8.81,False
A,V97460,F,HU,2013,9.87 ,9.87,,high_growth_share,9.87,False
A,V97460,F,IT,2013,6.80 ,6.8,,high_growth_share,6.8,False
A,V97460,F,LV,2013,17.30 ,17.3,,high_growth_share,17.3,False
A,V97460,F,NL,2013,5.42 ,5.42,,high_growth_share,5.42,False
A,V97460,F,NO,2013,13.56 ,13.56,,high_growth_share,13.56,False
A,V97460,F,PL,2013,6.51 ,6.51,,high_growth_share,6.51,False
A,V97460,F,PT,2013,7.17 ,7.17,,high_growth_share,7.17,False
A,V97460,F,RO,2013,1.52 ,1.52,,high_growth_share,1.52,False
A,V97460,F,SE,2013,13.64 ,13.64,,high_growth_share,13.64,False
A,V97460,F,SI,2013,7.23 ,7.23,,high_growth_share,7.23,False
A,V97460,F,SK,2013,6.86 ,6.86,,high_growth_share,6.86,False
A,V97460,G,AT,2013,5.44 b,5.44,b,high_growth_share,5.44,False
A,V97460,G,BE,2013,7.27 ,7.27,,high_growth_share,7.27,False
A,V97460,G,BG,2013,9.69 ,9.69,,high_growth_share,9.69,False
A,V97460,G,CZ,2013,9.90 ,9.9,,high_growth_share,9.9,False
A,V97460,G,DE,2013,11.22 ,11.22,,high_growth_share,11.22,False
A,V97460,G,EE,2013,6.64 b,6.64,b,high_growth_share,6.64,False
A,V97460,G,ES,2013,7.52 ,7.52,,high_growth_share,7.52,False
A,V97460,G,FI,2013,9.81 b,9.81,b,high_growth_share,9.81,False
A,V97460,G,FR,2013,8.49 b,8.49,b,high_growth_share,8.49,False
A,V97460,G,HU,2013,9.05 ,9.05,,high_growth_share,9.05,False
A,V97460,G,IT,2013,7.20 ,7.2,,high_growth_share,7.2,False
A,V97460,G,LV,2013,10.97 ,10.97,,high_growth_share,10.97,False
A,V97460,G,NL,2013,9.32 ,9.32,,high_growth_share,9.32,False
A,V97460,G,NO,2013,7.21 ,7.21,,high_growth_share,7.21,False
A,V97460,G,PL,2013,7.08 ,7.08,,high_growth_share,7.08,False
A,V97460,G,PT,2013,6.51 ,6.51,,high_growth_share,6.51,False
A,V97460,G,RO,2013,2.05 ,2.05,,high_growth_share,2.05,False
A,V97460,G,SE,2013,11.56 ,11.56,,high_growth_share,11.56,False
A,V97460,G,SI,2013,7.78 ,7.78,,high_growth_share,7.78,False
A,V97460,G,SK,2013,7.82 ,7.82,,high_growth_share,7.82,False
A,V97460,H,AT,2013,7.52 b,7.52,b,high_growth_share,7.52,False
A,V97460,H,BE,2013,8.20 ,8.2,,high_growth_share,8.2,False
A,V97460,H,BG,2013,14.84 ,14.84,,high_growth_share,14.84,False
A,V97460,H,CZ,2013,13.62 ,13.62,,high_growth_share,13.62,False
A,V97460,H,DE,2013,13.13 ,13.13,,high_growth_share,13.13,False
A,V97460,H,EE,2013,12.30 b,12.3,b,high_growth_share,12.3,False
A,V97460,H,ES,2013,9.43 ,9.43,,high_growth_share,9.43,False
A,V97460,H,FI,2013,12.28 b,12.28,b,high_growth_share,12.28,False
A,V97460,H,FR,2013,11.97 b,11.97,b,high_growth_share,11.97,False
A,V97460,H,HU,2013,15.46 ,15.46,,high_growth_share,15.46,False
A,V97460,H,IT,2013,9.25 ,9.25,,high_growth_share,9.25,False
A,V97460,H,LV,2013,16.12 ,16.12,,high_growth_share,16.12,False
A,V97460,H,NL,2013,10.46 ,10.46,,high_growth_share,10.46,False
A,V97460,H,NO,2013,13.96 ,13.96,,high_growth_share,13.96,False
A,V97460,H,PL,2013,11.73 ,11.73,,high_growth_share,11.73,False
A,V97460,H,PT,2013,11.54 ,11.54,,high_growth_share,11.54,False
A,V97460,H,RO,2013,4.39 ,4.39,,high_growth_share,4.39,False
A,V97460,H,SE,2013,14.59 ,14.59,,high_growth_share,14.59,False
A,V97460,H,SI,2013,16.27 ,16.27,,high_growth_share,16.27,False
A,V97460,H,SK,2013,15.97 ,15.97,,high_growth_share,15.97,False
A,V97460,I,AT,2013,6.13 b,6.13,b,high_growth_share,6.13,False
A,V97460,I,BE,2013,6.50 ,6.5,,high_growth_share,6.5,False
A,V97460,I,BG,2013,8.18 ,8.18,,high_growth_share,8.18,False
A,V97460,I,CZ,2013,9.05 ,9.05,,high_growth_share,9.05,False
A,V97460,I,DE,2013,10.23 ,10.23,,high_growth_share,10.23,False
A,V97460,I,EE,2013,9.48 b,9.48,b,high_growth_share,9.48,False
A,V97460,I,ES,2013,6.76 ,6.76,,high_growth_share,6.76,False
A,V97460,I,FI,2013,9.62 b,9.62,b,high_growth_share,9.62,False
A,V97460,I,FR,2013,5.41 b,5.41,b,high_growth_share,5.41,False
A,V97460,I,HU,2013,7.96 ,7.96,,high_growth_share,7.96,False
A,V97460,I,IT,2013,6.74 ,6.74,,high_growth_share,6.74,False
A,V97460,I,LV,2013,10.72 ,10.72,,high_growth_share,10.72,False
A,V97460,I,NL,2013,8.16 ,8.16,,high_growth_share,8.16,False
A,V97460,I,NO,2013,9.13 ,9.13,,high_growth_share,9.13,False
A,V97460,I,PL,2013,6.32 ,6.32,,high_growth_share,6.32,False
A,V97460,I,PT,2013,5.73 ,5.73,,high_growth_share,5.73,False
A,V97460,I,RO,2013,1.56 ,1.56,,high_growth_share,1.56,False
A,V97460,I,SE,2013,11.87 ,11.87,,high_growth_share,11.87,False
A,V97460,I,SI,2013,4.20 ,4.2,,high_growth_share,4.2,False
A,V97460,I,SK,2013,5.55 ,5.55,,high_growth_share,5.55,False
A,V97460,J,AT,2013,11.15 b,11.15,b,high_growth_share,11.15,False
A,V97460,J,BE,2013,13.88 ,13.88,,high_growth_share,13.88,False
A,V97460,J,BG,2013,13.70 ,13.7,,high_growth_share,13.7,False
A,V97460,J,CZ,2013,16.40 ,16.4,,high_growth_share,16.4,False
A,V97460,J,DE,2013,19.03 ,19.03,,high_growth_share,19.03,False
A,V97460,J,EE,2013,13.13 b,13.13,b,high_growth_share,13.13,False
A,V97460,J,ES,2013,12.06 ,12.06,,high_growth_share,12.06,False
A,V97460,J,FI,2013,15.31 b,15.31,b,high_growth_share,15.31,False
A,V97460,J,FR,2013,16.68 b,16.68,b,high_growth_share,16.68,False
A,V97460,J,HU,2013,14.10 ,14.1,,high_growth_share,14.1,False
A,V97460,J,IT,2013,11.29 ,11.29,,high_growth_share,11.29,False
A,V97460,J,LV,2013,14.61 ,14.61,,high_growth_share,14.61,False
A,V97460,J,NL,2013,17.71 ,17.71,,high_growth_share,17.71,False
A,V97460,J,NO,2013,15.08 ,15.08,,high_growth_share,15.08,False
A,V97460,J,PL,2013,12.08 ,12.08,,high_growth_share,12.08,False
A,V97460,J,PT,2013,13.23 ,13.23,,high_growth_share,13.23,False
A,V97460,J,RO,2013,5.53 ,5.53,,high_growth_share,5.53,False
A,V97460,J,SE,2013,20.26 ,20.26,,high_growth_share,20.26,False
A,V97460,J,SI,2013,5.72 ,5.72,,high_growth_share,5.72,False
A,V97460,J,SK,2013,16.49 ,16.49,,high_growth_share,16.49,False
A,V97460,L,AT,2013,3.55 b,3.55,b,high_growth_share,3.55,False
A,V97460,L,BE,2013,3.49 ,3.49,,high_growth_share,3.49,False
A,V97460,L,BG,2013,6.76 ,6.76,,high_growth_share,6.76,False
A,V97460,L,CZ,2013,7.55 ,7.55,,high_growth_share,7.55,False
A,V97460,L,DE,2013,9.03 ,9.03,,high_growth_share,9.03,False
A,V97460,L,EE,2013,7.24 b,7.24,b,high_growth_share,7.24,False
A,V97460,L,ES,2013,5.13 ,5.13,,high_growth_share,5.13,False
A,V97460,L,FI,2013,8.91 b,8.91,b,high_growth_share,8.91,False
A,V97460,L,FR,2013,9.50 b,9.5,b,high_growth_share,9.5,False
A,V97460,L,HU,2013,11.49 ,11.49,,high_growth_share,11.49,False
A,V97460,L,IT,2013,5.36 ,5.36,,high_growth_share,5.36,False
A,V97460,L,LV,2013,7.42 ,7.42,,high_growth_share,7.42,False
A,V97460,L,NL,2013,6.55 ,6.55,,high_growth_share,6.55,False
A,V97460,L,NO,2013,11.11 ,11.11,,high_growth_share,11.11,False
A,V97460,L,PL,2013,3.78 ,3.78,,high_growth_share,3.78,False
A,V97460,L,PT,2013,5.37 ,5.37,,high_growth_share,5.37,False
A,V97460,L,RO,2013,1.08 ,1.08,,high_growth_share,1.08,False
A,V97460,L,SE,2013,11.17 ,11.17,,high_growth_share,11.17,False
A,V97460,L,SI,2013,2.86 ,2.86,,high_growth_share,2.86,False
A,V97460,L,SK,2013,7.30 ,7.3,,high_growth_share,7.3,False
A,V97460,M,AT,2013,6.91 b,6.91,b,high_growth_share,6.91,False
A,V97460,M,BE,2013,9.85 ,9.85,,high_growth_share,9.85,False
A,V97460,M,BG,2013,9.97 ,9.97,,high_growth_share,9.97,False
A,V97460,M,CZ,2013,10.77 ,10.77,,high_growth_share,10.77,False
A,V97460,M,DE,2013,13.55 ,13.55,,high_growth_share,13.55,False
A,V97460,M,EE,2013,8.09 b,8.09,b,high_growth_share,8.09,False
A,V97460,M,ES,2013,8.67 ,8.67,,high_growth_share,8.67,False
A,V97460,M,FI,2013,13.17 b,13.17,b,high_growth_share,13.17,False
A,V97460,M,FR,2013,12.14 b,12.14,b,high_growth_share,12.14,False
A,V97460,M,HU,2013,11.23 ,11.23,,high_growth_share,11.23,False
A,V97460,M,IT,2013,9.86 ,9.86,,high_growth_share,9.86,False
A,V97460,M,LV,2013,8.51 ,8.51,,high_growth_share,8.51,False
A,V97460,M,NL,2013,11.72 ,11.72,,high_growth_share,11.72,False
A,V97460,M,NO,2013,12.28 ,12.28,,high_growth_share,12.28,False
A,V97460,M,PL,2013,8.40 ,8.4,,high_growth_share,8.4,False
A,V97460,M,PT,2013,9.11 ,9.11,,high_growth_share,9.11,False
A,V97460,M,RO,2013,1.96 ,1.96,,high_growth_share,1.96,False
A,V97460,M,SE,2013,17.22 ,17.22,,high_growth_share,17.22,False
A,V97460,M,SI,2013,7.08 ,7.08,,high_growth_share,7.08,False
A,V97460,M,SK,2013,7.93 ,7.93,,high_growth_share,7.93,False
A,V97460,N,AT,2013,10.60 b,10.6,b,high_growth_share,10.6,False
A,V97460,N,BE,2013,14.92 ,14.92,,high_growth_share,14.92,False
A,V97460,N,BG,2013,12.85 ,12.85,,high_growth_share,12.85,False
A,V97460,N,CZ,2013,14.43 ,14.43,,high_growth_share,14.43,False
A,V97460,N,DE,2013,15.39 ,15.39,,high_growth_share,15.39,False
A,V97460,N,EE,2013,9.75 b,9.75,b,high_growth_share,9.75,False
A,V97460,N,ES,2013,10.64 ,10.64,,high_growth_share,10.64,False
A,V97460,N,FI,2013,18.91 b,18.91,b,high_growth_share,18.91,False
A,V97460,N,FR,2013,15.21 b,15.21,b,high_growth_share,15.21,False
A,V97460,N,HU,2013,12.99 ,12.99,,high_growth_share,12.99,False
A,V97460,N,IT,2013,10.88 ,10.88,,high_growth_share,10.88,False
A,V97460,N,LV,2013,12.30 ,12.3,,high_growth_share,12.3,False
A,V97460,N,NL,2013,14.13 ,14.13,,high_growth_share,14.13,False
A,V97460,N,NO,2013,17.65 ,17.65,,high_growth_share,17.65,False
A,V97460,N,PL,2013,9.29 ,9.29,,high_growth_share,9.29,False
A,V97460,N,PT,2013,11.48 ,11.48,,high_growth_share,11.48,False
A,V97460,N,RO,2013,3.09 ,3.09,,high_growth_share,3.09,False
A,V97460,N,SE,2013,19.06 ,19.06,,high_growth_share,19.06,False
A,V97460,N,SI,2013,13.31 ,13.31,,high_growth_share,13.31,False
A,V97460,N,SK,2013,12.52 ,12.52,,high_growth_share,12.52,False
A,V97460,B,AT,2014,5.88 ,5.88,,high_growth_share,5.88,False
A,V97460,B,BE,2014,2.13 ,2.13,,high_growth_share,2.13,False
A,V97460,B,BG,2014,7.03 ,7.03,,high_growth_share,7.03,False
A,V97460,B,CZ,2014,0.88 ,0.88,,high_growth_share,0.88,False
A,V97460,B,DE,2014,4.31 ,4.31,,high_growth_share,4.31,False
A,V97460,B,EE,2014,4.17 ,4.17,,high_growth_share,4.17,False
A,V97460,B,ES,2014,6.65 ,6.65,,high_growth_share,6.65,False
A,V97460,B,FI,2014,10.75 ,10.75,,high_growth_share,10.75,False
A,V97460,B,FR,2014,4.08 b,4.08,b,high_growth_share,4.08,False
A,V97460,B,HU,2014,5.95 ,5.95,,high_growth_share,5.95,False
A,V97460,B,IT,2014,4.62 ,4.62,,high_growth_share,4.62,False
A,V97460,B,LV,2014,18.87 ,18.87,,high_growth_share,18.87,False
A,V97460,B,NL,2014,17.95 ,17.95,,high_growth_share,17.95,False
A,V97460,B,NO,2014,24.90 ,24.9,,high_growth_share,24.9,False
A,V97460,B,PL,2014,8.54 ,8.54,,high_growth_share,8.54,False
A,V97460,B,PT,2014,4.27 ,4.27,,high_growth_share,4.27,False
A,V97460,B,RO,2014,3.37 ,3.37,,high_growth_share,3.37,False
A,V97460,B,SE,2014,9.68 ,9.68,,high_growth_share,9.68,False
A,V97460,B,SI,2014,0.00 ,0.0,,high_growth_share,0.0,False
A,V97460,B,SK,2014,3.33 ,3.33,,high_growth_share,3.33,False
A,V97460,C,AT,2014,5.56 ,5.56,,high_growth_share,5.56,False
A,V97460,C,BE,2014,5.77 ,5.77,,high_growth_share,5.77,False
A,V97460,C,BG,2014,10.80 ,10.8,,high_growth_share,10.8,False
A,V97460,C,CZ,2014,8.74 ,8.74,,high_growth_share,8.74,False
A,V97460,C,DE,2014,7.53 ,7.53,,high_growth_share,7.53,False
A,V97460,C,EE,2014,9.35 ,9.35,,high_growth_share,9.35,False
A,V97460,C,ES,2014,9.18 ,9.18,,high_growth_share,9.18,False
A,V97460,C,FI,2014,8.90 ,8.9,,high_growth_share,8.9,False
A,V97460,C,FR,2014,6.84 b,6.84,b,high_growth_share,6.84,False
A,V97460,C,HU,2014,13.53 ,13.53,,high_growth_share,13.53,False
A,V97460,C,IT,2014,5.40 ,5.4,,high_growth_share,5.4,False
A,V97460,C,LV,2014,12.84 ,12.84,,high_growth_share,12.84,False
A,V97460,C,NL,2014,8.48 ,8.48,,high_growth_share,8.48,False
A,V97460,C,NO,2014,11.63 ,11.63,,high_growth_share,11.63,False
A,V97460,C,PL,2014,10.28 ,10.28,,high_growth_share,10.28,False
A,V97460,C,PT,2014,9.23 ,9.23,,high_growth_share,9.23,False
A,V97460,C,RO,2014,2.82 ,2.82,,high_growth_share,2.82,False
A,V97460,C,SE,2014,8.99 ,8.99,,high_growth_share,8.99,False
A,V97460,C,SI,2014,7.18 ,7.18,,high_growth_share,7.18,False
A,V97460,C,SK,2014,12.53 ,12.53,,high_growth_share,12.53,False
A,V97460,D,AT,2014,5.56 ,5.56,,high_growth_share,5.56,False
A,V97460,D,BE,2014,13.16 ,13.16,,high_growth_share,13.16,False
A,V97460,D,BG,2014,4.88 ,4.88,,high_growth_share,4.88,False
A,V97460,D,CZ,2014,6.36 ,6.36,,high_growth_share,6.36,False
A,V97460,D,DE,2014,9.47 ,9.47,,high_growth_share,9.47,False
A,V97460,D,EE,2014,1.59 ,1.59,,high_growth_share,1.59,False
A,V97460,D,ES,2014,7.81 ,7.81,,high_growth_share,7.81,False
A,V97460,D,FI,2014,4.85 ,4.85,,high_growth_share,4.85,False
A,V97460,D,FR,2014,10.06 b,10.06,b,high_growth_share,10.06,False
A,V97460,D,HU,2014,12.31 ,12.31,,high_growth_share,12.31,False
A,V97460,D,IT,2014,7.63 ,7.63,,high_growth_share,7.63,False
A,V97460,D,LV,2014,5.15 ,5.15,,high_growth_share,5.15,False
A,V97460,D,NL,2014,10.61 ,10.61,,high_growth_share,10.61,False
A,V97460,D,NO,2014,8.19 ,8.19,,high_growth_share,8.19,False
A,V97460,D,PL,2014,4.03 ,4.03,,high_growth_share,4.03,False
A,V97460,D,PT,2014,9.80 ,9.8,,high_growth_share,9.8,False
A,V97460,D,RO,2014,1.96 ,1.96,,high_growth_share,1.96,False
A,V97460,D,SE,2014,7.63 ,7.63,,high_growth_share,7.63,False
A,V97460,D,SI,2014,12.20 ,12.2,,high_growth_share,12.2,False
A,V97460,D,SK,2014,8.78 ,8.78,,high_growth_share,8.78,False
A,V97460,E,AT,2014,5.33 ,5.33,,high_growth_share,5.33,False
A,V97460,E,BE,2014,8.53 ,8.53,,high_growth_share,8.53,False
A,V97460,E,BG,2014,5.88 ,5.88,,high_growth_share,5.88,False
A,V97460,E,CZ,2014,8.03 ,8.03,,high_growth_share,8.03,False
A,V97460,E,DE,2014,8.69 ,8.69,,high_growth_share,8.69,False
A,V97460,E,EE,2014,5.56 ,5.56,,high_growth_share,5.56,False
A,V97460,E,ES,2014,6.73 ,6.73,,high_growth_share,6.73,False
A,V97460,E,FI,2014,7.41 ,7.41,,high_growth_share,7.41,False
A,V97460,E,FR,2014,10.40 b,10.4,b,high_growth_share,10.4,False
A,V97460,E,HU,2014,15.09 ,15.09,,high_growth_share,15.09,False
A,V97460,E,IT,2014,9.89 ,9.89,,high_growth_share,9.89,False
A,V97460,E,LV,2014,13.13 ,13.13,,high_growth_share,13.13,False
A,V97460,E,NL,2014,8.54 ,8.54,,high_growth_share,8.54,False
A,V97460,E,NO,2014,12.20 ,12.2,,high_growth_share,12.2,False
A,V97460,E,PL,2014,9.29 ,9.29,,high_growth_share,9.29,False
A,V97460,E,PT,2014,6.90 ,6.9,,high_growth_share,6.9,False
A,V97460,E,RO,2014,1.33 ,1.33,,high_growth_share,1.33,False
A,V97460,E,SE,2014,15.32 ,15.32,,high_growth_share,15.32,False
A,V97460,E,SI,2014,4.96 ,4.96,,high_growth_share,4.96,False
A,V97460,E,SK,2014,5.33 ,5.33,,high_growth_share,5.33,False
A,V97460,F,AT,2014,6.30 ,6.3,,high_growth_share,6.3,False
A,V97460,F,BE,2014,6.45 ,6.45,,high_growth_share,6.45,False
A,V97460,F,BG,2014,12.75 ,12.75,,high_growth_share,12.75,False
A,V97460,F,CZ,2014,5.49 ,5.49,,high_growth_share,5.49,False
A,V97460,F,DE,2014,6.99 ,6.99,,high_growth_share,6.99,False
A,V97460,F,EE,2014,7.85 ,7.85,,high_growth_share,7.85,False
A,V97460,F,ES,2014,9.45 ,9.45,,high_growth_share,9.45,False
A,V97460,F,FI,2014,12.98 ,12.98,,high_growth_share,12.98,False
A,V97460,F,FR,2014,7.93 b,7.93,b,high_growth_share,7.93,False
A,V97460,F,HU,2014,12.03 ,12.03,,high_growth_share,12.03,False
A,V97460,F,IT,2014,6.54 ,6.54,,high_growth_share,6.54,False
A,V97460,F,LV,2014,14.78 ,14.78,,high_growth_share,14.78,False
A,V97460,F,NL,2014,5.03 ,5.03,,high_growth_share,5.03,False
A,V97460,F,NO,2014,13.24 ,13.24,,high_growth_share,13.24,False
A,V97460,F,PL,2014,7.60 ,7.6,,high_growth_share,7.6,False
A,V97460,F,PT,2014,7.68 ,7.68,,high_growth_share,7.68,False
A,V97460,F,RO,2014,1.35 ,1.35,,high_growth_share,1.35,False
A,V97460,F,SE,2014,12.99 ,12.99,,high_growth_share,12.99,False
A,V97460,F,SI,2014,7.38 ,7.38,,high_growth_share,7.38,False
A,V97460,F,SK,2014,8.43 ,8.43,,high_growth_share,8.43,False
A,V97460,G,AT,2014,6.25 ,6.25,,high_growth_share,6.25,False
A,V97460,G,BE,2014,6.81 ,6.81,,high_growth_share,6.81,False
A,V97460,G,BG,2014,10.01 ,10.01,,high_growth_share,10.01,False
A,V97460,G,CZ,2014,7.57 ,7.57,,high_growth_share,7.57,False
A,V97460,G,DE,2014,8.21 ,8.21,,high_growth_share,8.21,False
A,V97460,G,EE,2014,6.75 ,6.75,,high_growth_share,6.75,False
A,V97460,G,ES,2014,8.83 ,8.83,,high_growth_share,8.83,False
A,V97460,G,FI,2014,9.32 ,9.32,,high_growth_share,9.32,False
A,V97460,G,FR,2014,7.21 b,7.21,b,high_growth_share,7.21,False
A,V97460,G,HU,2014,9.41 ,9.41,,high_growth_share,9.41,False
A,V97460,G,IT,2014,6.35 ,6.35,,high_growth_share,6.35,False
A,V97460,G,LV,2014,11.69 ,11.69,,high_growth_share,11.69,False
A,V97460,G,NL,2014,8.77 ,8.77,,high_growth_share,8.77,False
A,V97460,G,NO,2014,7.60 ,7.6,,high_growth_share,7.6,False
A,V97460,G,PL,2014,8.74 ,8.74,,high_growth_share,8.74,False
A,V97460,G,PT,2014,7.20 ,7.2,,high_growth_share,7.2,False
A,V97460,G,RO,2014,2.11 ,2.11,,high_growth_share,2.11,False
A,V97460,G,SE,2014,10.59 ,10.59,,high_growth_share,10.59,False
A,V97460,G,SI,2014,6.04 ,6.04,,high_growth_share,6.04,False
A,V97460,G,SK,2014,9.99 ,9.99,,high_growth_share,9.99,False
A,V97460,H,AT,2014,7.41 ,7.41,,high_growth_share,7.41,False
A,V97460,H,BE,2014,8.20 ,8.2,,high_growth_share,8.2,False
A,V97460,H,BG,2014,15.65 ,15.65,,high_growth_share,15.65,False
A,V97460,H,CZ,2014,11.39 ,11.39,,high_growth_share,11.39,False
A,V97460,H,DE,2014,9.69 ,9.69,,high_growth_share,9.69,False
A,V97460,H,EE,2014,10.03 ,10.03,,high_growth_share,10.03,False
A,V97460,H,ES,2014,11.45 ,11.45,,high_growth_share,11.45,False
A,V97460,H,FI,2014,13.74 ,13.74,,high_growth_share,13.74,False
A,V97460,H,FR,2014,9.61 b,9.61,b,high_growth_share,9.61,False
A,V97460,H,HU,2014,15.67 ,15.67,,high_growth_share,15.67,False
A,V97460,H,IT,2014,9.19 ,9.19,,high_growth_share,9.19,False
A,V97460,H,LV,2014,14.60 ,14.6,,high_growth_share,14.6,False
A,V97460,H,NL,2014,10.50 ,10.5,,high_growth_share,10.5,False
A,V97460,H,NO,2014,12.93 ,12.93,,high_growth_share,12.93,False
A,V97460,H,PL,2014,13.04 ,13.04,,high_growth_share,13.04,False
A,V97460,H,PT,2014,11.84 ,11.84,,high_growth_share,11.84,False
A,V97460,H,RO,2014,4.13 ,4.13,,high_growth_share,4.13,False
A,V97460,H,SE,2014,13.99 ,13.99,,high_growth_share,13.99,False
A,V97460,H,SI,2014,11.68 ,11.68,,high_growth_share,11.68,False
A,V97460,H,SK,2014,17.20 ,17.2,,high_growth_share,17.2,False
A,V97460,I,AT,2014,6.22 ,6.22,,high_growth_share,6.22,False
A,V97460,I,BE,2014,5.76 ,5.76,,high_growth_share,5.76,False
A,V97460,I,BG,2014,7.22 ,7.22,,high_growth_share,7.22,False
A,V97460,I,CZ,2014,6.28 ,6.28,,high_growth_share,6.28,False
A,V97460,I,DE,2014,4.92 ,4.92,,high_growth_share,4.92,False
A,V97460,I,EE,2014,10.24 ,10.24,,high_growth_share,10.24,False
A,V97460,I,ES,2014,7.90 ,7.9,,high_growth_share,7.9,False
A,V97460,I,FI,2014,11.56 ,11.56,,high_growth_share,11.56,False
A,V97460,I,FR,2014,4.16 b,4.16,b,high_growth_share,4.16,False
A,V97460,I,HU,2014,9.47 ,9.47,,high_growth_share,9.47,False
A,V97460,I,IT,2014,6.69 ,6.69,,high_growth_share,6.69,False
A,V97460,I,LV,2014,11.04 ,11.04,,high_growth_share,11.04,False
A,V97460,I,NL,2014,8.16 ,8.16,,high_growth_share,8.16,False
A,V97460,I,NO,2014,10.41 ,10.41,,high_growth_share,10.41,False
A,V97460,I,PL,2014,6.32 ,6.32,,high_growth_share,6.32,False
A,V97460,I,PT,2014,5.27 ,5.27,,high_growth_share,5.27,False
A,V97460,I,RO,2014,1.14 ,1.14,,high_growth_share,1.14,False
A,V97460,I,SE,2014,10.62 ,10.62,,high_growth_share,10.62,False
A,V97460,I,SI,2014,7.16 ,7.16,,high_growth_share,7.16,False
A,V97460,I,SK,2014,11.29 ,11.29,,high_growth_share,11.29,False
A,V97460,J,AT,2014,12.08 ,12.08,,high_growth_share,12.08,False
A,V97460,J,BE,2014,13.07 ,13.07,,high_growth_share,13.07,False
A,V97460,J,BG,2014,16.36 ,16.36,,high_growth_share,16.36,False
A,V97460,J,CZ,2014,12.26 ,12.26,,high_growth_share,12.26,False
A,V97460,J,DE,2014,16.40 ,16.4,,high_growth_share,16.4,False
A,V97460,J,EE,2014,11.58 ,11.58,,high_growth_share,11.58,False
A,V97460,J,ES,2014,13.07 ,13.07,,high_growth_share,13.07,False
A,V97460,J,FI,2014,19.34 ,19.34,,high_growth_share,19.34,False
A,V97460,J,FR,2014,16.41 b,16.41,b,high_growth_share,16.41,False
A,V97460,J,HU,2014,14.64 ,14.64,,high_growth_share,14.64,False
A,V97460,J,IT,2014,10.69 ,10.69,,high_growth_share,10.69,False
A,V97460,J,LV,2014,14.86 ,14.86,,high_growth_share,14.86,False
A,V97460,J,NL,2014,17.59 ,17.59,,high_growth_share,17.59,False
A,V97460,J,NO,2014,15.00 ,15.0,,high_growth_share,15.0,False
A,V97460,J,PL,2014,13.56 ,13.56,,high_growth_share,13.56,False
A,V97460,J,PT,2014,16.10 ,16.1,,high_growth_share,16.1,False
A,V97460,J,RO,2014,4.61 ,4.61,,high_growth_share,4.61,False
A,V97460,J,SE,2014,18.18 ,18.18,,high_growth_share,18.18,False
A,V97460,J,SI,2014,9.22 ,9.22,,high_growth_share,9.22,False
A,V97460,J,SK,2014,15.01 ,15.01,,high_growth_share,15.01,False
A,V97460,L,AT,2014,6.05 ,6.05,,high_growth_share,6.05,False
A,V97460,L,BE,2014,5.28 ,5.28,,high_growth_share,5.28,False
A,V97460,L,BG,2014,6.85 ,6.85,,high_growth_share,6.85,False
A,V97460,L,CZ,2014,6.75 ,6.75,,high_growth_share,6.75,False
A,V97460,L,DE,2014,6.45 ,6.45,,high_growth_share,6.45,False
A,V97460,L,EE,2014,6.08 ,6.08,,high_growth_share,6.08,False
A,V97460,L,ES,2014,5.54 ,5.54,,high_growth_share,5.54,False
A,V97460,L,FI,2014,8.41 ,8.41,,high_growth_share,8.41,False
A,V97460,L,FR,2014,8.70 b,8.7,b,high_growth_share,8.7,False
A,V97460,L,HU,2014,11.55 ,11.55,,high_growth_share,11.55,False
A,V97460,L,IT,2014,3.20 ,3.2,,high_growth_share,3.2,False
A,V97460,L,LV,2014,8.19 ,8.19,,high_growth_share,8.19,False
A,V97460,L,NL,2014,5.72 ,5.72,,high_growth_share,5.72,False
A,V97460,L,NO,2014,11.48 ,11.48,,high_growth_share,11.48,False
A,V97460,L,PL,2014,3.63 ,3.63,,high_growth_share,3.63,False
A,V97460,L,PT,2014,9.24 ,9.24,,high_growth_share,9.24,False
A,V97460,L,RO,2014,0.55 ,0.55,,high_growth_share,0.55,False
A,V97460,L,SE,2014,10.26 ,10.26,,high_growth_share,10.26,False
A,V97460,L,SI,2014,6.76 ,6.76,,high_growth_share,6.76,False
A,V97460,L,SK,2014,7.47 ,7.47,,high_growth_share,7.47,False
A,V97460,M,AT,2014,8.65 ,8.65,,high_growth_share,8.65,False
A,V97460,M,BE,2014,9.94 ,9.94,,high_growth_share,9.94,False
A,V97460,M,BG,2014,9.85 ,9.85,,high_growth_share,9.85,False
A,V97460,M,CZ,2014,7.75 ,7.75,,high_growth_share,7.75,False
A,V97460,M,DE,2014,11.14 ,11.14,,high_growth_share,11.14,False
A,V97460,M,EE,2014,7.18 ,7.18,,high_growth_share,7.18,False
A,V97460,M,ES,2014,9.67 ,9.67,,high_growth_share,9.67,False
A,V97460,M,FI,2014,14.84 ,14.84,,high_growth_share,14.84,False
A,V97460,M,FR,2014,11.09 b,11.09,b,high_growth_share,11.09,False
A,V97460,M,HU,2014,13.17 ,13.17,,high_growth_share,13.17,False
A,V97460,M,IT,2014,8.84 ,8.84,,high_growth_share,8.84,False
A,V97460,M,LV,2014,10.94 ,10.94,,high_growth_share,10.94,False
A,V97460,M,NL,2014,11.50 ,11.5,,high_growth_share,11.5,False
A,V97460,M,NO,2014,12.33 ,12.33,,high_growth_share,12.33,False
A,V97460,M,PL,2014,10.10 ,10.1,,high_growth_share,10.1,False
A,V97460,M,PT,2014,10.06 ,10.06,,high_growth_share,10.06,False
A,V97460,M,RO,2014,2.01 ,2.01,,high_growth_share,2.01,False
A,V97460,M,SE,2014,14.74 ,14.74,,high_growth_share,14.74,False
A,V97460,M,SI,2014,7.69 ,7.69,,high_growth_share,7.69,False
A,V97460,M,SK,2014,11.11 ,11.11,,high_growth_share,11.11,False
A,V97460,N,AT,2014,11.10 ,11.1,,high_growth_share,11.1,False
A,V97460,N,BE,2014,16.06 ,16.06,,high_growth_share,16.06,False
A,V97460,N,BG,2014,13.62 ,13.62,,high_growth_share,13.62,False
A,V97460,N,CZ,2014,12.63 ,12.63,,high_growth_share,12.63,False
A,V97460,N,DE,2014,11.23 ,11.23,,high_growth_share,11.23,False
A,V97460,N,EE,2014,9.78 ,9.78,,high_growth_share,9.78,False
A,V97460,N,ES,2014,11.14 ,11.14,,high_growth_share,11.14,False
A,V97460,N,FI,2014,15.53 ,15.53,,high_growth_share,15.53,False
A,V97460,N,FR,2014,13.76 b,13.76,b,high_growth_share,13.76,False
A,V97460,N,HU,2014,13.73 ,13.73,,high_growth_share,13.73,False
A,V97460,N,IT,2014,10.77 ,10.77,,high_growth_share,10.77,False
A,V97460,N,LV,2014,13.24 ,13.24,,high_growth_share,13.24,False
A,V97460,N,NL,2014,13.97 ,13.97,,high_growth_share,13.97,False
A,V97460,N,NO,2014,17.41 ,17.41,,high_growth_share,17.41,False
A,V97460,N,PL,2014,12.11 ,12.11,,high_growth_share,12.11,False
A,V97460,N,PT,2014,12.38 ,12.38,,high_growth_share,12.38,False
A,V97460,N,RO,2014,2.37 ,2.37,,high_growth_share,2.37,False
A,V97460,N,SE,2014,16.74 ,16.74,,high_growth_share,16.74,False
A,V97460,N,SI,2014,11.29 ,11.29,,high_growth_share,11.29,False
A,V97460,N,SK,2014,14.29 ,14.29,,high_growth_share,14.29,False
A,V97460,B,AT,2015,8.62 ,8.62,,high_growth_share,8.62,False
A,V97460,B,BE,2015,2.22 ,2.22,,high_growth_share,2.22,False
A,V97460,B,BG,2015,7.58 ,7.58,,high_growth_share,7.58,False
A,V97460,B,CZ,2015,5.31 ,5.31,,high_growth_share,5.31,False
A,V97460,B,DE,2015,6.29 ,6.29,,high_growth_share,6.29,False
A,V97460,B,EE,2015,2.13 ,2.13,,high_growth_share,2.13,False
A,V97460,B,ES,2015,11.55 ,11.55,,high_growth_share,11.55,False
A,V97460,B,FI,2015,7.37 ,7.37,,high_growth_share,7.37,False
A,V97460,B,FR,2015,5.01 ,5.01,,high_growth_share,5.01,False
A,V97460,B,HU,2015,14.12 ,14.12,,high_growth_share,14.12,False
A,V97460,B,IT,2015,4.86 ,4.86,,high_growth_share,4.86,False
A,V97460,B,LV,2015,14.55 ,14.55,,high_growth_share,14.55,False
A,V97460,B,NL,2015,18.06 ,18.06,,high_growth_share,18.06,False
A,V97460,B,NO,2015,17.74 ,17.74,,high_growth_share,17.74,False
A,V97460,B,PL,2015,7.08 ,7.08,,high_growth_share,7.08,False
A,V97460,B,PT,2015,4.65 ,4.65,,high_growth_share,4.65,False
A,V97460,B,RO,2015,2.58 ,2.58,,high_growth_share,2.58,False
A,V97460,B,SE,2015,6.78 ,6.78,,high_growth_share,6.78,False
A,V97460,B,SI,2015,3.23 ,3.23,,high_growth_share,3.23,False
A,V97460,B,SK,2015,10.34 ,10.34,,high_growth_share,10.34,False
A,V97460,C,AT,2015,5.35 ,5.35,,high_growth_share,5.35,False
A,V97460,C,BE,2015,6.09 ,6.09,,high_growth_share,6.09,False
A,V97460,C,BG,2015,10.83 ,10.83,,high_growth_share,10.83,False
A,V97460,C,CZ,2015,11.54 ,11.54,,high_growth_share,11.54,False
A,V97460,C,DE,2015,8.69 ,8.69,,high_growth_share,8.69,False
A,V97460,C,EE,2015,8.84 ,8.84,,high_growth_share,8.84,False
A,V97460,C,ES,2015,12.96 ,12.96,,high_growth_share,12.96,False
A,V97460,C,FI,2015,9.14 ,9.14,,high_growth_share,9.14,False
A,V97460,C,FR,2015,6.55 ,6.55,,high_growth_share,6.55,False
A,V97460,C,HU,2015,13.43 ,13.43,,high_growth_share,13.43,False
A,V97460,C,IT,2015,6.22 ,6.22,,high_growth_share,6.22,False
A,V97460,C,LV,2015,11.57 ,11.57,,high_growth_share,11.57,False
A,V97460,C,NL,2015,8.87 ,8.87,,high_growth_share,8.87,False
A,V97460,C,NO,2015,12.45 ,12.45,,high_growth_share,12.45,False
A,V97460,C,PL,2015,11.36 ,11.36,,high_growth_share,11.36,False
A,V97460,C,PT,2015,11.39 ,11.39,,high_growth_share,11.39,False
A,V97460,C,RO,2015,2.42 ,2.42,,high_growth_share,2.42,False
A,V97460,C,SE,2015,8.94 ,8.94,,high_growth_share,8.94,False
A,V97460,C,SI,2015,10.04 ,10.04,,high_growth_share,10.04,False
A,V97460,C,SK,2015,13.41 ,13.41,,high_growth_share,13.41,False
A,V97460,D,AT,2015,6.67 ,6.67,,high_growth_share,6.67,False
A,V97460,D,BE,2015,11.63 ,11.63,,high_growth_share,11.63,False
A,V97460,D,BG,2015,4.51 ,4.51,,high_growth_share,4.51,False
A,V97460,D,CZ,2015,7.90 ,7.9,,high_growth_share,7.9,False
A,V97460,D,DE,2015,8.58 ,8.58,,high_growth_share,8.58,False
A,V97460,D,EE,2015,3.08 ,3.08,,high_growth_share,3.08,False
A,V97460,D,ES,2015,5.60 ,5.6,,high_growth_share,5.6,False
A,V97460,D,FI,2015,9.36 ,9.36,,high_growth_share,9.36,False
A,V97460,D,FR,2015,9.20 ,9.2,,high_growth_share,9.2,False
A,V97460,D,HU,2015,13.08 ,13.08,,high_growth_share,13.08,False
A,V97460,D,IT,2015,5.86 ,5.86,,high_growth_share,5.86,False
A,V97460,D,LV,2015,4.04 ,4.04,,high_growth_share,4.04,False
A,V97460,D,NL,2015,17.11 ,17.11,,high_growth_share,17.11,False
A,V97460,D,NO,2015,7.26 ,7.26,,high_growth_share,7.26,False
A,V97460,D,PL,2015,4.61 ,4.61,,high_growth_share,4.61,False
A,V97460,D,PT,2015,12.73 ,12.73,,high_growth_share,12.73,False
A,V97460,D,RO,2015,0.49 ,0.49,,high_growth_share,0.49,False
A,V97460,D,SE,2015,8.19 ,8.19,,high_growth_share,8.19,False
A,V97460,D,SI,2015,6.82 ,6.82,,high_growth_share,6.82,False
A,V97460,D,SK,2015,9.49 ,9.49,,high_growth_share,9.49,False
A,V97460,E,AT,2015,3.73 ,3.73,,high_growth_share,3.73,False
A,V97460,E,BE,2015,8.61 ,8.61,,high_growth_share,8.61,False
A,V97460,E,BG,2015,8.33 ,8.33,,high_growth_share,8.33,False
A,V97460,E,CZ,2015,8.56 ,8.56,,high_growth_share,8.56,False
A,V97460,E,DE,2015,9.53 ,9.53,,high_growth_share,9.53,False
A,V97460,E,EE,2015,10.14 ,10.14,,high_growth_share,10.14,False
A,V97460,E,ES,2015,8.47 ,8.47,,high_growth_share,8.47,False
A,V97460,E,FI,2015,10.43 ,10.43,,high_growth_share,10.43,False
A,V97460,E,FR,2015,10.38 ,10.38,,high_growth_share,10.38,False
A,V97460,E,HU,2015,15.42 ,15.42,,high_growth_share,15.42,False
A,V97460,E,IT,2015,10.18 ,10.18,,high_growth_share,10.18,False
A,V97460,E,LV,2015,12.24 ,12.24,,high_growth_share,12.24,False
A,V97460,E,NL,2015,7.97 ,7.97,,high_growth_share,7.97,False
A,V97460,E,NO,2015,11.90 ,11.9,,high_growth_share,11.9,False
A,V97460,E,PL,2015,8.78 ,8.78,,high_growth_share,8.78,False
A,V97460,E,PT,2015,11.48 ,11.48,,high_growth_share,11.48,False
A,V97460,E,RO,2015,1.94 ,1.94,,high_growth_share,1.94,False
A,V97460,E,SE,2015,14.62 ,14.62,,high_growth_share,14.62,False
A,V97460,E,SI,2015,4.17 ,4.17,,high_growth_share,4.17,False
A,V97460,E,SK,2015,10.49 ,10.49,,high_growth_share,10.49,False
A,V97460,F,AT,2015,5.99 ,5.99,,high_growth_share,5.99,False
A,V97460,F,BE,2015,6.39 ,6.39,,high_growth_share,6.39,False
A,V97460,F,BG,2015,13.13 ,13.13,,high_growth_share,13.13,False
A,V97460,F,CZ,2015,6.80 ,6.8,,high_growth_share,6.8,False
A,V97460,F,DE,2015,8.15 ,8.15,,high_growth_share,8.15,False
A,V97460,F,EE,2015,6.16 ,6.16,,high_growth_share,6.16,False
A,V97460,F,ES,2015,12.37 ,12.37,,high_growth_share,12.37,False
A,V97460,F,FI,2015,12.96 ,12.96,,high_growth_share,12.96,False
A,V97460,F,FR,2015,7.23 ,7.23,,high_growth_share,7.23,False
A,V97460,F,HU,2015,12.95 ,12.95,,high_growth_share,12.95,False
A,V97460,F,IT,2015,8.29 ,8.29,,high_growth_share,8.29,False
A,V97460,F,LV,2015,11.30 ,11.3,,high_growth_share,11.3,False
A,V97460,F,NL,2015,5.52 ,5.52,,high_growth_share,5.52,False
A,V97460,F,NO,2015,12.64 ,12.64,,high_growth_share,12.64,False
A,V97460,F,PL,2015,8.86 ,8.86,,high_growth_share,8.86,False
A,V97460,F,PT,2015,10.83 ,10.83,,high_growth_share,10.83,False
A,V97460,F,RO,2015,1.72 ,1.72,,high_growth_share,1.72,False
A,V97460,F,SE,2015,12.56 ,12.56,,high_growth_share,12.56,False
A,V97460,F,SI,2015,6.93 ,6.93,,high_growth_share,6.93,False
A,V97460,F,SK,2015,9.16 ,9.16,,high_growth_share,9.16,False
A,V97460,G,AT,2015,5.40 ,5.4,,high_growth_share,5.4,False
A,V97460,G,BE,2015,6.81 ,6.81,,high_growth_share,6.81,False
A,V97460,G,BG,2015,9.82 ,9.82,,high_growth_share,9.82,False
A,V97460,G,CZ,2015,9.54 ,9.54,,high_growth_share,9.54,False
A,V97460,G,DE,2015,10.05 ,10.05,,high_growth_share,10.05,False
A,V97460,G,EE,2015,6.37 ,6.37,,high_growth_share,6.37,False
A,V97460,G,ES,2015,10.90 ,10.9,,high_growth_share,10.9,False
A,V97460,G,FI,2015,9.63 ,9.63,,high_growth_share,9.63,False
A,V97460,G,FR,2015,7.24 ,7.24,,high_growth_share,7.24,False
A,V97460,G,HU,2015,10.55 ,10.55,,high_growth_share,10.55,False
A,V97460,G,IT,2015,6.90 ,6.9,,high_growth_share,6.9,False
A,V97460,G,LV,2015,11.82 ,11.82,,high_growth_share,11.82,False
A,V97460,G,NL,2015,9.65 ,9.65,,high_growth_share,9.65,False
A,V97460,G,NO,2015,9.25 ,9.25,,high_growth_share,9.25,False
A,V97460,G,PL,2015,9.65 ,9.65,,high_growth_share,9.65,False
A,V97460,G,PT,2015,9.02 ,9.02,,high_growth_share,9.02,False
A,V97460,G,RO,2015,2.03 ,2.03,,high_growth_share,2.03,False
A,V97460,G,SE,2015,10.04 ,10.04,,high_growth_share,10.04,False
A,V97460,G,SI,2015,7.07 ,7.07,,high_growth_share,7.07,False
A,V97460,G,SK,2015,10.62 ,10.62,,high_growth_share,10.62,False
A,V97460,H,AT,2015,6.75 ,6.75,,high_growth_share,6.75,False
A,V97460,H,BE,2015,8.79 ,8.79,,high_growth_share,8.79,False
A,V97460,H,BG,2015,13.91 ,13.91,,high_growth_share,13.91,False
A,V97460,H,CZ,2015,14.51 ,14.51,,high_growth_share,14.51,False
A,V97460,H,DE,2015,12.99 ,12.99,,high_growth_share,12.99,False
A,V97460,H,EE,2015,10.04 ,10.04,,high_growth_share,10.04,False
A,V97460,H,ES,2015,14.35 ,14.35,,high_growth_share,14.35,False
A,V97460,H,FI,2015,13.86 ,13.86,,high_growth_share,13.86,False
A,V97460,H,FR,2015,10.77 ,10.77,,high_growth_share,10.77,False
A,V97460,H,HU,2015,16.99 ,16.99,,high_growth_share,16.99,False
A,V97460,H,IT,2015,9.98 ,9.98,,high_growth_share,9.98,False
A,V97460,H,LV,2015,12.36 ,12.36,,high_growth_share,12.36,False
A,V97460,H,NL,2015,11.34 ,11.34,,high_growth_share,11.34,False
A,V97460,H,NO,2015,15.21 ,15.21,,high_growth_share,15.21,False
A,V97460,H,PL,2015,13.13 ,13.13,,high_growth_share,13.13,False
A,V97460,H,PT,2015,15.88 ,15.88,,high_growth_share,15.88,False
A,V97460,H,RO,2015,3.98 ,3.98,,high_growth_share,3.98,False
A,V97460,H,SE,2015,13.42 ,13.42,,high_growth_share,13.42,False
A,V97460,H,SI,2015,11.98 ,11.98,,high_growth_share,11.98,False
A,V97460,H,SK,2015,15.94 ,15.94,,high_growth_share,15.94,False
A,V97460,I,AT,2015,6.62 ,6.62,,high_growth_share,6.62,False
A,V97460,I,BE,2015,5.40 ,5.4,,high_growth_share,5.4,False
A,V97460,I,BG,2015,7.29 ,7.29,,high_growth_share,7.29,False
A,V97460,I,CZ,2015,8.19 ,8.19,,high_growth_share,8.19,False
A,V97460,I,DE,2015,10.98 ,10.98,,high_growth_share,10.98,False
A,V97460,I,EE,2015,9.62 ,9.62,,high_growth_share,9.62,False
A,V97460,I,ES,2015,8.82 ,8.82,,high_growth_share,8.82,False
A,V97460,I,FI,2015,11.66 ,11.66,,high_growth_share,11.66,False
A,V97460,I,FR,2015,4.46 ,4.46,,high_growth_share,4.46,False
A,V97460,I,HU,2015,9.47 ,9.47,,high_growth_share,9.47,False
A,V97460,I,IT,2015,5.89 ,5.89,,high_growth_share,5.89,False
A,V97460,I,LV,2015,12.63 ,12.63,,high_growth_share,12.63,False
A,V97460,I,NL,2015,8.83 ,8.83,,high_growth_share,8.83,False
A,V97460,I,NO,2015,13.80 ,13.8,,high_growth_share,13.8,False
A,V97460,I,PL,2015,6.70 ,6.7,,high_growth_share,6.7,False
A,V97460,I,PT,2015,8.33 ,8.33,,high_growth_share,8.33,False
A,V97460,I,RO,2015,1.49 ,1.49,,high_growth_share,1.49,False
A,V97460,I,SE,2015,10.43 ,10.43,,high_growth_share,10.43,False
A,V97460,I,SI,2015,7.36 ,7.36,,high_growth_share,7.36,False
A,V97460,I,SK,2015,11.56 ,11.56,,high_growth_share,11.56,False
A,V97460,J,AT,2015,11.31 ,11.31,,high_growth_share,11.31,False
A,V97460,J,BE,2015,13.28 ,13.28,,high_growth_share,13.28,False
A,V97460,J,BG,2015,12.74 ,12.74,,high_growth_share,12.74,False
A,V97460,J,CZ,2015,14.92 ,14.92,,high_growth_share,14.92,False
A,V97460,J,DE,2015,17.63 ,17.63,,high_growth_share,17.63,False
A,V97460,J,EE,2015,10.10 ,10.1,,high_growth_share,10.1,False
A,V97460,J,ES,2015,15.73 ,15.73,,high_growth_share,15.73,False
A,V97460,J,FI,2015,19.22 ,19.22,,high_growth_share,19.22,False
A,V97460,J,FR,2015,16.97 ,16.97,,high_growth_share,16.97,False
A,V97460,J,HU,2015,12.88 ,12.88,,high_growth_share,12.88,False
A,V97460,J,IT,2015,11.83 ,11.83,,high_growth_share,11.83,False
A,V97460,J,LV,2015,16.13 ,16.13,,high_growth_share,16.13,False
A,V97460,J,NL,2015,18.06 ,18.06,,high_growth_share,18.06,False
A,V97460,J,NO,2015,14.90 ,14.9,,high_growth_share,14.9,False
A,V97460,J,PL,2015,14.87 ,14.87,,high_growth_share,14.87,False
A,V97460,J,PT,2015,19.18 ,19.18,,high_growth_share,19.18,False
A,V97460,J,RO,2015,5.10 ,5.1,,high_growth_share,5.1,False
A,V97460,J,SE,2015,18.46 ,18.46,,high_growth_share,18.46,False
A,V97460,J,SI,2015,9.63 ,9.63,,high_growth_share,9.63,False
A,V97460,J,SK,2015,14.17 ,14.17,,high_growth_share,14.17,False
A,V97460,L,AT,2015,5.61 ,5.61,,high_growth_share,5.61,False
A,V97460,L,BE,2015,4.65 ,4.65,,high_growth_share,4.65,False
A,V97460,L,BG,2015,6.68 ,6.68,,high_growth_share,6.68,False
A,V97460,L,CZ,2015,6.35 ,6.35,,high_growth_share,6.35,False
A,V97460,L,DE,2015,8.98 ,8.98,,high_growth_share,8.98,False
A,V97460,L,EE,2015,5.41 ,5.41,,high_growth_share,5.41,False
A,V97460,L,ES,2015,6.68 ,6.68,,high_growth_share,6.68,False
A,V97460,L,FI,2015,8.36 ,8.36,,high_growth_share,8.36,False
A,V97460,L,FR,2015,8.82 ,8.82,,high_growth_share,8.82,False
A,V97460,L,HU,2015,11.01 ,11.01,,high_growth_share,11.01,False
A,V97460,L,IT,2015,3.52 ,3.52,,high_growth_share,3.52,False
A,V97460,L,LV,2015,8.42 ,8.42,,high_growth_share,8.42,False
A,V97460,L,NL,2015,7.91 ,7.91,,high_growth_share,7.91,False
A,V97460,L,NO,2015,12.25 ,12.25,,high_growth_share,12.25,False
A,V97460,L,PL,2015,4.56 ,4.56,,high_growth_share,4.56,False
A,V97460,L,PT,2015,7.85 ,7.85,,high_growth_share,7.85,False
A,V97460,L,RO,2015,0.42 ,0.42,,high_growth_share,0.42,False
A,V97460,L,SE,2015,10.83 ,10.83,,high_growth_share,10.83,False
A,V97460,L,SI,2015,4.62 ,4.62,,high_growth_share,4.62,False
A,V97460,L,SK,2015,10.34 ,10.34,,high_growth_share,10.34,False
A,V97460,M,AT,2015,7.30 ,7.3,,high_growth_share,7.3,False
A,V97460,M,BE,2015,10.20 ,10.2,,high_growth_share,10.2,False
A,V97460,M,BG,2015,10.18 ,10.18,,high_growth_share,10.18,False
A,V97460,M,CZ,2015,10.18 ,10.18,,high_growth_share,10.18,False
A,V97460,M,DE,2015,12.38 ,12.38,,high_growth_share,12.38,False
A,V97460,M,EE,2015,5.17 ,5.17,,high_growth_share,5.17,False
A,V97460,M,ES,2015,10.99 ,10.99,,high_growth_share,10.99,False
A,V97460,M,FI,2015,13.46 ,13.46,,high_growth_share,13.46,False
A,V97460,M,FR,2015,11.33 ,11.33,,high_growth_share,11.33,False
A,V97460,M,HU,2015,13.35 ,13.35,,high_growth_share,13.35,False
A,V97460,M,IT,2015,9.66 ,9.66,,high_growth_share,9.66,False
A,V97460,M,LV,2015,13.81 ,13.81,,high_growth_share,13.81,False
A,V97460,M,NL,2015,12.45 ,12.45,,high_growth_share,12.45,False
A,V97460,M,NO,2015,10.88 ,10.88,,high_growth_share,10.88,False
A,V97460,M,PL,2015,10.65 ,10.65,,high_growth_share,10.65,False
A,V97460,M,PT,2015,11.04 ,11.04,,high_growth_share,11.04,False
A,V97460,M,RO,2015,1.66 ,1.66,,high_growth_share,1.66,False
A,V97460,M,SE,2015,14.56 ,14.56,,high_growth_share,14.56,False
A,V97460,M,SI,2015,7.78 ,7.78,,high_growth_share,7.78,False
A,V97460,M,SK,2015,12.65 ,12.65,,high_growth_share,12.65,False
A,V97460,N,AT,2015,10.98 ,10.98,,high_growth_share,10.98,False
A,V97460,N,BE,2015,16.92 ,16.92,,high_growth_share,16.92,False
A,V97460,N,BG,2015,13.21 ,13.21,,high_growth_share,13.21,False
A,V97460,N,CZ,2015,15.20 ,15.2,,high_growth_share,15.2,False
A,V97460,N,DE,2015,15.57 ,15.57,,high_growth_share,15.57,False
A,V97460,N,EE,2015,7.18 ,7.18,,high_growth_share,7.18,False
A,V97460,N,ES,2015,12.47 ,12.47,,high_growth_share,12.47,False
A,V97460,N,FI,2015,17.65 ,17.65,,high_growth_share,17.65,False
A,V97460,N,FR,2015,13.84 ,13.84,,high_growth_share,13.84,False
A,V97460,N,HU,2015,14.50 ,14.5,,high_growth_share,14.5,False
A,V97460,N,IT,2015,11.92 ,11.92,,high_growth_share,11.92,False
A,V97460,N,LV,2015,15.97 ,15.97,,high_growth_share,15.97,False
A,V97460,N,NL,2015,18.12 ,18.12,,high_growth_share,18.12,False
A,V97460,N,NO,2015,16.04 ,16.04,,high_growth_share,16.04,False
A,V97460,N,PL,2015,11.98 ,11.98,,high_growth_share,11.98,False
A,V97460,N,PT,2015,16.48 ,16.48,,high_growth_share,16.48,False
A,V97460,N,RO,2015,2.08 ,2.08,,high_growth_share,2.08,False
A,V97460,N,SE,2015,16.95 ,16.95,,high_growth_share,16.95,False
A,V97460,N,SI,2015,12.90 ,12.9,,high_growth_share,12.9,False
A,V97460,N,SK,2015,14.06 ,14.06,,high_growth_share,14.06,False
A,V97460,B,AT,2016,4.27 ,4.27,,high_growth_share,4.27,False
A,V97460,B,BE,2016,0.00 ,0.0,,high_growth_share,0.0,False
A,V97460,B,BG,2016,6.87 ,6.87,,high_growth_share,6.87,False
A,V97460,B,CZ,2016,9.26 ,9.26,,high_growth_share,9.26,False
A,V97460,B,DE,2016,7.67 ,7.67,,high_growth_share,7.67,False
A,V97460,B,EE,2016,4.55 ,4.55,,high_growth_share,4.55,False
A,V97460,B,ES,2016,11.33 ,11.33,,high_growth_share,11.33,False
A,V97460,B,FI,2016,10.11 ,10.11,,high_growth_share,10.11,False
A,V97460,B,FR,2016,3.00 ,3.0,,high_growth_share,3.0,False
A,V97460,B,HU,2016,7.41 ,7.41,,high_growth_share,7.41,False
A,V97460,B,IT,2016,6.27 ,6.27,,high_growth_share,6.27,False
A,V97460,B,LV,2016,15.52 ,15.52,,high_growth_share,15.52,False
A,V97460,B,NL,2016,13.70 ,13.7,,high_growth_share,13.7,False
A,V97460,B,NO,2016,11.07 ,11.07,,high_growth_share,11.07,False
A,V97460,B,PL,2016,9.72 ,9.72,,high_growth_share,9.72,False
A,V97460,B,PT,2016,5.58 ,5.58,,high_growth_share,5.58,False
A,V97460,B,RO,2016,1.52 ,1.52,,high_growth_share,1.52,False
A,V97460,B,SE,2016,6.12 ,6.12,,high_growth_share,6.12,False
A,V97460,B,SI,2016,10.34 ,10.34,,high_growth_share,10.34,False
A,V97460,B,SK,2016,11.67 ,11.67,,high_growth_share,11.67,False
A,V97460,C,AT,2016,6.13 ,6.13,,high_growth_share,6.13,False
A,V97460,C,BE,2016,6.64 ,6.64,,high_growth_share,6.64,False
A,V97460,C,BG,2016,11.70 ,11.7,,high_growth_share,11.7,False
A,V97460,C,CZ,2016,12.33 ,12.33,,high_growth_share,12.33,False
A,V97460,C,DE,2016,9.06 ,9.06,,high_growth_share,9.06,False
A,V97460,C,EE,2016,7.82 ,7.82,,high_growth_share,7.82,False
A,V97460,C,ES,2016,14.57 ,14.57,,high_growth_share,14.57,False
A,V97460,C,FI,2016,9.26 ,9.26,,high_growth_share,9.26,False
A,V97460,C,FR,2016,6.69 ,6.69,,high_growth_share,6.69,False
A,V97460,C,HU,2016,14.35 ,14.35,,high_growth_share,14.35,False
A,V97460,C,IT,2016,8.16 ,8.16,,high_growth_share,8.16,False
A,V97460,C,LV,2016,12.70 ,12.7,,high_growth_share,12.7,False
A,V97460,C,NL,2016,10.27 ,10.27,,high_growth_share,10.27,False
A,V97460,C,NO,2016,11.48 ,11.48,,high_growth_share,11.48,False
A,V97460,C,PL,2016,13.14 ,13.14,,high_growth_share,13.14,False
A,V97460,C,PT,2016,12.47 ,12.47,,high_growth_share,12.47,False
A,V97460,C,RO,2016,2.76 ,2.76,,high_growth_share,2.76,False
A,V97460,C,SE,2016,9.87 ,9.87,,high_growth_share,9.87,False
A,V97460,C,SI,2016,13.28 ,13.28,,high_growth_share,13.28,False
A,V97460,C,SK,2016,14.76 ,14.76,,high_growth_share,14.76,False
A,V97460,D,AT,2016,6.62 ,6.62,,high_growth_share,6.62,False
A,V97460,D,BE,2016,8.16 ,8.16,,high_growth_share,8.16,False
A,V97460,D,BG,2016,6.15 ,6.15,,high_growth_share,6.15,False
A,V97460,D,CZ,2016,8.54 ,8.54,,high_growth_share,8.54,False
A,V97460,D,DE,2016,7.70 ,7.7,,high_growth_share,7.7,False
A,V97460,D,EE,2016,5.00 ,5.0,,high_growth_share,5.0,False
A,V97460,D,ES,2016,11.43 ,11.43,,high_growth_share,11.43,False
A,V97460,D,FI,2016,8.67 ,8.67,,high_growth_share,8.67,False
A,V97460,D,FR,2016,12.26 ,12.26,,high_growth_share,12.26,False
A,V97460,D,HU,2016,13.28 ,13.28,,high_growth_share,13.28,False
A,V97460,D,IT,2016,7.34 ,7.34,,high_growth_share,7.34,False
A,V97460,D,LV,2016,7.62 ,7.62,,high_growth_share,7.62,False
A,V97460,D,NL,2016,13.75 ,13.75,,high_growth_share,13.75,False
A,V97460,D,NO,2016,6.84 ,6.84,,high_growth_share,6.84,False
A,V97460,D,PL,2016,3.70 ,3.7,,high_growth_share,3.7,False
A,V97460,D,PT,2016,7.02 ,7.02,,high_growth_share,7.02,False
A,V97460,D,RO,2016,0.48 ,0.48,,high_growth_share,0.48,False
A,V97460,D,SE,2016,7.17 ,7.17,,high_growth_share,7.17,False
A,V97460,D,SI,2016,0.00 ,0.0,,high_growth_share,0.0,False
A,V97460,D,SK,2016,7.30 ,7.3,,high_growth_share,7.3,False
A,V97460,E,AT,2016,5.79 ,5.79,,high_growth_share,5.79,False
A,V97460,E,BE,2016,11.86 ,11.86,,high_growth_share,11.86,False
A,V97460,E,BG,2016,9.39 ,9.39,,high_growth_share,9.39,False
A,V97460,E,CZ,2016,10.44 ,10.44,,high_growth_share,10.44,False
A,V97460,E,DE,2016,9.67 ,9.67,,high_growth_share,9.67,False
A,V97460,E,EE,2016,7.14 ,7.14,,high_growth_share,7.14,False
A,V97460,E,ES,2016,8.25 ,8.25,,high_growth_share,8.25,False
A,V97460,E,FI,2016,9.88 ,9.88,,high_growth_share,9.88,False
A,V97460,E,FR,2016,11.17 ,11.17,,high_growth_share,11.17,False
A,V97460,E,HU,2016,16.50 ,16.5,,high_growth_share,16.5,False
A,V97460,E,IT,2016,12.71 ,12.71,,high_growth_share,12.71,False
A,V97460,E,LV,2016,17.35 ,17.35,,high_growth_share,17.35,False
A,V97460,E,NL,2016,9.36 ,9.36,,high_growth_share,9.36,False
A,V97460,E,NO,2016,13.37 ,13.37,,high_growth_share,13.37,False
A,V97460,E,PL,2016,9.18 ,9.18,,high_growth_share,9.18,False
A,V97460,E,PT,2016,14.20 ,14.2,,high_growth_share,14.2,False
A,V97460,E,RO,2016,2.29 ,2.29,,high_growth_share,2.29,False
A,V97460,E,SE,2016,11.07 ,11.07,,high_growth_share,11.07,False
A,V97460,E,SI,2016,3.97 ,3.97,,high_growth_share,3.97,False
A,V97460,E,SK,2016,12.12 ,12.12,,high_growth_share,12.12,False
A,V97460,F,AT,2016,7.15 ,7.15,,high_growth_share,7.15,False
A,V97460,F,BE,2016,6.36 ,6.36,,high_growth_share,6.36,False
A,V97460,F,BG,2016,12.91 ,12.91,,high_growth_share,12.91,False
A,V97460,F,CZ,2016,7.57 ,7.57,,high_growth_share,7.57,False
A,V97460,F,DE,2016,8.51 ,8.51,,high_growth_share,8.51,False
A,V97460,F,EE,2016,5.62 ,5.62,,high_growth_share,5.62,False
A,V97460,F,ES,2016,13.95 ,13.95,,high_growth_share,13.95,False
A,V97460,F,FI,2016,13.14 ,13.14,,high_growth_share,13.14,False
A,V97460,F,FR,2016,7.13 ,7.13,,high_growth_share,7.13,False
A,V97460,F,HU,2016,11.07 ,11.07,,high_growth_share,11.07,False
A,V97460,F,IT,2016,9.59 ,9.59,,high_growth_share,9.59,False
A,V97460,F,LV,2016,10.38 ,10.38,,high_growth_share,10.38,False
A,V97460,F,NL,2016,8.03 ,8.03,,high_growth_share,8.03,False
A,V97460,F,NO,2016,12.40 ,12.4,,high_growth_share,12.4,False
A,V97460,F,PL,2016,9.41 ,9.41,,high_growth_share,9.41,False
A,V97460,F,PT,2016,13.52 ,13.52,,high_growth_share,13.52,False
A,V97460,F,RO,2016,2.21 ,2.21,,high_growth_share,2.21,False
A,V97460,F,SE,2016,14.09 ,14.09,,high_growth_share,14.09,False
A,V97460,F,SI,2016,7.69 ,7.69,,high_growth_share,7.69,False
A,V97460,F,SK,2016,9.61 ,9.61,,high_growth_share,9.61,False
A,V97460,G,AT,2016,5.73 ,5.73,,high_growth_share,5.73,False
A,V97460,G,BE,2016,6.87 ,6.87,,high_growth_share,6.87,False
A,V97460,G,BG,2016,10.26 ,10.26,,high_growth_share,10.26,False
A,V97460,G,CZ,2016,10.30 ,10.3,,high_growth_share,10.3,False
A,V97460,G,DE,2016,10.21 ,10.21,,high_growth_share,10.21,False
A,V97460,G,EE,2016,6.43 ,6.43,,high_growth_share,6.43,False
A,V97460,G,ES,2016,13.38 ,13.38,,high_growth_share,13.38,False
A,V97460,G,FI,2016,7.93 ,7.93,,high_growth_share,7.93,False
A,V97460,G,FR,2016,7.07 ,7.07,,high_growth_share,7.07,False
A,V97460,G,HU,2016,11.23 ,11.23,,high_growth_share,11.23,False
A,V97460,G,IT,2016,8.47 ,8.47,,high_growth_share,8.47,False
A,V97460,G,LV,2016,12.44 ,12.44,,high_growth_share,12.44,False
A,V97460,G,NL,2016,11.01 ,11.01,,high_growth_share,11.01,False
A,V97460,G,NO,2016,8.58 ,8.58,,high_growth_share,8.58,False
A,V97460,G,PL,2016,11.15 ,11.15,,high_growth_share,11.15,False
A,V97460,G,PT,2016,11.30 ,11.3,,high_growth_share,11.3,False
A,V97460,G,RO,2016,2.79 ,2.79,,high_growth_share,2.79,False
A,V97460,G,SE,2016,10.19 ,10.19,,high_growth_share,10.19,False
A,V97460,G,SI,2016,9.10 ,9.1,,high_growth_share,9.1,False
A,V97460,G,SK,2016,11.20 ,11.2,,high_growth_share,11.2,False
A,V97460,H,AT,2016,7.86 ,7.86,,high_growth_share,7.86,False
A,V97460,H,BE,2016,9.81 ,9.81,,high_growth_share,9.81,False
A,V97460,H,BG,2016,14.74 ,14.74,,high_growth_share,14.74,False
A,V97460,H,CZ,2016,14.61 ,14.61,,high_growth_share,14.61,False
A,V97460,H,DE,2016,13.48 ,13.48,,high_growth_share,13.48,False
A,V97460,H,EE,2016,9.70 ,9.7,,high_growth_share,9.7,False
A,V97460,H,ES,2016,16.11 ,16.11,,high_growth_share,16.11,False
A,V97460,H,FI,2016,12.15 ,12.15,,high_growth_share,12.15,False
A,V97460,H,FR,2016,11.49 ,11.49,,high_growth_share,11.49,False
A,V97460,H,HU,2016,16.87 ,16.87,,high_growth_share,16.87,False
A,V97460,H,IT,2016,11.65 ,11.65,,high_growth_share,11.65,False
A,V97460,H,LV,2016,12.12 ,12.12,,high_growth_share,12.12,False
A,V97460,H,NL,2016,12.39 ,12.39,,high_growth_share,12.39,False
A,V97460,H,NO,2016,14.89 ,14.89,,high_growth_share,14.89,False
A,V97460,H,PL,2016,14.66 ,14.66,,high_growth_share,14.66,False
A,V97460,H,PT,2016,18.18 ,18.18,,high_growth_share,18.18,False
A,V97460,H,RO,2016,5.40 ,5.4,,high_growth_share,5.4,False
A,V97460,H,SE,2016,14.34 ,14.34,,high_growth_share,14.34,False
A,V97460,H,SI,2016,14.55 ,14.55,,high_growth_share,14.55,False
A,V97460,H,SK,2016,16.98 ,16.98,,high_growth_share,16.98,False
A,V97460,I,AT,2016,6.82 ,6.82,,high_growth_share,6.82,False
A,V97460,I,BE,2016,6.25 ,6.25,,high_growth_share,6.25,False
A,V97460,I,BG,2016,8.09 ,8.09,,high_growth_share,8.09,False
A,V97460,I,CZ,2016,9.57 ,9.57,,high_growth_share,9.57,False
A,V97460,I,DE,2016,11.25 ,11.25,,high_growth_share,11.25,False
A,V97460,I,EE,2016,6.55 ,6.55,,high_growth_share,6.55,False
A,V97460,I,ES,2016,12.52 ,12.52,,high_growth_share,12.52,False
A,V97460,I,FI,2016,7.76 ,7.76,,high_growth_share,7.76,False
A,V97460,I,FR,2016,4.82 ,4.82,,high_growth_share,4.82,False
A,V97460,I,HU,2016,11.44 ,11.44,,high_growth_share,11.44,False
A,V97460,I,IT,2016,7.53 ,7.53,,high_growth_share,7.53,False
A,V97460,I,LV,2016,13.42 ,13.42,,high_growth_share,13.42,False
A,V97460,I,NL,2016,10.45 ,10.45,,high_growth_share,10.45,False
A,V97460,I,NO,2016,12.22 ,12.22,,high_growth_share,12.22,False
A,V97460,I,PL,2016,8.97 ,8.97,,high_growth_share,8.97,False
A,V97460,I,PT,2016,10.79 ,10.79,,high_growth_share,10.79,False
A,V97460,I,RO,2016,2.32 ,2.32,,high_growth_share,2.32,False
A,V97460,I,SE,2016,10.41 ,10.41,,high_growth_share,10.41,False
A,V97460,I,SI,2016,11.44 ,11.44,,high_growth_share,11.44,False
A,V97460,I,SK,2016,10.75 ,10.75,,high_growth_share,10.75,False
A,V97460,J,AT,2016,12.00 ,12.0,,high_growth_share,12.0,False
A,V97460,J,BE,2016,16.40 ,16.4,,high_growth_share,16.4,False
A,V97460,J,BG,2016,13.72 ,13.72,,high_growth_share,13.72,False
A,V97460,J,CZ,2016,15.02 ,15.02,,high_growth_share,15.02,False
A,V97460,J,DE,2016,17.79 ,17.79,,high_growth_share,17.79,False
A,V97460,J,EE,2016,10.24 ,10.24,,high_growth_share,10.24,False
A,V97460,J,ES,2016,18.30 ,18.3,,high_growth_share,18.3,False
A,V97460,J,FI,2016,18.83 ,18.83,,high_growth_share,18.83,False
A,V97460,J,FR,2016,17.17 ,17.17,,high_growth_share,17.17,False
A,V97460,J,HU,2016,14.66 ,14.66,,high_growth_share,14.66,False
A,V97460,J,IT,2016,13.67 ,13.67,,high_growth_share,13.67,False
A,V97460,J,LV,2016,19.67 ,19.67,,high_growth_share,19.67,False
A,V97460,J,NL,2016,19.65 ,19.65,,high_growth_share,19.65,False
A,V97460,J,NO,2016,13.98 ,13.98,,high_growth_share,13.98,False
A,V97460,J,PL,2016,15.38 ,15.38,,high_growth_share,15.38,False
A,V97460,J,PT,2016,19.64 ,19.64,,high_growth_share,19.64,False
A,V97460,J,RO,2016,5.84 ,5.84,,high_growth_share,5.84,False
A,V97460,J,SE,2016,18.37 ,18.37,,high_growth_share,18.37,False
A,V97460,J,SI,2016,12.15 ,12.15,,high_growth_share,12.15,False
A,V97460,J,SK,2016,13.19 ,13.19,,high_growth_share,13.19,False
A,V97460,L,AT,2016,7.56 ,7.56,,high_growth_share,7.56,False
A,V97460,L,BE,2016,4.80 ,4.8,,high_growth_share,4.8,False
A,V97460,L,BG,2016,8.08 ,8.08,,high_growth_share,8.08,False
A,V97460,L,CZ,2016,7.58 ,7.58,,high_growth_share,7.58,False
A,V97460,L,DE,2016,8.91 ,8.91,,high_growth_share,8.91,False
A,V97460,L,EE,2016,4.46 ,4.46,,high_growth_share,4.46,False
A,V97460,L,ES,2016,8.85 ,8.85,,high_growth_share,8.85,False
A,V97460,L,FI,2016,9.48 ,9.48,,high_growth_share,9.48,False
A,V97460,L,FR,2016,9.17 ,9.17,,high_growth_share,9.17,False
A,V97460,L,HU,2016,10.28 ,10.28,,high_growth_share,10.28,False
A,V97460,L,IT,2016,4.36 ,4.36,,high_growth_share,4.36,False
A,V97460,L,LV,2016,7.12 ,7.12,,high_growth_share,7.12,False
A,V97460,L,NL,2016,10.84 ,10.84,,high_growth_share,10.84,False
A,V97460,L,NO,2016,13.26 ,13.26,,high_growth_share,13.26,False
A,V97460,L,PL,2016,4.87 ,4.87,,high_growth_share,4.87,False
A,V97460,L,PT,2016,10.43 ,10.43,,high_growth_share,10.43,False
A,V97460,L,RO,2016,1.49 ,1.49,,high_growth_share,1.49,False
A,V97460,L,SE,2016,10.67 ,10.67,,high_growth_share,10.67,False
A,V97460,L,SI,2016,4.69 ,4.69,,high_growth_share,4.69,False
A,V97460,L,SK,2016,9.13 ,9.13,,high_growth_share,9.13,False
A,V97460,M,AT,2016,7.84 ,7.84,,high_growth_share,7.84,False
A,V97460,M,BE,2016,10.39 ,10.39,,high_growth_share,10.39,False
A,V97460,M,BG,2016,10.37 ,10.37,,high_growth_share,10.37,False
A,V97460,M,CZ,2016,10.32 ,10.32,,high_growth_share,10.32,False
A,V97460,M,DE,2016,12.67 ,12.67,,high_growth_share,12.67,False
A,V97460,M,EE,2016,6.20 ,6.2,,high_growth_share,6.2,False
A,V97460,M,ES,2016,12.77 ,12.77,,high_growth_share,12.77,False
A,V97460,M,FI,2016,13.58 ,13.58,,high_growth_share,13.58,False
A,V97460,M,FR,2016,10.72 ,10.72,,high_growth_share,10.72,False
A,V97460,M,HU,2016,13.75 ,13.75,,high_growth_share,13.75,False
A,V97460,M,IT,2016,10.62 ,10.62,,high_growth_share,10.62,False
A,V97460,M,LV,2016,11.24 ,11.24,,high_growth_share,11.24,False
A,V97460,M,NL,2016,13.86 ,13.86,,high_growth_share,13.86,False
A,V97460,M,NO,2016,10.28 ,10.28,,high_growth_share,10.28,False
A,V97460,M,PL,2016,11.85 ,11.85,,high_growth_share,11.85,False
A,V97460,M,PT,2016,13.04 ,13.04,,high_growth_share,13.04,False
A,V97460,M,RO,2016,1.93 ,1.93,,high_growth_share,1.93,False
A,V97460,M,SE,2016,15.55 ,15.55,,high_growth_share,15.55,False
A,V97460,M,SI,2016,7.35 ,7.35,,high_growth_share,7.35,False
A,V97460,M,SK,2016,11.97 ,11.97,,high_growth_share,11.97,False
A,V97460,N,AT,2016,12.89 ,12.89,,high_growth_share,12.89,False
A,V97460,N,BE,2016,17.72 ,17.72,,high_growth_share,17.72,False
A,V97460,N,BG,2016,12.47 ,12.47,,high_growth_share,12.47,False
A,V97460,N,CZ,2016,14.59 ,14.59,,high_growth_share,14.59,False
A,V97460,N,DE,2016,16.08 ,16.08,,high_growth_share,16.08,False
A,V97460,N,EE,2016,10.78 ,10.78,,high_growth_share,10.78,False
A,V97460,N,ES,2016,14.16 ,14.16,,high_growth_share,14.16,False
A,V97460,N,FI,2016,18.87 ,18.87,,high_growth_share,18.87,False
A,V97460,N,FR,2016,14.80 ,14.8,,high_growth_share,14.8,False
A,V97460,N,HU,2016,15.15 ,15.15,,high_growth_share,15.15,False
A,V97460,N,IT,2016,13.02 ,13.02,,high_growth_share,13.02,False
A,V97460,N,LV,2016,14.90 ,14.9,,high_growth_share,14.9,False
A,V97460,N,NL,2016,20.31 ,20.31,,high_growth_share,20.31,False
A,V97460,N,NO,2016,14.98 ,14.98,,high_growth_share,14.98,False
A,V97460,N,PL,2016,12.90 ,12.9,,high_growth_share,12.9,False
A,V97460,N,PT,2016,17.57 ,17.57,,high_growth_share,17.57,False
A,V97460,N,RO,2016,3.28 ,3.28,,high_growth_share,3.28,False
A,V97460,N,SE,2016,18.61 ,18.61,,high_growth_share,18.61,False
A,V97460,N,SI,2016,16.06 ,16.06,,high_growth_share,16.06,False
A,V97460,N,SK,2016,15.67 ,15.67,,high_growth_share,15.67,False
A,V97460,B,AT,2017,7.50 ,7.5,,high_growth_share,7.5,False
A,V97460,B,BE,2017,0.00 ,0.0,,high_growth_share,0.0,False
A,V97460,B,BG,2017,6.56 ,6.56,,high_growth_share,6.56,False
A,V97460,B,CZ,2017,11.21 ,11.21,,high_growth_share,11.21,False
A,V97460,B,DE,2017,7.54 ,7.54,,high_growth_share,7.54,False
A,V97460,B,EE,2017,4.76 ,4.76,,high_growth_share,4.76,False
A,V97460,B,ES,2017,14.59 ,14.59,,high_growth_share,14.59,False
A,V97460,B,FI,2017,14.13 ,14.13,,high_growth_share,14.13,False
A,V97460,B,FR,2017,4.23 ,4.23,,high_growth_share,4.23,False
A,V97460,B,HU,2017,5.81 ,5.81,,high_growth_share,5.81,False
A,V97460,B,IT,2017,5.35 ,5.35,,high_growth_share,5.35,False
A,V97460,B,LV,2017,11.86 ,11.86,,high_growth_share,11.86,False
A,V97460,B,NL,2017,5.48 ,5.48,,high_growth_share,5.48,False
A,V97460,B,NO,2017,6.56 ,6.56,,high_growth_share,6.56,False
A,V97460,B,PL,2017,10.52 ,10.52,,high_growth_share,10.52,False
A,V97460,B,PT,2017,8.22 ,8.22,,high_growth_share,8.22,False
A,V97460,B,RO,2017,2.29 ,2.29,,high_growth_share,2.29,False
A,V97460,B,SE,2017,13.21 ,13.21,,high_growth_share,13.21,False
A,V97460,B,SI,2017,13.79 ,13.79,,high_growth_share,13.79,False
A,V97460,B,SK,2017,8.77 ,8.77,,high_growth_share,8.77,False
A,V97460,C,AT,2017,6.64 ,6.64,,high_growth_share,6.64,False
A,V97460,C,BE,2017,7.93 ,7.93,,high_growth_share,7.93,False
A,V97460,C,BG,2017,11.10 ,11.1,,high_growth_share,11.1,False
A,V97460,C,CZ,2017,12.00 ,12.0,,high_growth_share,12.0,False
A,V97460,C,DE,2017,8.82 ,8.82,,high_growth_share,8.82,False
A,V97460,C,EE,2017,7.32 ,7.32,,high_growth_share,7.32,False
A,V97460,C,ES,2017,15.17 ,15.17,,high_growth_share,15.17,False
A,V97460,C,FI,2017,10.26 ,10.26,,high_growth_share,10.26,False
A,V97460,C,FR,2017,8.53 ,8.53,,high_growth_share,8.53,False
A,V97460,C,HU,2017,13.39 ,13.39,,high_growth_share,13.39,False
A,V97460,C,IT,2017,8.98 ,8.98,,high_growth_share,8.98,False
A,V97460,C,LV,2017,12.21 ,12.21,,high_growth_share,12.21,False
A,V97460,C,NL,2017,11.88 ,11.88,,high_growth_share,11.88,False
A,V97460,C,NO,2017,11.69 ,11.69,,high_growth_share,11.69,False
A,V97460,C,PL,2017,14.00 ,14.0,,high_growth_share,14.0,False
A,V97460,C,PT,2017,13.89 ,13.89,,high_growth_share,13.89,False
A,V97460,C,RO,2017,2.60 ,2.6,,high_growth_share,2.6,False
A,V97460,C,SE,2017,10.97 ,10.97,,high_growth_share,10.97,False
A,V97460,C,SI,2017,16.02 ,16.02,,high_growth_share,16.02,False
A,V97460,C,SK,2017,15.72 ,15.72,,high_growth_share,15.72,False
A,V97460,D,AT,2017,4.96 ,4.96,,high_growth_share,4.96,False
A,V97460,D,BE,2017,10.00 ,10.0,,high_growth_share,10.0,False
A,V97460,D,BG,2017,9.77 ,9.77,,high_growth_share,9.77,False
A,V97460,D,CZ,2017,6.99 ,6.99,,high_growth_share,6.99,False
A,V97460,D,DE,2017,7.70 ,7.7,,high_growth_share,7.7,False
A,V97460,D,EE,2017,3.39 ,3.39,,high_growth_share,3.39,False
A,V97460,D,ES,2017,12.37 ,12.37,,high_growth_share,12.37,False
A,V97460,D,FI,2017,11.24 ,11.24,,high_growth_share,11.24,False
A,V97460,D,FR,2017,16.89 ,16.89,,high_growth_share,16.89,False
A,V97460,D,HU,2017,8.40 ,8.4,,high_growth_share,8.4,False
A,V97460,D,IT,2017,7.71 ,7.71,,high_growth_share,7.71,False
A,V97460,D,LV,2017,4.81 ,4.81,,high_growth_share,4.81,False
A,V97460,D,NL,2017,19.75 ,19.75,,high_growth_share,19.75,False
A,V97460,D,NO,2017,7.20 ,7.2,,high_growth_share,7.2,False
A,V97460,D,PL,2017,4.57 ,4.57,,high_growth_share,4.57,False
A,V97460,D,PT,2017,7.81 ,7.81,,high_growth_share,7.81,False
A,V97460,D,RO,2017,0.53 ,0.53,,high_growth_share,0.53,False
A,V97460,D,SE,2017,9.43 ,9.43,,high_growth_share,9.43,False
A,V97460,D,SI,2017,9.52 ,9.52,,high_growth_share,9.52,False
A,V97460,D,SK,2017,2.99 ,2.99,,high_growth_share,2.99,False
A,V97460,E,AT,2017,6.17 ,6.17,,high_growth_share,6.17,False
A,V97460,E,BE,2017,14.23 ,14.23,,high_growth_share,14.23,False
A,V97460,E,BG,2017,10.00 ,10.0,,high_growth_share,10.0,False
A,V97460,E,CZ,2017,8.65 ,8.65,,high_growth_share,8.65,False
A,V97460,E,DE,2017,9.09 ,9.09,,high_growth_share,9.09,False
A,V97460,E,EE,2017,9.52 ,9.52,,high_growth_share,9.52,False
A,V97460,E,ES,2017,10.53 ,10.53,,high_growth_share,10.53,False
A,V97460,E,FI,2017,12.65 ,12.65,,high_growth_share,12.65,False
A,V97460,E,FR,2017,11.85 ,11.85,,high_growth_share,11.85,False
A,V97460,E,HU,2017,13.14 ,13.14,,high_growth_share,13.14,False
A,V97460,E,IT,2017,13.12 ,13.12,,high_growth_share,13.12,False
A,V97460,E,LV,2017,16.33 ,16.33,,high_growth_share,16.33,False
A,V97460,E,NL,2017,15.26 ,15.26,,high_growth_share,15.26,False
A,V97460,E,NO,2017,10.29 ,10.29,,high_growth_share,10.29,False
A,V97460,E,PL,2017,9.78 ,9.78,,high_growth_share,9.78,False
A,V97460,E,PT,2017,14.58 ,14.58,,high_growth_share,14.58,False
A,V97460,E,RO,2017,2.83 ,2.83,,high_growth_share,2.83,False
A,V97460,E,SE,2017,13.06 ,13.06,,high_growth_share,13.06,False
A,V97460,E,SI,2017,3.17 ,3.17,,high_growth_share,3.17,False
A,V97460,E,SK,2017,8.09 ,8.09,,high_growth_share,8.09,False
A,V97460,F,AT,2017,7.78 ,7.78,,high_growth_share,7.78,False
A,V97460,F,BE,2017,7.96 ,7.96,,high_growth_share,7.96,False
A,V97460,F,BG,2017,12.07 ,12.07,,high_growth_share,12.07,False
A,V97460,F,CZ,2017,8.15 ,8.15,,high_growth_share,8.15,False
A,V97460,F,DE,2017,8.72 ,8.72,,high_growth_share,8.72,False
A,V97460,F,EE,2017,5.36 ,5.36,,high_growth_share,5.36,False
A,V97460,F,ES,2017,15.85 ,15.85,,high_growth_share,15.85,False
A,V97460,F,FI,2017,15.38 ,15.38,,high_growth_share,15.38,False
A,V97460,F,FR,2017,9.25 ,9.25,,high_growth_share,9.25,False
A,V97460,F,HU,2017,10.44 ,10.44,,high_growth_share,10.44,False
A,V97460,F,IT,2017,10.63 ,10.63,,high_growth_share,10.63,False
A,V97460,F,LV,2017,10.12 ,10.12,,high_growth_share,10.12,False
A,V97460,F,NL,2017,11.66 ,11.66,,high_growth_share,11.66,False
A,V97460,F,NO,2017,12.93 ,12.93,,high_growth_share,12.93,False
A,V97460,F,PL,2017,10.10 ,10.1,,high_growth_share,10.1,False
A,V97460,F,PT,2017,15.81 ,15.81,,high_growth_share,15.81,False
A,V97460,F,RO,2017,1.84 ,1.84,,high_growth_share,1.84,False
A,V97460,F,SE,2017,14.90 ,14.9,,high_growth_share,14.9,False
A,V97460,F,SI,2017,8.88 ,8.88,,high_growth_share,8.88,False
A,V97460,F,SK,2017,10.58 ,10.58,,high_growth_share,10.58,False
A,V97460,G,AT,2017,6.17 ,6.17,,high_growth_share,6.17,False
A,V97460,G,BE,2017,7.48 ,7.48,,high_growth_share,7.48,False
A,V97460,G,BG,2017,10.82 ,10.82,,high_growth_share,10.82,False
A,V97460,G,CZ,2017,11.19 ,11.19,,high_growth_share,11.19,False
A,V97460,G,DE,2017,9.98 ,9.98,,high_growth_share,9.98,False
A,V97460,G,EE,2017,6.28 ,6.28,,high_growth_share,6.28,False
A,V97460,G,ES,2017,14.82 ,14.82,,high_growth_share,14.82,False
A,V97460,G,FI,2017,8.81 ,8.81,,high_growth_share,8.81,False
A,V97460,G,FR,2017,8.53 ,8.53,,high_growth_share,8.53,False
A,V97460,G,HU,2017,11.14 ,11.14,,high_growth_share,11.14,False
A,V97460,G,IT,2017,10.17 ,10.17,,high_growth_share,10.17,False
A,V97460,G,LV,2017,11.52 ,11.52,,high_growth_share,11.52,False
A,V97460,G,NL,2017,12.38 ,12.38,,high_growth_share,12.38,False
A,V97460,G,NO,2017,8.52 ,8.52,,high_growth_share,8.52,False
A,V97460,G,PL,2017,12.36 ,12.36,,high_growth_share,12.36,False
A,V97460,G,PT,2017,12.21 ,12.21,,high_growth_share,12.21,False
A,V97460,G,RO,2017,2.90 ,2.9,,high_growth_share,2.9,False
A,V97460,G,SE,2017,10.38 ,10.38,,high_growth_share,10.38,False
A,V97460,G,SI,2017,9.31 ,9.31,,high_growth_share,9.31,False
A,V97460,G,SK,2017,11.71 ,11.71,,high_growth_share,11.71,False
A,V97460,H,AT,2017,8.88 ,8.88,,high_growth_share,8.88,False
A,V97460,H,BE,2017,10.29 ,10.29,,high_growth_share,10.29,False
A,V97460,H,BG,2017,13.30 ,13.3,,high_growth_share,13.3,False
A,V97460,H,CZ,2017,15.87 ,15.87,,high_growth_share,15.87,False
A,V97460,H,DE,2017,13.38 ,13.38,,high_growth_share,13.38,False
A,V97460,H,EE,2017,7.99 ,7.99,,high_growth_share,7.99,False
A,V97460,H,ES,2017,17.08 ,17.08,,high_growth_share,17.08,False
A,V97460,H,FI,2017,13.98 ,13.98,,high_growth_share,13.98,False
A,V97460,H,FR,2017,13.37 ,13.37,,high_growth_share,13.37,False
A,V97460,H,HU,2017,15.75 ,15.75,,high_growth_share,15.75,False
A,V97460,H,IT,2017,12.96 ,12.96,,high_growth_share,12.96,False
A,V97460,H,LV,2017,12.96 ,12.96,,high_growth_share,12.96,False
A,V97460,H,NL,2017,14.17 ,14.17,,high_growth_share,14.17,False
A,V97460,H,NO,2017,14.64 ,14.64,,high_growth_share,14.64,False
A,V97460,H,PL,2017,16.47 ,16.47,,high_growth_share,16.47,False
A,V97460,H,PT,2017,17.86 ,17.86,,high_growth_share,17.86,False
A,V97460,H,RO,2017,4.70 ,4.7,,high_growth_share,4.7,False
A,V97460,H,SE,2017,14.57 ,14.57,,high_growth_share,14.57,False
A,V97460,H,SI,2017,19.40 ,19.4,,high_growth_share,19.4,False
A,V97460,H,SK,2017,14.00 ,14.0,,high_growth_share,14.0,False
A,V97460,I,AT,2017,7.50 ,7.5,,high_growth_share,7.5,False
A,V97460,I,BE,2017,7.47 ,7.47,,high_growth_share,7.47,False
A,V97460,I,BG,2017,8.67 ,8.67,,high_growth_share,8.67,False
A,V97460,I,CZ,2017,10.65 ,10.65,,high_growth_share,10.65,False
A,V97460,I,DE,2017,10.58 ,10.58,,high_growth_share,10.58,False
A,V97460,I,EE,2017,5.44 ,5.44,,high_growth_share,5.44,False
A,V97460,I,ES,2017,12.74 ,12.74,,high_growth_share,12.74,False
A,V97460,I,FI,2017,9.24 ,9.24,,high_growth_share,9.24,False
A,V97460,I,FR,2017,9.32 ,9.32,,high_growth_share,9.32,False
A,V97460,I,HU,2017,12.01 ,12.01,,high_growth_share,12.01,False
A,V97460,I,IT,2017,10.00 ,10.0,,high_growth_share,10.0,False
A,V97460,I,LV,2017,10.72 ,10.72,,high_growth_share,10.72,False
A,V97460,I,NL,2017,10.95 ,10.95,,high_growth_share,10.95,False
A,V97460,I,NO,2017,11.08 ,11.08,,high_growth_share,11.08,False
A,V97460,I,PL,2017,12.44 ,12.44,,high_growth_share,12.44,False
A,V97460,I,PT,2017,13.63 ,13.63,,high_growth_share,13.63,False
A,V97460,I,RO,2017,2.22 ,2.22,,high_growth_share,2.22,False
A,V97460,I,SE,2017,10.01 ,10.01,,high_growth_share,10.01,False
A,V97460,I,SI,2017,10.97 ,10.97,,high_growth_share,10.97,False
A,V97460,I,SK,2017,12.77 ,12.77,,high_growth_share,12.77,False
A,V97460,J,AT,2017,14.44 ,14.44,,high_growth_share,14.44,False
A,V97460,J,BE,2017,16.93 ,16.93,,high_growth_share,16.93,False
A,V97460,J,BG,2017,15.06 ,15.06,,high_growth_share,15.06,False
A,V97460,J,CZ,2017,15.87 ,15.87,,high_growth_share,15.87,False
A,V97460,J,DE,2017,18.49 ,18.49,,high_growth_share,18.49,False
A,V97460,J,EE,2017,14.04 ,14.04,,high_growth_share,14.04,False
A,V97460,J,ES,2017,18.03 ,18.03,,high_growth_share,18.03,False
A,V97460,J,FI,2017,18.91 ,18.91,,high_growth_share,18.91,False
A,V97460,J,FR,2017,18.59 ,18.59,,high_growth_share,18.59,False
A,V97460,J,HU,2017,15.18 ,15.18,,high_growth_share,15.18,False
A,V97460,J,IT,2017,14.91 ,14.91,,high_growth_share,14.91,False
A,V97460,J,LV,2017,18.40 ,18.4,,high_growth_share,18.4,False
A,V97460,J,NL,2017,20.78 ,20.78,,high_growth_share,20.78,False
A,V97460,J,NO,2017,14.63 ,14.63,,high_growth_share,14.63,False
A,V97460,J,PL,2017,16.27 ,16.27,,high_growth_share,16.27,False
A,V97460,J,PT,2017,19.58 ,19.58,,high_growth_share,19.58,False
A,V97460,J,RO,2017,5.28 ,5.28,,high_growth_share,5.28,False
A,V97460,J,SE,2017,20.18 ,20.18,,high_growth_share,20.18,False
A,V97460,J,SI,2017,12.58 ,12.58,,high_growth_share,12.58,False
A,V97460,J,SK,2017,14.18 ,14.18,,high_growth_share,14.18,False
A,V97460,L,AT,2017,8.43 ,8.43,,high_growth_share,8.43,False
A,V97460,L,BE,2017,7.69 ,7.69,,high_growth_share,7.69,False
A,V97460,L,BG,2017,6.68 ,6.68,,high_growth_share,6.68,False
A,V97460,L,CZ,2017,9.03 ,9.03,,high_growth_share,9.03,False
A,V97460,L,DE,2017,8.75 ,8.75,,high_growth_share,8.75,False
A,V97460,L,EE,2017,7.14 ,7.14,,high_growth_share,7.14,False
A,V97460,L,ES,2017,10.82 ,10.82,,high_growth_share,10.82,False
A,V97460,L,FI,2017,11.24 ,11.24,,high_growth_share,11.24,False
A,V97460,L,FR,2017,10.01 ,10.01,,high_growth_share,10.01,False
A,V97460,L,HU,2017,9.07 ,9.07,,high_growth_share,9.07,False
A,V97460,L,IT,2017,6.73 ,6.73,,high_growth_share,6.73,False
A,V97460,L,LV,2017,5.41 ,5.41,,high_growth_share,5.41,False
A,V97460,L,NL,2017,10.88 ,10.88,,high_growth_share,10.88,False
A,V97460,L,NO,2017,11.69 ,11.69,,high_growth_share,11.69,False
A,V97460,L,PL,2017,5.30 ,5.3,,high_growth_share,5.3,False
A,V97460,L,PT,2017,12.23 ,12.23,,high_growth_share,12.23,False
A,V97460,L,RO,2017,1.82 ,1.82,,high_growth_share,1.82,False
A,V97460,L,SE,2017,12.01 ,12.01,,high_growth_share,12.01,False
A,V97460,L,SI,2017,10.29 ,10.29,,high_growth_share,10.29,False
A,V97460,L,SK,2017,9.35 ,9.35,,high_growth_share,9.35,False
A,V97460,M,AT,2017,9.02 ,9.02,,high_growth_share,9.02,False
A,V97460,M,BE,2017,12.09 ,12.09,,high_growth_share,12.09,False
A,V97460,M,BG,2017,10.38 ,10.38,,high_growth_share,10.38,False
A,V97460,M,CZ,2017,11.89 ,11.89,,high_growth_share,11.89,False
A,V97460,M,DE,2017,12.61 ,12.61,,high_growth_share,12.61,False
A,V97460,M,EE,2017,5.97 ,5.97,,high_growth_share,5.97,False
A,V97460,M,ES,2017,13.25 ,13.25,,high_growth_share,13.25,False
A,V97460,M,FI,2017,15.51 ,15.51,,high_growth_share,15.51,False
A,V97460,M,FR,2017,12.83 ,12.83,,high_growth_share,12.83,False
A,V97460,M,HU,2017,14.21 ,14.21,,high_growth_share,14.21,False
A,V97460,M,IT,2017,11.32 ,11.32,,high_growth_share,11.32,False
A,V97460,M,LV,2017,12.04 ,12.04,,high_growth_share,12.04,False
A,V97460,M,NL,2017,16.84 ,16.84,,high_growth_share,16.84,False
A,V97460,M,NO,2017,10.48 ,10.48,,high_growth_share,10.48,False
A,V97460,M,PL,2017,12.04 ,12.04,,high_growth_share,12.04,False
A,V97460,M,PT,2017,13.45 ,13.45,,high_growth_share,13.45,False
A,V97460,M,RO,2017,2.84 ,2.84,,high_growth_share,2.84,False
A,V97460,M,SE,2017,16.81 ,16.81,,high_growth_share,16.81,False
A,V97460,M,SI,2017,10.10 ,10.1,,high_growth_share,10.1,False
A,V97460,M,SK,2017,11.36 ,11.36,,high_growth_share,11.36,False
A,V97460,N,AT,2017,15.29 ,15.29,,high_growth_share,15.29,False
A,V97460,N,BE,2017,17.72 ,17.72,,high_growth_share,17.72,False
A,V97460,N,BG,2017,12.84 ,12.84,,high_growth_share,12.84,False
A,V97460,N,CZ,2017,16.15 ,16.15,,high_growth_share,16.15,False
A,V97460,N,DE,2017,15.48 ,15.48,,high_growth_share,15.48,False
A,V97460,N,EE,2017,10.42 ,10.42,,high_growth_share,10.42,False
A,V97460,N,ES,2017,16.44 ,16.44,,high_growth_share,16.44,False
A,V97460,N,FI,2017,19.45 ,19.45,,high_growth_share,19.45,False
A,V97460,N,FR,2017,16.94 ,16.94,,high_growth_share,16.94,False
A,V97460,N,HU,2017,15.49 ,15.49,,high_growth_share,15.49,False
A,V97460,N,IT,2017,13.92 ,13.92,,high_growth_share,13.92,False
A,V97460,N,LV,2017,15.25 ,15.25,,high_growth_share,15.25,False
A,V97460,N,NL,2017,21.64 ,21.64,,high_growth_share,21.64,False
A,V97460,N,NO,2017,14.82 ,14.82,,high_growth_share,14.82,False
A,V97460,N,PL,2017,15.87 ,15.87,,high_growth_share,15.87,False
A,V97460,N,PT,2017,18.74 ,18.74,,high_growth_share,18.74,False
A,V97460,N,RO,2017,3.20 ,3.2,,high_growth_share,3.2,False
A,V97460,N,SE,2017,19.53 ,19.53,,high_growth_share,19.53,False
A,V97460,N,SI,2017,18.24 ,18.24,,high_growth_share,18.24,False
A,V97460,N,SK,2017,14.72 ,14.72,,high_growth_share,14.72,False
A,V97460,B,AT,2018,5.88 ,5.88,,high_growth_share,5.88,False
A,V97460,B,BE,2018,0.00 b,0.0,b,high_growth_share,0.0,False
A,V97460,B,BG,2018,5.98 ,5.98,,high_growth_share,5.98,False
A,V97460,B,CZ,2018,7.34 ,7.34,,high_growth_share,7.34,False
A,V97460,B,DE,2018,8.04 ,8.04,,high_growth_share,8.04,False
A,V97460,B,EE,2018,9.30 ,9.3,,high_growth_share,9.3,False
A,V97460,B,ES,2018,17.48 ,17.48,,high_growth_share,17.48,False
A,V97460,B,FI,2018,11.93 ,11.93,,high_growth_share,11.93,False
A,V97460,B,FR,2018,7.01 ,7.01,,high_growth_share,7.01,False
A,V97460,B,HU,2018,9.41 ,9.41,,high_growth_share,9.41,False
A,V97460,B,IT,2018,5.79 ,5.79,,high_growth_share,5.79,False
A,V97460,B,LV,2018,6.45 ,6.45,,high_growth_share,6.45,False
A,V97460,B,NL,2018,9.59 ,9.59,,high_growth_share,9.59,False
A,V97460,B,NO,2018,9.68 ,9.68,,high_growth_share,9.68,False
A,V97460,B,PL,2018,12.25 b,12.25,b,high_growth_share,12.25,False
A,V97460,B,PT,2018,10.19 ,10.19,,high_growth_share,10.19,False
A,V97460,B,RO,2018,2.97 ,2.97,,high_growth_share,2.97,False
A,V97460,B,SE,2018,7.55 ,7.55,,high_growth_share,7.55,False
A,V97460,B,SI,2018,16.00 ,16.0,,high_growth_share,16.0,False
A,V97460,B,SK,2018,14.55 ,14.55,,high_growth_share,14.55,False
A,V97460,C,AT,2018,7.06 ,7.06,,high_growth_share,7.06,False
A,V97460,C,BE,2018,5.73 b,5.73,b,high_growth_share,5.73,False
A,V97460,C,BG,2018,10.20 ,10.2,,high_growth_share,10.2,False
A,V97460,C,CZ,2018,11.02 ,11.02,,high_growth_share,11.02,False
A,V97460,C,DE,2018,9.11 ,9.11,,high_growth_share,9.11,False
A,V97460,C,EE,2018,11.12 ,11.12,,high_growth_share,11.12,False
A,V97460,C,ES,2018,15.43 ,15.43,,high_growth_share,15.43,False
A,V97460,C,FI,2018,11.63 ,11.63,,high_growth_share,11.63,False
A,V97460,C,FR,2018,9.47 ,9.47,,high_growth_share,9.47,False
A,V97460,C,HU,2018,12.84 ,12.84,,high_growth_share,12.84,False
A,V97460,C,IT,2018,9.74 ,9.74,,high_growth_share,9.74,False
A,V97460,C,LV,2018,11.90 ,11.9,,high_growth_share,11.9,False
A,V97460,C,NL,2018,13.81 ,13.81,,high_growth_share,13.81,False
A,V97460,C,NO,2018,9.51 ,9.51,,high_growth_share,9.51,False
A,V97460,C,PL,2018,13.09 b,13.09,b,high_growth_share,13.09,False
A,V97460,C,PT,2018,14.04 ,14.04,,high_growth_share,14.04,False
A,V97460,C,RO,2018,2.33 ,2.33,,high_growth_share,2.33,False
A,V97460,C,SE,2018,11.22 ,11.22,,high_growth_share,11.22,False
A,V97460,C,SI,2018,16.96 ,16.96,,high_growth_share,16.96,False
A,V97460,C,SK,2018,15.17 ,15.17,,high_growth_share,15.17,False
A,V97460,D,AT,2018,4.26 ,4.26,,high_growth_share,4.26,False
A,V97460,D,BE,2018,5.00 b,5.0,b,high_growth_share,5.0,False
A,V97460,D,BG,2018,11.02 ,11.02,,high_growth_share,11.02,False
A,V97460,D,CZ,2018,6.71 ,6.71,,high_growth_share,6.71,False
A,V97460,D,DE,2018,7.63 ,7.63,,high_growth_share,7.63,False
A,V97460,D,EE,2018,6.78 ,6.78,,high_growth_share,6.78,False
A,V97460,D,ES,2018,13.36 ,13.36,,high_growth_share,13.36,False
A,V97460,D,FI,2018,6.32 ,6.32,,high_growth_share,6.32,False
A,V97460,D,FR,2018,10.96 ,10.96,,high_growth_share,10.96,False
A,V97460,D,HU,2018,6.25 ,6.25,,high_growth_share,6.25,False
A,V97460,D,IT,2018,11.28 ,11.28,,high_growth_share,11.28,False
A,V97460,D,LV,2018,2.86 ,2.86,,high_growth_share,2.86,False
A,V97460,D,NL,2018,25.93 ,25.93,,high_growth_share,25.93,False
A,V97460,D,NO,2018,7.33 ,7.33,,high_growth_share,7.33,False
A,V97460,D,PL,2018,4.37 b,4.37,b,high_growth_share,4.37,False
A,V97460,D,PT,2018,15.38 ,15.38,,high_growth_share,15.38,False
A,V97460,D,RO,2018,1.02 ,1.02,,high_growth_share,1.02,False
A,V97460,D,SE,2018,5.39 ,5.39,,high_growth_share,5.39,False
A,V97460,D,SI,2018,7.32 ,7.32,,high_growth_share,7.32,False
A,V97460,D,SK,2018,3.62 ,3.62,,high_growth_share,3.62,False
A,V97460,E,AT,2018,7.44 ,7.44,,high_growth_share,7.44,False
A,V97460,E,BE,2018,10.67 b,10.67,b,high_growth_share,10.67,False
A,V97460,E,BG,2018,7.57 ,7.57,,high_growth_share,7.57,False
A,V97460,E,CZ,2018,11.92 ,11.92,,high_growth_share,11.92,False
A,V97460,E,DE,2018,9.64 ,9.64,,high_growth_share,9.64,False
A,V97460,E,EE,2018,11.11 ,11.11,,high_growth_share,11.11,False
A,V97460,E,ES,2018,12.51 ,12.51,,high_growth_share,12.51,False
A,V97460,E,FI,2018,11.59 ,11.59,,high_growth_share,11.59,False
A,V97460,E,FR,2018,13.25 ,13.25,,high_growth_share,13.25,False
A,V97460,E,HU,2018,12.44 ,12.44,,high_growth_share,12.44,False
A,V97460,E,IT,2018,15.01 ,15.01,,high_growth_share,15.01,False
A,V97460,E,LV,2018,4.95 ,4.95,,high_growth_share,4.95,False
A,V97460,E,NL,2018,15.17 ,15.17,,high_growth_share,15.17,False
A,V97460,E,NO,2018,10.11 ,10.11,,high_growth_share,10.11,False
A,V97460,E,PL,2018,9.73 b,9.73,b,high_growth_share,9.73,False
A,V97460,E,PT,2018,12.17 ,12.17,,high_growth_share,12.17,False
A,V97460,E,RO,2018,2.81 ,2.81,,high_growth_share,2.81,False
A,V97460,E,SE,2018,13.01 ,13.01,,high_growth_share,13.01,False
A,V97460,E,SI,2018,4.80 ,4.8,,high_growth_share,4.8,False
A,V97460,E,SK,2018,12.22 ,12.22,,high_growth_share,12.22,False
A,V97460,F,AT,2018,8.03 ,8.03,,high_growth_share,8.03,False
A,V97460,F,BE,2018,6.22 b,6.22,b,high_growth_share,6.22,False
A,V97460,F,BG,2018,12.18 ,12.18,,high_growth_share,12.18,False
A,V97460,F,CZ,2018,9.45 ,9.45,,high_growth_share,9.45,False
A,V97460,F,DE,2018,9.06 ,9.06,,high_growth_share,9.06,False
A,V97460,F,EE,2018,10.46 ,10.46,,high_growth_share,10.46,False
A,V97460,F,ES,2018,17.99 ,17.99,,high_growth_share,17.99,False
A,V97460,F,FI,2018,15.23 ,15.23,,high_growth_share,15.23,False
A,V97460,F,FR,2018,11.36 ,11.36,,high_growth_share,11.36,False
A,V97460,F,HU,2018,11.81 ,11.81,,high_growth_share,11.81,False
A,V97460,F,IT,2018,12.14 ,12.14,,high_growth_share,12.14,False
A,V97460,F,LV,2018,13.08 ,13.08,,high_growth_share,13.08,False
A,V97460,F,NL,2018,15.24 ,15.24,,high_growth_share,15.24,False
A,V97460,F,NO,2018,13.37 ,13.37,,high_growth_share,13.37,False
A,V97460,F,PL,2018,9.67 b,9.67,b,high_growth_share,9.67,False
A,V97460,F,PT,2018,15.78 ,15.78,,high_growth_share,15.78,False
A,V97460,F,RO,2018,1.68 ,1.68,,high_growth_share,1.68,False
A,V97460,F,SE,2018,15.28 ,15.28,,high_growth_share,15.28,False
A,V97460,F,SI,2018,12.57 ,12.57,,high_growth_share,12.57,False
A,V97460,F,SK,2018,9.93 ,9.93,,high_growth_share,9.93,False
A,V97460,G,AT,2018,6.29 ,6.29,,high_growth_share,6.29,False
A,V97460,G,BE,2018,5.33 b,5.33,b,high_growth_share,5.33,False
A,V97460,G,BG,2018,10.99 ,10.99,,high_growth_share,10.99,False
A,V97460,G,CZ,2018,11.87 ,11.87,,high_growth_share,11.87,False
A,V97460,G,DE,2018,9.86 ,9.86,,high_growth_share,9.86,False
A,V97460,G,EE,2018,8.95 ,8.95,,high_growth_share,8.95,False
A,V97460,G,ES,2018,15.46 ,15.46,,high_growth_share,15.46,False
A,V97460,G,FI,2018,10.05 ,10.05,,high_growth_share,10.05,False
A,V97460,G,FR,2018,8.98 ,8.98,,high_growth_share,8.98,False
A,V97460,G,HU,2018,11.05 ,11.05,,high_growth_share,11.05,False
A,V97460,G,IT,2018,10.70 ,10.7,,high_growth_share,10.7,False
A,V97460,G,LV,2018,10.14 ,10.14,,high_growth_share,10.14,False
A,V97460,G,NL,2018,14.52 ,14.52,,high_growth_share,14.52,False
A,V97460,G,NO,2018,6.34 ,6.34,,high_growth_share,6.34,False
A,V97460,G,PL,2018,12.12 b,12.12,b,high_growth_share,12.12,False
A,V97460,G,PT,2018,12.82 ,12.82,,high_growth_share,12.82,False
A,V97460,G,RO,2018,2.63 ,2.63,,high_growth_share,2.63,False
A,V97460,G,SE,2018,10.76 ,10.76,,high_growth_share,10.76,False
A,V97460,G,SI,2018,10.96 ,10.96,,high_growth_share,10.96,False
A,V97460,G,SK,2018,12.50 ,12.5,,high_growth_share,12.5,False
A,V97460,H,AT,2018,8.30 ,8.3,,high_growth_share,8.3,False
A,V97460,H,BE,2018,9.32 b,9.32,b,high_growth_share,9.32,False
A,V97460,H,BG,2018,13.34 ,13.34,,high_growth_share,13.34,False
A,V97460,H,CZ,2018,14.20 ,14.2,,high_growth_share,14.2,False
A,V97460,H,DE,2018,12.96 ,12.96,,high_growth_share,12.96,False
A,V97460,H,EE,2018,11.11 ,11.11,,high_growth_share,11.11,False
A,V97460,H,ES,2018,18.50 ,18.5,,high_growth_share,18.5,False
A,V97460,H,FI,2018,14.63 ,14.63,,high_growth_share,14.63,False
A,V97460,H,FR,2018,14.57 ,14.57,,high_growth_share,14.57,False
A,V97460,H,HU,2018,15.06 ,15.06,,high_growth_share,15.06,False
A,V97460,H,IT,2018,13.78 ,13.78,,high_growth_share,13.78,False
A,V97460,H,LV,2018,14.20 ,14.2,,high_growth_share,14.2,False
A,V97460,H,NL,2018,17.19 ,17.19,,high_growth_share,17.19,False
A,V97460,H,NO,2018,12.23 ,12.23,,high_growth_share,12.23,False
A,V97460,H,PL,2018,16.03 b,16.03,b,high_growth_share,16.03,False
A,V97460,H,PT,2018,18.28 ,18.28,,high_growth_share,18.28,False
A,V97460,H,RO,2018,4.42 ,4.42,,high_growth_share,4.42,False
A,V97460,H,SE,2018,15.49 ,15.49,,high_growth_share,15.49,False
A,V97460,H,SI,2018,20.15 ,20.15,,high_growth_share,20.15,False
A,V97460,H,SK,2018,14.03 ,14.03,,high_growth_share,14.03,False
A,V97460,I,AT,2018,7.25 ,7.25,,high_growth_share,7.25,False
A,V97460,I,BE,2018,6.85 b,6.85,b,high_growth_share,6.85,False
A,V97460,I,BG,2018,9.42 ,9.42,,high_growth_share,9.42,False
A,V97460,I,CZ,2018,10.28 ,10.28,,high_growth_share,10.28,False
A,V97460,I,DE,2018,9.51 ,9.51,,high_growth_share,9.51,False
A,V97460,I,EE,2018,7.81 ,7.81,,high_growth_share,7.81,False
A,V97460,I,ES,2018,13.71 ,13.71,,high_growth_share,13.71,False
A,V97460,I,FI,2018,10.09 ,10.09,,high_growth_share,10.09,False
A,V97460,I,FR,2018,9.86 ,9.86,,high_growth_share,9.86,False
A,V97460,I,HU,2018,11.43 ,11.43,,high_growth_share,11.43,False
A,V97460,I,IT,2018,11.13 ,11.13,,high_growth_share,11.13,False
A,V97460,I,LV,2018,6.93 ,6.93,,high_growth_share,6.93,False
A,V97460,I,NL,2018,14.08 ,14.08,,high_growth_share,14.08,False
A,V97460,I,NO,2018,7.80 ,7.8,,high_growth_share,7.8,False
A,V97460,I,PL,2018,13.70 b,13.7,b,high_growth_share,13.7,False
A,V97460,I,PT,2018,13.76 ,13.76,,high_growth_share,13.76,False
A,V97460,I,RO,2018,2.08 ,2.08,,high_growth_share,2.08,False
A,V97460,I,SE,2018,9.41 ,9.41,,high_growth_share,9.41,False
A,V97460,I,SI,2018,13.68 ,13.68,,high_growth_share,13.68,False
A,V97460,I,SK,2018,11.90 ,11.9,,high_growth_share,11.9,False
A,V97460,J,AT,2018,15.92 ,15.92,,high_growth_share,15.92,False
A,V97460,J,BE,2018,12.20 b,12.2,b,high_growth_share,12.2,False
A,V97460,J,BG,2018,17.17 ,17.17,,high_growth_share,17.17,False
A,V97460,J,CZ,2018,15.16 ,15.16,,high_growth_share,15.16,False
A,V97460,J,DE,2018,19.57 ,19.57,,high_growth_share,19.57,False
A,V97460,J,EE,2018,18.77 ,18.77,,high_growth_share,18.77,False
A,V97460,J,ES,2018,20.50 ,20.5,,high_growth_share,20.5,False
A,V97460,J,FI,2018,20.95 ,20.95,,high_growth_share,20.95,False
A,V97460,J,FR,2018,18.83 ,18.83,,high_growth_share,18.83,False
A,V97460,J,HU,2018,16.13 ,16.13,,high_growth_share,16.13,False
A,V97460,J,IT,2018,15.95 ,15.95,,high_growth_share,15.95,False
A,V97460,J,LV,2018,14.50 ,14.5,,high_growth_share,14.5,False
A,V97460,J,NL,2018,21.48 ,21.48,,high_growth_share,21.48,False
A,V97460,J,NO,2018,14.60 ,14.6,,high_growth_share,14.6,False
A,V97460,J,PL,2018,15.87 b,15.87,b,high_growth_share,15.87,False
A,V97460,J,PT,2018,20.23 ,20.23,,high_growth_share,20.23,False
A,V97460,J,RO,2018,5.24 ,5.24,,high_growth_share,5.24,False
A,V97460,J,SE,2018,20.05 ,20.05,,high_growth_share,20.05,False
A,V97460,J,SI,2018,16.77 ,16.77,,high_growth_share,16.77,False
A,V97460,J,SK,2018,12.98 ,12.98,,high_growth_share,12.98,False
A,V97460,L,AT,2018,7.03 ,7.03,,high_growth_share,7.03,False
A,V97460,L,BE,2018,3.93 b,3.93,b,high_growth_share,3.93,False
A,V97460,L,BG,2018,6.31 ,6.31,,high_growth_share,6.31,False
A,V97460,L,CZ,2018,9.47 ,9.47,,high_growth_share,9.47,False
A,V97460,L,DE,2018,8.43 ,8.43,,high_growth_share,8.43,False
A,V97460,L,EE,2018,6.16 ,6.16,,high_growth_share,6.16,False
A,V97460,L,ES,2018,9.97 ,9.97,,high_growth_share,9.97,False
A,V97460,L,FI,2018,11.08 ,11.08,,high_growth_share,11.08,False
A,V97460,L,FR,2018,10.04 ,10.04,,high_growth_share,10.04,False
A,V97460,L,HU,2018,10.15 ,10.15,,high_growth_share,10.15,False
A,V97460,L,IT,2018,7.29 ,7.29,,high_growth_share,7.29,False
A,V97460,L,LV,2018,5.52 ,5.52,,high_growth_share,5.52,False
A,V97460,L,NL,2018,10.53 ,10.53,,high_growth_share,10.53,False
A,V97460,L,NO,2018,11.17 ,11.17,,high_growth_share,11.17,False
A,V97460,L,PL,2018,4.55 b,4.55,b,high_growth_share,4.55,False
A,V97460,L,PT,2018,12.15 ,12.15,,high_growth_share,12.15,False
A,V97460,L,RO,2018,1.26 ,1.26,,high_growth_share,1.26,False
A,V97460,L,SE,2018,12.03 ,12.03,,high_growth_share,12.03,False
A,V97460,L,SI,2018,2.70 ,2.7,,high_growth_share,2.7,False
A,V97460,L,SK,2018,10.27 ,10.27,,high_growth_share,10.27,False
A,V97460,M,AT,2018,11.26 ,11.26,,high_growth_share,11.26,False
A,V97460,M,BE,2018,8.09 b,8.09,b,high_growth_share,8.09,False
A,V97460,M,BG,2018,11.68 ,11.68,,high_growth_share,11.68,False
A,V97460,M,CZ,2018,11.72 ,11.72,,high_growth_share,11.72,False
A,V97460,M,DE,2018,12.94 ,12.94,,high_growth_share,12.94,False
A,V97460,M,EE,2018,8.99 ,8.99,,high_growth_share,8.99,False
A,V97460,M,ES,2018,14.99 ,14.99,,high_growth_share,14.99,False
A,V97460,M,FI,2018,18.20 ,18.2,,high_growth_share,18.2,False
A,V97460,M,FR,2018,14.02 ,14.02,,high_growth_share,14.02,False
A,V97460,M,HU,2018,14.04 ,14.04,,high_growth_share,14.04,False
A,V97460,M,IT,2018,11.71 ,11.71,,high_growth_share,11.71,False
A,V97460,M,LV,2018,10.59 ,10.59,,high_growth_share,10.59,False
A,V97460,M,NL,2018,17.36 ,17.36,,high_growth_share,17.36,False
A,V97460,M,NO,2018,11.08 ,11.08,,high_growth_share,11.08,False
A,V97460,M,PL,2018,11.40 b,11.4,b,high_growth_share,11.4,False
A,V97460,M,PT,2018,15.11 ,15.11,,high_growth_share,15.11,False
A,V97460,M,RO,2018,2.58 ,2.58,,high_growth_share,2.58,False
A,V97460,M,SE,2018,18.61 ,18.61,,high_growth_share,18.61,False
A,V97460,M,SI,2018,13.08 ,13.08,,high_growth_share,13.08,False
A,V97460,M,SK,2018,12.54 ,12.54,,high_growth_share,12.54,False
A,V97460,N,AT,2018,14.57 ,14.57,,high_growth_share,14.57,False
A,V97460,N,BE,2018,14.90 b,14.9,b,high_growth_share,14.9,False
A,V97460,N,BG,2018,13.70 ,13.7,,high_growth_share,13.7,False
A,V97460,N,CZ,2018,15.59 ,15.59,,high_growth_share,15.59,False
A,V97460,N,DE,2018,13.73 ,13.73,,high_growth_share,13.73,False
A,V97460,N,EE,2018,12.90 ,12.9,,high_growth_share,12.9,False
A,V97460,N,ES,2018,17.30 ,17.3,,high_growth_share,17.3,False
A,V97460,N,FI,2018,20.80 ,20.8,,high_growth_share,20.8,False
A,V97460,N,FR,2018,17.21 ,17.21,,high_growth_share,17.21,False
A,V97460,N,HU,2018,14.57 ,14.57,,high_growth_share,14.57,False
A,V97460,N,IT,2018,14.77 ,14.77,,high_growth_share,14.77,False
A,V97460,N,LV,2018,13.21 ,13.21,,high_growth_share,13.21,False
A,V97460,N,NL,2018,26.06 ,26.06,,high_growth_share,26.06,False
A,V97460,N,NO,2018,17.36 ,17.36,,high_growth_share,17.36,False
A,V97460,N,PL,2018,16.76 b,16.76,b,high_growth_share,16.76,False
A,V97460,N,PT,2018,19.28 ,19.28,,high_growth_share,19.28,False
A,V97460,N,RO,2018,2.41 ,2.41,,high_growth_share,2.41,False
A,V97460,N,SE,2018,18.33 ,18.33,,high_growth_share,18.33,False
A,V97460,N,SI,2018,17.68 ,17.68,,high_growth_share,17.68,False
A,V97460,N,SK,2018,13.29 ,13.29,,high_growth_share,13.29,False
A,V97460,B,AT,2019,4.20 ,4.2,,high_growth_share,4.2,False
A,V97460,B,BE,2019,2.86 ,2.86,,high_growth_share,2.86,False
A,V97460,B,BG,2019,7.14 ,7.14,,high_growth_share,7.14,False
A,V97460,B,CZ,2019,7.77 ,7.77,,high_growth_share,7.77,False
A,V97460,B,DE,2019,6.38 b,6.38,b,high_growth_share,6.38,False
A,V97460,B,EE,2019,2.27 ,2.27,,high_growth_share,2.27,False
A,V97460,B,ES,2019,15.83 ,15.83,,high_growth_share,15.83,False
A,V97460,B,FI,2019,11.76 ,11.76,,high_growth_share,11.76,False
A,V97460,B,FR,2019,11.04 ,11.04,,high_growth_share,11.04,False
A,V97460,B,HU,2019,13.19 ,13.19,,high_growth_share,13.19,False
A,V97460,B,IT,2019,6.20 ,6.2,,high_growth_share,6.2,False
A,V97460,B,LV,2019,6.35 ,6.35,,high_growth_share,6.35,False
A,V97460,B,NL,2019,9.72 ,9.72,,high_growth_share,9.72,False
A,V97460,B,NO,2019,15.00 ,15.0,,high_growth_share,15.0,False
A,V97460,B,PL,2019,13.38 ,13.38,,high_growth_share,13.38,False
A,V97460,B,PT,2019,13.17 ,13.17,,high_growth_share,13.17,False
A,V97460,B,RO,2019,2.47 ,2.47,,high_growth_share,2.47,False
A,V97460,B,SE,2019,12.00 ,12.0,,high_growth_share,12.0,False
A,V97460,B,SI,2019,14.81 ,14.81,,high_growth_share,14.81,False
A,V97460,B,SK,2019,5.66 ,5.66,,high_growth_share,5.66,False
A,V97460,C,AT,2019,7.19 ,7.19,,high_growth_share,7.19,False
A,V97460,C,BE,2019,6.31 ,6.31,,high_growth_share,6.31,False
A,V97460,C,BG,2019,9.39 ,9.39,,high_growth_share,9.39,False
A,V97460,C,CZ,2019,9.00 ,9.0,,high_growth_share,9.0,False
A,V97460,C,DE,2019,7.78 b,7.78,b,high_growth_share,7.78,False
A,V97460,C,EE,2019,11.22 ,11.22,,high_growth_share,11.22,False
A,V97460,C,ES,2019,14.61 ,14.61,,high_growth_share,14.61,False
A,V97460,C,FI,2019,13.17 ,13.17,,high_growth_share,13.17,False
A,V97460,C,FR,2019,10.24 ,10.24,,high_growth_share,10.24,False
A,V97460,C,HU,2019,11.45 ,11.45,,high_growth_share,11.45,False
A,V97460,C,IT,2019,9.31 ,9.31,,high_growth_share,9.31,False
A,V97460,C,LV,2019,10.62 ,10.62,,high_growth_share,10.62,False
A,V97460,C,NL,2019,12.75 ,12.75,,high_growth_share,12.75,False
A,V97460,C,NO,2019,10.50 ,10.5,,high_growth_share,10.5,False
A,V97460,C,PL,2019,11.72 ,11.72,,high_growth_share,11.72,False
A,V97460,C,PT,2019,12.50 ,12.5,,high_growth_share,12.5,False
A,V97460,C,RO,2019,1.87 ,1.87,,high_growth_share,1.87,False
A,V97460,C,SE,2019,9.74 ,9.74,,high_growth_share,9.74,False
A,V97460,C,SI,2019,15.61 ,15.61,,high_growth_share,15.61,False
A,V97460,C,SK,2019,12.76 ,12.76,,high_growth_share,12.76,False
A,V97460,D,AT,2019,5.63 ,5.63,,high_growth_share,5.63,False
A,V97460,D,BE,2019,12.24 ,12.24,,high_growth_share,12.24,False
A,V97460,D,BG,2019,6.25 ,6.25,,high_growth_share,6.25,False
A,V97460,D,CZ,2019,5.58 ,5.58,,high_growth_share,5.58,False
A,V97460,D,DE,2019,7.12 b,7.12,b,high_growth_share,7.12,False
A,V97460,D,EE,2019,4.00 ,4.0,,high_growth_share,4.0,False
A,V97460,D,ES,2019,13.08 ,13.08,,high_growth_share,13.08,False
A,V97460,D,FI,2019,7.87 ,7.87,,high_growth_share,7.87,False
A,V97460,D,FR,2019,10.27 ,10.27,,high_growth_share,10.27,False
A,V97460,D,HU,2019,8.59 ,8.59,,high_growth_share,8.59,False
A,V97460,D,IT,2019,10.33 ,10.33,,high_growth_share,10.33,False
A,V97460,D,LV,2019,5.00 ,5.0,,high_growth_share,5.0,False
A,V97460,D,NL,2019,23.91 ,23.91,,high_growth_share,23.91,False
A,V97460,D,NO,2019,5.70 ,5.7,,high_growth_share,5.7,False
A,V97460,D,PL,2019,4.22 ,4.22,,high_growth_share,4.22,False
A,V97460,D,PT,2019,13.24 ,13.24,,high_growth_share,13.24,False
A,V97460,D,RO,2019,2.25 ,2.25,,high_growth_share,2.25,False
A,V97460,D,SE,2019,8.37 ,8.37,,high_growth_share,8.37,False
A,V97460,D,SI,2019,4.88 ,4.88,,high_growth_share,4.88,False
A,V97460,D,SK,2019,3.60 ,3.6,,high_growth_share,3.6,False
A,V97460,E,AT,2019,6.61 ,6.61,,high_growth_share,6.61,False
A,V97460,E,BE,2019,10.93 ,10.93,,high_growth_share,10.93,False
A,V97460,E,BG,2019,8.76 ,8.76,,high_growth_share,8.76,False
A,V97460,E,CZ,2019,8.70 ,8.7,,high_growth_share,8.7,False
A,V97460,E,DE,2019,9.11 b,9.11,b,high_growth_share,9.11,False
A,V97460,E,EE,2019,8.33 ,8.33,,high_growth_share,8.33,False
A,V97460,E,ES,2019,13.20 ,13.2,,high_growth_share,13.2,False
A,V97460,E,FI,2019,15.34 ,15.34,,high_growth_share,15.34,False
A,V97460,E,FR,2019,15.05 ,15.05,,high_growth_share,15.05,False
A,V97460,E,HU,2019,11.29 ,11.29,,high_growth_share,11.29,False
A,V97460,E,IT,2019,15.08 ,15.08,,high_growth_share,15.08,False
A,V97460,E,LV,2019,4.95 ,4.95,,high_growth_share,4.95,False
A,V97460,E,NL,2019,14.11 ,14.11,,high_growth_share,14.11,False
A,V97460,E,NO,2019,10.47 ,10.47,,high_growth_share,10.47,False
A,V97460,E,PL,2019,9.05 ,9.05,,high_growth_share,9.05,False
A,V97460,E,PT,2019,14.08 ,14.08,,high_growth_share,14.08,False
A,V97460,E,RO,2019,3.14 ,3.14,,high_growth_share,3.14,False
A,V97460,E,SE,2019,14.92 ,14.92,,high_growth_share,14.92,False
A,V97460,E,SI,2019,4.80 ,4.8,,high_growth_share,4.8,False
A,V97460,E,SK,2019,9.09 ,9.09,,high_growth_share,9.09,False
A,V97460,F,AT,2019,9.32 ,9.32,,high_growth_share,9.32,False
A,V97460,F,BE,2019,6.71 ,6.71,,high_growth_share,6.71,False
A,V97460,F,BG,2019,13.44 ,13.44,,high_growth_share,13.44,False
A,V97460,F,CZ,2019,9.07 ,9.07,,high_growth_share,9.07,False
A,V97460,F,DE,2019,7.56 b,7.56,b,high_growth_share,7.56,False
A,V97460,F,EE,2019,10.31 ,10.31,,high_growth_share,10.31,False
A,V97460,F,ES,2019,17.82 ,17.82,,high_growth_share,17.82,False
A,V97460,F,FI,2019,15.86 ,15.86,,high_growth_share,15.86,False
A,V97460,F,FR,2019,12.12 ,12.12,,high_growth_share,12.12,False
A,V97460,F,HU,2019,13.46 ,13.46,,high_growth_share,13.46,False
A,V97460,F,IT,2019,12.50 ,12.5,,high_growth_share,12.5,False
A,V97460,F,LV,2019,15.33 ,15.33,,high_growth_share,15.33,False
A,V97460,F,NL,2019,14.90 ,14.9,,high_growth_share,14.9,False
A,V97460,F,NO,2019,13.57 ,13.57,,high_growth_share,13.57,False
A,V97460,F,PL,2019,10.11 ,10.11,,high_growth_share,10.11,False
A,V97460,F,PT,2019,15.44 ,15.44,,high_growth_share,15.44,False
A,V97460,F,RO,2019,1.85 ,1.85,,high_growth_share,1.85,False
A,V97460,F,SE,2019,14.12 ,14.12,,high_growth_share,14.12,False
A,V97460,F,SI,2019,12.41 ,12.41,,high_growth_share,12.41,False
A,V97460,F,SK,2019,11.27 ,11.27,,high_growth_share,11.27,False
A,V97460,G,AT,2019,6.72 ,6.72,,high_growth_share,6.72,False
A,V97460,G,BE,2019,6.19 ,6.19,,high_growth_share,6.19,False
A,V97460,G,BG,2019,10.03 ,10.03,,high_growth_share,10.03,False
A,V97460,G,CZ,2019,11.22 ,11.22,,high_growth_share,11.22,False
A,V97460,G,DE,2019,8.61 b,8.61,b,high_growth_share,8.61,False
A,V97460,G,EE,2019,9.15 ,9.15,,high_growth_share,9.15,False
A,V97460,G,ES,2019,14.45 ,14.45,,high_growth_share,14.45,False
A,V97460,G,FI,2019,12.47 ,12.47,,high_growth_share,12.47,False
A,V97460,G,FR,2019,10.08 ,10.08,,high_growth_share,10.08,False
A,V97460,G,HU,2019,11.08 ,11.08,,high_growth_share,11.08,False
A,V97460,G,IT,2019,10.07 ,10.07,,high_growth_share,10.07,False
A,V97460,G,LV,2019,7.56 ,7.56,,high_growth_share,7.56,False
A,V97460,G,NL,2019,13.65 ,13.65,,high_growth_share,13.65,False
A,V97460,G,NO,2019,5.46 ,5.46,,high_growth_share,5.46,False
A,V97460,G,PL,2019,10.87 ,10.87,,high_growth_share,10.87,False
A,V97460,G,PT,2019,12.37 ,12.37,,high_growth_share,12.37,False
A,V97460,G,RO,2019,2.47 ,2.47,,high_growth_share,2.47,False
A,V97460,G,SE,2019,9.34 ,9.34,,high_growth_share,9.34,False
A,V97460,G,SI,2019,12.05 ,12.05,,high_growth_share,12.05,False
A,V97460,G,SK,2019,10.86 ,10.86,,high_growth_share,10.86,False
A,V97460,H,AT,2019,8.75 ,8.75,,high_growth_share,8.75,False
A,V97460,H,BE,2019,10.86 ,10.86,,high_growth_share,10.86,False
A,V97460,H,BG,2019,11.62 ,11.62,,high_growth_share,11.62,False
A,V97460,H,CZ,2019,12.00 ,12.0,,high_growth_share,12.0,False
A,V97460,H,DE,2019,11.57 b,11.57,b,high_growth_share,11.57,False
A,V97460,H,EE,2019,10.22 ,10.22,,high_growth_share,10.22,False
A,V97460,H,ES,2019,18.04 ,18.04,,high_growth_share,18.04,False
A,V97460,H,FI,2019,15.64 ,15.64,,high_growth_share,15.64,False
A,V97460,H,FR,2019,14.44 ,14.44,,high_growth_share,14.44,False
A,V97460,H,HU,2019,15.09 ,15.09,,high_growth_share,15.09,False
A,V97460,H,IT,2019,13.87 ,13.87,,high_growth_share,13.87,False
A,V97460,H,LV,2019,10.54 ,10.54,,high_growth_share,10.54,False
A,V97460,H,NL,2019,15.55 ,15.55,,high_growth_share,15.55,False
A,V97460,H,NO,2019,12.81 ,12.81,,high_growth_share,12.81,False
A,V97460,H,PL,2019,15.39 ,15.39,,high_growth_share,15.39,False
A,V97460,H,PT,2019,17.53 ,17.53,,high_growth_share,17.53,False
A,V97460,H,RO,2019,4.01 ,4.01,,high_growth_share,4.01,False
A,V97460,H,SE,2019,13.63 ,13.63,,high_growth_share,13.63,False
A,V97460,H,SI,2019,18.35 ,18.35,,high_growth_share,18.35,False
A,V97460,H,SK,2019,12.62 ,12.62,,high_growth_share,12.62,False
A,V97460,I,AT,2019,7.49 ,7.49,,high_growth_share,7.49,False
A,V97460,I,BE,2019,7.16 ,7.16,,high_growth_share,7.16,False
A,V97460,I,BG,2019,9.75 ,9.75,,high_growth_share,9.75,False
A,V97460,I,CZ,2019,9.47 ,9.47,,high_growth_share,9.47,False
A,V97460,I,DE,2019,8.18 b,8.18,b,high_growth_share,8.18,False
A,V97460,I,EE,2019,10.96 ,10.96,,high_growth_share,10.96,False
A,V97460,I,ES,2019,13.42 ,13.42,,high_growth_share,13.42,False
A,V97460,I,FI,2019,13.69 ,13.69,,high_growth_share,13.69,False
A,V97460,I,FR,2019,11.13 ,11.13,,high_growth_share,11.13,False
A,V97460,I,HU,2019,10.12 ,10.12,,high_growth_share,10.12,False
A,V97460,I,IT,2019,10.85 ,10.85,,high_growth_share,10.85,False
A,V97460,I,LV,2019,7.22 ,7.22,,high_growth_share,7.22,False
A,V97460,I,NL,2019,11.06 ,11.06,,high_growth_share,11.06,False
A,V97460,I,NO,2019,6.89 ,6.89,,high_growth_share,6.89,False
A,V97460,I,PL,2019,11.84 ,11.84,,high_growth_share,11.84,False
A,V97460,I,PT,2019,13.50 ,13.5,,high_growth_share,13.5,False
A,V97460,I,RO,2019,1.89 ,1.89,,high_growth_share,1.89,False
A,V97460,I,SE,2019,9.40 ,9.4,,high_growth_share,9.4,False
A,V97460,I,SI,2019,12.87 ,12.87,,high_growth_share,12.87,False
A,V97460,I,SK,2019,11.71 ,11.71,,high_growth_share,11.71,False
A,V97460,J,AT,2019,17.89 ,17.89,,high_growth_share,17.89,False
A,V97460,J,BE,2019,15.88 ,15.88,,high_growth_share,15.88,False
A,V97460,J,BG,2019,17.31 ,17.31,,high_growth_share,17.31,False
A,V97460,J,CZ,2019,15.12 ,15.12,,high_growth_share,15.12,False
A,V97460,J,DE,2019,18.85 b,18.85,b,high_growth_share,18.85,False
A,V97460,J,EE,2019,16.57 ,16.57,,high_growth_share,16.57,False
A,V97460,J,ES,2019,21.33 ,21.33,,high_growth_share,21.33,False
A,V97460,J,FI,2019,22.39 ,22.39,,high_growth_share,22.39,False
A,V97460,J,FR,2019,18.56 ,18.56,,high_growth_share,18.56,False
A,V97460,J,HU,2019,15.84 ,15.84,,high_growth_share,15.84,False
A,V97460,J,IT,2019,15.66 ,15.66,,high_growth_share,15.66,False
A,V97460,J,LV,2019,12.77 ,12.77,,high_growth_share,12.77,False
A,V97460,J,NL,2019,21.17 ,21.17,,high_growth_share,21.17,False
A,V97460,J,NO,2019,16.86 ,16.86,,high_growth_share,16.86,False
A,V97460,J,PL,2019,16.19 ,16.19,,high_growth_share,16.19,False
A,V97460,J,PT,2019,20.55 ,20.55,,high_growth_share,20.55,False
A,V97460,J,RO,2019,4.86 ,4.86,,high_growth_share,4.86,False
A,V97460,J,SE,2019,19.44 ,19.44,,high_growth_share,19.44,False
A,V97460,J,SI,2019,18.98 ,18.98,,high_growth_share,18.98,False
A,V97460,J,SK,2019,12.71 ,12.71,,high_growth_share,12.71,False
A,V97460,L,AT,2019,6.20 ,6.2,,high_growth_share,6.2,False
A,V97460,L,BE,2019,6.48 ,6.48,,high_growth_share,6.48,False
A,V97460,L,BG,2019,5.10 ,5.1,,high_growth_share,5.1,False
A,V97460,L,CZ,2019,9.46 ,9.46,,high_growth_share,9.46,False
A,V97460,L,DE,2019,7.57 b,7.57,b,high_growth_share,7.57,False
A,V97460,L,EE,2019,9.72 ,9.72,,high_growth_share,9.72,False
A,V97460,L,ES,2019,10.70 ,10.7,,high_growth_share,10.7,False
A,V97460,L,FI,2019,13.19 ,13.19,,high_growth_share,13.19,False
A,V97460,L,FR,2019,10.26 ,10.26,,high_growth_share,10.26,False
A,V97460,L,HU,2019,9.91 ,9.91,,high_growth_share,9.91,False
A,V97460,L,IT,2019,9.02 ,9.02,,high_growth_share,9.02,False
A,V97460,L,LV,2019,6.40 ,6.4,,high_growth_share,6.4,False
A,V97460,L,NL,2019,11.23 ,11.23,,high_growth_share,11.23,False
A,V97460,L,NO,2019,7.96 ,7.96,,high_growth_share,7.96,False
A,V97460,L,PL,2019,4.87 ,4.87,,high_growth_share,4.87,False
A,V97460,L,PT,2019,11.73 ,11.73,,high_growth_share,11.73,False
A,V97460,L,RO,2019,1.12 ,1.12,,high_growth_share,1.12,False
A,V97460,L,SE,2019,11.26 ,11.26,,high_growth_share,11.26,False
A,V97460,L,SI,2019,2.90 ,2.9,,high_growth_share,2.9,False
A,V97460,L,SK,2019,9.80 ,9.8,,high_growth_share,9.8,False
A,V97460,M,AT,2019,11.28 ,11.28,,high_growth_share,11.28,False
A,V97460,M,BE,2019,9.69 ,9.69,,high_growth_share,9.69,False
A,V97460,M,BG,2019,11.16 ,11.16,,high_growth_share,11.16,False
A,V97460,M,CZ,2019,10.96 ,10.96,,high_growth_share,10.96,False
A,V97460,M,DE,2019,11.86 b,11.86,b,high_growth_share,11.86,False
A,V97460,M,EE,2019,11.55 ,11.55,,high_growth_share,11.55,False
A,V97460,M,ES,2019,15.96 ,15.96,,high_growth_share,15.96,False
A,V97460,M,FI,2019,19.87 ,19.87,,high_growth_share,19.87,False
A,V97460,M,FR,2019,15.36 ,15.36,,high_growth_share,15.36,False
A,V97460,M,HU,2019,13.38 ,13.38,,high_growth_share,13.38,False
A,V97460,M,IT,2019,11.25 ,11.25,,high_growth_share,11.25,False
A,V97460,M,LV,2019,9.77 ,9.77,,high_growth_share,9.77,False
A,V97460,M,NL,2019,17.38 ,17.38,,high_growth_share,17.38,False
A,V97460,M,NO,2019,13.07 ,13.07,,high_growth_share,13.07,False
A,V97460,M,PL,2019,12.35 ,12.35,,high_growth_share,12.35,False
A,V97460,M,PT,2019,15.85 ,15.85,,high_growth_share,15.85,False
A,V97460,M,RO,2019,2.77 ,2.77,,high_growth_share,2.77,False
A,V97460,M,SE,2019,17.26 ,17.26,,high_growth_share,17.26,False
A,V97460,M,SI,2019,13.76 ,13.76,,high_growth_share,13.76,False
A,V97460,M,SK,2019,11.89 ,11.89,,high_growth_share,11.89,False
A,V97460,N,AT,2019,12.93 ,12.93,,high_growth_share,12.93,False
A,V97460,N,BE,2019,15.04 ,15.04,,high_growth_share,15.04,False
A,V97460,N,BG,2019,13.33 ,13.33,,high_growth_share,13.33,False
A,V97460,N,CZ,2019,15.35 ,15.35,,high_growth_share,15.35,False
A,V97460,N,DE,2019,12.49 b,12.49,b,high_growth_share,12.49,False
A,V97460,N,EE,2019,10.68 ,10.68,,high_growth_share,10.68,False
A,V97460,N,ES,2019,16.42 ,16.42,,high_growth_share,16.42,False
A,V97460,N,FI,2019,20.29 ,20.29,,high_growth_share,20.29,False
A,V97460,N,FR,2019,15.72 ,15.72,,high_growth_share,15.72,False
A,V97460,N,HU,2019,14.69 ,14.69,,high_growth_share,14.69,False
A,V97460,N,IT,2019,14.52 ,14.52,,high_growth_share,14.52,False
A,V97460,N,LV,2019,11.18 ,11.18,,high_growth_share,11.18,False
A,V97460,N,NL,2019,18.87 ,18.87,,high_growth_share,18.87,False
A,V97460,N,NO,2019,18.98 ,18.98,,high_growth_share,18.98,False
A,V97460,N,PL,2019,14.49 ,14.49,,high_growth_share,14.49,False
A,V97460,N,PT,2019,19.08 ,19.08,,high_growth_share,19.08,False
A,V97460,N,RO,2019,2.20 ,2.2,,high_growth_share,2.2,False
A,V97460,N,SE,2019,17.16 ,17.16,,high_growth_share,17.16,False
A,V97460,N,SI,2019,15.93 ,15.93,,high_growth_share,15.93,False
A,V97460,N,SK,2019,12.45 ,12.45,,high_growth_share,12.45,False
A,V97460,B,AT,2020,3.48 p,3.48,p,high_growth_share,3.48,False
A,V97460,B,BE,2020,0.00 ,0.0,,high_growth_share,0.0,False
A,V97460,B,BG,2020,8.26 ,8.26,,high_growth_share,8.26,False
A,V97460,B,CZ,2020,6.86 ,6.86,,high_growth_share,6.86,False
A,V97460,B,DE,2020,3.11 ,3.11,,high_growth_share,3.11,False
A,V97460,B,EE,2020,4.55 ,4.55,,high_growth_share,4.55,False
A,V97460,B,ES,2020,12.47 ,12.47,,high_growth_share,12.47,False
A,V97460,B,FI,2020,9.18 ,9.18,,high_growth_share,9.18,False
A,V97460,B,FR,2020,7.67 b,7.67,b,high_growth_share,7.67,False
A,V97460,B,HU,2020,12.05 b,12.05,b,high_growth_share,12.05,False
A,V97460,B,IT,2020,6.23 ,6.23,,high_growth_share,6.23,False
A,V97460,B,LV,2020,9.52 ,9.52,,high_growth_share,9.52,False
A,V97460,B,NL,2020,14.67 ,14.67,,high_growth_share,14.67,False
A,V97460,B,NO,2020,17.13 ,17.13,,high_growth_share,17.13,False
A,V97460,B,PL,2020,11.85 ,11.85,,high_growth_share,11.85,False
A,V97460,B,PT,2020,13.17 ,13.17,,high_growth_share,13.17,False
A,V97460,B,RO,2020,4.26 ,4.26,,high_growth_share,4.26,False
A,V97460,B,SE,2020,8.47 ,8.47,,high_growth_share,8.47,False
A,V97460,B,SI,2020,11.54 ,11.54,,high_growth_share,11.54,False
A,V97460,B,SK,2020,4.08 ,4.08,,high_growth_share,4.08,False
A,V97460,C,AT,2020,5.73 p,5.73,p,high_growth_share,5.73,False
A,V97460,C,BE,2020,5.28 ,5.28,,high_growth_share,5.28,False
A,V97460,C,BG,2020,7.20 ,7.2,,high_growth_share,7.2,False
A,V97460,C,CZ,2020,6.98 ,6.98,,high_growth_share,6.98,False
A,V97460,C,DE,2020,6.06 ,6.06,,high_growth_share,6.06,False
A,V97460,C,EE,2020,9.15 ,9.15,,high_growth_share,9.15,False
A,V97460,C,ES,2020,9.56 ,9.56,,high_growth_share,9.56,False
A,V97460,C,FI,2020,10.04 ,10.04,,high_growth_share,10.04,False
A,V97460,C,FR,2020,6.70 b,6.7,b,high_growth_share,6.7,False
A,V97460,C,HU,2020,9.17 b,9.17,b,high_growth_share,9.17,False
A,V97460,C,IT,2020,8.05 ,8.05,,high_growth_share,8.05,False
A,V97460,C,LV,2020,9.16 ,9.16,,high_growth_share,9.16,False
A,V97460,C,NL,2020,10.78 ,10.78,,high_growth_share,10.78,False
A,V97460,C,NO,2020,9.93 ,9.93,,high_growth_share,9.93,False
A,V97460,C,PL,2020,9.27 ,9.27,,high_growth_share,9.27,False
A,V97460,C,PT,2020,10.42 ,10.42,,high_growth_share,10.42,False
A,V97460,C,RO,2020,1.23 ,1.23,,high_growth_share,1.23,False
A,V97460,C,SE,2020,12.29 ,12.29,,high_growth_share,12.29,False
A,V97460,C,SI,2020,11.24 ,11.24,,high_growth_share,11.24,False
A,V97460,C,SK,2020,7.89 ,7.89,,high_growth_share,7.89,False
A,V97460,D,AT,2020,8.76 p,8.76,p,high_growth_share,8.76,False
A,V97460,D,BE,2020,4.17 ,4.17,,high_growth_share,4.17,False
A,V97460,D,BG,2020,11.71 ,11.71,,high_growth_share,11.71,False
A,V97460,D,CZ,2020,6.79 ,6.79,,high_growth_share,6.79,False
A,V97460,D,DE,2020,8.19 ,8.19,,high_growth_share,8.19,False
A,V97460,D,EE,2020,14.00 ,14.0,,high_growth_share,14.0,False
A,V97460,D,ES,2020,9.94 ,9.94,,high_growth_share,9.94,False
A,V97460,D,FI,2020,6.82 ,6.82,,high_growth_share,6.82,False
A,V97460,D,FR,2020,11.35 b,11.35,b,high_growth_share,11.35,False
A,V97460,D,HU,2020,6.25 b,6.25,b,high_growth_share,6.25,False
A,V97460,D,IT,2020,10.00 ,10.0,,high_growth_share,10.0,False
A,V97460,D,LV,2020,2.97 ,2.97,,high_growth_share,2.97,False
A,V97460,D,NL,2020,23.53 ,23.53,,high_growth_share,23.53,False
A,V97460,D,NO,2020,100.00 ,100.0,,high_growth_share,100.0,False
A,V97460,D,PL,2020,4.83 ,4.83,,high_growth_share,4.83,False
A,V97460,D,PT,2020,17.65 ,17.65,,high_growth_share,17.65,False
A,V97460,D,RO,2020,1.73 ,1.73,,high_growth_share,1.73,False
A,V97460,D,SE,2020,16.94 ,16.94,,high_growth_share,16.94,False
A,V97460,D,SI,2020,5.41 ,5.41,,high_growth_share,5.41,False
A,V97460,D,SK,2020,2.19 ,2.19,,high_growth_share,2.19,False
A,V97460,E,AT,2020,8.55 p,8.55,p,high_growth_share,8.55,False
A,V97460,E,BE,2020,6.56 ,6.56,,high_growth_share,6.56,False
A,V97460,E,BG,2020,7.69 ,7.69,,high_growth_share,7.69,False
A,V97460,E,CZ,2020,7.47 ,7.47,,high_growth_share,7.47,False
A,V97460,E,DE,2020,7.54 ,7.54,,high_growth_share,7.54,False
A,V97460,E,EE,2020,6.85 ,6.85,,high_growth_share,6.85,False
A,V97460,E,ES,2020,11.13 ,11.13,,high_growth_share,11.13,False
A,V97460,E,FI,2020,10.84 ,10.84,,high_growth_share,10.84,False
A,V97460,E,FR,2020,10.34 b,10.34,b,high_growth_share,10.34,False
A,V97460,E,HU,2020,11.70 b,11.7,b,high_growth_share,11.7,False
A,V97460,E,IT,2020,15.05 ,15.05,,high_growth_share,15.05,False
A,V97460,E,LV,2020,6.86 ,6.86,,high_growth_share,6.86,False
A,V97460,E,NL,2020,13.82 ,13.82,,high_growth_share,13.82,False
A,V97460,E,NO,2020,11.62 ,11.62,,high_growth_share,11.62,False
A,V97460,E,PL,2020,8.23 ,8.23,,high_growth_share,8.23,False
A,V97460,E,PT,2020,11.70 ,11.7,,high_growth_share,11.7,False
A,V97460,E,RO,2020,2.38 ,2.38,,high_growth_share,2.38,False
A,V97460,E,SE,2020,18.66 ,18.66,,high_growth_share,18.66,False
A,V97460,E,SI,2020,2.38 ,2.38,,high_growth_share,2.38,False
A,V97460,E,SK,2020,5.85 ,5.85,,high_growth_share,5.85,False
A,V97460,F,AT,2020,7.91 p,7.91,p,high_growth_share,7.91,False
A,V97460,F,BE,2020,6.07 ,6.07,,high_growth_share,6.07,False
A,V97460,F,BG,2020,13.00 ,13.0,,high_growth_share,13.0,False
A,V97460,F,CZ,2020,9.16 ,9.16,,high_growth_share,9.16,False
A,V97460,F,DE,2020,7.23 ,7.23,,high_growth_share,7.23,False
A,V97460,F,EE,2020,9.18 ,9.18,,high_growth_share,9.18,False
A,V97460,F,ES,2020,13.79 ,13.79,,high_growth_share,13.79,False
A,V97460,F,FI,2020,12.81 ,12.81,,high_growth_share,12.81,False
A,V97460,F,FR,2020,8.34 b,8.34,b,high_growth_share,8.34,False
A,V97460,F,HU,2020,12.55 b,12.55,b,high_growth_share,12.55,False
A,V97460,F,IT,2020,12.68 ,12.68,,high_growth_share,12.68,False
A,V97460,F,LV,2020,14.64 ,14.64,,high_growth_share,14.64,False
A,V97460,F,NL,2020,12.67 ,12.67,,high_growth_share,12.67,False
A,V97460,F,NO,2020,11.54 ,11.54,,high_growth_share,11.54,False
A,V97460,F,PL,2020,8.83 ,8.83,,high_growth_share,8.83,False
A,V97460,F,PT,2020,14.13 ,14.13,,high_growth_share,14.13,False
A,V97460,F,RO,2020,2.33 ,2.33,,high_growth_share,2.33,False
A,V97460,F,SE,2020,14.49 ,14.49,,high_growth_share,14.49,False
A,V97460,F,SI,2020,11.09 ,11.09,,high_growth_share,11.09,False
A,V97460,F,SK,2020,9.42 ,9.42,,high_growth_share,9.42,False
A,V97460,G,AT,2020,6.24 p,6.24,p,high_growth_share,6.24,False
A,V97460,G,BE,2020,5.44 ,5.44,,high_growth_share,5.44,False
A,V97460,G,BG,2020,8.75 ,8.75,,high_growth_share,8.75,False
A,V97460,G,CZ,2020,8.84 ,8.84,,high_growth_share,8.84,False
A,V97460,G,DE,2020,7.91 ,7.91,,high_growth_share,7.91,False
A,V97460,G,EE,2020,7.98 ,7.98,,high_growth_share,7.98,False
A,V97460,G,ES,2020,9.11 ,9.11,,high_growth_share,9.11,False
A,V97460,G,FI,2020,10.60 ,10.6,,high_growth_share,10.6,False
A,V97460,G,FR,2020,7.84 b,7.84,b,high_growth_share,7.84,False
A,V97460,G,HU,2020,8.85 b,8.85,b,high_growth_share,8.85,False
A,V97460,G,IT,2020,9.00 ,9.0,,high_growth_share,9.0,False
A,V97460,G,LV,2020,6.79 ,6.79,,high_growth_share,6.79,False
A,V97460,G,NL,2020,12.26 ,12.26,,high_growth_share,12.26,False
A,V97460,G,NO,2020,4.88 ,4.88,,high_growth_share,4.88,False
A,V97460,G,PL,2020,8.86 ,8.86,,high_growth_share,8.86,False
A,V97460,G,PT,2020,9.85 ,9.85,,high_growth_share,9.85,False
A,V97460,G,RO,2020,1.57 ,1.57,,high_growth_share,1.57,False
A,V97460,G,SE,2020,15.84 ,15.84,,high_growth_share,15.84,False
A,V97460,G,SI,2020,8.78 ,8.78,,high_growth_share,8.78,False
A,V97460,G,SK,2020,7.92 ,7.92,,high_growth_share,7.92,False
A,V97460,H,AT,2020,7.91 p,7.91,p,high_growth_share,7.91,False
A,V97460,H,BE,2020,8.73 ,8.73,,high_growth_share,8.73,False
A,V97460,H,BG,2020,10.20 ,10.2,,high_growth_share,10.2,False
A,V97460,H,CZ,2020,10.18 ,10.18,,high_growth_share,10.18,False
A,V97460,H,DE,2020,9.68 ,9.68,,high_growth_share,9.68,False
A,V97460,H,EE,2020,9.84 ,9.84,,high_growth_share,9.84,False
A,V97460,H,ES,2020,12.40 ,12.4,,high_growth_share,12.4,False
A,V97460,H,FI,2020,11.92 ,11.92,,high_growth_share,11.92,False
A,V97460,H,FR,2020,9.94 b,9.94,b,high_growth_share,9.94,False
A,V97460,H,HU,2020,12.68 b,12.68,b,high_growth_share,12.68,False
A,V97460,H,IT,2020,11.90 ,11.9,,high_growth_share,11.9,False
A,V97460,H,LV,2020,12.44 ,12.44,,high_growth_share,12.44,False
A,V97460,H,NL,2020,12.70 ,12.7,,high_growth_share,12.7,False
A,V97460,H,NO,2020,10.81 ,10.81,,high_growth_share,10.81,False
A,V97460,H,PL,2020,13.47 ,13.47,,high_growth_share,13.47,False
A,V97460,H,PT,2020,13.71 ,13.71,,high_growth_share,13.71,False
A,V97460,H,RO,2020,2.80 ,2.8,,high_growth_share,2.8,False
A,V97460,H,SE,2020,16.88 ,16.88,,high_growth_share,16.88,False
A,V97460,H,SI,2020,14.95 ,14.95,,high_growth_share,14.95,False
A,V97460,H,SK,2020,11.14 ,11.14,,high_growth_share,11.14,False
A,V97460,I,AT,2020,3.41 p,3.41,p,high_growth_share,3.41,False
A,V97460,I,BE,2020,3.10 ,3.1,,high_growth_share,3.1,False
A,V97460,I,BG,2020,4.87 ,4.87,,high_growth_share,4.87,False
A,V97460,I,CZ,2020,7.05 ,7.05,,high_growth_share,7.05,False
A,V97460,I,DE,2020,5.81 ,5.81,,high_growth_share,5.81,False
A,V97460,I,EE,2020,7.68 ,7.68,,high_growth_share,7.68,False
A,V97460,I,ES,2020,7.93 ,7.93,,high_growth_share,7.93,False
A,V97460,I,FI,2020,9.13 ,9.13,,high_growth_share,9.13,False
A,V97460,I,FR,2020,2.33 b,2.33,b,high_growth_share,2.33,False
A,V97460,I,HU,2020,6.01 b,6.01,b,high_growth_share,6.01,False
A,V97460,I,IT,2020,5.29 ,5.29,,high_growth_share,5.29,False
A,V97460,I,LV,2020,4.23 ,4.23,,high_growth_share,4.23,False
A,V97460,I,NL,2020,7.11 ,7.11,,high_growth_share,7.11,False
A,V97460,I,NO,2020,2.63 ,2.63,,high_growth_share,2.63,False
A,V97460,I,PL,2020,7.87 ,7.87,,high_growth_share,7.87,False
A,V97460,I,PT,2020,8.22 ,8.22,,high_growth_share,8.22,False
A,V97460,I,RO,2020,0.75 ,0.75,,high_growth_share,0.75,False
A,V97460,I,SE,2020,11.15 ,11.15,,high_growth_share,11.15,False
A,V97460,I,SI,2020,7.95 ,7.95,,high_growth_share,7.95,False
A,V97460,I,SK,2020,4.79 ,4.79,,high_growth_share,4.79,False
A,V97460,J,AT,2020,19.32 p,19.32,p,high_growth_share,19.32,False
A,V97460,J,BE,2020,13.86 ,13.86,,high_growth_share,13.86,False
A,V97460,J,BG,2020,16.48 ,16.48,,high_growth_share,16.48,False
A,V97460,J,CZ,2020,14.40 ,14.4,,high_growth_share,14.4,False
A,V97460,J,DE,2020,17.91 ,17.91,,high_growth_share,17.91,False
A,V97460,J,EE,2020,16.91 ,16.91,,high_growth_share,16.91,False
A,V97460,J,ES,2020,19.00 ,19.0,,high_growth_share,19.0,False
A,V97460,J,FI,2020,20.66 ,20.66,,high_growth_share,20.66,False
A,V97460,J,FR,2020,15.30 b,15.3,b,high_growth_share,15.3,False
A,V97460,J,HU,2020,15.41 b,15.41,b,high_growth_share,15.41,False
A,V97460,J,IT,2020,15.11 ,15.11,,high_growth_share,15.11,False
A,V97460,J,LV,2020,11.37 ,11.37,,high_growth_share,11.37,False
A,V97460,J,NL,2020,21.29 ,21.29,,high_growth_share,21.29,False
A,V97460,J,NO,2020,15.79 ,15.79,,high_growth_share,15.79,False
A,V97460,J,PL,2020,15.28 ,15.28,,high_growth_share,15.28,False
A,V97460,J,PT,2020,20.42 ,20.42,,high_growth_share,20.42,False
A,V97460,J,RO,2020,5.29 ,5.29,,high_growth_share,5.29,False
A,V97460,J,SE,2020,21.20 ,21.2,,high_growth_share,21.2,False
A,V97460,J,SI,2020,17.69 ,17.69,,high_growth_share,17.69,False
A,V97460,J,SK,2020,12.17 ,12.17,,high_growth_share,12.17,False
A,V97460,L,AT,2020,6.98 p,6.98,p,high_growth_share,6.98,False
A,V97460,L,BE,2020,6.67 ,6.67,,high_growth_share,6.67,False
A,V97460,L,BG,2020,4.76 ,4.76,,high_growth_share,4.76,False
A,V97460,L,CZ,2020,7.06 ,7.06,,high_growth_share,7.06,False
A,V97460,L,DE,2020,7.10 ,7.1,,high_growth_share,7.1,False
A,V97460,L,EE,2020,9.09 ,9.09,,high_growth_share,9.09,False
A,V97460,L,ES,2020,6.86 ,6.86,,high_growth_share,6.86,False
A,V97460,L,FI,2020,13.35 ,13.35,,high_growth_share,13.35,False
A,V97460,L,FR,2020,6.98 b,6.98,b,high_growth_share,6.98,False
A,V97460,L,HU,2020,7.69 b,7.69,b,high_growth_share,7.69,False
A,V97460,L,IT,2020,6.44 ,6.44,,high_growth_share,6.44,False
A,V97460,L,LV,2020,7.32 ,7.32,,high_growth_share,7.32,False
A,V97460,L,NL,2020,10.42 ,10.42,,high_growth_share,10.42,False
A,V97460,L,NO,2020,5.97 ,5.97,,high_growth_share,5.97,False
A,V97460,L,PL,2020,4.52 ,4.52,,high_growth_share,4.52,False
A,V97460,L,PT,2020,10.48 ,10.48,,high_growth_share,10.48,False
A,V97460,L,RO,2020,0.79 ,0.79,,high_growth_share,0.79,False
A,V97460,L,SE,2020,18.87 ,18.87,,high_growth_share,18.87,False
A,V97460,L,SI,2020,6.45 ,6.45,,high_growth_share,6.45,False
A,V97460,L,SK,2020,8.97 ,8.97,,high_growth_share,8.97,False
A,V97460,M,AT,2020,9.96 p,9.96,p,high_growth_share,9.96,False
A,V97460,M,BE,2020,9.02 ,9.02,,high_growth_share,9.02,False
A,V97460,M,BG,2020,10.63 ,10.63,,high_growth_share,10.63,False
A,V97460,M,CZ,2020,10.04 ,10.04,,high_growth_share,10.04,False
A,V97460,M,DE,2020,10.63 ,10.63,,high_growth_share,10.63,False
A,V97460,M,EE,2020,11.48 ,11.48,,high_growth_share,11.48,False
A,V97460,M,ES,2020,12.61 ,12.61,,high_growth_share,12.61,False
A,V97460,M,FI,2020,17.46 ,17.46,,high_growth_share,17.46,False
A,V97460,M,FR,2020,11.53 b,11.53,b,high_growth_share,11.53,False
A,V97460,M,HU,2020,11.90 b,11.9,b,high_growth_share,11.9,False
A,V97460,M,IT,2020,11.49 ,11.49,,high_growth_share,11.49,False
A,V97460,M,LV,2020,10.91 ,10.91,,high_growth_share,10.91,False
A,V97460,M,NL,2020,15.52 ,15.52,,high_growth_share,15.52,False
A,V97460,M,NO,2020,12.34 ,12.34,,high_growth_share,12.34,False
A,V97460,M,PL,2020,12.04 ,12.04,,high_growth_share,12.04,False
A,V97460,M,PT,2020,15.10 ,15.1,,high_growth_share,15.1,False
A,V97460,M,RO,2020,2.02 ,2.02,,high_growth_share,2.02,False
A,V97460,M,SE,2020,17.49 ,17.49,,high_growth_share,17.49,False
A,V97460,M,SI,2020,12.08 ,12.08,,high_growth_share,12.08,False
A,V97460,M,SK,2020,9.79 ,9.79,,high_growth_share,9.79,False
A,V97460,N,AT,2020,9.24 p,9.24,p,high_growth_share,9.24,False
A,V97460,N,BE,2020,11.60 ,11.6,,high_growth_share,11.6,False
A,V97460,N,BG,2020,12.45 ,12.45,,high_growth_share,12.45,False
A,V97460,N,CZ,2020,13.62 ,13.62,,high_growth_share,13.62,False
A,V97460,N,DE,2020,10.55 ,10.55,,high_growth_share,10.55,False
A,V97460,N,EE,2020,10.71 ,10.71,,high_growth_share,10.71,False
A,V97460,N,ES,2020,14.21 ,14.21,,high_growth_share,14.21,False
A,V97460,N,FI,2020,14.62 ,14.62,,high_growth_share,14.62,False
A,V97460,N,FR,2020,10.88 b,10.88,b,high_growth_share,10.88,False
A,V97460,N,HU,2020,13.05 b,13.05,b,high_growth_share,13.05,False
A,V97460,N,IT,2020,12.36 ,12.36,,high_growth_share,12.36,False
A,V97460,N,LV,2020,9.84 ,9.84,,high_growth_share,9.84,False
A,V97460,N,NL,2020,14.92 ,14.92,,high_growth_share,14.92,False
A,V97460,N,NO,2020,12.40 ,12.4,,high_growth_share,12.4,False
A,V97460,N,PL,2020,11.44 ,11.44,,high_growth_share,11.44,False
A,V97460,N,PT,2020,16.26 ,16.26,,high_growth_share,16.26,False
A,V97460,N,RO,2020,1.90 ,1.9,,high_growth_share,1.9,False
A,V97460,N,SE,2020,19.99 ,19.99,,high_growth_share,19.99,False
A,V97460,N,SI,2020,11.48 ,11.48,,high_growth_share,11.48,False
A,V97460,N,SK,2020,10.74 ,10.74,,high_growth_share,10.74,False
