geo,nace_r2,year,compensation,employees,employment,gfcf,gross_value_added,net_operating_surplus_mixed_income,output,investment_intensity,negative_gfcf,labour_share,average_compensation,value_added_ratio,gfcf_per_employed,labour_productivity,employment_lag1,employment_growth,net_operating_surplus_mixed_income_margin
AT,B,2013,329.5,5.96,6.08,381.6,1487.4,892.6,2599.2,25.655506252521178,False,22.15274976469006,55285.23489932886,57.225300092336106,62763.15789473684,244638.15789473685,6.02,0.996677740863805,34.341335795629426
AT,B,2014,347.9,6.08,6.21,389.3,1398.3,764.7,2392.3,27.840949724665663,False,24.88021168561825,57220.3947368421,58.45002717050537,62689.210950080516,225169.08212560386,6.08,2.1381578947368363,31.96505455001463
AT,B,2015,351.4,6.01,6.14,267.0,1186.8,541.1,2109.6,22.49747219413549,False,29.609032692955843,58469.21797004992,56.25711035267349,43485.342019543976,193289.90228013028,6.21,-1.1272141706924366,25.64941221084566
AT,B,2016,355.7,6.02,6.15,239.9,1068.2,421.4,2403.7,22.458341134618983,False,33.29900767646508,59086.37873754153,44.43982194117403,39008.13008130081,173691.0569105691,6.14,0.16286644951140072,17.531305903398927
AT,B,2017,363.1,6.1,6.24,267.4,1199.7,551.2,2660.7,22.28890555972326,False,30.265899808285408,59524.59016393444,45.089638065170824,42852.564102564094,192259.61538461538,6.15,1.4634146341463428,20.716352839478336
AT,B,2018,382.5,6.11,6.26,330.5,1169.9,498.4,2407.3,28.250277801521495,False,32.695102145482515,62602.29132569557,48.598014372948946,52795.52715654953,186884.98402555913,6.24,0.3205128205128194,20.70369293399244
AT,B,2019,394.0,6.27,6.45,313.3,1059.3,365.1,2304.8,29.576135183611825,False,37.194373642971776,62838.91547049442,45.96060395695938,48573.64341085271,164232.55813953487,6.26,3.0351437699680517,15.840853870183963
AT,B,2020,391.7,6.01,6.2,231.5,758.7,92.1,1672.0,30.512719124818766,False,51.62778436799789,65174.708818635605,45.37679425837321,37338.70967741935,122370.96774193548,6.45,-3.875968992248058,5.508373205741626
AT,C,2013,30813.6,611.05,632.26,13574.9,54944.3,12128.0,173771.8,24.70665746947363,False,56.081522560119964,50427.29727518206,31.618651587887108,21470.43937620599,86901.43295479708,632.08,0.028477407923044318,6.979268212678928
AT,C,2014,31557.1,613.15,633.92,13094.7,56735.9,12514.9,173950.0,23.08009567134742,False,55.62104417132715,51467.17768898312,32.61621155504456,20656.70747097426,89500.09464916709,632.26,0.2625502166829996,7.1945386605346355
AT,C,2015,32270.1,616.36,636.71,13498.9,58985.2,13679.4,175599.6,22.885232227745263,False,54.7088083112374,52355.928353559604,33.59073710874056,21201.017731777414,92640.60561323051,633.92,0.4401186269560986,7.790108861295811
AT,C,2016,33397.6,622.02,642.38,14478.4,62839.8,15936.5,177690.6,23.040175175605267,False,53.147209252734726,53692.16423909199,35.36472947921837,22538.684267878823,97823.40670631091,636.71,0.890515305241002,8.968679266095112
AT,C,2017,34239.7,628.01,648.28,15621.8,64066.2,15872.8,188894.9,24.383840465018995,False,53.444249854057205,54520.94711867646,33.91632066297184,24097.303634232125,98824.89047942248,642.38,0.9184594788131495,8.402979646353607
AT,C,2018,36239.7,644.33,664.64,16932.8,66380.5,15728.3,201825.9,25.508696077914443,False,54.59389429124517,56244.005400959126,32.88998091919818,25476.649012999515,99874.36807896005,648.28,2.523600913185664,7.793003772062951
AT,C,2019,37846.0,656.15,676.85,17741.9,67674.9,14596.0,202702.7,26.216366777047327,False,55.92324480715894,57678.8844014326,33.38628444515045,26212.454753638176,99985.07793454974,664.64,1.8370847376023125,7.2006934293425795
AT,C,2020,37349.6,650.56,671.57,16149.8,63122.6,12081.1,185798.1,25.584814313732323,False,59.16993279744497,57411.46089522873,33.973759688608226,24047.828223416764,93992.58454070312,676.85,-0.7800842136367003,6.502273166410205
AT,D,2013,2162.7,27.63,28.1,2650.3,5895.1,1620.4,31435.8,44.957676714559554,False,36.68640056996488,78273.61563517916,18.752823214297077,94316.72597864768,209790.0355871886,27.87,0.8252601363473389,5.154632616316429
AT,D,2014,2239.5,27.43,27.89,2618.0,5357.4,1025.3,27475.0,48.866987717922875,False,41.801993504311795,81644.18519868757,19.499181073703365,93868.77016851917,192090.3549659376,28.1,-0.7473309608540979,3.731756141947225
AT,D,2015,2194.2,27.11,27.51,2650.2,5123.1,911.3,26871.4,51.73039761082157,False,42.82953680388826,80936.92364441165,19.065251531367924,96335.87786259541,186226.826608506,27.89,-1.3624955181068432,3.3913380024859143
AT,D,2016,2272.0,27.24,27.64,2919.9,5334.9,1002.8,24398.9,54.73204746105832,False,42.58748992483458,83406.75477239354,21.86532999438499,105640.37626628076,193013.74819102747,27.51,0.47255543438748937,4.11002135342167
AT,D,2017,2233.4,26.47,26.86,3408.4,5262.7,911.5,27564.3,64.76523457540806,False,42.43829213141544,84374.76388364186,19.09244929129345,126895.01116902458,195930.7520476545,27.64,-2.821997105644003,3.306813523289182
AT,D,2018,2313.0,26.57,26.95,3205.4,5423.1,715.1,29607.0,59.106415150006455,False,42.650882336670904,87053.0673692134,18.316952072145103,118938.77551020408,201228.20037105755,26.86,0.3350707371556183,2.4153071908670247
AT,D,2019,2397.3,26.76,27.18,3276.7,5758.4,858.5,31404.1,56.90295915532092,False,41.6313559322034,89585.20179372198,18.336459252135867,120555.55555555556,211861.6629874908,26.95,0.8534322820037188,2.7337194824879556
AT,D,2020,2401.6,26.86,27.23,2763.0,6352.2,1438.4,30405.7,43.49674128648343,False,37.807373823242344,89411.76470588235,20.891477584794956,101468.9680499449,233279.471171502,27.18,0.18395879323032105,4.7306919426291785
AT,E,2013,995.9,22.19,22.54,1029.9,3005.1,658.7,7206.0,34.271738045322955,False,33.14032810888157,44880.576836412794,41.70274771024147,45692.10292812778,133322.98136645963,22.19,1.577287066246047,9.140993616430752
AT,E,2014,1032.1,22.43,22.77,1050.5,3129.6,730.9,7398.5,33.5665899795501,False,32.9786554192229,46014.26660722247,42.30046631073866,46135.2657004831,137444.00527009222,22.54,1.0204081632653184,9.87902953301345
AT,E,2015,1051.7,22.45,22.77,1032.9,3142.1,721.4,7237.2,32.8729193851246,False,33.47124534546959,46846.32516703787,43.41596197424418,45362.31884057972,137992.97321036452,22.77,0.0,9.967943403526224
AT,E,2016,1114.5,23.15,23.45,960.7,3265.4,767.0,7431.6,29.42059165798983,False,34.13058124578918,48142.54859611231,43.93939393939394,40968.0170575693,139249.4669509595,22.77,2.9863855950812424,10.320792292373108
AT,E,2017,1141.6,23.41,23.7,1087.2,3369.0,832.2,7914.9,32.27070347284061,False,33.88542594241614,48765.48483554037,42.5652882537998,45873.41772151899,142151.89873417723,23.45,1.0660980810234477,10.514346359398099
AT,E,2018,1218.6,23.84,24.14,1161.5,3507.0,867.0,8321.6,33.11947533504419,False,34.74764756201882,51115.77181208053,42.143337819650064,48115.161557580774,145277.54763877383,23.7,1.8565400843881807,10.418669486637185
AT,E,2019,1276.1,24.17,24.45,1395.4,3606.7,856.6,8446.5,38.6891063853384,False,35.38137355477306,52796.85560612329,42.70052684543894,57071.5746421268,147513.29243353783,24.14,1.2841756420878259,10.141478718996035
AT,E,2020,1316.8,23.97,24.31,1187.2,3556.2,762.2,8347.0,33.38394915921489,False,37.028288622687136,54935.33583646225,42.60452857314005,48835.87001234061,146285.4792266557,24.45,-0.572597137014319,9.131424463879238
AT,F,2013,10559.7,256.64,281.95,1493.9,18080.9,5163.7,46490.6,8.262309951385163,False,58.40251314923483,41145.963216957614,38.891517855222354,5298.457173257671,64128.0368859727,285.48,-1.2365139414319826,11.1069764640594
AT,F,2014,10990.5,259.61,284.77,1434.3,18500.9,5070.8,47501.6,7.752595819662826,False,59.405218124523664,42334.65582989869,38.94795122690605,5036.696281209397,64967.868806405175,281.95,1.0001773364071598,10.675008841807434
AT,F,2015,11265.3,258.89,283.64,1292.3,18846.3,5112.8,49535.8,6.8570488637026905,False,59.774597666385446,43513.847580053305,38.045817368448674,4556.127485545057,66444.43660978707,284.77,-0.39681146188151883,10.321424101356998
AT,F,2016,11690.7,262.77,287.69,1395.2,19653.4,5467.0,50760.8,7.099026122706503,False,59.48436402861591,44490.23861171367,38.717671904304105,4849.664569501894,68314.50519656575,283.64,1.4278663094063004,10.770121826291152
AT,F,2017,12273.6,269.04,294.4,1507.6,20873.1,6083.6,53882.7,7.222693322985087,False,58.80104057375283,45619.9821587868,38.738036512646914,5120.923913043479,70900.47554347827,287.69,2.332371650039966,11.290451295128122
AT,F,2018,13067.1,275.34,300.86,1598.6,22084.0,6487.1,57022.1,7.238724868683209,False,59.16998732113748,47458.05186315102,38.72884372901033,5313.434820182144,73402.91165326064,294.4,2.194293478260878,11.376466317445342
AT,F,2019,13943.5,284.59,310.12,1823.9,22949.8,6352.7,60457.9,7.947345946369904,False,60.756520753993506,48995.04550405847,37.959968837819375,5881.27176576809,74002.96659357667,300.86,3.077843515256262,10.507642508257813
AT,F,2020,14331.1,286.35,311.51,1767.3,23778.8,7214.8,60408.2,7.432250576143455,False,60.26839033088297,50047.494325126594,39.363530116772225,5673.333119322012,76333.98606786299,310.12,0.4482135947375232,11.943411656033454
AT,G,2013,20516.4,593.08,660.36,3803.5,35253.7,9957.0,61857.2,10.788938466033352,False,58.19644462850708,34592.97228029946,56.99207206275098,5759.737113089829,53385.5775637531,658.97,0.2109352474315873,16.096751873670325
AT,G,2014,21088.5,594.86,661.96,4407.4,36507.6,10468.8,63957.9,12.072554755722095,False,57.764684613614705,35451.19860135158,57.08067338045808,6658.106229983684,55150.764396640276,660.36,0.242292083106177,16.368267250800915
AT,G,2015,21444.6,597.64,663.27,4581.2,37643.9,11102.6,66014.6,12.169833625102605,False,56.966998637229395,35882.13640318586,57.02359781018138,6906.991119755152,56755.01681065027,661.96,0.1978971539065677,16.81840077800971
AT,G,2016,22185.9,600.89,666.32,5393.6,37822.7,10364.7,66803.7,14.26021939205821,False,58.65763152815639,36921.732763068125,56.61767237443435,8094.609196782328,56763.56705486852,663.27,0.45984289957332614,15.515158591515144
AT,G,2017,22757.1,604.16,670.21,4919.0,38015.4,9864.2,68074.6,12.939492942333896,False,59.86284505752931,37667.33977754237,55.84373613653256,7339.490607421554,56721.624565434715,666.32,0.5838035778604755,14.490279781298751
AT,G,2018,23677.0,610.26,676.06,5543.4,41357.3,12226.3,72667.1,13.403679640595492,False,57.249868826059725,38798.21715334447,56.91337620463731,8199.568085672869,61174.008224122124,670.21,0.8728607451395698,16.825083153173857
AT,G,2019,24649.5,619.16,684.34,6109.9,41972.2,11525.2,74318.8,14.557016310796195,False,58.72815816183093,39811.19581368306,56.475884971232034,8928.164362743664,61332.37864219539,676.06,1.2247433659734464,15.507785378665965
AT,G,2020,24621.0,610.31,674.3,5987.4,41191.8,13320.4,72467.3,14.535417243237731,False,59.77160502818521,40341.79351477118,56.84191352513479,8879.430520539818,61088.239655939506,684.34,-1.4671069935996872,18.381256097577804
AT,H,2013,8661.0,192.85,204.71,5750.2,16195.2,1935.9,32682.4,35.505581900810114,False,53.47880853586248,44910.55224267566,49.55327638117152,28089.492452738017,79112.89140735676,206.35,-0.7947661739762468,5.923371600616846
AT,H,2014,8857.5,195.06,206.56,5958.8,16876.3,2356.5,33251.9,35.30868733075378,False,52.484845611893604,45409.10489080283,50.75288930858086,28847.792408985286,81701.68474051122,204.71,0.9037174539592518,7.086813084365104
AT,H,2015,9068.6,197.69,208.74,5990.4,17444.8,2654.7,33062.3,34.33917270476016,False,51.98454553792534,45872.83120036421,52.76341936283924,28697.90169588962,83571.90763629394,206.56,1.0553834237025495,8.029386945251842
AT,H,2016,9422.2,201.08,212.15,6960.8,18073.7,2761.9,33864.6,38.513420052341246,False,52.13210355378257,46857.96697831709,53.370481269526294,32810.747112891826,85193.02380391232,208.74,1.6336111909552642,8.155714226655563
AT,H,2017,9718.1,204.31,215.58,7302.9,18656.3,2879.8,35123.9,39.14441770340314,False,52.090178652787536,47565.464245509276,53.11568476165801,33875.59142777623,86540.03154281473,212.15,1.616780579778454,8.198975626282959
AT,H,2018,10240.8,210.12,221.65,7231.4,19043.8,2526.7,36817.7,37.97246347892752,False,53.77498188386771,48737.864077669896,51.72457812410879,32625.310173697264,85918.33972479134,215.58,2.815660079784754,6.862731783897419
AT,H,2019,10328.2,209.45,221.21,7608.8,19666.1,2817.6,37841.7,38.68992835386783,False,52.517784410737264,49311.052757221296,51.96938826744042,34396.27503277428,88902.40043397676,221.65,-0.1985111662531014,7.445754286937427
AT,H,2020,10067.5,204.49,216.15,7518.4,17948.8,2028.2,33778.9,41.88803708325905,False,56.09010073096808,49232.23629517336,53.13612935886011,34783.25237103863,83038.63058061531,221.21,-2.287419194430629,6.004339987388577
AT,I,2013,6500.3,241.25,280.13,1222.5,11202.7,3370.3,20403.3,10.912547867924696,False,58.02440483097825,26944.248704663212,54.90631417466783,4364.045264698533,39991.07557205584,275.78,1.5773442599173348,16.518406336229923
AT,I,2014,6725.6,246.86,285.18,1109.9,11443.6,3338.0,21016.0,9.69887098465518,False,58.77171519451922,27244.592076480596,54.45184621240959,3891.927905182692,40127.63868433971,280.13,1.8027344447220983,15.883136657784544
AT,I,2015,7095.7,254.65,291.73,1059.9,12292.6,3766.8,22170.9,8.622260546995754,False,57.72334575272928,27864.519929314745,55.44474964931509,3633.153943715079,42136.907414390014,285.18,2.2967950066624665,16.98983803093244
AT,I,2016,7536.3,260.51,297.04,1123.4,13061.1,4021.5,23382.3,8.601113229360466,False,57.700346831430736,28929.023837856515,55.85891892585417,3781.9822246162134,43970.84567734985,291.73,1.820176190312961,17.198906865449505
AT,I,2017,7885.2,263.53,299.67,1242.8,13507.2,4090.8,24296.7,9.20101871594409,False,58.37775408670931,29921.451068189584,55.59273481583919,4147.228618146627,45073.58093903294,297.04,0.8854026393751768,16.836854387632886
AT,I,2018,8280.6,266.22,301.93,1367.3,14126.2,4274.9,25264.0,9.679177698177853,False,58.618736815279405,31104.349785891365,55.91434452184928,4528.533103699533,46786.34120491505,299.67,0.7541629125371152,16.920915136162126
AT,I,2019,8740.3,272.41,307.47,1517.1,14528.4,4146.8,26311.4,10.44230610390683,False,60.16010021750502,32085.09232407033,55.217130217320246,4934.139916089374,47251.43916479656,301.93,1.8348623853211121,15.760468846203546
AT,I,2020,7017.9,227.38,261.87,1189.2,9120.4,4547.2,18412.0,13.038901802552521,False,76.9472830139029,30864.19210132817,49.53508581359982,4541.1845572230495,34827.96807576278,307.47,-14.830715191726028,24.696936780360634
AT,J,2013,5513.5,90.0,108.78,3231.2,9906.7,1253.2,21863.6,32.6163101739227,False,55.6542541916077,61261.11111111111,45.31138513328089,29703.9897039897,91070.96892811179,106.83,1.825329963493405,5.731901425199877
AT,J,2014,5710.8,92.7,111.49,3312.5,10467.4,1519.9,22499.9,31.64587194527772,False,54.55796090719759,61605.177993527504,46.52198454215352,29711.184859628665,93886.44721499686,108.78,2.4912667769810604,6.755141133960596
AT,J,2015,5936.1,93.74,111.99,3641.2,10827.7,1519.3,23165.5,33.62856377624057,False,54.82327733498342,63325.15468316621,46.740627225831524,32513.617287257788,96684.52540405394,111.49,0.4484707148623146,6.55845977855
AT,J,2016,6293.6,98.36,116.56,3604.4,11630.0,1642.0,24446.7,30.99226139294927,False,54.11521926053311,63985.35990239935,47.5728830476097,30923.129718599863,99776.93891557996,111.99,4.080721492990458,6.716652963385651
AT,J,2017,6579.6,101.65,119.98,3601.3,11869.0,1578.2,24939.9,30.342067570983232,False,55.43516724239617,64727.988194786034,47.59040733924354,30015.83597266211,98924.82080346724,116.56,2.934111187371302,6.328012542151332
AT,J,2018,7113.9,105.99,124.9,4045.3,12896.5,1992.2,27055.8,31.36742527042221,False,55.16147792036599,67118.59609397114,47.66630445228011,32388.31064851882,103254.60368294636,119.98,4.100683447241216,7.363301029723757
AT,J,2019,7590.4,110.38,130.06,4237.6,13689.9,2087.6,28997.7,30.954207116195153,False,55.44525526117795,68766.08081174127,47.21029598899223,32581.885283715208,105258.3423035522,124.9,4.131305044035227,7.199191660028209
AT,J,2020,7911.9,112.99,132.54,4164.9,13703.2,1786.8,29000.9,30.393630684803547,False,57.73760873372642,70023.01088591911,47.250947384391516,31423.721140787686,103389.16553493285,130.06,1.9068122405043741,6.161188101058932
AT,L,2013,1785.6,56.68,70.55,23133.5,26676.5,9654.8,40442.5,86.71864749873485,False,6.693531760163439,31503.17572335921,65.9615503492613,327902.19702338765,378121.89936215454,68.19,3.460918023170545,23.87290597762255
AT,L,2014,1759.1,55.85,69.85,23216.5,27715.8,10212.6,41343.4,83.76629936714798,False,6.34692125069455,31496.86660698299,67.03802783515627,332376.52111667866,396790.264853257,70.55,-0.9922041105598911,24.701887121039874
AT,L,2015,1885.6,54.32,68.71,24349.7,28934.9,10809.0,43531.2,84.15339261583762,False,6.516697828573798,34712.812960235635,66.46933693534753,354383.641391355,421116.28583903366,69.85,-1.6320687186828886,24.83046642408204
AT,L,2016,2092.2,54.33,68.68,25121.7,30097.2,11196.1,45454.1,83.46856185957498,False,6.951477213827199,38509.110988404194,66.21448890199125,365778.97495631914,438223.6458940012,68.71,-0.04366176684614809,24.631661390281625
AT,L,2017,1977.3,54.75,69.33,26249.8,31749.8,12419.4,48433.4,82.67705623342509,False,6.227755765390648,36115.068493150684,65.55352298207436,378621.08755228616,457951.82460695226,68.68,0.9464181712288688,25.64222210292897
AT,L,2018,2050.8,55.04,69.89,27527.0,33180.2,13089.9,50470.0,82.96212801610599,False,6.180794570255756,37260.174418604656,65.74242124034079,393861.7828015453,474748.8911146086,69.33,0.8077311409202315,25.936001585100062
AT,L,2019,2199.6,56.33,71.56,29306.3,34265.4,13230.1,52529.2,85.52738330794328,False,6.419303437286591,39048.464406177874,65.2311476283667,409534.6562325321,478834.54443823366,69.89,2.3894691658320255,25.186182161540632
AT,L,2020,2208.1,57.15,72.62,29600.5,35353.5,13573.5,53938.7,83.72721229864088,False,6.2457748172033885,38636.92038495188,65.5438488506397,407608.09694299084,486828.6973285596,71.56,1.48127445500279,25.16467768040387
AT,M,2013,8570.1,175.43,252.25,2257.7,14567.6,3719.1,30625.4,15.498091655454568,False,58.82986902441034,48851.96374622357,47.56705218544084,8950.247770069374,57750.644202180374,245.44,2.7746088657105705,12.143841386561482
AT,M,2014,8686.6,174.49,252.62,2251.8,15031.1,3958.6,31235.5,14.980939518731166,False,57.79084697726713,49782.79557567769,48.121848537721505,8913.783548412637,59500.83128810071,252.25,0.14667988107037733,12.673400457812425
AT,M,2015,9044.8,176.68,253.9,2278.3,16029.9,4502.0,32370.3,14.212814802338134,False,56.42455660983536,51193.11750056599,49.5203936942197,8973.217802284365,63134.6987002757,252.62,0.5066898899532823,13.907810554736905
AT,M,2016,9479.0,179.72,257.99,2460.5,16931.0,4860.1,33213.2,14.532514322839763,False,55.98606107140748,52743.1560204763,50.97672009923766,9537.191364006356,65626.57467343695,253.9,1.6108704214257585,14.633037467031182
AT,M,2017,10152.9,185.53,264.47,2572.6,17561.1,4707.4,34954.5,14.649424011024367,False,57.81471547909869,54723.76435077885,50.23988327683131,9727.379286875637,66401.1040949824,257.99,2.511725260669029,13.467221673890343
AT,M,2018,10698.1,192.72,272.69,2929.6,18323.3,4793.3,37036.1,15.988386371450558,False,58.385225368792746,55511.10419261104,49.47416169629091,10743.3349224394,67194.61659760166,264.47,3.1081029984497244,12.942237438607199
AT,M,2019,11410.1,200.03,280.39,3360.9,19714.5,5220.9,39625.9,17.047858175454614,False,57.876689746125955,57041.94370844373,49.75155138432187,11986.51877741717,70310.9953992653,272.69,2.8237192416296963,13.17547361700302
AT,M,2020,11628.9,201.73,283.28,3454.4,19530.8,5109.0,38889.9,17.686935506994082,False,59.541339832469745,57645.86328260546,50.22075140332065,12194.295396780572,68945.21321660548,280.39,1.0307072292164543,13.137087007166384
AT,N,2013,6465.4,205.05,227.86,4259.4,12122.1,1590.4,19153.0,35.13747617986982,False,53.335643164138226,31530.846135089,63.29086827128909,18693.057140349334,53199.77178969543,226.49,0.6048832178021213,8.303660001044223
AT,N,2014,6733.3,209.88,233.57,4313.9,12615.6,1670.7,19596.3,34.19496496401281,False,53.37280826912711,32081.66571374119,64.37745901011927,18469.409598835464,54012.07346833926,227.86,2.5059246905994925,8.525589014252692
AT,N,2015,6989.6,211.99,236.01,4555.9,12923.7,1587.8,19964.0,35.25228843133158,False,54.083582874873294,32971.366573895,64.73502304147466,19303.843057497565,54759.12037625525,233.57,1.044654707368231,7.953315968743739
AT,N,2016,7421.8,221.84,246.06,5491.7,13580.4,1655.4,20821.2,40.43842596683456,False,54.65082029984389,33455.64370717634,65.22390640308916,22318.54019344875,55191.41672762741,236.01,4.258294140078811,7.950550400553283
AT,N,2017,7926.9,235.54,260.23,5791.9,14611.9,1879.7,21955.7,39.63824006460487,False,54.24961846166481,33654.15640655515,66.55173827297695,22256.849709872033,56149.94428005994,246.06,5.758758026497612,8.561330315134565
AT,N,2018,8521.4,246.1,271.09,6291.9,15386.3,1743.8,23396.7,40.89287223049076,False,55.38303555760644,34625.76188541243,65.76269302935883,23209.635176509648,56757.16551698698,260.23,4.17323137224761,7.453187842729957
AT,N,2019,8936.1,249.22,274.34,6278.3,16154.8,1746.9,24546.0,38.863371877089165,False,55.31544804021097,35856.27156728994,65.81438930986718,22885.106072756436,58886.05380185172,271.09,1.1988638459552226,7.116841847958935
AT,N,2020,8166.9,227.78,251.99,5235.5,14648.5,1684.1,21343.8,35.740860838993754,False,55.75246612281121,35854.333128457285,68.63117158144286,20776.618119766656,58131.27505059724,274.34,-8.146825107530786,7.890347548234147
BE,B,2013,155.9,2.7,2.7,57.4,275.4,18.6,705.3,20.842411038489473,False,56.608569353667406,57740.74074074074,39.047213951509995,21259.259259259255,101999.99999999999,2.8,-3.5714285714285587,2.6371756699276907
BE,B,2014,166.8,2.6,2.7,58.3,281.2,14.3,798.4,20.7325746799431,False,59.317211948790906,64153.84615384616,35.22044088176352,21592.59259259259,104148.14814814813,2.7,0.0,1.7910821643286574
BE,B,2015,144.9,2.3,2.4,59.2,219.3,-14.6,638.8,26.99498404012768,False,66.07387140902873,63000.00000000001,34.32999373825924,24666.666666666668,91375.00000000001,2.7,-11.111111111111116,-2.2855353788353163
BE,B,2016,146.6,2.3,2.4,56.5,238.1,5.1,666.8,23.72952540949181,False,61.57076858462831,63739.13043478261,35.70785842831434,23541.666666666668,99208.33333333333,2.4,0.0,0.7648470305938813
BE,B,2017,162.6,2.4,2.5,80.4,248.6,2.0,722.3,32.34111021721641,False,65.40627514078842,67750.0,34.417831925792605,32160.000000000004,99440.0,2.4,4.166666666666674,0.27689325764917627
BE,B,2018,169.7,2.5,2.5,54.8,246.6,-12.3,755.2,22.22222222222222,False,68.81589618815896,67880.0,32.65360169491525,21919.999999999996,98640.0,2.5,0.0,-1.6287076271186438
BE,B,2019,184.9,2.5,2.6,96.1,284.7,4.5,773.1,33.754829645240605,False,64.94555672637865,73960.00000000001,36.825766395032986,36961.53846153846,109499.99999999999,2.5,4.0000000000000036,0.5820721769499417
BE,B,2020,170.8,2.5,2.5,75.7,265.1,1.0,779.2,28.555262165220668,False,64.42851754055073,68320.00000000001,34.022073921971256,30280.0,106040.0,2.6,-3.8461538461538547,0.12833675564681724
BE,C,2013,31040.1,498.9,518.0,12068.9,49975.7,6461.9,222705.9,24.149536674823967,False,62.11038564742465,62217.07757065544,22.44022273321003,23299.03474903475,96478.18532818533,531.4,-2.5216409484380864,2.901539653866377
BE,C,2014,31122.5,486.8,505.7,12028.4,50959.1,7484.1,219554.2,23.604027543657562,False,61.07348834653673,63932.82662284305,23.210259698971825,23785.643662250346,100769.4285149298,518.0,-2.374517374517382,3.4087710460560534
BE,C,2015,30449.6,473.6,492.6,15359.2,52223.7,9288.1,214638.6,29.410401790757838,False,58.30609474242537,64293.91891891892,24.33099172283084,31179.86195696305,106016.44336175395,505.7,-2.5904686573066993,4.327320435373693
BE,C,2016,30729.5,473.8,493.1,13117.7,52480.4,9044.7,212473.5,24.99542686412451,False,58.55424120242986,64857.53482482061,24.69973902627857,26602.51470290002,106429.52747921314,492.6,0.1015022330491222,4.25686026728039
BE,C,2017,31907.9,477.2,496.5,14096.2,55185.7,10436.1,229405.3,25.543211375410664,False,57.81914517710205,66864.83654652137,24.055983013470048,28391.13796576032,111149.44612286001,493.1,0.6895153112958852,4.5491974248197415
BE,C,2018,32413.9,480.5,499.6,14346.8,56719.3,11290.8,239783.6,25.294388329898286,False,57.14791966755583,67458.68886576482,23.65437002363798,28716.57325860688,113529.42353883106,496.5,0.6243705941591182,4.708745719056682
BE,C,2019,33530.9,485.1,504.1,15367.1,59514.7,12827.2,238306.3,25.820679596805498,False,56.34053435537775,69121.62440733869,24.974035516476064,30484.22931957945,118061.29736163458,499.6,0.9007205764611781,5.382652493870284
BE,C,2020,32296.3,481.4,500.5,15400.4,55705.8,10279.9,217065.3,27.645954281241806,False,57.976548222985755,67088.28417116743,25.663152977468073,30770.02997002997,111300.2997002997,504.1,-0.7141440190438497,4.735855984351253
BE,D,2013,2061.4,19.6,19.6,2894.2,6353.1,1856.7,14209.0,45.55571295902787,False,32.44715178416836,105173.4693877551,44.71180237877402,147663.26530612243,324137.75510204077,19.8,-1.0101010101010055,13.067070166795695
BE,D,2014,2035.6,19.2,19.2,2076.9,5870.7,1354.0,12825.8,35.37738259492054,False,34.67388897405761,106020.83333333333,45.772583386611366,108171.87500000001,305765.625,19.6,-2.0408163265306256,10.556846356562556
BE,D,2015,1982.4,18.7,18.7,1978.2,5938.1,1740.3,12643.9,33.31368619592126,False,33.38441589060474,106010.69518716578,46.9641487199361,105786.0962566845,317545.4545454546,19.2,-2.604166666666663,13.763949414342095
BE,D,2016,2044.2,18.7,18.7,2489.9,6130.7,1902.5,12738.7,40.61363302722365,False,33.34366385567717,109315.50802139039,48.12657492522784,133149.73262032086,327844.91978609626,18.7,0.0,14.93480496439982
BE,D,2017,1959.0,18.5,18.5,2755.8,5941.0,1674.4,12980.6,46.38613028109746,False,32.97424675980475,105891.8918918919,45.768300386730964,148962.16216216216,321135.13513513515,18.7,-1.0695187165775333,12.899249649476912
BE,D,2018,1978.3,18.2,18.2,3458.7,5202.4,821.4,13234.8,66.48277717976319,False,38.026679993848994,108697.8021978022,39.30848973917249,190038.46153846156,285846.1538461538,18.5,-1.6216216216216273,6.206365037628071
BE,D,2019,2002.6,18.3,18.3,3932.8,6160.3,1608.0,13729.0,63.841046702271,False,32.508157070272546,109431.69398907103,44.87071163231116,214907.1038251366,336628.41530054645,18.2,0.5494505494505475,11.712433534853231
BE,D,2020,2016.1,18.6,18.6,3318.2,6847.3,2229.7,14670.6,48.45997692521139,False,29.443722343113343,108392.47311827955,46.67361934753861,178397.84946236556,368134.4086021505,18.3,1.6393442622950838,15.198424059002358
BE,E,2013,1927.5,31.3,31.6,1477.8,3383.3,323.1,10423.2,43.67924807140957,False,56.9710046404398,61581.4696485623,32.459321513546705,46765.82278481012,107066.45569620254,31.5,0.31746031746031633,3.0998157955330417
BE,E,2014,1986.6,31.4,31.8,1453.4,3502.7,369.7,10660.6,41.49370485625375,False,56.71624746624033,63267.515923566876,32.85649963416693,45704.402515723275,110147.79874213836,31.6,0.6329113924050667,3.4679098737406897
BE,E,2015,1984.1,31.4,31.9,1306.9,3534.4,327.1,10213.5,36.97657311000453,False,56.13682661837935,63187.89808917198,34.605179419395895,40968.65203761756,110796.23824451411,31.8,0.3144654088050203,3.2026239780682433
BE,E,2016,2022.6,31.5,32.0,1383.6,3592.9,329.4,10275.7,38.509282195441,False,56.294358317793424,64209.5238095238,34.96501454888718,43237.5,112278.125,31.9,0.31347962382446415,3.2056210282511164
BE,E,2017,2060.3,32.1,32.6,1590.6,3863.6,495.4,11265.2,41.16885805984056,False,53.32591365565794,64183.80062305296,34.29677236089905,48791.41104294478,118515.33742331287,32.0,1.8750000000000044,4.397613890565635
BE,E,2018,2160.4,32.3,32.8,1947.0,3906.1,362.1,11665.3,49.845114052379614,False,55.308363841171506,66885.44891640867,33.48477964561563,59359.75609756098,119088.41463414635,32.6,0.6134969325153339,3.1040779062690205
BE,E,2019,2196.5,33.2,33.6,2015.5,4046.1,419.3,11893.5,49.81340055856256,False,54.28684412149972,66159.63855421686,34.0194223735654,59985.119047619046,120419.64285714284,32.8,2.4390243902439046,3.525455080506159
BE,E,2020,2223.3,33.8,34.2,1926.4,3997.7,338.8,11576.0,48.18770793206094,False,55.6144783250369,65778.10650887575,34.53438147892191,56327.48538011695,116891.81286549706,33.6,1.7857142857142794,2.926744989633725
BE,F,2013,10343.2,214.9,263.9,3061.7,18601.1,5671.5,66143.7,16.45977926036632,False,55.60531366424567,48130.29315960912,28.122255029579534,11601.743084501706,70485.41114058356,268.4,-1.6766020864381503,8.574512765388087
BE,F,2014,10434.8,209.5,258.9,3597.6,18835.3,5726.1,67351.6,19.10030633969196,False,55.400232542088524,49808.11455847255,27.96563110601678,13895.712630359214,72751.25531093086,263.9,-1.8946570670708596,8.50180248130705
BE,F,2015,10344.0,206.2,256.8,3808.0,19017.9,5862.0,68851.1,20.023241262179315,False,54.3908633445333,50164.88845780795,27.621780915628076,14828.66043613707,74057.24299065421,258.9,-0.8111239860950081,8.514025193497272
BE,F,2016,10478.2,206.2,258.4,3574.7,19387.0,5977.2,71657.7,18.438644452468147,False,54.04755764171868,50815.712900096994,27.055012929524676,13833.978328173374,75027.08978328174,256.8,0.6230529595015355,8.341322705026815
BE,F,2017,10678.2,206.1,259.7,3947.9,19693.8,6004.2,74687.6,20.046410545450854,False,54.22112543033849,51810.77147016012,26.36823247768036,15201.771274547555,75832.88409703503,258.4,0.5030959752321928,8.03908547068054
BE,F,2018,11454.5,211.4,266.0,4084.1,21064.2,6495.2,79993.5,19.3888208429468,False,54.378993742938256,54184.01135288553,26.332389506647413,15353.75939849624,79188.72180451127,259.7,2.42587601078168,8.11965972235244
BE,F,2019,11778.6,212.4,268.7,3772.8,22247.6,7316.7,85922.8,16.958233697117894,False,52.943238821266114,55454.802259887,25.89254540122063,14040.937848902124,82797.17156680312,266.0,1.0150375939849576,8.515434785644787
BE,F,2020,11375.2,213.7,273.2,3781.2,21673.2,7253.7,83013.8,17.44643153756713,False,52.485096801579836,53229.76134768368,26.107948317026807,13840.409956076135,79330.89311859445,268.7,1.6747301823595073,8.737944775446973
BE,G,2013,25611.5,500.6,570.0,6519.7,43045.7,11986.4,88294.4,15.145995999600427,False,59.49839356776635,51161.60607271274,48.752469012757324,11438.070175438597,75518.77192982455,576.0,-1.041666666666663,13.575492896491737
BE,G,2014,25692.5,498.0,564.9,6409.6,43667.8,12311.8,88969.3,14.678092324321353,False,58.83625921159298,51591.36546184739,49.081874309452814,11346.432996990618,77301.82333156311,570.0,-0.8947368421052704,13.838256567152937
BE,G,2015,26304.4,502.0,567.3,6850.3,44218.1,12015.7,87142.8,15.492072250956056,False,59.48785678262974,52399.203187251,50.7421152407313,12075.268817204302,77944.82637052707,564.9,0.4248539564524645,13.788517238371961
BE,G,2016,26431.7,506.2,569.9,7268.5,46553.8,14050.9,94452.5,15.613118585378635,False,56.77667558824414,52215.92256025286,49.288054842381094,12753.991928408492,81687.66450254431,567.3,0.45831129913627144,14.876154680924275
BE,G,2017,26675.9,507.6,569.1,7025.0,45302.0,12238.0,93185.0,15.50704163171604,False,58.88459670654718,52552.99448384555,48.615120459301394,12344.05201194869,79602.88174310313,569.9,-0.1403755044744659,13.13301497022053
BE,G,2018,27134.0,510.3,570.3,7214.1,46453.8,12677.1,96328.0,15.529622980251345,False,58.41072205072566,53172.64354301391,48.22460759073167,12649.658074697529,81455.02367175171,569.1,0.21085925144963547,13.160347977742711
BE,G,2019,27938.5,513.2,572.3,7713.3,48164.5,13196.2,102203.0,16.014492001370304,False,58.006415513500606,54439.789555728756,47.12630744694383,13477.721474751006,84159.53171413596,570.3,0.35069261792040063,12.911754058100055
BE,G,2020,26698.5,512.1,571.6,6923.9,47595.1,13867.8,87664.4,14.547505940737596,False,56.09506020577749,52135.32513181019,54.29239235082884,12113.191042687193,83266.44506648004,572.3,-0.12231347195525988,15.81919228329858
BE,H,2013,13024.1,239.9,246.5,6543.8,19818.9,381.8,52325.9,33.01797778887829,False,65.71555434459026,54289.7040433514,37.87588937791801,26546.855983772817,80401.21703853956,252.7,-2.4535021764938603,0.7296577794170764
BE,H,2014,12966.1,237.0,243.4,7094.2,20532.5,1058.3,54387.3,34.55107755996591,False,63.149153780591746,54709.28270042194,37.75237969158241,29146.261298274443,84357.0254724733,246.5,-1.2576064908722095,1.9458586839206946
BE,H,2015,13167.2,239.6,246.0,6735.3,21537.3,1893.6,57083.4,31.27272220751905,False,61.13672558770135,54954.92487479132,37.729532578648076,27379.268292682926,87550.0,243.4,1.0682004930156141,3.317251600290102
BE,H,2016,13167.3,240.5,246.9,7113.1,21498.6,1865.3,57074.4,33.08634050589341,False,61.24724400658648,54749.68814968815,37.66767587569909,28809.639530174158,87074.1190765492,246.0,0.3658536585365857,3.2681902919697796
BE,H,2017,13635.3,243.9,250.3,8173.8,22280.7,2042.9,60075.2,36.68556194374503,False,61.19780796833133,55905.28905289053,37.088016352837776,32656.012784658407,89015.98082301239,246.9,1.3770757391656563,3.4005712839907316
BE,H,2018,14185.5,248.4,255.4,8600.6,23315.7,2328.1,64199.4,36.887590765020995,False,60.840978396531085,57107.48792270531,36.3176291367209,33675.019577133906,91290.91620986687,250.3,2.037554934079111,3.626357878734069
BE,H,2019,14859.2,254.6,261.7,8593.2,24045.0,2169.8,66683.5,35.737991266375545,False,61.797463090039514,58362.92223095051,36.058395255198064,32836.071837982425,91880.01528467711,255.4,2.4667188723570765,3.253878395705085
BE,H,2020,14670.9,256.2,263.5,7893.7,22570.1,895.9,61033.1,34.97414721246251,False,65.00148426458013,57263.46604215457,36.98009768469896,29957.115749525616,85655.0284629981,261.7,0.6878104700038357,1.467892012694751
BE,I,2013,3826.4,113.9,142.0,887.1,6336.5,1298.5,15751.1,13.999842184171074,False,60.38664878087272,33594.381035996485,40.22893639174407,6247.183098591549,44623.23943661972,144.3,-1.5939015939016032,8.243868682187276
BE,I,2014,4012.5,116.4,144.1,980.7,6679.6,1421.4,16681.5,14.682016887238758,False,60.07096233307383,34471.64948453608,40.04196265323862,6805.690492713394,46353.920888272034,142.0,1.4788732394366066,8.520816473338728
BE,I,2015,4155.2,118.7,146.0,1056.8,6877.2,1506.4,17187.2,15.366719013552027,False,60.41993834700169,35005.89721988205,40.013498417426916,7238.356164383561,47104.109589041094,144.1,1.3185287994448291,8.764662074101658
BE,I,2016,4344.7,120.2,147.0,1045.6,7040.7,1574.6,17698.5,14.850796085616485,False,61.708352862641505,36145.590682196336,39.7813374014747,7112.925170068027,47895.91836734694,146.0,0.6849315068493178,8.896799163770941
BE,I,2017,4618.6,122.0,148.2,1136.0,7438.2,1642.7,18498.3,15.272512166922105,False,62.09297948428384,37857.37704918033,40.210181476135645,7665.31713900135,50190.28340080972,147.0,0.8163265306122325,8.880275484774277
BE,I,2018,4825.0,123.8,149.2,1269.5,7770.1,1811.3,19440.7,16.338271064722463,False,62.097012908456776,38974.15185783522,39.968211021208084,8508.713136729224,52078.41823056301,148.2,0.6747638326585648,9.317051340743902
BE,I,2019,5101.6,126.8,151.6,1465.5,8233.8,2042.1,20543.5,17.798586314945712,False,61.959241176613475,40233.43848580442,40.079830603353855,9666.88654353562,54312.66490765171,149.2,1.608579088471851,9.94037043347044
BE,I,2020,3325.8,116.4,140.9,1047.6,4900.8,749.7,13728.0,21.376101860920663,False,67.86238981390792,28572.164948453606,35.6993006993007,7435.060326472675,34782.11497515969,151.6,-7.058047493403685,5.461101398601399
BE,J,2013,7798.3,96.9,107.1,4480.8,14504.8,2772.6,33473.9,30.89184270034747,False,53.763581710881915,80477.81217750256,43.33167034615028,41837.5350140056,135432.30625583566,107.8,-0.6493506493506551,8.282871132434524
BE,J,2014,7814.8,97.1,107.7,4686.1,14555.4,2562.0,33726.2,32.19492422056419,False,53.69003943553595,80481.97734294542,43.15754517259579,43510.677808727945,135147.6323119777,107.1,0.5602240896358524,7.596468027824066
BE,J,2015,7967.8,98.3,108.9,4541.9,15198.5,2777.6,34553.4,29.883870118761717,False,52.424910352995354,81055.95116988811,43.98554122025618,41707.0707070707,139563.82001836548,107.7,1.1142061281337101,8.038572181029942
BE,J,2016,8092.7,100.3,110.9,5004.5,15764.1,3153.0,35848.8,31.74618278239798,False,51.336264042983736,80684.94516450648,43.97385686550177,45126.23985572588,142146.9792605951,108.9,1.8365472910927494,8.795273481957553
BE,J,2017,8691.2,104.3,115.4,5402.8,16676.5,3430.8,37639.5,32.397685365634274,False,52.1164512937367,83328.8590604027,44.305848908726205,46818.02426343154,144510.3986135182,110.9,4.057709648331831,9.11489259952975
BE,J,2018,9089.0,107.4,119.3,5491.1,17259.1,3570.2,40086.4,31.815679844256078,False,52.66207392042459,84627.56052141526,43.0547517362497,46027.66135792121,144669.74015088013,115.4,3.379549393414205,8.906262473058193
BE,J,2019,9673.3,112.7,125.4,5855.2,18636.8,4377.6,43173.7,31.417410714285715,False,51.904296875,85832.29813664596,43.16702066304255,46692.18500797448,148618.8197767145,119.3,5.1131601005867555,10.13950622717071
BE,J,2020,9654.4,113.1,126.1,5314.1,18779.8,4419.9,43279.0,28.29689347064399,False,51.408428204773216,85361.62687886826,43.39240740312854,42141.95083267248,148927.8350515464,125.4,0.5582137161084466,10.212574227685483
BE,L,2013,934.8,20.0,23.6,25330.7,33008.6,13121.6,44540.3,76.7396981392728,False,2.8319892391679744,46739.99999999999,74.10951430502264,1073334.7457627119,1398669.4915254237,23.5,0.42553191489362874,29.46006201125722
BE,L,2014,941.9,20.3,24.0,27103.9,33746.5,13299.5,45913.6,80.31618093728238,False,2.7911042626642764,46399.014778325116,73.50000871201561,1129329.1666666667,1406104.1666666667,23.6,1.6949152542372836,28.96636290772233
BE,L,2015,994.0,21.0,24.9,26559.6,34645.4,13600.9,47166.5,76.66125950342614,False,2.8690677550266415,47333.333333333336,73.45340442899092,1066650.6024096387,1391381.5261044179,24.0,3.7499999999999867,28.835932282446226
BE,L,2016,1056.0,21.9,25.9,27533.2,35844.2,14094.2,49057.0,76.8135430557803,False,2.946083327288655,48219.17808219178,73.06643292496483,1063057.915057915,1383945.9459459458,24.9,4.016064257028118,28.73025256334468
BE,L,2017,1142.5,22.6,26.9,29160.3,37363.8,14518.9,50737.6,78.04425674048142,False,3.057772496373495,50553.097345132745,73.64124436315474,1084026.022304833,1388988.8475836434,25.9,3.8610038610038533,28.615661757749677
BE,L,2018,1169.5,23.0,27.6,29739.0,38814.4,15410.2,52392.1,76.61847149511522,False,3.01305700976957,50847.82608695652,74.08445166351416,1077500.0,1406318.84057971,26.9,2.602230483271395,29.41321306074771
BE,L,2019,1237.2,23.9,28.7,31613.5,40432.0,15747.0,54845.0,78.18930550059359,False,3.0599525128611003,51765.69037656904,73.7204850031908,1101515.6794425088,1408780.487804878,27.6,3.985507246376807,28.711824231926336
BE,L,2020,1185.4,23.9,28.7,31228.0,41434.3,16185.4,55432.3,75.36750952713089,False,2.860914749374311,49598.32635983264,74.74757496982805,1088083.6236933798,1443703.8327526134,28.7,0.0,29.198499791637726
BE,M,2013,10741.3,146.8,543.7,4927.5,34134.3,19596.9,69526.9,14.435626334801062,False,31.46776116692007,73169.61852861034,49.095098443911645,9062.902335846975,62781.497149163144,531.2,2.353162650602414,28.18606898912508
BE,M,2014,10910.1,148.8,552.5,5274.7,35386.6,20511.2,72682.0,14.90592484160671,False,30.831162078300828,73320.56451612903,48.68688258440879,9546.968325791855,64048.14479638009,543.7,1.6185396358285642,28.220467240857435
BE,M,2015,11223.2,152.5,564.7,5676.8,36380.5,20773.9,75257.9,15.603963661851816,False,30.849493547367413,73594.75409836067,48.34110438904089,10052.771383035239,64424.473171595535,552.5,2.208144796380096,27.603613706999536
BE,M,2016,11603.1,158.7,580.9,6343.4,37478.2,21410.5,79848.2,16.925572732948755,False,30.959597846214603,73113.42155009453,46.93681260191212,10919.95179893269,64517.47288689964,564.7,2.868779883123773,26.814004573678556
BE,M,2017,12269.5,164.8,597.3,6868.3,40066.4,23128.4,85670.7,17.142293792304773,False,30.622915959507218,74450.8495145631,46.7679148180183,11498.911769630002,67079.18968692451,580.9,2.8232053709760674,26.99686123727249
BE,M,2018,12830.6,170.2,612.1,7408.3,42021.1,24368.6,87788.8,17.62995257144625,False,30.533708065709845,75385.42890716805,47.866128708901364,12103.087730762947,68650.71066819146,597.3,2.4778168424577363,27.758210614565865
BE,M,2019,13605.9,177.2,628.6,8133.1,43405.3,24722.8,90786.4,18.737573522127484,False,31.346172011252076,76782.73137697518,47.8103548549122,12938.434616608336,69050.74769328667,612.1,2.6956379676523534,27.231832080575945
BE,M,2020,13770.9,183.8,643.3,8533.3,43544.7,24490.7,91086.9,19.596644367741654,False,31.62474422834467,74923.28618063111,47.805666896117884,13264.884190890718,67689.56940774134,628.6,2.3385300668151254,26.887181361974115
BE,N,2013,11935.1,347.9,367.9,3177.3,14635.7,1160.0,30059.7,21.709245201801075,False,81.54785900230259,34306.12244897959,48.68877600242185,8636.314215819517,39781.73416689318,364.1,1.0436693216149262,3.8589872819755353
BE,N,2014,12617.8,366.2,386.9,5474.1,16065.0,2063.6,32623.9,34.07469654528478,False,78.54217242452536,34456.03495357728,49.24303961206354,14148.617213750325,41522.35719824244,367.9,5.164446860559946,6.32542399897008
BE,N,2015,13383.5,388.0,409.8,5047.8,17530.2,2606.6,35593.6,28.79487969332923,False,76.3453925226181,34493.556701030924,49.25098894183224,12317.715959004392,42777.45241581259,386.9,5.918842078056352,7.323226647487188
BE,N,2016,14153.5,404.3,427.0,8091.1,18573.4,2605.7,37163.2,43.562837175745955,False,76.20306459775807,35007.42023250061,49.97793516166531,18948.711943793915,43497.42388758783,409.8,4.197169350902885,7.011506005941362
BE,N,2017,15026.8,420.6,444.2,5573.3,19614.3,2049.7,39053.9,28.414473114003563,False,76.61145184890616,35727.05658582976,50.2236652421397,12546.82575416479,44156.46105357947,427.0,4.028103044496478,5.248387484988695
BE,N,2018,15845.7,434.2,458.7,5625.3,20892.6,2106.5,41523.5,26.924844203210707,False,75.84360012636053,36494.01197604791,50.31512276180957,12263.57096141269,45547.41661216481,444.2,3.264295362449343,5.073030934290221
BE,N,2019,16382.4,441.0,466.7,7048.7,22456.1,2591.1,44235.1,31.388798589247468,False,72.95300608743281,37148.29931972789,50.76534245429535,15103.278337261625,48116.77737304478,458.7,1.7440592980161318,5.857565598359674
BE,N,2020,14912.2,420.8,447.3,5774.6,21256.1,2478.5,41509.9,27.16678976858408,False,70.15492023466206,35437.737642585555,51.2073023543781,12909.903867650346,47520.90319695953,466.7,-4.156845939575737,5.970864781654496
BG,B,2013,370.9,25.39,25.47,137.8,901.5,380.0,1574.9,15.285635052689964,False,41.14254021075984,14608.113430484442,57.24172963362753,5410.28661170004,35394.58186101296,26.21,-2.8233498664631873,24.12851609626008
BG,B,2014,393.6,25.01,25.06,261.5,973.4,420.3,1534.6,26.86459831518389,False,40.435586603657285,15737.704918032787,63.43020982666493,10434.956105347168,38842.77733439745,25.47,-1.609736945425988,27.38824449367914
BG,B,2015,292.2,24.88,24.88,61.3,983.4,553.4,1514.6,6.2334756965629445,False,29.713239780353874,11744.372990353699,64.92803380430477,2463.8263665594855,39525.72347266881,25.06,-0.718276137270546,36.53769972269906
BG,B,2016,410.4,23.37,23.41,186.5,951.5,371.1,1594.5,19.600630583289544,False,43.131897004729375,17560.975609756097,59.67387895892129,7966.680905595899,40645.02349423324,24.88,-5.908360128617362,23.273753527751648
BG,B,2017,429.9,23.3,23.34,117.7,1013.8,404.7,1777.7,11.609784967449203,False,42.40481357269679,18450.643776824032,57.028745007594075,5042.844901456727,43436.16109682947,23.41,-0.29901751388295983,22.765370984980592
BG,B,2018,457.6,22.83,23.01,222.6,892.6,277.1,1702.1,24.938382254089177,False,51.26596459780417,20043.802014892688,52.44110216791024,9674.054758800521,38791.829639287265,23.34,-1.4138817480719768,16.27988954820516
BG,B,2019,312.1,22.1,22.27,339.4,710.9,243.0,1350.3,47.74229849486566,False,43.90209593473063,14122.171945701357,52.64755980152559,15240.233497979343,31921.867983834756,23.01,-3.2159930465015307,17.996000888691402
BG,B,2020,347.3,21.83,21.97,233.5,921.9,376.5,1628.7,25.32812669486929,False,37.672198720034714,15909.299129638115,56.60342604531221,10628.129267182523,41961.76604460629,22.27,-1.3471037269869757,23.11659605820593
BG,C,2013,2623.1,542.88,584.37,1344.8,5369.1,1725.4,25496.0,25.047028366020374,False,48.85548788437541,4831.822870615973,21.05859742704738,2301.281722196554,9187.843318445506,603.72,-3.205128205128205,6.7673360527141515
BG,C,2014,2838.4,544.34,587.37,1368.1,5605.0,1699.0,26344.5,24.408563782337197,False,50.640499553969676,5214.388066282103,21.275788115166353,2329.196247680338,9542.537072032961,584.37,0.5133733764566939,6.449163962117329
BG,C,2015,3142.4,554.82,600.95,2971.7,6241.9,1879.7,27303.3,47.60890113587209,False,50.34364536439225,5663.818896218592,22.861339105529368,4945.003744071886,10386.721025043678,587.37,2.312000953402471,6.884515791131475
BG,C,2016,3451.4,565.5,608.57,1775.5,7021.2,2238.7,27704.3,25.287700108243605,False,49.15683928673161,6103.271441202476,25.343358251246194,2917.4951114908717,11537.210181244556,600.95,1.2679923454530284,8.080695054558317
BG,C,2017,3866.6,570.14,615.19,2096.3,7360.4,2114.5,31182.8,28.480789087549596,False,52.53247106135536,6781.843056091487,23.60403812358095,3407.565142476308,11964.433752174124,608.57,1.0877959807417348,6.780981823312852
BG,C,2018,4222.1,571.35,618.26,2016.9,7477.4,1754.4,33192.1,26.973279482172952,False,56.46481397277129,7389.691082523847,22.527649651573718,3262.219778086889,12094.264548895286,615.19,0.4990328191290416,5.285595066295897
BG,C,2019,4564.0,562.99,609.83,1977.5,8157.6,1829.0,34958.6,24.241198391683827,False,55.94782779248798,8106.7159274587475,23.335030579027766,3242.7069839135493,13376.842726661529,618.26,-1.3635040274318166,5.231902879405926
BG,C,2020,4609.1,535.33,581.35,1700.1,7969.6,1798.7,32664.5,21.332312788596667,False,57.83351736599077,8609.829450992846,24.39835295198151,2924.40010320805,13708.781284940225,609.83,-4.670153977337954,5.506589722787735
BG,D,2013,480.4,31.07,31.21,1712.6,1508.1,284.0,4469.1,113.56010874610436,False,31.854651548305817,15461.8603154168,33.745049338793045,54873.43800064082,48321.05094520986,30.98,0.742414460942542,6.35474704079121
BG,D,2014,491.6,31.33,31.6,1144.7,1444.2,255.2,3751.1,79.26187508655312,False,34.03960670267276,15691.030960740505,38.50070645943857,36224.68354430379,45702.53164556962,31.21,1.2495994873437999,6.803337687611634
BG,D,2015,502.2,31.17,31.47,169.2,1597.3,407.4,3861.8,10.592875477368057,False,31.44055593814562,16111.645813281999,41.36154125019421,5376.549094375596,50756.27581823959,31.6,-0.41139240506330443,10.549484696255632
BG,D,2016,502.4,30.58,30.75,1227.9,1822.9,735.5,4125.2,67.3597015744144,False,27.560480552965057,16429.038587311967,44.18937263647823,39931.707317073175,59281.30081300813,31.47,-2.287893231649185,17.829438572675265
BG,D,2017,560.4,30.32,30.56,373.0,1878.6,815.4,4207.2,19.85521132758437,False,29.83072500798467,18482.849604221636,44.65202509982886,12205.497382198953,61472.51308900523,30.75,-0.6178861788617929,19.381061038220192
BG,D,2018,601.1,30.72,30.99,345.1,1595.7,817.2,3660.4,21.626872219088803,False,37.66998809299994,19567.057291666668,43.59359632827014,11135.850274282027,51490.803484995165,30.56,1.4070680628272214,22.325428914872692
BG,D,2019,625.0,30.5,30.67,387.9,1466.7,1324.6,3674.3,26.447126201677236,False,42.6126678939115,20491.803278688527,39.91780747353238,12647.538311053146,47821.97587218781,30.99,-1.0325911584382008,36.05040415861524
BG,D,2020,652.7,30.35,30.78,470.2,1478.3,705.0,3698.0,31.80680511398228,False,44.15206656294393,21505.766062602965,39.97566252028123,15276.153346328783,48027.940220922676,30.67,0.3586566677534986,19.064359113034072
BG,E,2013,207.2,38.81,39.35,63.7,382.0,96.2,747.9,16.67539267015707,False,54.24083769633508,5338.830198402473,51.07634710522797,1618.805590851334,9707.750952986024,39.24,0.28032619775739676,12.8626821767616
BG,E,2014,233.7,37.04,37.66,219.0,412.8,93.1,823.2,53.052325581395344,False,56.61337209302325,6309.3952483801295,50.14577259475218,5815.188528943177,10961.232076473714,39.35,-4.294790343074983,11.309523809523808
BG,E,2015,223.1,37.32,37.75,779.1,456.1,135.8,841.8,170.81780311335234,False,48.91471168603376,5978.027867095391,54.18151579947732,20638.41059602649,12082.119205298013,37.66,0.23898035050451405,16.13209788548349
BG,E,2016,233.5,37.27,37.75,-215.7,482.3,150.0,874.8,-44.72320132697491,True,48.41385030064275,6265.092567748859,55.13260173754001,-5713.907284768212,12776.158940397352,37.75,0.0,17.146776406035666
BG,E,2017,254.6,38.35,39.04,112.3,475.8,139.1,917.1,23.60235393022278,False,53.50987810004203,6638.852672750978,51.880929015374555,2876.536885245902,12187.5,37.75,3.417218543046352,15.167375422527533
BG,E,2018,270.9,39.42,40.18,110.4,458.0,102.5,915.3,24.104803493449783,False,59.148471615720524,6872.14611872146,50.03823882879931,2747.6356396217025,11398.705823792932,39.04,2.9200819672131173,11.198514148366655
BG,E,2019,299.8,39.34,39.99,121.8,565.2,86.5,1098.1,21.54989384288747,False,53.04317055909412,7620.742247076766,51.47072215645206,3045.76144036009,14133.533383345837,40.18,-0.47287207565952505,7.877242509789638
BG,E,2020,323.0,38.92,39.6,65.5,570.4,113.3,1036.2,11.483169705469846,False,56.62692847124825,8299.07502569373,55.047288168307276,1654.040404040404,14404.040404040403,39.99,-0.9752438109527417,10.934182590233545
BG,F,2013,768.7,152.31,179.35,990.5,1725.5,764.2,6458.7,57.40365111561866,False,44.549405969284265,5046.94373317576,26.715902581014756,5522.7209367159185,9620.85308056872,185.94,-3.5441540281811346,11.832102435474633
BG,F,2014,842.4,148.27,177.9,933.5,1651.3,620.1,7742.5,56.53121782837764,False,51.01435232846848,5681.526944088487,21.32773651921214,5247.329960652052,9282.181000562114,179.35,-0.8084750487872827,8.009041007426543
BG,F,2015,906.0,150.47,182.38,1088.8,1726.5,616.6,9181.3,63.06400231682595,False,52.476107732406604,6021.133780820097,18.804526592094803,5969.952845706766,9466.498519574514,177.9,2.518268690275427,6.715824556435364
BG,F,2016,866.7,143.53,175.18,1507.7,1646.6,566.7,6345.9,91.5644358071177,False,52.63573424025265,6038.45885877517,25.947462140909877,8606.576093161319,9399.474825893365,182.38,-3.9478012940015295,8.930175388833735
BG,F,2017,981.3,141.85,175.44,1308.7,1866.0,676.7,7339.6,70.13397642015006,False,52.58842443729903,6917.870990482905,25.423728813559322,7459.53032375741,10636.114911080713,175.18,0.14841876926590114,9.219848493105893
BG,F,2018,1082.7,149.3,184.54,1498.3,2030.2,720.5,8492.9,73.80061077726332,False,53.32972120973303,7251.841929002009,23.904673315357535,8119.106968678878,11001.408908637695,175.44,5.186958504331973,8.48355685337164
BG,F,2019,1227.6,157.74,192.83,1800.0,2294.7,785.4,9272.7,78.44162635638646,False,53.49718917505556,7782.426778242677,24.746837490698496,9334.647098480526,11900.119276046256,184.54,4.4922510024926865,8.470024911837976
BG,F,2020,1299.8,154.37,190.33,1849.1,2571.0,996.9,11962.0,71.92143134966939,False,50.5562038117464,8420.029798535983,21.493061360976426,9715.2314401303,13508.117480166027,192.83,-1.2964787636778552,8.333890653736834
BG,G,2013,2183.2,397.59,522.61,589.6,4857.1,2147.4,9030.3,12.138930637623274,False,44.948631899693225,5491.083779773133,53.78669590157581,1128.1835403073037,9293.928550927078,524.28,-0.31853208209352557,23.77994086575197
BG,G,2014,2249.8,401.07,524.64,633.0,4885.8,2110.3,9867.1,12.955913054156944,False,46.04773015678087,5609.494601939811,49.51606855104337,1206.5416285452882,9312.671546203112,522.61,0.3884349706281931,21.387236371375582
BG,G,2015,2510.9,402.26,521.66,494.9,5492.8,2349.5,10430.6,9.009976696766675,False,45.712569181473924,6241.982797195844,52.66044139359193,948.7022198366752,10529.463635318023,524.64,-0.5680085391887801,22.525070465745017
BG,G,2016,2741.6,409.85,523.34,771.7,5760.1,2386.9,10851.3,13.397336851790767,False,47.59639589590458,6689.276564596804,53.08211919309208,1474.5672029655675,11006.420300378339,521.66,0.32204884407469603,21.996442822518965
BG,G,2017,2987.7,407.97,529.18,812.0,6513.5,2916.8,11943.8,12.46641590542719,False,45.869348276656176,7323.332597985144,54.534570237277926,1534.449525681243,12308.666238331003,523.34,1.11590935147321,24.421038530450947
BG,G,2018,3349.5,409.51,539.63,1005.7,7398.5,3383.3,13262.8,13.593295938365884,False,45.27269041021829,8179.28744108813,55.78384654824019,1863.6843763319314,13710.320034097436,529.18,1.974753392040518,25.509696293392047
BG,G,2019,3556.5,417.27,529.57,857.4,8139.1,3659.3,14445.7,10.534334263002052,False,43.69647749751201,8523.258321949816,56.34271790221311,1619.049417451895,15369.261853956983,539.63,-1.8642403128069085,25.331413500211138
BG,G,2020,3541.3,407.52,517.63,793.6,7851.0,3454.5,14140.6,10.108266462870972,False,45.10635587823207,8689.880251276012,55.520982136543005,1533.1414330699536,15167.2043737805,529.57,-2.254659440678297,24.429656450221348
BG,H,2013,993.4,140.78,185.22,215.5,2153.6,742.3,6415.8,10.006500742942052,False,46.127414561664196,7056.400056826254,33.567131144985815,1163.481265522082,11627.254076233667,187.65,-1.2949640287769792,11.569874372642538
BG,H,2014,1268.3,139.1,185.58,465.4,2328.3,542.1,7393.1,19.988833054159684,False,54.473220804879084,9117.900790797989,31.492878494812732,2507.8133419549517,12546.071774975753,185.22,0.19436345966958868,7.3325127483734835
BG,H,2015,1120.1,142.27,193.33,981.1,2389.6,820.5,7405.7,41.057080682959494,False,46.873953799799125,7873.058269487593,32.26703755215577,5074.742667977034,12360.213107122534,185.58,4.176096562129539,11.07930377952118
BG,H,2016,1283.0,147.5,206.17,947.3,2554.8,672.9,7625.5,37.07922342257711,False,50.21919524033191,8698.305084745762,33.503376827749,4594.751903768735,12391.715574525879,193.33,6.641493818858923,8.82433938758114
BG,H,2017,1411.1,148.97,204.49,597.6,2495.0,425.9,8023.6,23.95190380761523,False,56.5571142284569,9472.376988655433,31.095767485916543,2922.3922930216636,12201.085627659055,206.17,-0.8148615220449074,5.308091131163068
BG,H,2018,1488.8,152.72,209.88,714.3,2671.1,617.1,8779.2,26.741791771180413,False,55.7373366777732,9748.559455212153,30.425323491889916,3403.3733562035445,12726.796264532113,204.49,2.635825712748785,7.029114270092947
BG,H,2019,1647.1,153.11,208.51,668.6,2957.8,645.4,9328.5,22.60463858273041,False,55.68665900331327,10757.625236757885,31.70713405156242,3206.560836410724,14185.410771665629,209.88,-0.6527539546407501,6.918582837540869
BG,H,2020,1622.6,150.3,200.86,1652.8,2724.8,370.7,8611.8,60.657662947739276,False,59.549324721080445,10795.741849634063,31.640307485078615,8228.616947127352,13565.667629194462,208.51,-3.668888782312585,4.304558861097564
BG,I,2013,617.5,123.97,145.74,218.4,877.0,106.3,1713.5,24.90307867730901,False,70.41049030786773,4981.043800919578,51.18179165450832,1498.559077809798,6017.565527651983,151.09,-3.540935866040107,6.203676685147359
BG,I,2014,634.4,128.23,150.18,147.0,873.1,85.3,1770.5,16.83655938609552,False,72.66063452067345,4947.36021211885,49.31375317706863,978.8254095085897,5813.69023838061,145.74,3.046521202140795,4.8178480655182145
BG,I,2015,661.5,129.03,150.43,235.0,946.1,97.9,1833.0,24.838811964908572,False,69.91861325441285,5126.714717507556,51.61483906164758,1562.1883932726184,6289.303995213721,150.18,0.16646690637900363,5.340971085651937
BG,I,2016,743.0,135.61,157.75,195.6,983.7,52.3,1995.7,19.8841110094541,False,75.53115787333536,5478.946980311186,49.290975597534704,1239.9366085578447,6235.816164817749,150.43,4.8660506547896,2.620634363882347
BG,I,2017,816.3,134.24,155.71,340.4,1116.4,108.7,2233.9,30.4908634897886,False,73.11895378000716,6080.899880810488,49.975379381351004,2186.1152141802063,7169.738616659174,157.75,-1.2931854199683013,4.865929540265903
BG,I,2018,897.8,132.43,151.77,355.5,1295.2,145.6,2520.8,27.447498455836932,False,69.31747992588016,6779.430642603639,51.380514122500784,2342.3601502273173,8533.965869407655,155.71,-2.5303448718772104,5.775944144715963
BG,I,2019,977.6,135.86,155.92,300.5,1382.0,131.0,2677.8,21.743849493487698,False,70.73806078147612,7195.642573237155,51.60953021136754,1927.2703950743971,8863.519753719856,151.77,2.734400737958742,4.892075584434983
BG,I,2020,701.5,103.48,121.39,232.6,903.6,93.6,1857.7,25.741478530323153,False,77.63390880920761,6779.0877464244295,48.64079237767132,1916.1380673861108,7443.776258340885,155.92,-22.14597229348383,5.03848845346396
BG,J,2013,1132.9,69.43,77.59,441.4,2035.6,532.9,3701.1,21.684024366280212,False,55.65435252505404,16317.153968025348,54.999864905028225,5688.877432658847,26235.339605619276,75.96,2.145866245392325,14.398422090729781
BG,J,2014,1126.4,71.72,78.94,188.0,2064.8,396.2,3822.3,9.104998062766368,False,54.552499031383185,15705.52147239264,54.01983099181121,2381.5556118571067,26156.57461363061,77.59,1.7399149374919265,10.365486748816156
BG,J,2015,1416.1,77.82,84.96,-114.0,2092.0,260.2,4265.8,-5.449330783938815,True,67.69120458891013,18197.121562580312,49.04121149608514,-1341.8079096045199,24623.35216572505,78.94,7.626045097542433,6.099676496788409
BG,J,2016,1652.0,83.13,90.2,297.0,2597.0,473.8,4708.0,11.43627262225645,False,63.61185983827493,19872.488872849754,55.16142735768904,3292.682926829268,28791.574279379154,84.96,6.167608286252357,10.063721325403568
BG,J,2017,1882.5,87.02,94.24,593.6,2759.9,341.0,4958.1,21.508025653103374,False,68.2089930794594,21632.957940703287,55.664468243883746,6298.811544991511,29285.86587436333,90.2,4.478935698447883,6.877634577761642
BG,J,2018,2177.7,91.57,99.54,590.1,3296.9,540.2,5765.3,17.898632048287784,False,66.05295884012253,23781.806268428525,57.1852288692696,5928.270042194093,33121.35824794053,94.24,5.623938879456714,9.369850658248486
BG,J,2019,2553.7,99.99,106.98,1033.3,4033.9,910.7,7005.9,25.615409405290162,False,63.305981804209324,25539.55395539554,57.578612312479486,9658.814731725557,37707.04804636381,99.54,7.474382157926462,12.999043663198162
BG,J,2020,2817.4,107.19,113.59,499.8,4508.6,1111.4,7480.3,11.085481080601516,False,62.48946457880494,26284.16829928165,60.272983703862145,4400.035214367462,39691.87428470817,106.98,6.178724995326235,14.857692873280484
BG,L,2013,202.5,24.0,26.49,680.0,4124.6,3295.4,5166.8,16.486447170634726,False,4.909566988314018,8437.5,79.82890764109314,25670.06417516044,155704.03926009816,27.34,-3.108997805413316,63.78028954091507
BG,L,2014,205.6,23.95,26.82,259.9,3894.6,3106.7,5082.9,6.673342576901351,False,5.279104400965439,8584.55114822547,76.62161364575341,9690.529455630125,145212.5279642058,26.49,1.2457531143827971,61.12062011843633
BG,L,2015,224.0,23.19,26.11,136.0,3857.4,2986.7,5115.8,3.525690879867268,False,5.80702027272256,9659.335920655454,75.40169670432778,5208.732286480276,147736.49942550747,26.82,-2.6472781506338583,58.38187575745728
BG,L,2016,243.4,23.21,26.45,225.1,3986.8,3060.4,5493.3,5.646132236380054,False,6.105146985050667,10486.85911245153,72.5756831048732,8510.396975425332,150729.6786389414,26.11,1.3021830716200666,55.71150310378097
BG,L,2017,291.0,23.44,27.02,678.0,4515.4,3433.8,6184.7,15.015281038224742,False,6.444611773043363,12414.675767918086,73.00920012288388,25092.524056254624,167113.24944485567,26.45,2.155009451795853,55.52088217698514
BG,L,2018,298.0,22.52,26.47,805.4,5116.5,3998.0,6895.3,15.741229356005082,False,5.824293950943027,13232.682060390765,74.20271779327948,30426.898375519457,193294.2954287873,27.02,-2.035529237601774,57.981523646541845
BG,L,2019,329.0,23.09,26.23,576.8,5494.3,4171.0,7096.7,10.498152630908395,False,5.9880239520958085,14248.592464270247,77.42049121422635,21990.087685855888,209466.26000762486,26.47,-0.9066868152625585,58.77379627150647
BG,L,2020,280.2,22.85,25.93,625.1,5217.1,4083.1,6694.6,11.981752314504227,False,5.370799869659389,12262.58205689278,77.92997341140621,24107.211723871962,201199.38295410722,26.23,-1.143728555089596,60.990947928180915
BG,M,2013,756.4,75.15,98.84,164.7,1348.4,480.4,2895.2,12.214476416493621,False,56.09611391278552,10065.202927478376,46.57363912683062,1666.3294212869282,13642.250101173615,97.61,1.2601167913123712,16.592981486598507
BG,M,2014,811.1,77.64,105.46,359.2,1294.1,382.8,2971.2,27.75674213739278,False,62.676763774051466,10446.934569809377,43.554792676359725,3406.030722548834,12271.003223971175,98.84,6.697693241602587,12.883683360258482
BG,M,2015,923.0,78.81,107.39,341.9,1623.2,562.3,3493.3,21.063331690487924,False,56.86298669295219,11711.71171171171,46.46609223370452,3183.7228792252536,15115.0013967781,105.46,1.8300777545989133,16.096527638622504
BG,M,2016,1003.7,82.72,111.93,282.4,1645.7,438.5,3428.2,17.15987117943732,False,60.98924469830468,12133.704061895553,48.00478385158392,2523.0054498347176,14702.939337085678,107.39,4.22758171151878,12.790969021644012
BG,M,2017,1093.5,84.97,113.17,452.9,1693.7,471.3,3497.1,26.740272775580088,False,64.56279152152092,12869.24796987172,48.43155757627749,4001.9439780860653,14965.98038349386,111.93,1.1078352541767034,13.476880844127992
BG,M,2018,1221.3,84.97,113.31,442.0,1882.8,535.5,3889.0,23.475674527299766,False,64.8661567877629,14373.308226432859,48.41347390074569,3900.803106521931,16616.362192216046,113.17,0.12370769638596624,13.769606582669066
BG,M,2019,1338.0,85.34,112.58,411.5,2301.7,798.5,4480.6,17.87809010731199,False,58.130946691575794,15678.462620107803,51.37035218497522,3655.1785397050985,20445.016876887545,113.31,-0.6442502868237665,17.821273936526357
BG,M,2020,1387.0,85.13,115.73,426.8,2356.8,806.7,4412.3,18.109300746775286,False,58.850984385607596,16292.728767766945,53.41431906262041,3687.894236585155,20364.641838762636,112.58,2.798010303783971,18.282981664891327
BG,N,2013,485.1,137.13,141.72,160.9,678.0,91.7,1485.4,23.73156342182891,False,71.54867256637168,3537.519142419602,45.644270903460345,1135.3372847869039,4784.081287044877,132.03,7.3392410815723785,6.173421300659754
BG,N,2014,550.0,123.13,127.6,220.6,800.3,146.4,1961.5,27.56466325128077,False,68.72422841434462,4466.823682287014,40.80040785113434,1728.8401253918496,6271.9435736677115,141.72,-9.963307931131816,7.463675758348204
BG,N,2015,597.5,120.26,125.84,360.2,861.7,102.5,2049.9,41.80109086689103,False,69.33967738191946,4968.401796108432,42.036196887653055,2862.3649078194535,6847.58423394787,127.6,-1.3793103448275779,5.000243914337284
BG,N,2016,678.4,126.29,132.1,222.5,980.4,77.7,2173.2,22.69481844145247,False,69.19624643002857,5371.763401694512,45.1131971286582,1684.330052990159,7421.650264950795,125.84,4.9745708836617775,3.5753727222528995
BG,N,2017,767.0,126.93,132.39,271.1,1049.0,63.7,2346.5,25.84366062917064,False,73.11725452812202,6042.700701173875,44.7048796079267,2047.7377445426396,7923.559181207041,132.1,0.21953065859197096,2.7146814404432136
BG,N,2018,854.1,126.8,132.14,193.1,1267.0,176.4,2697.7,15.240726124704024,False,67.41120757695343,6735.804416403786,46.96593394372985,1461.3288935976996,9588.315423036174,132.39,-0.18883601480473855,6.538903510397747
BG,N,2019,942.3,130.69,135.72,223.2,1445.5,213.6,3000.4,15.441023867173985,False,65.18851608439986,7210.192057540745,48.17690974536728,1644.5623342175065,10650.604185086944,132.14,2.709247767519307,7.119050793227569
BG,N,2020,992.4,127.9,132.94,156.5,1384.4,135.8,2884.7,11.304536261196185,False,71.68448425310604,7759.186864738076,47.99112559364926,1177.2228072814803,10413.720475402439,135.72,-2.0483348069554985,4.707595243872847
CZ,B,2013,731.9,31.67,31.76,681.4,1296.2,141.5,2993.4,52.56904798642184,False,56.46505168955408,23110.198926428795,43.30193091467896,21454.659949622164,40812.34256926952,35.54,-10.63590320765334,4.727066212333801
CZ,B,2014,724.4,33.64,33.73,475.1,1423.2,266.2,2691.0,33.382518268690276,False,50.89938167509837,21533.888228299642,52.887402452619845,14085.383931218501,42193.892677142016,31.76,6.202770780856404,9.892233370494239
CZ,B,2015,722.7,34.1,34.21,402.6,1376.4,236.0,2611.8,29.25021795989538,False,52.50653879686138,21193.548387096776,52.69928784746152,11768.488745980709,40233.84975153464,33.73,1.423065520308353,9.035913929091048
CZ,B,2016,667.6,30.95,31.07,347.5,1167.1,69.8,2332.0,29.77465512809528,False,57.20161083026305,21570.2746365105,50.04716981132075,11184.422272288382,37563.56614097199,34.21,-9.178602747734576,2.993138936535163
CZ,B,2017,657.8,29.04,29.15,392.3,1245.9,139.0,2458.4,31.48727827273457,False,52.79717473312464,22651.515151515152,50.67930361210543,13457.975986277876,42740.99485420241,31.07,-6.179594464113302,5.654083957045232
CZ,B,2018,650.2,27.22,27.35,478.3,1292.2,174.2,2588.0,37.014394056647575,False,50.31728834545736,23886.84790595151,49.93044822256569,17488.117001828155,47246.80073126142,29.15,-6.17495711835333,6.731066460587326
CZ,B,2019,668.9,27.34,27.49,453.6,1172.5,-27.4,2497.0,38.68656716417911,False,57.04904051172708,24465.9839063643,46.95634761714057,16500.545652964716,42651.87340851219,27.35,0.511882998171842,-1.0973167801361634
CZ,B,2020,610.8,25.3,25.42,382.3,1005.9,-81.0,2206.7,38.00576598071379,False,60.7217417238294,24142.292490118576,45.58390356641139,15039.33910306845,39571.20377655389,27.49,-7.530010913059282,-3.670639416323017
CZ,C,2013,17736.5,1206.57,1317.88,8735.8,34921.1,9676.6,137917.0,25.015821380197075,False,50.790209930385934,14699.934525141516,25.320373848039036,6628.676359000818,26497.93607915743,1315.07,0.2136768384952914,7.016248903325914
CZ,C,2014,17562.9,1223.61,1336.74,9138.3,37314.0,12181.4,144179.7,24.49027174786943,False,47.06785656858016,14353.347880452107,25.88020366251282,6836.258359890479,27914.17927196014,1317.88,1.431086290102268,8.448762204387995
CZ,C,2015,19026.4,1268.26,1381.12,10383.2,40472.9,13409.3,151763.4,25.654697340689697,False,47.0102216544898,15001.971204642583,26.66841939492658,7517.956441149213,29304.40512048193,1336.74,3.3200173556562795,8.835661299101101
CZ,C,2016,20543.3,1288.32,1401.36,10597.3,42567.0,13522.3,155262.6,24.895576385462917,False,48.26109427490779,15945.805389965226,27.416132410509675,7562.153907632585,30375.492378831994,1381.12,1.4654772937905403,8.709309260568867
CZ,C,2017,23111.3,1316.13,1428.17,10969.3,45608.9,13483.0,171730.5,24.05078833297887,False,50.67278535548982,17560.043460752353,26.558415657090617,7680.668267783246,31935.203792265624,1401.36,1.9131415196666168,7.85125530991874
CZ,C,2018,25701.2,1317.23,1427.74,11826.3,47624.6,12383.7,183341.5,24.832334549791494,False,53.96622753786908,19511.550754234264,25.975897437295973,8283.230840349082,33356.63356073235,1428.17,-0.030108460477396015,6.754444574741671
CZ,C,2019,27164.0,1302.93,1414.52,12799.7,50760.1,13486.6,185933.8,25.21606537418169,False,53.51447298173172,20848.395539284535,27.30009282873797,9048.793937165965,35885.03520628906,1427.74,-0.925938896437728,7.253441816388414
CZ,C,2020,25456.2,1243.79,1350.13,10271.2,45817.6,10435.5,166983.4,22.41758625506356,False,55.5598721888532,20466.638258870065,27.438416034168668,7607.563716086599,33935.6950812144,1414.52,-4.5520742018493765,6.249423595399303
CZ,D,2013,910.0,33.71,34.87,2363.9,5949.1,3000.4,16490.2,39.735422164697184,False,15.296431392983811,26994.95698605755,36.076578816509205,67791.79810725553,170607.97246917125,32.71,6.603485172730039,18.195049180725523
CZ,D,2014,808.1,31.07,31.45,2112.5,4955.2,2113.2,13451.8,42.631982563771395,False,16.30812076202777,26009.0119085935,36.83670586835962,67170.11128775835,157558.02861685213,34.87,-9.807857757384564,15.709421787418783
CZ,D,2015,821.7,31.88,32.93,1884.6,5126.2,2194.1,13820.0,36.764074753228506,False,16.02941750224338,25774.78042659975,37.09261939218524,57230.48891588217,155669.6021864561,31.45,4.705882352941182,15.876266280752532
CZ,D,2016,860.1,31.67,34.26,1669.1,5128.0,2079.4,13662.5,32.548751950078,False,16.772620904836195,27158.19387432902,37.533394327538886,48718.62230005838,149678.92586106248,32.93,4.038870331005162,15.219762122598354
CZ,D,2017,959.1,32.23,34.95,1545.8,5315.8,2087.1,14182.2,29.07934835772602,False,18.042439519921743,29757.98945082222,37.482195992159184,44228.898426323314,152097.28183118743,34.26,2.0140105078809256,14.716334560223377
CZ,D,2018,1124.0,34.17,37.37,1404.5,5322.9,1788.1,14768.3,26.385992598019882,False,21.116308779049017,32894.35177055897,36.04274019352261,37583.623227187585,142437.78431897244,34.95,6.924177396280395,12.107690120054441
CZ,D,2019,1241.3,35.96,39.11,2014.7,5531.6,1431.4,14935.3,36.42165015547039,False,22.44016197845108,34518.909899888764,37.03708663367994,51513.679365891076,141436.97264126822,37.37,4.656141289804672,9.58400567782368
CZ,D,2020,1244.4,36.63,39.93,1975.1,5514.5,1326.6,12864.1,35.81648381539577,False,22.565962462598605,33972.153972153974,42.867359550998515,49464.06210869021,138104.18231905837,39.11,2.096650473024808,10.312419835044814
CZ,E,2013,825.6,54.96,57.63,549.6,1578.9,199.0,4376.4,34.80904427132814,False,52.28956868706061,15021.83406113537,36.07759802577461,9536.699635606456,27397.188964081208,59.41,-2.996128597879133,4.5471163513390005
CZ,E,2014,820.3,57.71,60.28,481.0,1569.6,206.7,4268.2,30.644750254842002,False,52.26172273190621,14214.174319875237,36.774284241600675,7979.429329794293,26038.487060384872,57.63,4.5982994967898705,4.842790872030364
CZ,E,2015,841.2,57.61,60.01,493.3,1597.6,214.9,4260.9,30.877566349524287,False,52.653980971457194,14601.631661169937,37.49442606022202,8220.296617230462,26622.229628395267,60.28,-0.4479097544791033,5.043535403318549
CZ,E,2016,884.6,58.06,60.46,467.6,1643.7,196.2,4259.5,28.448013627790957,False,53.817606619212754,15235.962797106442,38.589036271862895,7734.039034072114,27186.569632815084,60.01,0.7498750208298599,4.6061744336189685
CZ,E,2017,979.8,58.87,61.19,501.1,1795.7,225.5,4735.4,27.90555215236398,False,54.56367990198808,16643.451673178188,37.920766989061114,8189.2466089230265,29346.298414773657,60.46,1.2074098577571801,4.762005321620138
CZ,E,2018,1073.7,59.55,62.18,718.0,1967.7,262.7,5165.8,36.489302231031154,False,54.56624485439854,18030.22670025189,38.09090557125711,11547.121260855582,31645.223544548087,61.19,1.6179114234352143,5.0853691586975875
CZ,E,2019,1124.1,58.91,61.44,658.8,1948.8,165.1,5280.9,33.80541871921182,False,57.681650246305416,19081.64997453743,36.902800658978585,10722.65625,31718.75,62.18,-1.1900932775812167,3.1263610369444605
CZ,E,2020,1133.2,58.52,61.35,542.4,1985.0,185.7,5259.0,27.324937027707808,False,57.08816120906801,19364.31989063568,37.74481840654117,8841.075794621027,32355.338223308885,61.44,-0.1464843749999889,3.5310895607529944
CZ,F,2013,3726.5,276.11,422.41,1006.2,8207.0,3307.8,27131.9,12.260265626903863,False,45.40636042402827,13496.432581217628,30.24852664207077,2382.0458795956533,19428.990790937714,431.0,-1.9930394431554421,12.19155311644227
CZ,F,2014,3464.2,267.02,403.72,1179.1,8040.9,3409.7,26446.9,14.663781417503015,False,43.08224203758286,12973.560032956333,30.403941482744667,2920.588526701674,19917.021698206674,422.41,-4.424611159773684,12.892626356964332
CZ,F,2015,3618.3,267.94,397.35,1276.4,8579.2,3751.5,28633.5,14.877844088026857,False,42.175261096605745,13504.142718519071,29.962107321843295,3212.2813640367435,21591.04064426828,403.72,-1.5778262161894374,13.101786369113103
CZ,F,2016,3712.4,258.55,392.95,1303.2,8659.1,3690.5,27589.3,15.050062939566466,False,42.87281588155813,14358.538000386772,31.385718376327056,3316.4524748695767,22036.13691309327,397.35,-1.107336101673595,13.376562652912543
CZ,F,2017,4029.3,255.26,391.85,1270.6,9451.5,4103.9,30357.0,13.443368777442732,False,42.63132836057768,15785.081877301574,31.134499456468028,3242.567308919229,24120.19905576113,392.95,-0.27993383382108883,13.518793029614256
CZ,F,2018,4477.5,255.38,393.24,1400.4,10502.2,4641.7,34761.2,13.334348993544209,False,42.63392432061853,17532.696374030857,30.212420744968533,3561.1840097650293,26706.845692198152,391.85,0.3547275743269074,13.353106336950393
CZ,F,2019,4833.3,260.86,394.24,1993.0,11284.0,4973.4,37018.9,17.662176533144276,False,42.83321517192485,18528.329372076976,30.48172690166374,5055.296266233766,28622.15909090909,393.24,0.2542976299460875,13.434759001483023
CZ,F,2020,4837.7,257.03,386.4,1818.3,11049.4,4701.3,36076.7,16.456097163646895,False,43.78246782630731,18821.538341827803,30.62752413607675,4705.745341614907,28595.75569358178,394.24,-1.9886363636363757,13.031402539589266
CZ,G,2013,8308.4,577.22,710.9,2121.3,14779.0,4054.3,31903.7,14.353474524663376,False,56.217606062656465,14393.818648002494,46.323780627325355,2983.9639893093267,20789.140526093684,712.89,-0.2791454502097057,12.70793042813216
CZ,G,2014,8078.8,584.49,710.24,1991.9,14891.2,4499.2,31867.3,13.376356505855808,False,54.252175781669706,13821.964447638113,46.72877840293969,2804.5449425546294,20966.433881504843,710.9,-0.09284006189337335,14.11854785312844
CZ,G,2015,8558.7,590.44,715.55,2007.1,16550.8,5657.1,33650.0,12.126906252265751,False,51.711699736568626,14495.461012126549,49.185141158989595,2804.975193906785,23130.179582139615,710.24,0.7476346023879143,16.811589895988114
CZ,G,2016,9020.9,585.09,704.47,2695.2,17105.4,5665.9,34771.4,15.756427794731486,False,52.73714733359055,15417.96988497496,49.19387772709756,3825.854898008431,24281.232699760105,715.55,-1.5484592271678976,16.294713471416163
CZ,G,2017,9984.6,586.03,699.47,2980.9,19383.0,6860.1,39311.6,15.378940308517775,False,51.51214982200898,17037.694315990648,49.30605724518971,4261.655253263185,27710.98117145839,704.47,-0.7097534316578447,17.450574385168753
CZ,G,2018,11201.2,593.42,702.52,3233.0,20833.3,6929.8,41112.1,15.518424829479727,False,53.765846025353646,18875.669845977554,50.67437567042307,4602.004213403177,29655.098787223138,699.47,0.4360444336426017,16.855864818386802
CZ,G,2019,12006.0,586.99,693.86,3432.5,22037.1,7168.2,43055.0,15.576005917294019,False,54.48085274378208,20453.50005962623,51.18360236906282,4946.963364367452,31760.153345055194,702.52,-1.2327051187154714,16.64893740564394
CZ,G,2020,11845.4,582.36,689.38,2984.8,21306.5,6720.5,41731.1,14.008870532466618,False,55.59524088893061,20340.339309018476,51.056646002621555,4329.687545330587,30906.756795961588,693.86,-0.6456633903092923,16.104296316176665
CZ,H,2013,4078.8,281.77,311.42,2913.0,8176.9,988.2,21744.1,35.624747765045434,False,49.88198461519647,14475.63615714945,37.60514346420408,9353.927172307494,26256.82358230043,310.82,0.19303777105721398,4.544681085903763
CZ,H,2014,3951.8,283.03,313.76,2916.0,8050.4,1254.0,21693.7,36.22180264334692,False,49.088244062406844,13962.477475885951,37.10939120574175,9293.727689954105,25657.827638959712,311.42,0.7513968274356131,5.780480047202644
CZ,H,2015,4227.7,294.91,321.29,3660.3,8605.7,1401.6,23224.1,42.5334371404999,False,49.126741578256265,14335.560001356343,37.05504196072184,11392.511438264495,26784.83612935354,313.76,2.3999235084140924,6.035110079615571
CZ,H,2016,4533.4,297.68,325.01,3662.6,9133.9,1434.4,24029.3,40.09897196159363,False,49.63268702306791,15229.105079279761,38.01151094705214,11269.191717177931,28103.442970985507,321.29,1.1578324877836055,5.969379049743439
CZ,H,2017,5140.6,304.48,332.51,3041.9,10047.7,1593.5,25834.5,30.274590204723467,False,51.16195746290195,16883.21071991592,38.89256614217423,9148.296291840847,30217.737812396623,325.01,2.3076213039598725,6.168108537033811
CZ,H,2018,5728.2,310.22,337.96,3470.8,10676.1,1584.7,28153.0,32.50999896966121,False,53.65442436844915,18464.960350718844,37.92171349412141,10269.854420641497,31589.833116345133,332.51,1.639048449670688,5.628885021134515
CZ,H,2019,6120.8,312.06,337.32,4413.7,11180.3,1605.5,29115.7,39.47747377082905,False,54.74629482214253,19614.176760879316,38.399557626984745,13084.608087276176,33144.491877149296,337.96,-0.18937152325718687,5.51420711162706
CZ,H,2020,5894.5,302.37,327.75,4592.7,10503.7,1048.2,26347.2,43.724592286527596,False,56.11832021097327,19494.32814101928,39.86647537499241,14012.814645308923,32047.902364607176,337.32,-2.8370686588402694,3.9784113681909274
CZ,I,2013,1342.6,143.55,186.83,371.4,2793.4,1107.2,6020.0,13.295625402735018,False,48.0632920455359,9352.838732149075,46.40199335548173,1987.9034416314294,14951.560241931167,188.5,-0.8859416445623269,18.39202657807309
CZ,I,2014,1319.0,136.02,178.29,302.7,2674.2,1019.8,5685.4,11.319273053623515,False,49.323162067160276,9697.103367151889,47.036268336440706,1697.7957260642772,14999.158674070335,186.83,-4.571000374672174,17.937172406514932
CZ,I,2015,1424.0,142.89,181.18,321.7,2812.5,1033.5,6185.2,11.438222222222223,False,50.63111111111112,9965.707887185948,45.47144797257971,1775.5822938514184,15523.236560326746,178.29,1.6209546244881912,16.709241414990622
CZ,I,2016,1556.6,146.94,186.03,399.4,3094.2,1164.9,6697.9,12.908021459504882,False,50.30702604873635,10593.439499115284,46.19656907388883,2146.965543191958,16632.801161103045,181.18,2.6768959046252316,17.39201839382493
CZ,I,2017,1788.1,154.29,192.3,465.4,3588.5,1400.1,7872.2,12.96920718963355,False,49.82861920022293,11589.21511439497,45.584461776885746,2420.1768070722824,18660.946437857514,186.03,3.3704241251411027,17.785371306623308
CZ,I,2018,2045.5,156.1,193.85,488.9,3839.4,1364.8,8512.1,12.733760483408865,False,53.276553628171065,13103.779628443306,45.1052031813536,2522.0531338663914,19806.035594531855,192.3,0.8060322412896337,16.033646221261495
CZ,I,2019,2258.7,155.55,192.98,597.7,4138.2,1419.0,9133.6,14.44347784060703,False,54.58170218935769,14520.73288331726,45.30743627923272,3097.2121463364083,21443.67291947352,193.85,-0.44880061903533885,15.536042743277568
CZ,I,2020,1782.0,138.55,174.09,349.3,2427.3,387.3,5839.0,14.390475013389361,False,73.41490545050056,12861.782749909778,41.57047439630074,2006.4334539605952,13942.78821299328,192.98,-9.7885791273707,6.632985100188389
CZ,J,2013,3126.8,113.89,129.51,1976.8,6972.8,1802.9,13686.6,28.350160624139516,False,44.84281780633318,27454.56141891299,50.94618093609809,15263.686201837696,53839.85792602888,127.37,1.680144461019073,13.172738298773984
CZ,J,2014,3119.1,117.17,134.23,1909.1,6943.7,1820.1,13243.4,27.493987355444503,False,44.91985540849979,26620.295297431083,52.4313997915943,14222.60299485957,51729.86664680027,129.51,3.644506215736243,13.74344956733165
CZ,J,2015,3306.2,119.53,137.14,2364.1,7550.5,2147.5,14752.3,31.310509237798822,False,43.78782862062115,27660.00167322011,51.18184960989134,17238.588303923,55056.876184920526,134.23,2.1679207330701056,14.557052120686267
CZ,J,2016,3625.3,124.81,142.89,2347.3,8111.4,2285.7,15929.1,28.93828438987105,False,44.69388761496166,29046.55075715087,50.921897659001445,16427.32171600532,56766.74364896074,137.14,4.1927956832434,14.34920993653125
CZ,J,2017,4157.4,130.13,149.41,2677.4,9216.1,2665.6,17766.6,29.051334078406267,False,45.11018760647128,31948.051948051947,51.87317776051693,17919.817950605717,61683.28759788502,142.89,4.562950521380094,15.003433408755756
CZ,J,2018,4746.8,135.56,156.18,3322.2,10599.4,3187.4,20007.5,31.343283582089555,False,44.78366700001887,35016.22897609914,52.97713357490941,21271.609681137146,67866.5642207709,149.41,4.531155879793869,15.931025865300514
CZ,J,2019,5217.4,141.32,162.04,3998.9,12571.8,4296.3,22246.8,31.80849202182663,False,41.500819293975404,36919.04896688367,56.51059927719941,24678.474450752903,77584.54702542583,156.18,3.752080932257651,19.31199093802255
CZ,J,2020,5290.2,143.8,165.9,4330.3,13030.2,4359.1,22771.1,33.23279765467913,False,40.599530321867654,36788.595271210004,57.222532069157836,26101.868595539483,78542.49547920434,162.04,2.38212786966181,19.143124398909148
CZ,L,2013,859.0,66.46,90.31,9231.9,14406.2,8321.8,26992.3,64.08282545015341,False,5.962710499645985,12925.067709900693,53.37151706227332,102224.55984940758,159519.43306389105,89.28,1.1536738351254572,30.830273818829813
CZ,L,2014,819.4,64.81,90.84,8850.3,14358.1,8350.8,26169.2,61.63977127892966,False,5.706883222710525,12643.11063107545,54.86640783822203,97427.34478203434,158059.22501100836,90.31,0.5868674565385978,31.91079589746725
CZ,L,2015,845.4,63.52,90.31,9076.9,15161.2,8680.3,27389.8,59.86927156161781,False,5.576075772366304,13309.193954659948,55.353452745182516,100508.24936330417,167879.5260768464,90.84,-0.5834434169969205,31.691724656623997
CZ,L,2016,881.7,62.87,91.21,9963.0,16335.5,9345.4,29344.2,60.98986869088794,False,5.3974472774019775,14024.17687291236,55.66858186626318,109231.44392062275,179097.6866571648,90.31,0.9965673790277796,31.847520123227074
CZ,L,2017,964.7,61.14,90.03,11055.8,18166.4,10218.7,32715.5,60.85850801479654,False,5.310353179496213,15778.541053320248,55.52841925081384,122801.2884594024,201781.62834610685,91.21,-1.293717794101512,31.235041494093018
CZ,L,2018,1073.7,60.67,89.68,12779.2,21279.1,12317.3,37298.4,60.05517150631371,False,5.045796109797878,17697.37926487556,57.05097269587971,142497.76984834968,237278.0999107939,90.03,-0.3887593024547331,33.023668575595735
CZ,L,2019,1159.1,61.09,91.15,13514.9,23485.4,13635.4,40569.0,57.54596472702189,False,4.935406678191557,18973.645441152396,57.89001454312407,148270.98189797037,257656.6099835436,89.68,1.6391614629794882,33.61039217136237
CZ,L,2020,1163.3,59.42,90.28,14472.3,24752.3,14011.2,42479.9,58.468505957022174,False,4.699765274338142,19577.583305284414,58.268263343369455,160304.6078865751,274172.5742135578,91.15,-0.9544706527701674,32.983128491357085
CZ,M,2013,3654.0,188.88,278.49,1570.3,7320.3,2262.7,17948.6,21.451306640438233,False,49.91598704971108,19345.61626429479,40.784796585806134,5638.622571726094,26285.683507486807,275.05,1.25068169423741,12.606554271642356
CZ,M,2014,3603.8,195.53,287.36,1437.1,7154.6,2203.8,17704.1,20.086377994576914,False,50.3703910770693,18430.931314887745,40.41210792980158,5001.043986636971,24897.689309576836,278.49,3.185033573916485,12.44796403093069
CZ,M,2015,3863.3,201.79,293.77,1775.6,7543.5,2289.9,18377.1,23.538145423212036,False,51.21362762643336,19145.150899449924,41.04836998220612,6044.184225754842,25678.251693501723,287.36,2.230651447661458,12.460616745841294
CZ,M,2016,4184.5,207.67,305.55,1785.7,8258.0,2594.0,19281.8,21.623879874061515,False,50.67207556309034,20149.756825733137,42.82795174724352,5844.215349369988,27026.67321224022,293.77,4.009939748783076,13.453100851580245
CZ,M,2017,4719.1,212.43,313.83,1815.0,9074.9,2800.1,20814.2,20.00022038810345,False,52.00167494958623,22214.847243797958,43.59956183759164,5783.385909568875,28916.61090399261,305.55,2.7098674521354837,13.452835083740908
CZ,M,2018,5344.1,219.62,321.31,1870.9,9874.7,2908.1,22955.3,18.9463983715961,False,54.11911247936646,24333.394044258268,43.017081022683215,5822.725716597678,30732.625813077713,313.83,2.3834560112162784,12.668534064028785
CZ,M,2019,5634.3,215.11,318.54,2241.5,10707.9,3354.7,23602.2,20.93314281978726,False,52.61816042361248,26192.64562316954,45.36822838548949,7036.792867457776,33615.5584855905,321.31,-0.862095795337825,14.213505520671802
CZ,M,2020,5484.3,208.44,307.15,2078.8,10356.3,3149.3,22303.8,20.07280592489596,False,52.95617160568929,26311.168681635005,46.43289484303123,6768.0286504965015,33717.40192088556,318.54,-3.5756890814340525,14.12001542338077
CZ,N,2013,1538.4,134.44,147.35,606.4,2656.9,571.6,7146.3,22.823591403515373,False,57.902066317889265,11443.02290984826,37.178679876299626,4115.371564302681,18031.218187987786,141.55,4.09749205227834,7.998544701453899
CZ,N,2014,1469.2,135.64,148.5,515.8,2586.3,592.7,6873.8,19.943548698913503,False,56.807021613888566,10831.613093482749,37.62547644679799,3473.4006734006734,17416.16161616162,147.35,0.7804546996946105,8.62259594401932
CZ,N,2015,1575.0,138.91,153.36,735.5,2621.6,531.5,7277.7,28.05538602380226,False,60.07781507476351,11338.276581959542,36.0223697047144,4795.905059989566,17094.418362023993,148.5,3.2727272727272716,7.303131483847919
CZ,N,2016,1704.7,137.38,151.74,804.5,2838.1,578.3,8079.6,28.34642894894472,False,60.0648321059864,12408.647546950066,35.126738947472646,5301.832081191511,18703.7037037037,153.36,-1.0563380281690127,7.157532551116391
CZ,N,2017,1931.7,139.64,153.84,1066.7,3266.8,670.8,9700.1,32.652748867393164,False,59.13125994857352,13833.428816957892,33.678003319553405,6933.827353094123,21235.04940197608,151.74,1.383946223803867,6.915392624818301
CZ,N,2018,2128.7,138.7,153.43,1144.7,3656.4,849.1,11116.9,31.306749808554862,False,58.21846625095722,15347.512617159337,32.89046406822046,7460.731278107281,23831.063025483934,153.84,-0.26651066042641114,7.637920643344817
CZ,N,2019,2349.0,139.96,154.82,1063.0,4006.7,881.1,12122.8,26.530561309806078,False,58.62680010981606,16783.366676193196,33.05094532616227,6866.0379795892,25879.731300865522,153.43,0.9059505963631587,7.2681228759032575
CZ,N,2020,2207.6,132.49,148.71,862.2,3430.0,566.2,8638.6,25.137026239067055,False,64.36151603498543,16662.389614310512,39.70550783691802,5797.861609844664,23065.025889314773,154.82,-3.946518537656629,6.554302780543144
DE,B,2013,3921.0,61.0,63.0,1236.0,5160.0,1120.0,11913.0,23.953488372093023,False,75.98837209302326,64278.688524590165,43.31402669352808,19619.047619047622,81904.7619047619,67.0,-5.970149253731338,9.401494166037102
DE,B,2014,3759.0,59.0,61.0,1498.0,4945.0,1179.0,11999.0,30.293225480283116,False,76.01617795753286,63711.86440677966,41.211767647303944,24557.37704918033,81065.57377049181,63.0,-3.1746031746031744,9.825818818234854
DE,B,2015,3795.0,57.0,59.0,1184.0,4654.0,807.0,11750.0,25.440481306403097,False,81.5427589170606,66578.94736842105,39.60851063829787,20067.79661016949,78881.3559322034,61.0,-3.2786885245901676,6.868085106382979
DE,B,2016,3361.0,53.0,55.0,1166.0,4101.0,630.0,10698.0,28.432089734211168,False,81.95562058034625,63415.09433962264,38.33426808749299,21200.0,74563.63636363637,59.0,-6.779661016949157,5.888951205832866
DE,B,2017,3682.0,51.0,53.0,1067.0,4331.0,309.0,10969.0,24.636342646040173,False,85.01500808127453,72196.07843137256,39.48400036466405,20132.075471698114,81716.98113207548,55.0,-3.6363636363636376,2.8170298112863525
DE,B,2018,3102.0,46.0,48.0,1035.0,4391.0,1023.0,10696.0,23.570940560236846,False,70.64450011386928,67434.78260869566,41.05272999252057,21562.5,91479.16666666667,53.0,-9.433962264150942,9.56432311144353
DE,B,2019,3044.0,44.0,46.0,1213.0,4619.0,1252.0,10184.0,26.261095475211082,False,65.90171032691059,69181.81818181819,45.35545954438335,26369.565217391304,100413.04347826088,48.0,-4.1666666666666625,12.293794186959937
DE,B,2020,3095.0,41.0,43.0,912.0,4416.0,2031.0,10321.0,20.652173913043477,False,70.08605072463769,75487.80487804877,42.78655169072764,21209.302325581393,102697.67441860464,46.0,-6.521739130434778,19.678325743629493
DE,C,2013,370165.0,7166.0,7438.0,104293.0,566390.0,93800.0,1751659.0,18.41363724642031,False,65.35514398206182,51655.735417248114,32.33448976084957,14021.645603656896,76148.15810701803,7413.0,0.3372453797382935,5.354923532491199
DE,C,2014,384349.0,7216.0,7481.0,109702.0,599831.0,110602.0,1789760.0,18.28881801707481,False,64.07621480050214,53263.442350332596,33.51460531020919,14664.082341932897,80180.59083010293,7438.0,0.5781123958053191,6.179711246200608
DE,C,2015,396140.0,7249.0,7512.0,114364.0,621546.0,118506.0,1808573.0,18.399925347440092,False,63.73462302066139,54647.53759139192,34.36665260401433,15224.174653887114,82740.41533546326,7481.0,0.41438310386312516,6.5524587616867
DE,C,2016,406928.0,7272.0,7534.0,121920.0,652210.0,135388.0,1829134.0,18.693365633768263,False,62.392174299688755,55958.19581958196,35.65676434859338,16182.638704539422,86568.88770905229,7512.0,0.29286474973375665,7.401754054104293
DE,C,2017,420567.0,7345.0,7603.0,129789.0,669728.0,135623.0,1929027.0,19.37935997897654,False,62.79668761049262,57258.95166780123,34.718435770987135,17070.76154149678,88087.33394712614,7534.0,0.9158481550305186,7.030642909611945
DE,C,2018,440610.0,7476.0,7731.0,138897.0,680255.0,121462.0,1981875.0,20.418372522068932,False,64.7712989981698,58936.59711075441,34.32380952380952,17966.239813736902,87990.55749579614,7603.0,1.683545968696576,6.1286408073163035
DE,C,2019,455041.0,7529.0,7773.0,143903.0,683172.0,105186.0,1968918.0,21.063948756682066,False,66.607091625535,60438.43803958029,34.69783911772862,18513.186671812688,87890.38981088383,7731.0,0.5432673651532882,5.34232507397464
DE,C,2020,434195.0,7341.0,7586.0,128611.0,640044.0,80885.0,1823290.0,20.094087281499398,False,67.83830486654043,59146.574036234844,35.103795885459796,16953.730556287897,84371.73741102031,7773.0,-2.4057635404605704,4.436211463892195
DE,D,2013,18167.0,257.0,257.0,11902.0,36189.0,24207.0,124550.0,32.88844676559176,False,50.20033711901406,70688.7159533074,29.055800883179444,46311.284046692606,140813.22957198444,253.0,1.5810276679841806,19.43556804496186
DE,D,2014,17389.0,256.0,256.0,14257.0,30545.0,21993.0,115038.0,46.67539695531184,False,56.92912096906204,67925.78125,26.552095829204266,55691.40625,119316.40625,257.0,-0.3891050583657574,19.118030563813697
DE,D,2015,18367.0,251.0,251.0,14954.0,29180.0,20793.0,116550.0,51.24742974640164,False,62.94379712131597,73175.29880478088,25.03646503646504,59577.68924302789,116254.98007968128,256.0,-1.953125,17.84041184041184
DE,D,2016,18753.0,251.0,251.0,14174.0,29276.0,21080.0,118737.0,48.41508402787266,False,64.0558819510862,74713.14741035856,24.65617288629492,56470.119521912355,116637.45019920319,251.0,0.0,17.75352249088321
DE,D,2017,19020.0,255.0,255.0,14864.0,33295.0,25919.0,126944.0,44.643339840816935,False,57.12569454873104,74588.23529411765,26.22810057978321,58290.19607843137,130568.62745098039,251.0,1.5936254980079667,20.417664481976306
DE,D,2018,20502.0,259.0,259.0,15900.0,33640.0,23691.0,130717.0,47.26516052318669,False,60.94530321046373,79158.30115830115,25.734984738021833,61389.96138996139,129884.1698841699,255.0,1.5686274509803866,18.123885952094984
DE,D,2019,21429.0,262.0,262.0,19180.0,38546.0,30463.0,134829.0,49.758729829294865,False,55.593317075701755,81790.07633587785,28.588805079026024,73206.106870229,147122.13740458013,259.0,1.158301158301156,22.59380400358973
DE,D,2020,22279.0,268.0,268.0,20989.0,37943.0,31618.0,136810.0,55.31718630577445,False,58.71702290277522,83130.59701492537,27.734083765806595,78317.16417910448,141578.35820895524,262.0,2.2900763358778553,23.110883707331336
DE,E,2013,10883.0,253.0,262.0,9047.0,26205.0,2266.0,56459.0,34.52394581186796,False,41.53024232016791,43015.81027667984,46.41421208310456,34530.534351145034,100019.08396946566,257.0,1.9455252918287869,4.013531943534246
DE,E,2014,11287.0,257.0,266.0,10014.0,28004.0,3506.0,61900.0,35.759177260391375,False,40.30495643479503,43918.28793774319,45.24071082390953,37646.61654135338,105278.1954887218,262.0,1.526717557251911,5.663974151857835
DE,E,2015,11410.0,256.0,265.0,9425.0,29235.0,4664.0,62712.0,32.23875491705148,False,39.02856165554985,44570.3125,46.61787217757367,35566.03773584906,110320.75471698113,266.0,-0.3759398496240629,7.4371731088149
DE,E,2016,11865.0,258.0,267.0,9476.0,29915.0,4727.0,64485.0,31.676416513454786,False,39.66237673407989,45988.37209302326,46.390633480654415,35490.636704119854,112041.19850187266,265.0,0.7547169811320753,7.330386911684888
DE,E,2017,12427.0,264.0,273.0,10028.0,31099.0,4953.0,68922.0,32.24540982025145,False,39.95948422778868,47071.969696969696,45.1220219958794,36732.60073260073,113915.75091575092,267.0,2.2471910112359605,7.186384608688082
DE,E,2018,13469.0,276.0,285.0,11512.0,32524.0,4447.0,73012.0,35.395400319763866,False,41.412495388021156,48800.72463768116,44.54610201062839,40392.98245614035,114119.29824561403,273.0,4.395604395604402,6.090779597874322
DE,E,2019,14342.0,284.0,293.0,11757.0,33880.0,4324.0,75364.0,34.70188902007084,False,42.331759149940964,50500.0,44.955151000477684,40126.27986348123,115631.39931740615,285.0,2.807017543859658,5.737487394511969
DE,E,2020,14778.0,284.0,293.0,12339.0,34484.0,4113.0,77223.0,35.781811854773224,False,42.85465723233964,52035.211267605635,44.65508980485088,42112.627986348125,117692.83276450512,293.0,0.0,5.326133405850589
DE,F,2013,67719.0,1904.0,2417.0,5481.0,107802.0,34923.0,266909.0,5.084321255635332,False,62.81794400845996,35566.70168067227,40.3890464540349,2267.6872155564747,44601.57219693836,2403.0,0.5826050769871083,13.084234701714816
DE,F,2014,69929.0,1920.0,2430.0,6211.0,111755.0,36494.0,274038.0,5.557693168090913,False,62.57348664489285,36421.354166666664,40.78084061334559,2555.9670781893,45989.711934156374,2417.0,0.5378568473314083,13.317131200782374
DE,F,2015,71872.0,1928.0,2428.0,6253.0,113958.0,36631.0,277947.0,5.487109285877253,False,63.06884992716615,37278.00829875519,40.99990285917819,2575.3706754530476,46934.92586490939,2430.0,-0.08230452674896638,13.17913127322835
DE,F,2016,74141.0,1959.0,2449.0,7232.0,120751.0,40968.0,288371.0,5.989184354580914,False,61.39990559084397,37846.350178662586,41.87348935919354,2953.04205798285,49306.24744793794,2428.0,0.8649093904448124,14.206699009262374
DE,F,2017,77585.0,1996.0,2483.0,7487.0,127361.0,43779.0,306278.0,5.878565651965673,False,60.91739229434442,38870.240480961926,41.5834633894697,3015.3040676600885,51293.19371727749,2449.0,1.3883217639852896,14.293876804732955
DE,F,2018,82069.0,2042.0,2526.0,8642.0,137085.0,48649.0,335402.0,6.304117883065251,False,59.86723565670934,40190.49951028403,40.87184930322419,3421.219319081552,54269.59619952494,2483.0,1.7317760773258195,14.504683931520981
DE,F,2019,86811.0,2081.0,2559.0,9144.0,143453.0,49767.0,355763.0,6.374213156922476,False,60.515290722396884,41716.00192215281,40.32263051525876,3573.2708089097305,56058.225869480266,2526.0,1.306413301662701,13.988807155325315
DE,F,2020,90760.0,2125.0,2593.0,9295.0,154908.0,58679.0,387436.0,6.000335683115139,False,58.58961448085315,42710.58823529412,39.9828616855429,3584.650983416892,59740.840725028924,2559.0,1.3286440015631173,15.145469187168977
DE,G,2013,165354.0,5245.0,5875.0,19937.0,241328.0,54742.0,437889.0,8.26137041702579,False,68.51836504674137,31526.02478551001,55.111683554508105,3393.5319148936173,41077.10638297872,5893.0,-0.3054471406753745,12.501341664211708
DE,G,2014,171018.0,5255.0,5876.0,20724.0,260827.0,68016.0,466506.0,7.945496440169155,False,65.56759844647985,32543.86298763083,55.91074927224945,3526.889040163376,44388.52961198094,5875.0,0.017021276595752255,14.579876786150662
DE,G,2015,175853.0,5253.0,5860.0,22711.0,272433.0,74046.0,479700.0,8.336361600833966,False,64.54908179258754,33476.67999238531,56.79237023139462,3875.597269624573,46490.27303754266,5876.0,-0.2722940776038074,15.435897435897436
DE,G,2016,183237.0,5301.0,5901.0,24183.0,286175.0,79793.0,501351.0,8.450423691796978,False,64.02970210535511,34566.49688737974,57.08076776549763,4098.118962887646,48496.017624131506,5860.0,0.6996587030716706,15.915596059447374
DE,G,2017,190450.0,5356.0,5927.0,24901.0,308618.0,93996.0,542245.0,8.068550765023428,False,61.71059367891698,35558.25242718447,56.91486320759066,4201.282267589,52069.84983971655,5901.0,0.4406032875783783,17.334599673579287
DE,G,2018,198998.0,5416.0,5976.0,25223.0,315489.0,91254.0,572221.0,7.994890471617078,False,63.07605019509397,36742.614475627764,55.13411776219328,4220.716198125837,52792.670682730924,5927.0,0.8267251560654554,15.94733503314279
DE,G,2019,207448.0,5437.0,5985.0,27513.0,325632.0,91833.0,590152.0,8.449108195754718,False,63.706269654088054,38154.864815155415,55.17764914801611,4596.992481203008,54408.02005012531,5976.0,0.1506024096385561,15.560906342772709
DE,G,2020,203429.0,5400.0,5921.0,23983.0,340306.0,113808.0,617771.0,7.04748079669474,False,59.778258390977534,37672.03703703704,55.08610795909811,4050.4982266509037,57474.41310589427,5985.0,-1.0693400167084421,18.422360389205707
DE,H,2013,70663.0,1966.0,2096.0,30353.0,119808.0,22496.0,317409.0,25.334702190170937,False,58.98020165598291,35942.52288911495,37.745621579728365,14481.393129770993,57160.305343511456,2064.0,1.5503875968992276,7.087385675894509
DE,H,2014,73633.0,1998.0,2126.0,32381.0,120657.0,19467.0,328769.0,26.837232816993627,False,61.02671208466977,36853.353353353355,36.69962800629013,15230.950141110066,56753.05738476011,2096.0,1.4312977099236734,5.921178699938254
DE,H,2015,77123.0,2047.0,2173.0,33268.0,127736.0,21453.0,344004.0,26.044341454249388,False,60.37687104653347,37676.111382510986,37.132126370623595,15309.710078232858,58783.248964565115,2126.0,2.2107243650047126,6.236264694596574
DE,H,2016,81945.0,2091.0,2216.0,35932.0,126955.0,15244.0,337231.0,28.30294198731834,False,64.54649285179788,39189.383070301286,37.6463017931329,16214.801444043322,57290.16245487364,2173.0,1.978831109065804,4.520343622027631
DE,H,2017,84277.0,2145.0,2268.0,36638.0,132995.0,17235.0,351783.0,27.548404075341175,False,63.36854768976278,39289.97668997669,37.80597698012696,16154.320987654319,58639.770723104055,2216.0,2.3465703971119023,4.899327142016528
DE,H,2018,89632.0,2218.0,2336.0,39511.0,139066.0,15527.0,371695.0,28.4116894136597,False,64.45284972602937,40411.18124436429,37.414008797535615,16913.955479452055,59531.67808219178,2268.0,2.998236331569659,4.177349708766596
DE,H,2019,94127.0,2255.0,2372.0,43239.0,143585.0,13684.0,385411.0,30.113869833199846,False,65.55489779573075,41741.46341463415,37.25503423617904,18228.92074198988,60533.30522765599,2336.0,1.5410958904109595,3.5504954451222206
DE,H,2020,93463.0,2262.0,2374.0,43091.0,129362.0,5353.0,357128.0,33.31040027210464,False,72.24919218936009,41318.744473916886,36.22286687126184,18151.221566975568,54491.15417017692,2372.0,0.0843170320404818,1.4989023543379405
DE,I,2013,26512.0,1491.0,1763.0,3456.0,38946.0,9060.0,82818.0,8.873825296564473,False,68.07374313151543,17781.354795439303,47.026008838658264,1960.294951786727,22090.75439591605,1734.0,1.6724336793541017,10.939650800550604
DE,I,2014,27769.0,1518.0,1782.0,3695.0,41773.0,10533.0,86828.0,8.845426471644362,False,66.4759533670074,18293.148880105404,48.11005666374902,2073.51290684624,23441.638608305275,1763.0,1.0777084515031232,12.130879439812043
DE,I,2015,29803.0,1551.0,1807.0,3829.0,44904.0,11543.0,90480.0,8.527079992873686,False,66.37047924461072,19215.344938749193,49.62864721485411,2118.9817376867736,24850.027670171556,1782.0,1.4029180695847465,12.757515473032715
DE,I,2016,31729.0,1585.0,1832.0,4132.0,47728.0,12290.0,94928.0,8.657391887361717,False,66.47879651357694,20018.29652996845,50.27810551154559,2255.4585152838426,26052.40174672489,1807.0,1.3835085777531786,12.94665430642171
DE,I,2017,33349.0,1613.0,1851.0,4211.0,50642.0,13442.0,99760.0,8.315232415781368,False,65.85245448442004,20675.139491630503,50.76383319967923,2274.986493787142,27359.26526202053,1832.0,1.0371179039301293,13.474338412189255
DE,I,2018,34864.0,1637.0,1869.0,4440.0,53748.0,14837.0,105795.0,8.260772493860237,False,64.8656694202575,21297.495418448383,50.80391322841344,2375.601926163724,28757.624398073836,1851.0,0.9724473257698651,14.024292263339477
DE,I,2019,36700.0,1663.0,1890.0,4532.0,57474.0,16525.0,112863.0,7.885304659498208,False,63.85496050388002,22068.550811785928,50.92368623906861,2397.8835978835978,30409.52380952381,1869.0,1.1235955056179803,14.641645180440003
DE,I,2020,29610.0,1521.0,1742.0,3051.0,31055.0,4763.0,68027.0,9.824504910642409,False,95.3469650619868,19467.455621301775,45.65099151807371,1751.435132032147,17827.210103329508,1890.0,-7.8306878306878325,7.001631705058285
DE,J,2013,63191.0,1070.0,1217.0,21963.0,120799.0,34299.0,240714.0,18.18144189935347,False,52.31086350052566,59057.00934579439,50.183620395988605,18046.8364831553,99259.65488907149,1191.0,2.183039462636449,14.248859642563374
DE,J,2014,67223.0,1086.0,1234.0,22277.0,125351.0,34318.0,249582.0,17.771697074614483,False,53.627813100812915,61899.63167587477,50.224375155259594,18052.67423014587,101581.0372771475,1217.0,1.396877567789656,13.750190318212049
DE,J,2015,70159.0,1075.0,1222.0,25456.0,128303.0,33526.0,254889.0,19.84053373654552,False,54.68227555084448,65264.186046511626,50.336813279505975,20831.423895253683,104994.27168576105,1234.0,-0.972447325769854,13.153176480742598
DE,J,2016,73631.0,1106.0,1252.0,26765.0,129795.0,30612.0,264458.0,20.620979236488306,False,56.72868754574522,66574.14104882459,49.07962701071626,21377.79552715655,103670.12779552715,1222.0,2.454991816693952,11.57537302709693
DE,J,2017,77367.0,1140.0,1287.0,25999.0,137068.0,33387.0,277861.0,18.967957510140952,False,56.44424665129717,67865.78947368421,49.329700821633836,20201.2432012432,106501.94250194251,1252.0,2.7955271565495154,12.015720090260958
DE,J,2018,82630.0,1186.0,1330.0,27962.0,148410.0,38550.0,298636.0,18.841048446870158,False,55.67684118320868,69671.16357504216,49.69595092353233,21024.060150375943,111586.46616541354,1287.0,3.3411033411033353,12.908691517432594
DE,J,2019,89619.0,1240.0,1380.0,34473.0,155600.0,37207.0,311374.0,22.154884318766065,False,57.59575835475579,72273.38709677418,49.9720593241568,24980.434782608696,112753.62318840579,1330.0,3.759398496240607,11.949295702274435
DE,J,2020,90862.0,1268.0,1404.0,30321.0,155643.0,35273.0,310531.0,19.481120255970392,False,58.37846867510906,71657.7287066246,50.12156596281853,21596.153846153848,110856.8376068376,1380.0,1.7391304347825987,11.358930348338813
DE,L,2013,13454.0,400.0,465.0,184028.0,290704.0,132040.0,382727.0,63.3042544994221,False,4.628075293081622,33635.0,75.95596861470447,395759.1397849462,625169.8924731183,464.0,0.21551724137931494,34.49978705448009
DE,L,2014,14205.0,407.0,468.0,189795.0,299111.0,132998.0,393362.0,63.45303248626764,False,4.749073086579898,34901.7199017199,76.03962762035988,405544.87179487175,639126.0683760684,465.0,0.6451612903225712,33.81058668605508
DE,L,2015,14892.0,411.0,468.0,190444.0,312125.0,139486.0,403633.0,61.01529835802963,False,4.771165398478174,36233.57664233577,77.32891017335054,406931.6239316239,666933.7606837607,468.0,0.0,34.55763032259503
DE,L,2016,15905.0,413.0,467.0,201614.0,321214.0,140999.0,418327.0,62.7662555181281,False,4.951527642008132,38510.89588377724,76.78538559547914,431721.6274089936,687824.4111349036,468.0,-0.21367521367521292,33.705450520764856
DE,L,2017,16746.0,418.0,472.0,212148.0,330685.0,141138.0,430490.0,64.15410435913331,False,5.064033748128884,40062.2009569378,76.81595391298288,449466.10169491527,700603.813559322,467.0,1.0706638115631772,32.785430555878186
DE,L,2018,17734.0,422.0,475.0,227855.0,338508.0,137715.0,450795.0,67.31155541375684,False,5.238871754877285,42023.696682464455,75.09133863507803,479694.7368421053,712648.4210526316,472.0,0.6355932203389925,30.549362792400093
DE,L,2019,18789.0,428.0,479.0,231246.0,348936.0,136270.0,463317.0,66.27175183987895,False,5.384655065685398,43899.53271028038,75.31258296155764,482768.2672233821,728467.6409185803,475.0,0.8421052631578885,29.411828186749027
DE,L,2020,19138.0,427.0,478.0,248189.0,357400.0,137527.0,478635.0,69.4429210968103,False,5.354784555120314,44819.67213114754,74.67067807410658,519223.84937238495,747698.7447698745,479.0,-0.20876826722338038,28.73316828063138
DE,M,2013,99068.0,1992.0,2634.0,16245.0,165270.0,51410.0,285429.0,9.829370121619169,False,59.94312337387305,49732.93172690763,57.9023154619888,6167.425968109339,62744.874715261954,2561.0,2.85044904334244,18.01148446724054
DE,M,2014,105898.0,2041.0,2687.0,18626.0,167917.0,46539.0,306678.0,11.092384928268133,False,63.06568125919353,51885.35031847134,54.75351997860949,6931.89430591738,62492.370673613696,2634.0,2.01214882308276,15.175200046954787
DE,M,2015,114897.0,2097.0,2734.0,19352.0,177754.0,46930.0,327893.0,10.886956130382439,False,64.6382078603013,54791.13018597997,54.21097736151732,7078.2735918068765,65016.09363569861,2687.0,1.7491626349088296,14.312595877313635
DE,M,2016,116732.0,2149.0,2777.0,21450.0,188636.0,55071.0,349067.0,11.371106257554231,False,61.882143387264364,54319.21824104234,54.04005534754073,7724.162765574361,67927.97983435362,2734.0,1.572787125091435,15.776627409637692
DE,M,2017,130399.0,2211.0,2836.0,22242.0,205041.0,57138.0,370408.0,10.847586580244926,False,63.59654898288635,58977.38579828132,55.35544588669791,7842.7362482369535,72299.365303244,2777.0,2.124594886568243,15.42569274961664
DE,M,2018,138773.0,2286.0,2901.0,22481.0,214654.0,57236.0,390617.0,10.473133507877794,False,64.64962218267537,60705.599300087495,54.95254942821229,7749.3967597380215,73993.10582557738,2836.0,2.2919605077573957,14.652716087625475
DE,M,2019,145151.0,2349.0,2945.0,25908.0,212244.0,47796.0,409296.0,12.206705489907842,False,68.38874126005918,61792.67773520647,51.855869590711855,8797.283531409168,72069.2699490662,2901.0,1.5167183729748457,11.67761229037176
DE,M,2020,148220.0,2372.0,2935.0,25520.0,215258.0,48946.0,407021.0,11.855540792908974,False,68.85690659580597,62487.35244519393,52.886214716194004,8695.059625212947,73341.73764906304,2945.0,-0.339558573853993,12.02542374963454
DE,N,2013,62749.0,2707.0,2954.0,43090.0,121031.0,14077.0,206295.0,35.60244895935752,False,51.84539498145103,23180.273365349094,58.668896483191546,14587.00067704807,40971.902505077865,2950.0,0.1355932203389809,6.823723308853825
DE,N,2014,66597.0,2760.0,3009.0,47278.0,132100.0,20720.0,219529.0,35.7895533686601,False,50.41408024224072,24129.347826086956,60.17428221328389,15712.196743104021,43901.628447989366,2954.0,1.8618821936357444,9.438388550032114
DE,N,2015,71562.0,2842.0,3092.0,49645.0,135987.0,18534.0,229129.0,36.50716612617382,False,52.6241478964901,25180.15482054891,59.34953672385424,16055.950840879688,43980.27166882277,3009.0,2.7583914921901043,8.088893156256956
DE,N,2016,77461.0,2948.0,3197.0,49733.0,141610.0,17297.0,241842.0,35.119694936798254,False,54.70023303439022,26275.780189959296,58.55475889216927,15556.146387238035,44294.65123553332,3092.0,3.395860284605434,7.152190272988149
DE,N,2017,83887.0,3053.0,3304.0,51638.0,145506.0,13573.0,250635.0,35.488570918037745,False,57.65191813396011,27476.907959384214,58.05494045125381,15628.934624697336,44039.346246973364,3197.0,3.346887707225532,5.41544477028348
DE,N,2018,88701.0,3064.0,3314.0,53543.0,155061.0,16833.0,269128.0,34.53028163110002,False,57.20393909493683,28949.412532637078,57.616078594572095,16156.608328304163,46789.68014484007,3304.0,0.3026634382566673,6.254644630064504
DE,N,2019,91576.0,3009.0,3255.0,47507.0,155864.0,13371.0,280184.0,30.479777241697892,False,58.753785351331935,30434.03123961449,55.62915798189761,14595.084485407066,47884.48540706605,3314.0,-1.7803258901629482,4.77222111184079
DE,N,2020,87279.0,2881.0,3117.0,35395.0,144243.0,8961.0,243267.0,24.53845247256366,False,60.50830889540567,30294.689343977785,59.29410894202666,11355.470003208213,46276.227141482195,3255.0,-4.239631336405525,3.6836069010593295
EE,B,2013,106.5,4.46,4.54,69.7,255.2,103.6,452.5,27.31191222570533,False,41.73197492163009,23878.923766816144,56.39779005524862,15352.422907488988,56211.45374449339,5.11,-11.154598825831707,22.895027624309392
EE,B,2014,104.8,3.86,3.95,66.1,270.6,118.1,469.2,24.427198817442715,False,38.72875092387287,27150.259067357514,57.67263427109975,16734.17721518987,68506.32911392405,4.54,-12.995594713656388,25.17050298380222
EE,B,2015,103.6,3.41,3.5,39.7,247.9,94.2,432.4,16.01452198467124,False,41.7910447761194,30381.23167155425,57.331174838112865,11342.857142857143,70828.57142857143,3.95,-11.392405063291145,21.785383903792784
EE,B,2016,94.5,3.44,3.5,49.5,204.2,58.6,384.2,24.2409402546523,False,46.278158667972576,27470.930232558138,53.149401353461734,14142.857142857143,58342.857142857145,3.5,0.0,15.252472670484124
EE,B,2017,107.2,4.09,4.13,50.8,255.7,95.9,474.2,19.86703167774736,False,41.92412983965585,26210.26894865526,53.92239561366512,12300.242130750607,61912.83292978208,3.5,17.999999999999993,20.223534373681993
EE,B,2018,105.9,4.53,4.57,66.7,244.6,84.2,469.0,27.26901062959935,False,43.295175797219954,23377.48344370861,52.153518123667375,14595.185995623633,53522.975929978114,4.13,10.653753026634384,17.95309168443497
EE,B,2019,104.1,4.41,4.46,56.5,220.5,63.4,420.2,25.623582766439913,False,47.21088435374149,23605.442176870747,52.47501189909567,12668.16143497758,49439.46188340807,4.57,-2.4070021881838155,15.088053307948595
EE,B,2020,74.2,3.92,3.99,44.5,166.7,41.7,359.2,26.694661067786445,False,44.51109778044391,18928.57142857143,46.4086859688196,11152.882205513784,41779.448621553885,4.46,-10.538116591928247,11.60913140311804
EE,C,2013,1569.7,107.9,112.67,598.3,2597.4,623.2,10647.6,23.034573034573032,False,60.43351043351043,14547.72937905468,24.394229685562944,5310.197923138368,23053.164107570785,114.68,-1.7527031740495302,5.8529621698786585
EE,C,2014,1712.5,109.14,114.42,682.2,2843.3,700.3,11216.0,23.993247283086554,False,60.229311011852424,15690.855781564964,25.350392296718976,5962.244362873624,24849.6766299598,112.67,1.553208484956059,6.243758915834522
EE,C,2015,1815.4,110.19,116.01,608.0,2869.0,591.3,11081.4,21.192052980132452,False,63.27640292784943,16475.179235865326,25.890230476293606,5240.927506249461,24730.626670114645,114.42,1.3896171997902496,5.33596837944664
EE,C,2016,1900.5,113.74,119.83,615.9,3020.0,640.6,11405.2,20.394039735099337,False,62.93046357615894,16709.16124494461,26.4791498614667,5139.781356922306,25202.37002420095,116.01,3.2928195845185693,5.616736225581313
EE,C,2017,2058.3,114.32,121.01,663.9,3244.0,686.6,12146.0,20.465474722564732,False,63.449445129469794,18004.723582925122,26.708381360118555,5486.323444343442,26807.701842822906,119.83,0.9847283651840177,5.652889840276634
EE,C,2018,2213.9,114.54,121.25,746.8,3493.5,745.3,12974.3,21.376842707886073,False,63.37197652783742,19328.61882311856,26.92630816306082,6159.1752577319585,28812.37113402062,121.01,0.1983307164697079,5.744433225684623
EE,C,2019,2385.0,114.18,121.03,749.5,3667.3,676.9,13460.1,20.437378998173042,False,65.03422136176479,20888.071466106147,27.245711398875194,6192.6795009501775,30300.751879699248,121.25,-0.18144329896907507,5.028937377879807
EE,C,2020,2354.8,112.53,119.03,635.1,3508.0,590.1,12841.8,18.104332953249717,False,67.12656784492589,20925.975295476765,27.317042782164496,5335.629673191632,29471.56179114509,121.03,-1.652482855490378,4.595150212587021
EE,D,2013,125.0,8.0,8.09,562.5,580.3,314.4,1516.6,96.93262105807342,False,21.54058245734965,15625.0,38.26322036133457,69530.28430160692,71730.53152039554,8.08,0.12376237623761277,20.730581564024792
EE,D,2014,125.4,7.43,7.54,408.6,573.1,267.7,1470.9,71.29645786075729,False,21.8809980806142,16877.523553162857,38.96253994153239,54190.98143236074,76007.9575596817,8.09,-6.79851668726823,18.199741654769184
EE,D,2015,123.2,7.16,7.24,361.9,497.3,202.0,1273.3,72.77297405992358,False,24.773778403378245,17206.703910614524,39.05599623026781,49986.18784530386,68687.8453038674,7.54,-3.9787798408488007,15.864289641090082
EE,D,2016,124.0,6.93,6.99,280.2,544.1,237.6,1283.8,51.49788641793788,False,22.789928321999632,17893.217893217894,42.381990964324665,40085.83690987124,77839.77110157367,7.24,-3.4530386740331487,18.50755569403334
EE,D,2017,143.3,6.49,6.54,251.8,580.8,243.1,1390.0,43.35399449035813,False,24.67286501377411,22080.123266563944,41.7841726618705,38501.52905198777,88807.33944954128,6.99,-6.4377682403433445,17.489208633093526
EE,D,2018,155.3,6.33,6.4,389.8,675.7,287.4,1546.1,57.68832322036407,False,22.98357259138671,24533.965244865718,43.70351206260915,60906.25,105578.125,6.54,-2.1406727828746086,18.588707069400424
EE,D,2019,162.5,5.18,5.24,381.1,572.9,110.0,1400.2,66.52120788968408,False,28.364461511607615,31370.656370656372,40.91558348807313,72729.00763358778,109332.06106870229,6.4,-18.125000000000004,7.856020568490216
EE,D,2020,153.6,4.95,4.97,357.7,537.1,106.5,1271.0,66.59839880841557,False,28.59802643827965,31030.30303030303,42.25806451612903,71971.83098591548,108068.41046277666,5.24,-5.152671755725202,8.379228953579858
EE,E,2013,53.6,3.02,3.05,216.0,132.6,14.9,394.3,162.89592760180994,False,40.42232277526395,17748.344370860927,33.629216332741564,70819.67213114754,43475.40983606557,3.22,-5.279503105590077,3.7788485924423028
EE,E,2014,56.6,2.96,2.99,90.8,143.3,17.5,428.9,63.3635729239358,False,39.497557571528255,19121.62162162162,33.41105152716251,30367.892976588624,47926.421404682274,3.05,-1.967213114754085,4.0802051760317095
EE,E,2015,57.2,2.94,3.01,101.7,144.1,14.2,404.2,70.57598889659958,False,39.694656488549626,19455.782312925174,35.65066798614547,33787.3754152824,47873.75415282392,2.99,0.6688963210702115,3.51311232063335
EE,E,2016,61.9,2.91,3.04,58.7,157.5,20.8,423.8,37.26984126984127,False,39.3015873015873,21271.47766323024,37.16375648890986,19309.21052631579,51809.21052631579,3.01,0.996677740863805,4.9079754601226995
EE,E,2017,67.8,3.12,3.3,68.9,176.5,27.3,479.7,39.036827195467424,False,38.41359773371104,21730.76923076923,36.79382947675631,20878.787878787884,53484.84848484849,3.04,8.552631578947366,5.691056910569106
EE,E,2018,71.6,3.08,3.22,81.5,181.6,20.5,505.4,44.878854625550666,False,39.42731277533039,23246.753246753244,35.931935100910174,25310.55900621118,56397.5155279503,3.3,-2.4242424242424176,4.056193114364859
EE,E,2019,77.3,3.34,3.52,100.3,199.6,29.3,598.3,50.250501002004015,False,38.727454909819635,23143.7125748503,33.36119003844226,28494.31818181818,56704.545454545456,3.22,9.316770186335388,4.8972087581480865
EE,E,2020,84.4,3.63,3.82,101.7,178.6,3.2,654.6,56.942889137737964,False,47.256438969764844,23250.688705234163,27.283837457989613,26623.03664921466,46753.92670157069,3.52,8.52272727272727,0.488848151542927
EE,F,2013,701.3,39.67,47.44,120.1,1163.6,347.1,3112.4,10.321416294259196,False,60.26985218288071,17678.34635744895,37.38594011052563,2531.6188870151773,24527.824620573356,46.73,1.5193665739353657,11.152165531422696
EE,F,2014,696.8,41.29,49.04,116.8,1079.1,263.1,3043.9,10.823834677045687,False,64.57232879251228,16875.756841850325,35.45123032951148,2381.7292006525286,22004.48613376835,47.44,3.3726812816188945,8.643516541279281
EE,F,2015,742.7,40.32,48.5,110.2,1098.5,233.3,3024.3,10.031861629494767,False,67.61037778789259,18420.13888888889,36.32245478292497,2272.1649484536083,22649.484536082477,49.04,-1.1011419249592147,7.71418179413418
EE,F,2016,791.8,39.27,48.15,110.5,1229.5,315.5,3224.5,8.987393249288328,False,64.40016266775112,20162.974280621336,38.12994262676384,2294.911734164071,25534.787123572172,48.5,-0.7216494845360799,9.784462707396496
EE,F,2017,883.9,37.63,47.38,146.1,1379.7,367.8,3806.7,10.589258534464014,False,64.06465173588461,23489.23731065639,36.24399085822366,3083.5795694385815,29119.88180666948,48.15,-1.5991692627206566,9.661911892190087
EE,F,2018,1003.7,38.89,48.99,145.1,1561.8,423.7,4327.0,9.29056217185299,False,64.26559098476118,25808.691180251994,36.09429165703721,2961.828944682588,31879.97550520514,47.38,3.398058252427183,9.79200369771204
EE,F,2019,1083.4,39.98,50.55,186.4,1692.7,461.7,4618.2,11.011992674425475,False,64.00425355940214,27098.549274637324,36.652808453510026,3687.438180019783,33485.657764589516,48.99,3.1843233312920827,9.997401585033131
EE,F,2020,1089.5,39.44,50.36,234.5,1675.1,449.5,4520.5,13.999164229001254,False,65.04089308101008,27624.23935091278,37.05563543855768,4656.473391580619,33262.50992851469,50.55,-0.3758654797230365,9.943590310806327
EE,G,2013,1111.8,70.66,79.7,277.7,2022.2,678.2,3865.6,13.732568489763622,False,54.979725051923644,15734.50325502406,52.31270695364238,3484.316185696361,25372.647427854452,79.57,0.16337815759710494,17.544495033112582
EE,G,2014,1209.8,71.52,81.58,303.2,2189.0,735.3,4148.7,13.851073549566012,False,55.267245317496574,16915.548098434007,52.76351628220889,3716.597205197352,26832.556999264525,79.7,2.358845671267251,17.72362426784294
EE,G,2015,1300.0,72.48,82.6,293.3,2143.1,585.2,4098.8,13.685782278008492,False,60.65979189025244,17935.982339955848,52.28603493705475,3550.8474576271187,25945.5205811138,81.58,1.2503064476587333,14.277349468137016
EE,G,2016,1409.3,74.33,84.76,328.3,2397.2,725.5,4535.7,13.695144335057568,False,58.78942099115635,18960.043051257904,52.8518200057323,3873.2892873997166,28282.20858895705,82.6,2.61501210653754,15.995325969530613
EE,G,2017,1526.6,75.65,85.52,350.0,2655.2,847.0,4886.8,13.18168122928593,False,57.494727327508286,20179.775280898873,54.334124580502575,4092.6099158091674,31047.708138447146,84.76,0.8966493629070316,17.332405664238358
EE,G,2018,1709.4,76.27,86.26,376.9,2985.3,976.0,5579.1,12.625196797641777,False,57.26057682644961,22412.481971941786,53.50863042426198,4369.348481335497,34608.16137259448,85.52,0.8652946679139406,17.49386101700991
EE,G,2019,1838.9,75.92,84.96,454.2,3186.7,1020.6,6075.7,14.252988985470862,False,57.70546333197352,24221.548998946262,52.4499234656089,5346.0451977401135,37508.23917137477,86.26,-1.507071643867386,16.798064420560593
EE,G,2020,1780.6,74.86,83.56,423.3,3130.2,1055.8,5981.2,13.523097565650758,False,56.884544118586675,23785.733368955385,52.33397980338393,5065.820966969843,37460.507419818096,84.96,-1.6478342749529085,17.65197619206848
EE,H,2013,692.0,41.27,45.69,569.2,1517.9,501.5,4568.6,37.499176493840174,False,45.58930100797154,16767.627816816086,33.22462023376964,12457.868242503831,33221.71153425258,45.12,1.2632978723404298,10.977104583461015
EE,H,2014,741.6,40.14,44.13,447.0,1593.5,530.0,4432.2,28.05145905240038,False,46.53906495136492,18475.336322869956,35.95279996390055,10129.163834126444,36109.22275096306,45.69,-3.4143138542350515,11.957944136094941
EE,H,2015,769.5,41.29,45.63,394.9,1563.5,451.0,4483.0,25.257435241445474,False,49.21650143907899,18636.47372245096,34.87619897390141,8654.394039009423,34264.73811089196,44.13,3.3990482664853827,10.060227526210127
EE,H,2016,791.1,41.78,46.58,450.0,1480.5,349.6,4476.0,30.3951367781155,False,53.434650455927056,18934.897079942555,33.07640750670242,9660.798626019752,31784.02747960498,45.63,2.0819636204251424,7.810545129579982
EE,H,2017,831.9,43.05,48.28,598.2,1571.8,359.2,4990.6,38.05827713449549,False,52.92658098994784,19324.04181184669,31.495210996673745,12390.223695111848,32555.923777961885,46.58,3.649635036496357,7.1975313589548335
EE,H,2018,875.4,43.1,48.59,549.5,1625.2,336.6,5282.3,33.8112232340635,False,53.86413979817868,20310.90487238979,30.76690078185639,11308.911298621115,33447.21136036221,48.28,0.6420878210439129,6.372224220510005
EE,H,2019,928.9,41.0,46.01,656.8,1715.7,339.6,5501.1,38.28175088885003,False,54.14116687066504,22656.09756097561,31.18830779298686,14275.157574440338,37289.719626168226,48.59,-5.3097345132743445,6.173310792386977
EE,H,2020,905.3,39.92,44.7,517.9,1555.5,212.1,4717.7,33.294760527161685,False,58.19993571198972,22677.855711422842,32.97157513194989,11586.129753914987,34798.6577181208,46.01,-2.84720712888501,4.4958348347711805
EE,I,2013,207.4,20.22,22.0,65.0,306.5,61.3,758.9,21.20717781402936,False,67.66721044045677,10257.171117705242,40.387402819870864,2954.5454545454545,13931.818181818182,19.45,13.110539845758362,8.077480563974174
EE,I,2014,232.6,22.97,24.54,54.2,329.7,56.5,808.6,16.439187139824085,False,70.5489839247801,10126.251632564214,40.77417759089785,2208.638956805216,13435.20782396088,22.0,11.545454545454547,6.987385604748948
EE,I,2015,256.4,24.37,25.74,64.9,338.6,38.0,832.8,19.167158889545185,False,75.72356763142349,10521.132540008204,40.658021133525466,2521.367521367522,13154.623154623156,24.54,4.88997555012225,4.562920268972142
EE,I,2016,282.5,24.22,25.55,64.7,371.4,42.7,913.7,17.420570813139474,False,76.06354334948843,11663.91412056152,40.64791507059209,2532.289628180039,14536.203522504891,25.74,-0.7381507381507335,4.673306336872058
EE,I,2017,314.7,24.94,26.41,61.0,414.4,49.6,1009.6,14.720077220077222,False,75.9411196911197,12618.283881315156,41.0459587955626,2309.7311624384706,15691.026126467246,25.55,3.365949119373779,4.91283676703645
EE,I,2018,335.3,25.71,27.4,64.4,445.1,57.2,1076.2,14.468658728375647,False,75.3313862053471,13041.618047452353,41.35848355324289,2350.36496350365,16244.525547445257,26.41,3.748580083301767,5.314997212414049
EE,I,2019,365.9,25.66,27.31,76.0,489.1,67.5,1151.2,15.538744632999386,False,74.8108771212431,14259.54793452845,42.48610145934677,2782.863419992677,17909.190772610767,27.4,-0.3284671532846728,5.863446838082001
EE,I,2020,296.5,23.15,24.86,56.9,298.8,1.6,770.4,19.04283801874163,False,99.23025435073627,12807.775377969763,38.78504672897197,2288.8173773129524,12019.308125502816,27.31,-8.971072867081652,0.20768431983385258
EE,J,2013,433.6,17.2,19.94,210.3,849.0,243.7,1615.5,24.770318021201415,False,51.071849234393405,25209.302325581397,52.55338904363974,10546.639919759278,42577.7331995988,18.19,9.620670698185819,15.085112968121326
EE,J,2014,478.3,19.91,22.6,235.3,906.0,242.2,1693.9,25.97130242825607,False,52.792494481236204,24023.10396785535,53.48603813684397,10411.504424778761,40088.49557522124,19.94,13.340020060180535,14.298364720467557
EE,J,2015,534.7,22.41,25.29,248.8,978.2,232.5,1772.6,25.434471478225312,False,54.661623389899816,23859.88398036591,55.18447478280493,9837.880585211547,38679.31988928431,22.6,11.902654867256635,13.11632630034977
EE,J,2016,596.2,24.88,28.3,281.0,1056.3,237.2,1930.4,26.602291015809904,False,56.4422985894159,23963.022508038586,54.719229175300455,9929.328621908127,37325.08833922261,25.29,11.901937524713336,12.287608785743886
EE,J,2017,690.0,25.67,29.45,282.1,1189.1,262.5,2179.3,23.723824741401064,False,58.02707930367505,26879.626022594464,54.56339191483504,9578.947368421053,40376.91001697793,28.3,4.06360424028267,12.045152113063827
EE,J,2018,821.4,27.21,30.97,338.3,1402.4,331.0,2565.5,24.122932116371935,False,58.57102110667427,30187.431091510472,54.66380822451764,10923.474329996772,45282.53148207944,29.45,5.161290322580636,12.901968427207173
EE,J,2019,960.9,26.06,29.78,420.6,1624.6,366.2,3065.8,25.88944971069802,False,59.14686692108827,36872.601688411356,52.99106269163024,14123.57286769644,54553.391537944924,30.97,-3.8424281562802642,11.94468001826603
EE,J,2020,1113.3,26.93,30.84,469.9,1818.3,374.5,3447.0,25.842820216685915,False,61.227520211186274,41340.51243965838,52.75021758050479,15236.705577172503,58959.14396887159,29.78,3.559435862995297,10.864519872352771
EE,L,2013,126.2,10.13,11.17,865.3,1844.7,1152.0,2542.7,46.90735620968179,False,6.841220794709167,12458.045409674234,72.5488653793212,77466.42793196061,165147.71709937332,10.98,1.7304189435336959,45.30617060604869
EE,L,2014,138.4,9.59,11.03,1168.8,1975.0,1251.2,2724.5,59.179746835443034,False,7.007594936708861,14431.69968717414,72.49036520462471,105965.5485040798,179057.11695376248,11.17,-1.25335720680394,45.92402275646908
EE,L,2015,150.3,9.24,11.08,1255.7,2202.9,1442.2,3001.9,57.00213355122793,False,6.822824458668119,16266.233766233767,73.38352376828009,113330.32490974729,198817.68953068592,11.03,0.4533091568449832,48.042906159432356
EE,L,2016,166.1,8.56,10.69,1498.1,2374.1,1584.1,3243.5,63.10180700054757,False,6.996335453434986,19404.205607476633,73.19562201325728,140140.31805425632,222086.0617399439,11.08,-3.5198555956678756,48.839216895329116
EE,L,2017,177.6,8.5,10.52,1825.7,2637.0,1783.2,3574.8,69.23397800530905,False,6.734926052332195,20894.117647058825,73.76636455186303,173545.62737642587,250665.39923954374,10.69,-1.5902712815715647,49.88251090970124
EE,L,2018,187.4,8.52,10.5,1990.4,2757.2,1821.0,3773.2,72.1891774263746,False,6.796750326418106,21995.305164319252,73.07325347185413,189561.90476190476,262590.47619047615,10.52,-0.1901140684410607,48.261422665111844
EE,L,2019,199.5,8.74,10.42,2238.7,2972.7,1948.4,4195.2,75.30864197530865,False,6.711070743768293,22826.08695652174,70.8595537757437,214846.44913627635,285287.9078694817,10.5,-0.7619047619047636,46.44355453852022
EE,L,2020,211.1,9.02,10.96,2095.9,2892.2,1855.3,4122.0,72.46732591107117,False,7.298941981882304,23403.547671840355,70.1649684619117,191231.7518248175,263886.86131386855,10.42,5.182341650671796,45.009704027171274
EE,M,2013,474.3,17.88,25.0,227.8,831.4,203.8,1534.7,27.399566995429396,False,57.048352177050766,26526.845637583894,54.17345409526292,9112.0,33256.0,24.03,4.036620890553477,13.279468299993486
EE,M,2014,507.6,18.86,25.71,250.0,886.2,211.6,1644.5,28.2103362672083,False,57.27826675693974,26914.103923647937,53.8887199756765,9723.84286269934,34469.07817969662,25.0,2.839999999999998,12.867132867132867
EE,M,2015,511.4,19.07,25.28,222.4,901.8,202.4,1692.8,24.661787536039036,False,56.70880461299623,26816.99003670687,53.2726843100189,8797.46835443038,35672.46835443038,25.71,-1.6725009723842832,11.956521739130435
EE,M,2016,537.7,19.98,26.21,216.2,950.0,215.7,1785.5,22.757894736842104,False,56.60000000000001,26911.911911911913,53.206384766171944,8248.76001526135,36245.70774513544,25.28,3.6787974683544222,12.080649677961356
EE,M,2017,587.7,20.28,27.98,260.3,1061.2,261.4,2039.2,24.528835280814175,False,55.38070109310215,28979.289940828403,52.04001569242841,9303.073624017155,37927.09077912795,26.21,6.753147653567337,12.818752451941936
EE,M,2018,647.8,21.14,30.24,324.1,1202.3,326.4,2240.7,26.95666638942028,False,53.88006321217665,30643.330179754015,53.657339224349535,10717.592592592593,39758.59788359789,27.98,8.077197998570407,14.566876422546526
EE,M,2019,712.1,20.96,30.24,334.2,1310.4,350.3,2433.5,25.503663003663,False,54.34218559218559,33974.236641221374,53.84836655023629,11051.587301587302,43333.333333333336,30.24,0.0,14.394904458598726
EE,M,2020,783.7,21.84,30.96,1559.7,1417.8,387.2,2928.6,110.00846381718155,False,55.275779376498804,35883.69963369964,48.412210612579386,50377.90697674418,45794.57364341085,30.24,2.3809523809523947,13.2213344260056
EE,N,2013,340.3,18.2,19.84,141.2,603.9,148.7,1097.2,23.38135452889551,False,56.35038913727439,18697.8021978022,55.04010207801676,7116.935483870967,30438.50806451613,19.48,1.848049281314168,13.55267954794021
EE,N,2014,372.8,17.52,19.16,116.9,612.1,154.4,1124.1,19.098186570821763,False,60.90508086913903,21278.538812785388,54.45245084956854,6101.252609603341,31946.76409185804,19.84,-3.427419354838712,13.735432790676988
EE,N,2015,385.8,17.49,18.75,108.4,637.9,161.9,1173.3,16.993259131525317,False,60.479699012384394,22058.31903945112,54.36802181880167,5781.333333333333,34021.33333333333,19.16,-2.139874739039671,13.798687462712008
EE,N,2016,414.6,18.99,20.39,186.3,685.5,172.0,1261.5,27.177242888402624,False,60.481400437636765,21832.543443917853,54.34007134363853,9136.831780284452,33619.4212849436,18.75,8.74666666666668,13.634562029330164
EE,N,2017,458.4,20.99,22.55,104.9,799.7,232.5,1443.1,13.11741903213705,False,57.32149556083531,21838.970938542163,55.415425126463866,4651.884700665189,35463.41463414634,20.39,10.59342815105444,16.111149608481742
EE,N,2018,499.8,21.4,23.56,243.6,896.6,276.4,1606.9,27.16930626812402,False,55.74392148115101,23355.14018691589,55.79687597236915,10339.55857385399,38056.02716468591,22.55,4.478935698447883,17.20082145746468
EE,N,2019,551.6,21.53,23.59,201.3,964.9,274.9,1739.7,20.86226551974298,False,57.1665457560369,25620.065025545748,55.463585675691206,8533.276812208564,40902.92496820687,23.56,0.12733446519526126,15.801574984192676
EE,N,2020,535.1,19.7,22.08,185.9,848.5,210.6,1548.0,21.90925162050678,False,63.06423099587508,27162.43654822335,54.81266149870802,8419.384057971016,38428.442028985504,23.59,-6.401017380245877,13.604651162790699
ES,B,2013,890.0,22.0,22.8,652.0,1845.0,356.0,4179.0,35.33875338753388,False,48.23848238482385,40454.545454545456,44.14931801866475,28596.491228070176,80921.05263157895,25.8,-11.627906976744185,8.518784398181383
ES,B,2014,862.0,21.0,21.9,1003.0,1636.0,162.0,3860.0,61.308068459657704,False,52.68948655256723,41047.61904761905,42.38341968911917,45799.08675799087,74703.19634703196,22.8,-3.947368421052644,4.196891191709844
ES,B,2015,824.0,20.5,21.5,890.0,1496.0,7.0,3742.0,59.491978609625676,False,55.080213903743314,40195.12195121951,39.978621058257616,41395.348837209305,69581.3953488372,21.9,-1.826484018264829,0.18706574024585784
ES,B,2016,816.0,19.0,20.1,877.0,1486.0,-11.0,3694.0,59.01749663526245,False,54.91251682368775,42947.36842105263,40.22739577693557,43631.8407960199,73930.34825870646,21.5,-6.511627906976736,-0.2977801840822956
ES,B,2017,809.0,18.8,19.6,757.0,2214.0,693.0,4496.0,34.19150858175249,False,36.540198735320686,43031.914893617024,49.243772241992886,38622.448979591834,112959.18367346938,20.1,-2.487562189054726,15.413701067615659
ES,B,2018,825.0,19.6,20.3,925.0,2768.0,1226.0,5379.0,33.417630057803464,False,29.804913294797686,42091.836734693876,51.45937906674103,45566.50246305419,136354.67980295568,19.6,3.5714285714285587,22.792340583751628
ES,B,2019,841.0,19.1,19.6,1189.0,3160.0,1594.0,5963.0,37.62658227848101,False,26.61392405063291,44031.41361256545,52.99345966795237,60663.26530612245,161224.48979591834,20.3,-3.4482758620689613,26.731510984403823
ES,B,2020,849.0,19.3,19.7,613.0,2492.0,926.0,5175.0,24.598715890850723,False,34.06902086677368,43989.637305699485,48.15458937198068,31116.751269035532,126497.46192893402,19.6,0.5102040816326481,17.893719806763286
ES,C,2013,63817.0,1796.0,1891.5,17988.0,111450.0,28194.0,455814.0,16.139973082099594,False,57.260655002243155,35532.85077951002,24.45076281114665,9509.912767644726,58921.49088025376,1991.8,-5.03564614921177,6.185417736181863
ES,C,2014,63098.0,1777.7,1874.4,17557.0,114259.0,31381.0,461510.0,15.36596679473827,False,55.22365853018143,35494.17787028183,24.757643388008926,9366.730687153222,60957.63977806231,1891.5,-0.9040444091990452,6.799635977551949
ES,C,2015,64208.0,1827.9,1925.9,24004.0,119732.0,35822.0,469315.0,20.04810743994922,False,53.62643236561654,35126.64806608677,25.51207611092763,12463.783166311854,62169.37535697596,1874.4,2.7475458813486897,7.632826566378659
ES,C,2016,66493.0,1894.9,1997.8,28549.0,122996.0,36302.0,464817.0,23.21132394549416,False,54.061107678298484,35090.506095308454,26.461166437544236,14290.219241165281,61565.72229452398,1925.9,3.733319486993092,7.809955315747919
ES,C,2017,69548.0,1951.8,2053.7,29827.0,130043.0,38517.0,503280.0,22.936259544919757,False,53.480771744730596,35632.74925709602,25.839095533301542,14523.542873837465,63321.322491113606,1997.8,2.7980778856742328,7.653195040534095
ES,C,2018,71865.0,1997.7,2098.4,35611.0,130788.0,36059.0,528165.0,27.228033152888642,False,54.9477016240022,35973.86995044301,24.762716196643094,16970.548989706444,62327.48760960732,2053.7,2.1765593806301053,6.827222553558074
ES,C,2019,74301.0,2059.9,2156.1,38142.0,134106.0,35323.0,533626.0,28.441680461724307,False,55.404679880094854,36070.197582406916,25.131084317480784,17690.274106024768,62198.413802699324,2098.4,2.7497140678612197,6.619430087739353
ES,C,2020,72561.0,1968.6,2067.0,35557.0,122556.0,25304.0,475873.0,29.01285942752701,False,59.206403603250756,36859.18927156355,25.75393014522782,17202.225447508466,59291.72714078374,2156.1,-4.132461388618336,5.317385100646601
ES,D,2013,2979.0,41.9,42.6,19990.0,25580.0,14404.0,75695.0,78.14698983580922,False,11.645817044566067,71097.85202863962,33.793513442103176,469248.8262910798,600469.4835680751,44.3,-3.8374717832956984,19.028997952308607
ES,D,2014,2976.0,40.3,41.1,16217.0,24465.0,12545.0,75487.0,66.28653178009401,False,12.164316370324954,73846.15384615386,32.40955396293401,394574.20924574207,595255.4744525547,42.6,-3.5211267605633756,16.618755547312784
ES,D,2015,2715.0,38.2,39.1,13760.0,25447.0,13385.0,68816.0,54.07317169017959,False,10.669234094392266,71073.29842931936,36.97831899558242,351918.1585677749,650818.4143222506,41.1,-4.866180048661805,19.450418507323878
ES,D,2016,2642.0,37.4,38.5,13109.0,24621.0,12315.0,58733.0,53.243166402664386,False,10.730677064294708,70641.71122994652,41.920215211210056,340493.5064935065,639506.4935064935,39.1,-1.534526854219953,20.96776939710214
ES,D,2017,2915.0,38.9,40.4,11021.0,24610.0,11667.0,60860.0,44.78260869565218,False,11.844778545306786,74935.73264781492,40.43706868222149,272797.0297029703,609158.4158415842,38.5,4.935064935064926,19.170226749917845
ES,D,2018,2850.0,38.0,39.5,9696.0,26595.0,13438.0,64592.0,36.45798082346305,False,10.716300056401579,75000.0,41.17382957641813,245468.35443037975,673291.1392405063,40.4,-2.2277227722772297,20.804433985632894
ES,D,2019,2902.0,38.3,39.8,10651.0,27005.0,13966.0,64603.0,39.440844288094794,False,10.746158118866877,75770.23498694517,41.801464328281966,267613.0653266332,678517.5879396985,39.5,0.7594936708860578,21.618191105676207
ES,D,2020,2746.0,38.2,41.2,8801.0,25900.0,12881.0,56785.0,33.98069498069498,False,10.602316602316602,71884.8167539267,45.61063661178128,213616.50485436892,628640.776699029,39.8,3.5175879396984966,22.683807343488596
ES,E,2013,5974.0,172.7,174.3,2622.0,11009.0,2376.0,25796.0,23.816877100554095,False,54.2646925242983,34591.77764910249,42.67715924949604,15043.029259896728,63161.216293746416,174.1,0.11487650775416913,9.210730345790045
ES,E,2014,5987.0,172.6,174.5,2197.0,10685.0,1965.0,25668.0,20.561534861956012,False,56.031820308844175,34687.13789107764,41.627707651550566,12590.257879656161,61232.09169054442,174.3,0.11474469305794432,7.6554464703132306
ES,E,2015,6496.0,179.2,181.2,2947.0,10987.0,1750.0,26483.0,26.822608537362335,False,59.124419768817695,36250.0,41.48699165502398,16263.796909492274,60634.65783664459,174.5,3.839541547277925,6.60801268738436
ES,E,2016,6686.0,187.9,190.0,2841.0,11430.0,1904.0,27368.0,24.85564304461942,False,58.495188101487315,35582.75678552421,41.764104063139435,14952.631578947368,60157.8947368421,181.2,4.856512141280356,6.95703010815551
ES,E,2017,6909.0,185.4,187.7,2996.0,11790.0,1731.0,28615.0,25.411365564037318,False,58.60050890585242,37265.37216828479,41.202166695788925,15961.640916355887,62812.99946723495,190.0,-1.210526315789484,6.049274855844836
ES,E,2018,7207.0,188.9,191.1,3137.0,11991.0,1587.0,29785.0,26.161287632390962,False,60.103410891501966,38152.461619904716,40.25851938895417,16415.48927263213,62747.25274725275,187.7,1.8114011720831158,5.328185328185328
ES,E,2019,7621.0,198.2,200.5,2890.0,12420.0,1472.0,31399.0,23.268921095008054,False,61.36070853462158,38451.0595358224,39.55539985349852,14413.965087281795,61945.13715710723,191.1,4.918890633176343,4.688047390044269
ES,E,2020,7115.0,198.5,201.5,3119.0,12543.0,2231.0,31526.0,24.866459379733715,False,56.72486645937973,35843.82871536524,39.78620820909725,15478.908188585609,62248.13895781638,200.5,0.4987531172069737,7.076698597982617
ES,F,2013,24815.0,836.8,1051.8,5916.0,55533.0,17881.0,119053.0,10.65312516881854,False,44.685142167720095,29654.636711281073,46.64561161835485,5624.643468339988,52798.06046776954,1191.4,-11.71730736948129,15.019361124877156
ES,F,2014,24129.0,810.1,1028.9,10288.0,55390.0,18476.0,121644.0,18.573749774327496,False,43.56201480411627,29785.21170225898,45.534510538949725,9999.028088249586,53834.19185537953,1051.8,-2.177220003802993,15.188583078491336
ES,F,2015,26401.0,865.5,1101.7,8153.0,58924.0,19583.0,126605.0,13.836467313827983,False,44.80517276491752,30503.755054881574,46.54160578176217,7400.381229009712,53484.614686393754,1028.9,7.075517543007082,15.467793531061174
ES,F,2016,26947.0,884.7,1119.8,15521.0,61744.0,21930.0,128532.0,25.137665198237887,False,43.643107022544704,30458.912625748842,48.03784271621075,13860.510805500982,55138.41757456688,1101.7,1.6429154942361635,17.061898982354588
ES,F,2017,28389.0,930.1,1166.1,14001.0,64233.0,22474.0,140043.0,21.79720704310868,False,44.19690813133436,30522.524459735512,45.866626678948606,12006.688963210703,55083.61204013378,1119.8,4.134666904804418,16.04792813635812
ES,F,2018,31410.0,1003.0,1244.1,12674.0,67144.0,21932.0,152446.0,18.875848921720483,False,46.78005480757774,31316.0518444666,44.04444852603545,10187.283980387429,53969.938107869144,1166.1,6.688963210702337,14.386733663067577
ES,F,2019,35858.0,1096.7,1353.2,15622.0,73774.0,23717.0,169139.0,21.175481877084067,False,48.605199663838214,32696.270630072035,43.61737978822152,11544.487141590304,54518.17913094886,1244.1,8.769391528012239,14.022194762887331
ES,F,2020,35661.0,1041.2,1287.3,10289.0,63700.0,14120.0,153540.0,16.15227629513344,False,55.982731554160125,34249.903956972725,41.48756024488733,7992.697894818612,49483.41489940185,1353.2,-4.869937924918721,9.196300638270158
ES,G,2013,64327.0,2406.5,3263.3,17169.0,120581.0,43985.0,203897.0,14.238561630771018,False,53.34754231595359,26730.521504259297,59.13819232259425,5261.2386234793,36950.63279502344,3347.9,-2.5269571970488958,21.57216633888679
ES,G,2014,65066.0,2424.2,3268.7,15640.0,120318.0,42434.0,207064.0,12.998886284678935,False,54.07835901527619,26840.194703407313,58.10667233319167,4784.776822590021,36809.129011533645,3263.3,0.16547666472588318,20.493180852296874
ES,G,2015,67991.0,2510.4,3359.8,14847.0,126859.0,45881.0,215742.0,11.70354488053666,False,53.595724386917766,27083.731676226893,58.80125334890749,4419.013036490267,37757.90225608667,3268.7,2.7870407195521363,21.26660548247444
ES,G,2016,69045.0,2544.5,3397.7,14683.0,134228.0,51712.0,228948.0,10.93885031439044,False,51.43859701403583,27134.997052466104,58.62816010622499,4321.452747446802,39505.547870618364,3359.8,1.1280433359128317,22.58678826633122
ES,G,2017,71676.0,2596.0,3426.4,18461.0,139334.0,54599.0,237231.0,13.249458136563941,False,51.441859129860624,27610.169491525423,58.73347075213611,5387.870651412561,40664.837730562685,3397.7,0.8446890543603036,23.01512028360543
ES,G,2018,73973.0,2575.8,3389.5,17565.0,144466.0,56327.0,246100.0,12.158570182603519,False,51.204435645757485,28718.456401894557,58.70215359609915,5182.180262575601,42621.625608496826,3426.4,-1.0769320569694152,22.88785046728972
ES,G,2019,80076.0,2678.9,3499.1,17449.0,147392.0,52633.0,254778.0,11.83849869735128,False,54.32859313938341,29891.373324872147,57.851148843306724,4986.710868509045,42122.83158526479,3389.5,3.233515267738607,20.658377096923598
ES,G,2020,78457.0,2618.5,3391.3,15419.0,135607.0,43025.0,242229.0,11.37035698747115,False,57.85615786795667,29962.57399274394,55.98297478832014,4546.634034146197,39986.73075221891,3499.1,-3.080792203709515,17.762117665514864
ES,H,2013,21137.0,625.3,806.9,11905.0,42149.0,6804.0,102236.0,28.245035469406155,False,50.148283470544975,33802.97457220534,41.22716068703783,14753.996777791548,52235.7169413806,855.6,-5.691912108461905,6.655189952658555
ES,H,2014,21395.0,635.1,808.7,12491.0,44350.0,8654.0,107531.0,28.164599774520855,False,48.2412626832018,33687.60825066919,41.24392035785029,15445.777173241004,54841.10300482255,806.9,0.2230759697608109,8.047911764979402
ES,H,2015,22247.0,656.3,824.3,18675.0,47420.0,10706.0,111829.0,39.382117250105445,False,46.91480388021932,33897.607801310376,42.40402757781971,22655.58655829189,57527.59917505763,808.7,1.9290218869790987,9.573545323663808
ES,H,2016,22879.0,678.6,849.0,15507.0,46864.0,9220.0,112379.0,33.08936497097986,False,48.819989757596446,33715.00147362216,41.70174142855871,18265.01766784452,55199.05771495878,824.3,2.9964818633992474,8.204379821852838
ES,H,2017,24453.0,702.1,875.8,16942.0,48402.0,8712.0,116060.0,35.002685839428125,False,50.52063964298996,34828.372026776815,41.704290884025504,19344.599223567027,55266.04247545102,849.0,3.1566548881036383,7.506462174737205
ES,H,2018,25468.0,715.6,887.0,17478.0,49836.0,8606.0,120790.0,35.0710329882013,False,51.103619873184044,35589.71492453884,41.25838231641692,19704.622322435174,56184.892897406986,875.8,1.2788307832838575,7.124761983607915
ES,H,2019,27348.0,749.9,916.6,17268.0,51954.0,8856.0,127698.0,33.237094352696616,False,52.638872849058785,36468.862515002,40.68505379880656,18839.188304603973,56681.2131791403,887.0,3.3370913190529983,6.935112531128131
ES,H,2020,27289.0,702.4,863.1,12361.0,40170.0,-2963.0,106445.0,30.771720189195918,False,67.93378142892706,38851.082004555814,37.73779886326272,14321.631328930598,46541.536322558226,916.6,-5.836788130045822,-2.783597162854056
ES,I,2013,27713.0,1006.6,1257.5,3109.0,56585.0,25558.0,99749.0,5.4943889723424935,False,48.975876999204736,27531.293463143254,56.727385738202884,2472.3658051689863,44998.01192842942,1273.1,-1.225355431623587,25.62231200312785
ES,I,2014,28721.0,1050.9,1322.0,3014.0,57793.0,25681.0,101866.0,5.215164466284844,False,49.69633000536397,27329.90769816348,56.73433726660515,2279.878971255673,43716.338880484116,1257.5,5.129224652087472,25.210570749808568
ES,I,2015,31428.0,1138.5,1413.3,3373.0,61440.0,26539.0,107377.0,5.489908854166667,False,51.15234374999999,27604.743083003952,57.21895750486603,2386.612891813486,43472.72341328805,1322.0,6.906202723146748,24.71572124384179
ES,I,2016,32522.0,1189.4,1452.4,4052.0,65186.0,29063.0,113841.0,6.216058662903078,False,49.89108090694321,27343.1982512191,57.26056517423424,2789.8650509501513,44881.575323602316,1413.3,2.766574683365186,25.529466536660784
ES,I,2017,35492.0,1285.1,1521.4,4526.0,69747.0,30462.0,122153.0,6.489167992888584,False,50.886776492178875,27618.08419578243,57.09806554075626,2974.8915472591034,45843.95951097673,1452.4,4.750757367116498,24.937578282972993
ES,I,2018,37825.0,1360.8,1592.7,4817.0,71915.0,30117.0,126118.0,6.698185357713967,False,52.5968156851839,27796.149323927104,57.021995274266956,3024.4239341997863,45152.88503798581,1521.4,4.686472985408163,23.880017126817744
ES,I,2019,37231.0,1444.0,1662.1,4991.0,74970.0,33710.0,132523.0,6.657329598506069,False,49.66119781245832,25783.240997229917,56.571312149589126,3002.8277480296015,45105.58931472235,1592.7,4.357380548753675,25.437093938410694
ES,I,2020,20219.0,1032.2,1231.1,3550.0,34574.0,11174.0,68182.0,10.267831318331694,False,58.48036096488691,19588.258089517534,50.70839811093837,2883.6000324912684,28083.827471367073,1662.1,-25.93105107995909,16.38848963069432
ES,J,2013,18785.0,382.6,413.3,9177.0,36647.0,6974.0,77665.0,25.04161322891369,False,51.259311812699536,49098.27496079456,47.18599111568918,22204.21001693685,88669.24751996128,424.7,-2.684247704261822,8.979591836734693
ES,J,2014,18865.0,381.1,415.4,9524.0,35981.0,5981.0,77865.0,26.469525582946556,False,52.43044940385203,49501.44319076357,46.20946509985231,22927.298988926337,86617.7178623014,413.3,0.5081054923784079,7.681243177294035
ES,J,2015,19691.0,397.6,434.8,15481.0,36794.0,6031.0,78356.0,42.07479480350057,False,53.51687775180736,49524.64788732395,46.95747613456532,35604.8758049678,84622.8150873965,415.4,4.67019740009631,7.696921741793863
ES,J,2016,19981.0,413.9,453.7,14924.0,37624.0,5418.0,81363.0,39.66617052944928,False,53.10705932383585,48274.94563904325,46.242149379939285,32893.98280802293,82927.04430240247,434.8,4.346826126954917,6.659046495335717
ES,J,2017,21075.0,445.5,488.1,12634.0,39885.0,5840.0,86002.0,31.67606869750533,False,52.839413313275664,47306.39730639731,46.3768284458501,25884.040155705796,81714.81253841425,453.7,7.582102711042538,6.790539754889421
ES,J,2018,22044.0,464.5,507.1,11670.0,40648.0,5579.0,88676.0,28.70989962605786,False,54.231450501869716,47457.48116254037,45.83878388741035,23013.21238414514,80157.75981068822,488.1,3.8926449498053683,6.291443005999368
ES,J,2019,23938.0,480.3,520.1,12882.0,42675.0,6026.0,93092.0,30.18629173989455,False,56.0937316930287,49839.68353112638,45.84174794826623,24768.31378581042,82051.52855220149,507.1,2.5635969236836864,6.473166330082069
ES,J,2020,24078.0,488.9,525.9,13672.0,40487.0,3966.0,88493.0,33.76886407982809,False,59.47094128979672,49249.33524238086,45.75164137276395,25997.33789693858,76986.11903403689,520.1,1.1151701595846886,4.481710417773157
ES,L,2013,3349.0,111.3,158.3,39377.0,122453.0,84250.0,138464.0,32.15682751749651,False,2.734926869901105,30089.847259658578,88.43670556967876,248749.21036007578,773550.2210991788,167.6,-5.548926014319799,60.84614051305755
ES,L,2014,3457.0,112.8,170.7,44958.0,121851.0,83450.0,137931.0,36.89588103503459,False,2.8370715053631073,30647.163120567377,88.34199708549927,263374.3409490334,713831.2829525484,158.3,7.833228048010099,60.50126512531628
ES,L,2015,3724.0,117.4,180.0,34472.0,119749.0,78541.0,137033.0,28.786879222373464,False,3.109838077979774,31720.613287904598,87.38697977859347,191511.11111111112,665272.2222222222,170.7,5.448154657293514,57.31539118314567
ES,L,2016,3890.0,121.4,189.3,40416.0,121874.0,79889.0,139160.0,33.16211825327798,False,3.191821061095886,32042.833607907738,87.57832710549009,213502.37717908082,643814.0517696777,180.0,5.166666666666675,57.408019545846514
ES,L,2017,4305.0,131.8,200.4,52260.0,124735.0,81449.0,143770.0,41.89682126107348,False,3.4513167915981886,32663.125948406672,86.76010294219935,260778.44311377243,622430.1397205588,189.3,5.863708399366074,56.65229185504626
ES,L,2018,4669.0,140.6,216.1,61805.0,129739.0,85086.0,149668.0,47.63795003815353,False,3.598763671679295,33207.68136557611,86.68452842290937,286001.85099490976,600365.5714946784,200.4,7.83433133732534,56.8498276184622
ES,L,2019,5656.0,150.6,226.7,68376.0,133936.0,86608.0,155988.0,51.05124835742444,False,4.222912435790229,37556.44090305445,85.86301510372593,301614.46846052055,590807.2342302602,216.1,4.905136510874586,55.5222196579224
ES,L,2020,4968.0,135.0,227.2,64269.0,134806.0,87736.0,155665.0,47.675177662715306,False,3.685295906710384,36800.0,86.60007066456814,282874.1197183099,593336.2676056338,226.7,0.2205558006175501,56.36205955095879
ES,M,2013,23741.0,631.9,888.7,6578.0,40456.0,9221.0,72872.0,16.259640102827763,False,58.68350800870081,37570.81816743156,55.51652212097925,7401.822887363564,45522.67356813323,908.0,-2.125550660792952,12.653694148644199
ES,M,2014,26366.0,665.6,914.5,7456.0,42375.0,7916.0,79292.0,17.595280235988202,False,62.22064896755162,39612.379807692305,53.441709125763005,8153.089119737561,46336.79606342263,888.7,2.9031169123438616,9.983352671139585
ES,M,2015,27947.0,697.5,943.3,7740.0,45368.0,8795.0,86146.0,17.060483159936517,False,61.60068770939869,40067.3835125448,52.664081907459426,8205.236934167286,48094.98568854023,914.5,3.149261891744115,10.209411928586354
ES,M,2016,28757.0,714.4,970.6,8436.0,46098.0,7952.0,89071.0,18.30014317323962,False,62.38231593561543,40253.359462486005,51.75421854475643,8691.531011745312,47494.33340201937,943.3,2.894095197710178,8.927709355458004
ES,M,2017,29001.0,736.8,1009.9,9746.0,48872.0,9923.0,93244.0,19.9418890162056,False,59.34072679652971,39360.74918566776,52.413023894298824,9650.460441627883,48392.91018912764,970.6,4.049041829795996,10.641971601389901
ES,M,2018,31162.0,764.0,1041.6,10907.0,52204.0,10677.0,98577.0,20.89303501647383,False,59.69274385104589,40787.958115183246,52.95758645525832,10471.390168970816,50119.04761904762,1009.9,3.1389246460045372,10.831126936303601
ES,M,2019,34438.0,816.1,1098.3,10864.0,55962.0,10719.0,107847.0,19.413173224688183,False,61.5381866266395,42198.26001715476,51.89017775181507,9891.650732950926,50953.291450423385,1041.6,5.443548387096775,9.939080363848786
ES,M,2020,35875.0,811.6,1102.8,10026.0,53359.0,6814.0,100889.0,18.789707453288106,False,67.2332689892989,44202.8092656481,52.88881840438502,9091.403699673558,48385.019949220165,1098.3,0.40972411909314665,6.753957319430265
ES,N,2013,22985.0,1111.9,1184.8,4398.0,33027.0,4818.0,58714.0,13.316377509310565,False,69.59457413631272,20671.823005665974,56.250638689239366,3712.018906144497,27875.59081701553,1184.8,0.0,8.205879347344757
ES,N,2014,24186.0,1162.1,1243.8,7220.0,34946.0,5647.0,62593.0,20.66044754764494,False,69.20963772677847,20812.322519576628,55.83052418002013,5804.791767165139,28096.156938414537,1184.8,4.979743416610405,9.02177559791031
ES,N,2015,25957.0,1237.0,1322.9,8069.0,38919.0,7814.0,69927.0,20.732804028880494,False,66.69493049667258,20983.83185125303,55.656613325324976,6099.478418625746,29419.457253004763,1243.8,6.359543334941331,11.174510561013628
ES,N,2016,26151.0,1240.8,1330.5,4089.0,40990.0,9554.0,73830.0,9.975603805806294,False,63.79848743595999,21075.918762088975,55.519436543410535,3073.280721533258,30807.966929725666,1322.9,0.574495426714039,12.940539076256263
ES,N,2017,28072.0,1296.6,1383.3,7270.0,42714.0,9438.0,78274.0,17.0201807369949,False,65.72084094207989,21650.470461206234,54.5698443927741,5255.548326465698,30878.334417696813,1330.5,3.9684329199549007,12.05764366200782
ES,N,2018,29093.0,1321.2,1409.1,9432.0,44439.0,10301.0,81787.0,21.224600013501654,False,65.46726974054322,22020.133212231303,54.33504102118919,6693.634234617842,31537.15137321695,1383.3,1.8651051832574206,12.594911171702105
ES,N,2019,31365.0,1359.1,1459.8,11114.0,47700.0,10977.0,85730.0,23.29979035639413,False,65.75471698113208,23077.772055036425,55.63979937011548,7613.3716947527055,32675.709001233045,1409.1,3.5980413029593317,12.804152572028462
ES,N,2020,30144.0,1311.2,1409.4,7703.0,39154.0,4310.0,63519.0,19.67359656740052,False,76.9883025999898,22989.627821842587,61.64139863662841,5465.446289201078,27780.615864907053,1459.8,-3.452527743526501,6.785371306223335
FI,B,2013,303.0,6.6,7.5,349.0,556.0,-14.0,1845.0,62.76978417266187,False,54.49640287769785,45909.09090909091,30.13550135501355,46533.33333333333,74133.33333333334,7.7,-2.5974025974025983,-0.7588075880758808
FI,B,2014,309.0,6.7,7.6,313.0,504.0,-79.0,1740.0,62.10317460317461,False,61.30952380952381,46119.40298507463,28.965517241379313,41184.210526315794,66315.78947368421,7.5,1.3333333333333197,-4.540229885057472
FI,B,2015,301.0,6.2,7.1,389.0,602.0,22.0,1817.0,64.61794019933555,False,50.0,48548.38709677419,33.13153549807375,54788.7323943662,84788.7323943662,7.6,-6.578947368421051,1.2107870115575123
FI,B,2016,318.0,6.5,7.4,280.0,636.0,44.0,1973.0,44.0251572327044,False,50.0,48923.07692307692,32.23517486061835,37837.83783783784,85945.94594594593,7.1,4.225352112676073,2.230106436898125
FI,B,2017,330.0,6.6,7.5,352.0,902.0,290.0,2323.0,39.02439024390244,False,36.58536585365854,50000.0,38.82910030133448,46933.33333333333,120266.66666666667,7.4,1.3513513513513375,12.48385708136031
FI,B,2018,346.0,7.0,7.9,392.0,949.0,309.0,2514.0,41.30663856691254,False,36.459430979978926,49428.57142857143,37.748607796340494,49620.253164556954,120126.58227848102,7.5,5.3333333333333455,12.291169451073985
FI,B,2019,369.0,7.3,8.3,362.0,819.0,139.0,2417.0,44.2002442002442,False,45.05494505494506,50547.94520547945,33.88498138187836,43614.45783132529,98674.69879518072,7.9,5.063291139240511,5.75093090608192
FI,B,2020,391.0,7.4,8.3,502.0,964.0,258.0,2527.0,52.074688796680505,False,40.560165975103736,52837.83783783784,38.14800158290463,60481.92771084337,116144.578313253,8.3,0.0,10.209734863474477
FI,C,2013,17121.0,333.6,354.9,6321.0,29799.0,4152.0,112240.0,21.21212121212121,False,57.45494815262258,51321.94244604316,26.54935851746258,17810.650887573967,83964.49704142012,368.6,-3.7167661421595333,3.699215965787598
FI,C,2014,16921.0,326.2,345.1,6274.0,30060.0,4882.0,109929.0,20.871590153027277,False,56.290751829673994,51873.08399754752,27.344922631880575,18180.23761228629,87105.18690234714,354.9,-2.7613412228796763,4.441048313002029
FI,C,2015,17108.0,321.2,339.9,6546.0,31195.0,6065.0,105136.0,20.984132072447508,False,54.84212213495753,53262.76463262765,29.67109267995739,19258.60547219771,91776.99323330392,345.1,-1.506809620399896,5.768718612083397
FI,C,2016,17156.0,317.5,336.3,6673.0,31813.0,6826.0,105258.0,20.975701757143305,False,53.927639644170625,54034.645669291334,30.22383096771742,19842.402616711268,94597.08593517692,339.9,-1.0591350397175514,6.485017765870528
FI,C,2017,17021.0,319.1,336.6,7432.0,34547.0,9877.0,114364.0,21.512721799287927,False,49.26911164500535,53340.645565653394,30.20793256619216,22079.61972667855,102635.17528223411,336.3,0.0892060660124816,8.636459025567486
FI,C,2018,17499.0,325.2,342.3,7428.0,34299.0,9187.0,120019.0,21.656608064375053,False,51.01898014519374,53809.963099631,28.57797515393396,21700.26292725679,100201.57756354075,336.6,1.6934046345810971,7.654621351619327
FI,C,2019,17799.0,327.3,343.4,8008.0,35091.0,9249.0,123934.0,22.82066626770397,False,50.722407454902964,54381.30155820348,28.31426404376523,23319.74373907979,102186.95398951661,342.3,0.32135553607945955,7.462843126180063
FI,C,2020,17298.0,321.0,337.2,7641.0,34331.0,9103.0,116043.0,22.256852407445166,False,50.38594855961085,53887.85046728972,29.584722904440596,22660.14234875445,101811.98102016607,343.4,-1.8054746651135711,7.844505915910481
FI,D,2013,854.0,13.3,13.5,2079.0,4118.0,1823.0,8784.0,50.48567265662943,False,20.738222438076736,64210.526315789466,46.880692167577415,154000.0,305037.037037037,13.4,0.746268656716409,20.753642987249545
FI,D,2014,817.0,12.6,12.8,2488.0,4144.0,1764.0,8905.0,60.03861003861004,False,19.715250965250966,64841.26984126985,46.535654126895004,194375.0,323750.0,13.5,-5.185185185185182,19.809096013475575
FI,D,2015,805.0,12.1,12.3,2602.0,3993.0,1596.0,8647.0,65.1640370648635,False,20.160280490859,66528.92561983471,46.17786515554528,211544.71544715445,324634.14634146343,12.8,-3.90625,18.45726841679195
FI,D,2016,822.0,12.3,12.5,3164.0,3892.0,1381.0,8821.0,81.29496402877699,False,21.120246659815006,66829.26829268293,44.12198163473529,253120.0,311360.0,12.3,1.6260162601625883,15.655821335449497
FI,D,2017,807.0,12.1,12.3,3586.0,4152.0,1543.0,8878.0,86.3680154142582,False,19.436416184971097,66694.21487603306,46.76728993016445,291544.7154471544,337560.9756097561,12.5,-1.5999999999999903,17.38004054967335
FI,D,2018,828.0,12.1,12.3,3029.0,4339.0,1560.0,9396.0,69.80871168471998,False,19.082737958054853,68429.75206611572,46.17922520221371,246260.162601626,352764.2276422764,12.3,0.0,16.602809706257982
FI,D,2019,868.0,12.6,12.8,2210.0,4936.0,2139.0,9669.0,44.77309562398703,False,17.58508914100486,68888.88888888889,51.04974661288655,172656.25,385625.0,12.3,4.065040650406493,22.122246354328265
FI,D,2020,900.0,13.1,13.3,2470.0,4780.0,2032.0,9002.0,51.67364016736402,False,18.828451882845187,68702.29007633589,53.09931126416352,185714.28571428568,359398.4962406015,12.8,3.90625,22.57276160853144
FI,E,2013,537.0,12.3,12.6,583.0,1611.0,478.0,3417.0,36.1887026691496,False,33.33333333333333,43658.53658536585,47.14661984196663,46269.84126984127,127857.14285714286,12.5,0.8000000000000007,13.988879133743048
FI,E,2014,550.0,12.5,12.8,584.0,1681.0,538.0,3551.0,34.7412254610351,False,32.71861986912552,44000.0,47.338777809067864,45625.0,131328.125,12.6,1.5873015873016039,15.15066178541256
FI,E,2015,577.0,12.9,13.2,541.0,1721.0,566.0,3672.0,31.43521208599651,False,33.527019174898314,44728.682170542634,46.868191721132895,40984.84848484849,130378.78787878787,12.8,3.124999999999978,15.413943355119825
FI,E,2016,592.0,13.0,13.3,669.0,1768.0,602.0,3691.0,37.8393665158371,False,33.4841628959276,45538.46153846154,47.900298022216205,50300.75187969925,132932.33082706766,13.2,0.7575757575757791,16.309943104849633
FI,E,2017,605.0,13.3,13.6,628.0,1749.0,563.0,3809.0,35.906232132647226,False,34.59119496855346,45488.72180451128,45.91756366500393,46176.470588235294,128602.94117647057,13.3,2.2556390977443552,14.780782357574166
FI,E,2018,627.0,13.7,14.0,770.0,1781.0,559.0,4041.0,43.23413812464907,False,35.2049410443571,45766.42335766424,44.07324919574363,55000.0,127214.28571428571,13.6,2.941176470588247,13.833209601583766
FI,E,2019,651.0,13.8,14.2,647.0,1782.0,523.0,3996.0,36.30751964085297,False,36.53198653198653,47173.91304347826,44.5945945945946,45563.380281690144,125492.95774647887,14.0,1.4285714285714235,13.088088088088087
FI,E,2020,647.0,13.8,14.2,970.0,1827.0,575.0,4072.0,53.09250136836344,False,35.413245758073344,46884.057971014496,44.86738703339882,68309.85915492958,128661.97183098592,14.2,0.0,14.120825147347741
FI,F,2013,7800.0,153.3,186.7,798.0,11327.0,2737.0,29801.0,7.045113445749094,False,68.86201112386333,50880.626223091975,38.00879165128687,4274.2367434386715,60669.52329941083,190.2,-1.8401682439537326,9.184255561893897
FI,F,2014,7695.0,149.8,183.7,810.0,11085.0,2590.0,28910.0,7.307171853856563,False,69.41813261163735,51368.49132176235,38.34313386371498,4409.363091997822,60342.95046271094,186.7,-1.6068559185859699,8.958837772397095
FI,F,2015,7946.0,156.1,190.4,830.0,11472.0,2708.0,29602.0,7.235006973500697,False,69.26429567642957,50903.267136450995,38.75413823390311,4359.243697478992,60252.100840336134,183.7,3.6472509526401797,9.14803053847713
FI,F,2016,8431.0,161.4,197.8,949.0,12534.0,3272.0,32321.0,7.571405776288495,False,67.26503909366524,52236.6790582404,38.77974072584388,4797.775530839231,63367.037411526784,190.4,3.886554621848748,10.12344915070697
FI,F,2017,8885.0,164.5,199.4,1091.0,13637.0,3875.0,35198.0,8.000293319645083,False,65.15362616411234,54012.158054711246,38.7436786181033,5471.414242728184,68390.17051153461,197.8,0.8088978766430666,11.00914824705949
FI,F,2018,9439.0,172.0,207.7,1196.0,14546.0,4170.0,37890.0,8.222191667812458,False,64.89069159906504,54877.90697674418,38.390076537344946,5758.30524795378,70033.70245546462,199.4,4.162487462387143,11.0055423594616
FI,F,2019,9542.0,168.1,203.7,1330.0,14966.0,4422.0,39527.0,8.886810102899906,False,63.75785112922625,56763.83105294468,37.86272674374479,6529.209621993128,73470.79037800689,207.7,-1.9258545979778496,11.187289700710906
FI,F,2020,9351.0,163.3,198.5,1396.0,15368.0,5045.0,39834.0,9.083810515356586,False,60.84721499219157,57262.70667483159,38.58010744590049,7032.745591939546,77420.65491183879,203.7,-2.5527736867942963,12.665059998995835
FI,G,2013,10744.0,266.6,300.4,1588.0,17306.0,4854.0,31961.0,9.17600832081359,False,62.082514734774065,40300.07501875468,54.14724195112793,5286.284953395473,57609.8535286285,303.1,-0.8907951171230777,15.187259472482086
FI,G,2014,10752.0,263.4,298.7,1630.0,16805.0,4332.0,31637.0,9.69949419815531,False,63.980958048199945,40820.04555808656,53.1181844043367,5456.980247740207,56260.46200200871,300.4,-0.565912117177092,13.692828017827226
FI,G,2015,10747.0,260.7,295.8,1315.0,16857.0,4363.0,31912.0,7.800913567064127,False,63.75393011805185,41223.628691983125,52.82338932063174,4445.5713319810675,56987.82961460446,298.7,-0.9708737864077555,13.671972925545251
FI,G,2016,10909.0,258.3,291.9,1828.0,16803.0,4155.0,31904.0,10.879009700648695,False,64.92293042909004,42233.836624080526,52.667377131394176,6262.418636519356,57564.23432682426,295.8,-1.3184584178499104,13.023445336008024
FI,G,2017,10925.0,253.9,284.9,1895.0,17534.0,4870.0,32745.0,10.807573856507357,False,62.30751682445535,43028.751476959435,53.547106428462364,6651.456651456651,61544.40154440155,291.9,-2.3980815347721784,14.87249961826233
FI,G,2018,11159.0,255.9,289.0,2074.0,17777.0,4831.0,33815.0,11.666760420768409,False,62.77212128030602,43606.87768659633,52.57134407807186,7176.470588235295,61512.1107266436,284.9,1.4391014391014423,14.286559219281383
FI,G,2019,11417.0,256.0,289.0,1868.0,17939.0,4659.0,34321.0,10.413066503149562,False,63.643458386755114,44597.65625,52.26829055097462,6463.667820069205,62072.66435986159,289.0,0.0,13.574779289647736
FI,G,2020,11108.0,246.1,276.7,1825.0,18421.0,5615.0,34681.0,9.907171163346181,False,60.30074371641062,45136.12352702154,53.115538767624926,6595.590892663535,66573.90675822191,289.0,-4.2560553633217975,16.190421268129523
FI,H,2013,5789.0,127.1,149.7,1467.0,8943.0,1622.0,23264.0,16.40389131164039,False,64.73219277647321,45546.81353265145,38.44136863823934,9799.599198396794,59739.47895791584,152.7,-1.9646365422396839,6.972145804676753
FI,H,2014,5769.0,126.2,148.4,1245.0,8885.0,1590.0,23401.0,14.012380416432189,False,64.92965672481711,45713.153724247226,37.96846288620144,8389.487870619945,59871.96765498652,149.7,-0.8684034736138879,6.794581428144096
FI,H,2015,5718.0,124.9,147.9,1427.0,8983.0,1693.0,22723.0,15.885561616386507,False,63.653567850384064,45780.624499599675,39.53263213484135,9648.411088573359,60736.984448952,148.4,-0.3369272237196741,7.4506007129340315
FI,H,2016,5766.0,123.1,145.1,2010.0,8912.0,1550.0,22715.0,22.553859964093355,False,64.69928186714542,46839.96750609261,39.23398635263042,13852.51550654721,61419.7105444521,147.9,-1.893171061528065,6.823684789786484
FI,H,2017,5781.0,123.4,143.8,1907.0,9217.0,1785.0,23870.0,20.69002929369643,False,62.72105891287838,46847.64991896272,38.613322161709256,13261.474269819193,64095.966620305975,145.1,-0.8959338387318994,7.47800586510264
FI,H,2018,6024.0,126.2,145.9,2074.0,9250.0,1562.0,24744.0,22.42162162162162,False,65.12432432432432,47733.755942947704,37.38279987067572,14215.215901302261,63399.58875942426,143.8,1.4603616133518793,6.312641448431943
FI,H,2019,6183.0,127.5,148.1,2317.0,9638.0,1624.0,25963.0,24.040257314795603,False,64.15231375804109,48494.117647058825,37.12205831375419,15644.834571235651,65077.6502363268,145.9,1.5078821110349416,6.255055270962524
FI,H,2020,5543.0,120.3,139.8,1935.0,7835.0,528.0,21775.0,24.69687300574346,False,70.74664964901085,46076.47547797174,35.981630309988525,13841.201716738196,56044.34907010014,148.1,-5.604321404456436,2.4247990815154994
FI,I,2013,2028.0,64.3,75.3,168.0,2754.0,528.0,7143.0,6.1002178649237475,False,73.63834422657952,31539.657853810266,38.55522889542209,2231.075697211156,36573.70517928287,75.5,-0.26490066225165476,7.3918521629567415
FI,I,2014,2066.0,63.7,75.9,184.0,2799.0,537.0,7142.0,6.573776348695963,False,73.81207574133619,32433.281004709577,39.19070288434612,2424.242424242424,36877.47035573122,75.3,0.7968127490040056,7.518902268272193
FI,I,2015,2094.0,64.3,77.2,199.0,2915.0,630.0,7337.0,6.826758147512864,False,71.83533447684391,32566.09642301711,39.73013493253374,2577.7202072538857,37759.067357512955,75.9,1.7127799736495364,8.586615783017582
FI,I,2016,2172.0,66.0,79.0,257.0,3076.0,707.0,7645.0,8.355006501950585,False,70.6111833550065,32909.090909090904,40.23544800523218,3253.1645569620255,38936.70886075949,77.2,2.3316062176165664,9.247874427730544
FI,I,2017,2257.0,67.3,79.6,263.0,3350.0,886.0,8233.0,7.850746268656716,False,67.3731343283582,33536.40416047548,40.689906473946316,3304.020100502513,42085.427135678394,79.0,0.7594936708860578,10.761569294303413
FI,I,2018,2417.0,70.9,83.5,318.0,3478.0,846.0,8588.0,9.14318573893042,False,69.49396204715353,34090.26798307475,40.498369818351186,3808.383233532934,41652.69461077844,79.6,4.899497487437188,9.85095482068002
FI,I,2019,2531.0,74.2,88.0,312.0,3649.0,880.0,9059.0,8.550287750068513,False,69.36146889558783,34110.512129380055,40.280384148360746,3545.4545454545455,41465.909090909096,83.5,5.389221556886237,9.714096478640027
FI,I,2020,2078.0,61.2,74.7,319.0,2550.0,413.0,6793.0,12.509803921568627,False,81.49019607843138,33954.24836601307,37.53864272044752,4270.414993306559,34136.54618473895,88.0,-15.113636363636363,6.079788017076402
FI,J,2013,5477.0,91.0,98.6,2015.0,9295.0,1907.0,17693.0,21.678321678321677,False,58.92415277030661,60186.81318681319,52.534900808229246,20436.10547667343,94269.77687626776,95.8,2.9227557411273475,10.77827389363025
FI,J,2014,5497.0,90.2,98.0,2254.0,9820.0,2347.0,19144.0,22.95315682281059,False,55.97759674134419,60942.35033259423,51.295445048056834,23000.0,100204.08163265306,98.6,-0.6085192697768749,12.259715837860426
FI,J,2015,5736.0,91.6,99.9,2301.0,10285.0,2517.0,20146.0,22.372386971317454,False,55.770539620807,62620.08733624454,51.05231807803038,23033.033033033033,102952.95295295294,98.0,1.9387755102040938,12.493795294351235
FI,J,2016,5915.0,92.7,100.3,2266.0,10679.0,2653.0,21030.0,21.219215282329806,False,55.389081374660556,63807.98274002157,50.77983832620067,22592.223330009972,106470.58823529411,99.9,0.4004004004003914,12.615311459819306
FI,J,2017,6362.0,97.1,104.4,2402.0,11332.0,2768.0,22361.0,21.196611366043065,False,56.1418990469467,65520.0823892894,50.67751889450383,23007.66283524904,108544.06130268198,100.3,4.0877367896311245,12.378695049416395
FI,J,2018,6722.0,101.6,108.7,2960.0,11711.0,2649.0,23474.0,25.275382119374946,False,57.39902655622918,66161.41732283465,49.8892391582176,27230.910763569456,107736.89052437902,104.4,4.118773946360155,11.284825764675812
FI,J,2019,6979.0,103.9,110.4,2441.0,12305.0,2845.0,24108.0,19.83746444534742,False,56.71678179601788,67170.35611164581,51.0411481665837,22110.50724637681,111458.33333333333,108.7,1.5639374425022945,11.801061888169901
FI,J,2020,7191.0,104.8,111.5,2812.0,12670.0,3146.0,24347.0,22.19415943172849,False,56.75611681136543,68616.41221374046,52.039265617940615,25219.730941704034,113632.2869955157,110.4,0.9963768115941907,12.921509836940896
FI,L,2013,912.0,20.4,23.8,17602.0,20896.0,8271.0,28562.0,84.23621745788668,False,4.3644716692189895,44705.88235294118,73.16014284713955,739579.8319327731,877983.1932773109,24.2,-1.6528925619834656,28.958056158532315
FI,L,2014,914.0,20.1,23.5,16283.0,21714.0,8654.0,29790.0,74.98848669061435,False,4.2092659113935715,45472.6368159204,72.89023162134944,692893.6170212765,924000.0,23.8,-1.260504201680679,29.05001678415576
FI,L,2015,963.0,21.2,25.0,17251.0,22961.0,9501.0,31332.0,75.1317451330517,False,4.194068202604416,45424.52830188679,73.28290565555982,690040.0,918440.0,23.5,6.382978723404253,30.323630792799694
FI,L,2016,1012.0,21.7,25.3,19003.0,23788.0,9685.0,32372.0,79.88481587354968,False,4.254245838237767,46635.94470046083,73.48325713579636,751106.7193675889,940237.1541501976,25.0,1.200000000000001,29.917830223650064
FI,L,2017,1043.0,21.5,25.3,20261.0,24593.0,9724.0,33332.0,82.38523156995893,False,4.241044199568983,48511.62790697674,73.78195127805111,800830.0395256917,972055.3359683794,25.3,0.0,29.17316692667707
FI,L,2018,1085.0,21.9,25.8,22656.0,25664.0,9886.0,34678.0,88.2793017456359,False,4.227711970074813,49543.37899543379,74.0065747736317,878139.5348837209,994728.6821705425,25.3,1.976284584980248,28.50798777322798
FI,L,2019,1145.0,22.4,26.0,23566.0,26501.0,9718.0,35640.0,88.92494622844421,False,4.32059167578582,51116.07142857143,74.3574635241302,906384.6153846154,1019269.2307692308,25.8,0.7751937984496138,27.267115600448932
FI,L,2020,1156.0,23.4,27.3,22767.0,27287.0,9817.0,36728.0,83.43533550775093,False,4.236449591380511,49401.709401709406,74.29481594423872,833956.0439560439,999523.8095238095,26.0,5.000000000000004,26.728926159878025
FI,M,2013,6126.0,110.4,144.9,1226.0,8950.0,1560.0,15827.0,13.69832402234637,False,68.44692737430168,55489.13043478261,56.54893536361914,8461.007591442374,61766.73567977915,144.6,0.20746887966804906,9.856574208630821
FI,M,2014,6227.0,110.6,146.0,1225.0,8893.0,1413.0,15798.0,13.774879118407737,False,70.02136511863263,56301.98915009042,56.29193568806178,8390.410958904109,60910.95890410959,144.9,0.7591442374051072,8.944170148120016
FI,M,2015,6401.0,112.6,149.7,1251.0,9164.0,1522.0,16251.0,13.651243998254037,False,69.84941073766913,56847.24689165187,56.39037597686296,8356.713426853708,61215.764863059456,146.0,2.534246575342447,9.365577502922898
FI,M,2016,6536.0,114.2,152.4,1188.0,9258.0,1481.0,16491.0,12.832145171743356,False,70.59840138258802,57232.92469352014,56.139712570492996,7795.27559055118,60748.03149606299,149.7,1.8036072144288706,8.980656115456915
FI,M,2017,6807.0,117.6,154.1,1194.0,9809.0,1773.0,17487.0,12.172494647772455,False,69.39545315526557,57882.6530612245,56.09309772974209,7748.215444516548,63653.4717715769,152.4,1.1154855643044526,10.138960370560989
FI,M,2018,7256.0,122.0,159.6,1356.0,10439.0,1982.0,18726.0,12.989749976051346,False,69.50857361816266,59475.40983606557,55.74602157428175,8496.24060150376,65407.26817042606,154.1,3.5691109669045984,10.584214461176973
FI,M,2019,7643.0,124.7,163.2,1600.0,10861.0,1898.0,19598.0,14.731608507503912,False,70.37105238928275,61291.098636728144,55.418920297989594,9803.921568627451,66550.24509803923,159.6,2.2556390977443552,9.684661700173487
FI,M,2020,7683.0,126.4,165.1,1506.0,11018.0,2144.0,19962.0,13.668542385187873,False,69.7313487021238,60783.22784810126,55.19487025348162,9121.74439733495,66735.31193216234,163.2,1.1642156862745168,10.74040677286845
FI,N,2013,4405.0,138.1,148.5,586.0,5849.0,899.0,10082.0,10.018806633612583,False,75.3120191485724,31897.175959449676,58.014282880380875,3946.127946127946,39387.20538720539,150.0,-1.0000000000000009,8.916881571116841
FI,N,2014,4651.0,144.6,155.2,621.0,5970.0,763.0,10358.0,10.402010050251256,False,77.90619765494138,32164.59197786999,57.63660938405097,4001.288659793815,38466.49484536083,148.5,4.511784511784511,7.366286927978375
FI,N,2015,4550.0,142.7,153.9,570.0,5927.0,829.0,10006.0,9.617006917496203,False,76.76733592036443,31885.073580939035,59.23445932440535,3703.703703703704,38512.02079272254,155.2,-0.8376288659793674,8.285028982610433
FI,N,2016,4915.0,152.0,163.9,677.0,6347.0,866.0,10709.0,10.666456593666299,False,77.43815976051678,32335.526315789473,59.267905500046695,4130.567419158023,38724.8322147651,153.9,6.49772579597141,8.086656083667943
FI,N,2017,5254.0,160.8,172.0,759.0,6970.0,1109.0,11645.0,10.889526542324248,False,75.38020086083213,32674.12935323383,59.854014598540154,4412.790697674419,40523.25581395349,163.9,4.942037827943868,9.523400601116359
FI,N,2018,5758.0,173.5,184.5,822.0,7581.0,1179.0,12820.0,10.842896715472893,False,75.9530404959768,33187.319884726225,59.13416536661467,4455.284552845528,41089.43089430894,172.0,7.267441860465107,9.196567862714508
FI,N,2019,6127.0,185.0,197.2,859.0,8137.0,1339.0,13969.0,10.556716234484453,False,75.29802138380238,33118.91891891892,58.250411625742714,4355.9837728194725,41262.67748478702,184.5,6.883468834688333,9.585510773856397
FI,N,2020,5856.0,171.8,184.5,786.0,7540.0,1063.0,13081.0,10.424403183023873,False,77.6657824933687,34086.14668218859,57.640853145783964,4260.162601626016,40867.208672086716,197.2,-6.4401622718052725,8.126290038987845
FR,B,2013,997.9,19.6,20.2,771.5,2226.2,-300.6,6236.3,34.6554667145809,False,44.825262779624474,50913.26530612245,35.697448807786664,38193.069306930694,110207.92079207921,19.8,2.020202020202011,-4.820165803441143
FR,B,2014,1199.9,19.8,20.4,773.8,2443.2,-243.4,6117.7,31.671578258022265,False,49.11182056319582,60601.010101010106,39.93657747192572,37931.37254901961,119764.70588235294,20.2,0.990099009900991,-3.9786194157935175
FR,B,2015,1091.5,18.1,18.7,753.1,2123.3,-381.0,5173.4,35.468374699759806,False,51.40583054679036,60303.86740331491,41.04264120307729,40272.72727272727,113545.45454545456,20.4,-8.333333333333325,-7.364595817064214
FR,B,2016,1050.7,17.5,18.1,771.3,2042.6,-376.6,5055.6,37.7606971506903,False,51.43934201507883,60040.0,40.40272173431442,42613.25966850828,112850.82872928175,18.7,-3.208556149732611,-7.449165282063454
FR,B,2017,1069.6,16.4,17.0,880.3,2079.7,-350.4,5296.7,42.32822041640622,False,51.430494782901384,65219.51219512195,39.264070081371415,51782.35294117647,122335.29411764705,18.1,-6.077348066298349,-6.615439802140956
FR,B,2018,1084.1,16.3,16.9,867.1,2144.0,-302.4,5696.5,40.44309701492537,False,50.56436567164179,66509.20245398773,37.637145615728954,51307.69230769231,126863.90532544379,17.0,-0.5882352941176561,-5.30852277714386
FR,B,2019,1092.9,15.7,16.3,946.1,2120.9,-366.0,5665.7,44.60842095336886,False,51.53001084445283,69611.46496815287,37.43403286442982,58042.94478527607,130116.56441717793,16.9,-3.5502958579881505,-6.459925516705792
FR,B,2020,1060.8,15.7,16.3,684.5,2003.5,-432.0,5278.3,34.16521088095833,False,52.94734215123533,67566.87898089172,37.95729685694258,41993.865030674846,122914.11042944784,16.3,0.0,-8.184453327775989
FR,C,2013,134343.9,2633.8,2769.0,43861.2,217407.1,28746.0,759400.2,20.17468610730744,False,61.79370406946231,51007.631558964225,28.628791512038056,15840.08667388949,78514.66233297219,2800.1,-1.1106746187636074,3.7853558637461515
FR,C,2014,135793.9,2615.6,2753.5,45694.6,219282.3,29630.2,764645.8,20.838252791036943,False,61.92652120120958,51916.92154763725,28.67763087170556,16595.097149082983,79637.6611585255,2769.0,-0.5597688696280301,3.8750229191084293
FR,C,2015,137200.2,2561.0,2698.6,46073.8,227182.7,36039.5,763688.5,20.280505513844144,False,60.39201048319261,53572.90121046466,29.74808446113828,17073.22315274587,84185.39242570222,2753.5,-1.9938260395859886,4.719136139931399
FR,C,2016,137874.5,2549.8,2685.6,47187.6,226869.6,34543.4,763015.7,20.799437209745157,False,60.772575964342515,54072.67236646011,29.733280717552734,17570.598748882934,84476.31814119751,2698.6,-0.48173126806492217,4.5272200821031605
FR,C,2017,140600.2,2534.1,2670.1,47196.7,229398.4,34289.7,807750.4,20.574119087142716,False,61.29083725082651,55483.287952330225,28.399664054638656,17676.00464402082,85913.78600052433,2685.6,-0.5771522192433709,4.245086105806942
FR,C,2018,143262.1,2534.9,2671.4,50644.9,232856.0,33068.7,826769.7,21.749450304050573,False,61.52390318480091,56515.878338395996,28.164554167865614,18958.186718574532,87166.27985326046,2670.1,0.04868731508183011,3.999747450831834
FR,C,2019,142273.6,2565.1,2705.3,51834.8,241054.8,36879.8,841287.7,21.50332621462008,False,59.02126819295862,55465.128065182646,28.653075517447835,19160.46279525376,89104.64643477616,2671.4,1.2689975293853406,4.38373222382783
FR,C,2020,132682.0,2549.3,2694.4,47419.5,214340.1,21390.6,716362.6,22.1234850594919,False,61.90255579800513,52046.44412191582,29.92061562119519,17599.279988123515,79550.21526128266,2705.3,-0.4029128007984384,2.9860017817792275
FR,D,2013,11870.0,115.5,117.0,14700.5,27541.6,7673.2,107961.2,53.375620878961286,False,43.09844017776745,102770.56277056277,25.510646417416627,125645.29914529916,235398.29059829056,116.0,0.8620689655172376,7.107368202650583
FR,D,2014,12166.3,115.9,117.3,15859.2,28136.6,8290.9,100751.4,56.36501922762523,False,43.240121407703846,104972.38999137185,27.9267583378494,135202.04603580563,239868.7127024723,117.0,0.2564102564102555,8.22906679212398
FR,D,2015,12777.3,117.1,118.5,15040.3,28711.4,8467.9,99941.0,52.384418732628845,False,44.50253209526529,109114.43210930828,28.728349726338543,126922.3628691983,242290.2953586498,117.3,1.0230179028132946,8.472899010416144
FR,D,2016,12898.9,117.5,118.9,15957.9,28036.7,7652.6,100073.1,56.917896899421116,False,46.0071977087175,109777.87234042553,28.016220143075408,134212.78385197645,235800.67283431455,118.5,0.33755274261604296,7.64701003566393
FR,D,2017,12917.9,115.6,117.1,17642.5,25702.2,5072.9,107768.4,68.64198395468092,False,50.25989993074522,111746.53979238756,23.849477212244036,150661.8274978651,219489.32536293767,118.9,-1.5138772077376017,4.707224010006644
FR,D,2018,12913.0,117.6,119.2,18121.9,28848.7,7232.9,120403.0,62.81704201575808,False,44.76111575218294,109804.42176870749,23.96011727282543,152029.3624161074,242019.29530201343,117.1,1.7933390264731175,6.007242344459855
FR,D,2019,12516.9,117.5,119.1,18681.6,31331.6,9971.6,120844.9,59.62542608740058,False,39.949763178388594,106526.8085106383,25.927118148966155,156856.42317380355,263069.68933669187,119.2,-0.0838926174496768,8.25156874638483
FR,D,2020,12398.9,119.5,121.3,18459.2,32241.3,11208.5,115129.6,57.25327452677157,False,38.45657588248613,103756.48535564853,28.00435335482795,152178.07089859853,265798.02143446,119.1,1.8471872376154552,9.73555019734282
FR,E,2013,6563.0,134.1,139.9,5869.4,13275.5,1421.9,36100.7,44.2122707242665,False,49.43693269556702,48941.08873974646,36.77352516710203,41954.2530378842,94892.7805575411,137.4,1.81950509461426,3.9387047896578187
FR,E,2014,6601.3,133.1,139.1,6117.4,13021.9,1083.6,35858.0,46.97778357996913,False,50.69383116135127,49596.54395191585,36.31518768475654,43978.4327821711,93615.38461538461,139.9,-0.5718370264474748,3.021919794745942
FR,E,2015,6686.2,134.7,140.8,5729.9,12983.7,828.6,36101.5,44.13148794257415,False,51.496876853285265,49637.713437268,35.964433610791794,40695.31249999999,92213.77840909091,139.1,1.2221423436376888,2.295195490492085
FR,E,2016,6721.5,136.5,142.5,5904.4,12998.7,658.0,35387.8,45.42300383884542,False,51.70901705555171,49241.75824175824,36.732150628182595,41434.38596491228,91218.94736842105,140.8,1.2073863636363535,1.8593978715828616
FR,E,2017,6858.2,136.0,142.0,6076.0,13723.3,1154.3,37725.6,44.27506503537779,False,49.97486027413232,50427.94117647059,36.37662489132048,42788.7323943662,96642.95774647887,142.5,-0.35087719298245723,3.0597260215874633
FR,E,2018,6863.7,135.2,141.2,6607.9,13882.5,961.3,39163.4,47.598775436700876,False,49.441383036196655,50767.011834319535,35.44763733485857,46798.15864022663,98317.98866855525,142.0,-0.5633802816901512,2.4545877017827866
FR,E,2019,6835.7,137.8,144.0,6721.2,13585.8,190.7,39667.7,49.472243077330745,False,50.31503481576352,49605.95065312046,34.24902376492713,46675.0,94345.83333333333,141.2,1.9830028328611915,0.4807437789435738
FR,E,2020,6658.0,141.1,147.4,5588.6,12653.1,-236.9,37886.4,44.16783238890075,False,52.619516165998846,47186.392629340895,33.397472443937666,37914.518317503396,85841.92672998643,144.0,2.361111111111125,-0.6252903416529414
FR,F,2013,70764.1,1526.4,1884.2,8057.6,112095.3,29960.3,300094.1,7.188169352327886,False,63.128516539052036,46360.128406708594,37.353383488712375,4276.403778792061,59492.25135335951,1891.2,-0.37013536379019163,9.983635133113248
FR,F,2014,70419.2,1509.3,1871.2,8148.1,110608.2,29630.5,294978.7,7.366632853622064,False,63.665442525961005,46656.860796395675,37.4970124961565,4354.478409576743,59110.83796494228,1884.2,-0.6899479885362436,10.044962568483758
FR,F,2015,69725.3,1468.2,1824.8,7748.0,108442.2,28514.8,289025.3,7.144820005496015,False,64.29720164290286,47490.32829314807,37.5199679751219,4245.944761069706,59426.89609820254,1871.2,-2.4796921761436552,9.865849114247093
FR,F,2016,69885.9,1435.1,1784.3,7736.9,108197.5,28435.8,289916.7,7.1507197486078695,False,64.59104877654289,48697.58205003136,37.32020266511036,4336.098189766295,60638.62579162697,1824.8,-2.2194213064445467,9.808265615606137
FR,F,2017,72069.0,1429.2,1772.8,8815.9,112914.0,31128.8,304077.8,7.807623501071611,False,63.82645199001009,50426.11251049538,37.13325997491432,4972.867779783393,63692.46389891697,1784.3,-0.6445104522782019,10.237116948359928
FR,F,2018,73938.1,1455.1,1798.1,9405.2,116209.9,31704.1,316295.9,8.093286372331447,False,63.62461373772803,50813.07126657962,36.74088092827001,5230.6323341304715,64629.27534619877,1772.8,1.427120938628157,10.023557055276402
FR,F,2019,75583.8,1503.0,1852.3,9919.3,123120.2,33974.2,331419.0,8.056598348605672,False,61.39025115293835,50288.62275449102,37.14940905620981,5355.126059493602,66468.82254494412,1798.1,3.0142928646905043,10.251132252526258
FR,F,2020,71966.8,1551.6,1912.7,11765.9,116007.0,31336.3,312242.4,10.142405199686227,False,62.03660123958037,46382.315029646816,37.15286585037778,6151.461285094369,60650.912322894335,1852.3,3.26081088376613,10.035888783842296
FR,G,2013,124080.8,3034.9,3466.9,16216.5,194641.5,49745.6,370331.5,8.331470935026703,False,63.7483784290606,40884.641998088904,52.55872103777291,4677.521705269838,56142.807695635864,3512.1,-1.286979300133817,13.432721764149147
FR,G,2014,125920.7,3013.1,3447.8,16512.7,195157.0,49514.9,374868.2,8.461238899962595,False,64.52276884764574,41791.07895522883,52.06016407900164,4789.343929462266,56603.34126109403,3466.9,-0.5509244570076954,13.208615721472238
FR,G,2015,127893.1,3064.9,3493.8,17809.2,201891.4,54154.9,384978.1,8.821178118533034,False,63.34747294832766,41728.31087474306,52.44230775724645,5097.372488408037,57785.620241570774,3447.8,1.3341841174081992,14.067007967466202
FR,G,2016,130515.5,3057.6,3478.4,18212.9,203088.5,52530.9,392110.7,8.967962243061525,False,64.26533260130437,42685.60308738881,51.793664391203805,5235.999310027599,58385.60832566697,3493.8,-0.44078081172362893,13.396956522737074
FR,G,2017,135096.8,3128.7,3545.0,20173.3,206272.9,51452.6,406466.7,9.779908073236959,False,65.49420694623481,43179.85105634928,50.74779803609988,5690.634696755995,58186.99576868829,3478.4,1.9146734130634835,12.658503144292016
FR,G,2018,138019.3,3162.8,3575.5,21042.3,209936.5,49744.6,417351.3,10.023173673944264,False,65.74335572899423,43638.32679903882,50.30210760095871,5885.134946161375,58715.284575583835,3545.0,0.8603667136812376,11.919119456438738
FR,G,2019,138412.2,3165.9,3590.4,22560.0,218378.5,50313.9,431014.6,10.330687315830083,False,63.3817889581621,43719.700559082725,50.66614912812698,6283.422459893048,60822.88881461675,3575.5,0.4167249335757184,11.673363268900868
FR,G,2020,131906.2,3198.5,3625.0,21203.6,210359.2,51448.6,415795.0,10.079711274809942,False,62.705220403956666,41240.018758793194,50.59204656140647,5849.268965517241,58030.12413793104,3590.4,0.9636809269162105,12.373549465481789
FR,H,2013,60996.1,1313.9,1372.8,23198.0,82743.1,2927.1,190595.3,28.036174617581405,False,73.7174459260047,46423.70043382297,43.4129802781076,16898.310023310023,60273.23717948718,1382.4,-0.6944444444444531,1.5357671464091718
FR,H,2014,61431.1,1317.9,1377.7,23133.6,86055.0,6272.7,195030.7,26.882342687815928,False,71.38585788158736,46612.86895819106,44.12382255716663,16791.464034259996,62462.800319372865,1372.8,0.3569347319347438,3.216262875537031
FR,H,2015,62017.6,1316.7,1377.8,24145.7,88809.6,7690.8,198627.8,27.18816434259359,False,69.83209022448023,47100.78225867699,44.711566054701315,17524.822180287414,64457.54100740311,1377.7,0.007258474268700965,3.8719655556775034
FR,H,2016,63213.5,1334.3,1398.3,22166.3,88938.3,5421.3,198857.0,24.923233297690643,False,71.07567830732091,47375.77756126808,44.72475195743675,15852.320675105486,63604.591289422875,1377.8,1.4878792277543962,2.7262304067747176
FR,H,2017,64493.2,1346.0,1415.3,22181.6,92003.6,7895.5,209888.0,24.109491367729085,False,70.09856136064239,47914.71025260029,43.83461655740204,15672.71956475659,65006.42973221225,1398.3,1.2157619967102962,3.7617681811251718
FR,H,2018,65106.1,1363.7,1442.8,22670.5,89864.7,3723.1,217330.8,25.227369590061503,False,72.44902614708556,47742.245361883106,41.349270328917946,15712.850013861935,62284.932076517885,1415.3,1.9430509432629028,1.7131027907687268
FR,H,2019,64946.5,1379.3,1467.8,23676.2,95511.2,7651.5,226958.0,24.788925277873172,False,67.99883155064536,47086.56564924237,42.08320482203756,16130.399236953263,65070.99059817413,1442.8,1.7327418907679526,3.371328615867253
FR,H,2020,60027.2,1383.5,1485.6,22553.7,84929.2,3608.9,200087.3,26.555884195306213,False,70.67910683251462,43387.92916516082,42.44607228944566,15181.542810985462,57168.28217555197,1467.8,1.2126992778307644,1.803662701230913
FR,I,2013,30503.4,985.3,1148.2,5761.7,41568.7,5756.9,92811.9,13.860669205435821,False,73.38069268464014,30958.4898000609,44.788114455150684,5018.028218080473,36203.36178366138,1147.1,0.09589399354896777,6.202760637375164
FR,I,2014,30971.4,998.8,1164.5,5275.9,41287.3,4917.7,94990.0,12.778505739052928,False,75.01435065988815,31008.61033239888,43.46489104116223,4530.613997423787,35454.95920996136,1148.2,1.419613307786105,5.177071270660069
FR,I,2015,31296.4,1003.4,1168.3,6029.4,42281.2,5589.2,95999.5,14.260238593038988,False,74.01965885547241,31190.352800478377,44.043146058052386,5160.831978087819,36190.36206453821,1164.5,0.32632030914554466,5.822113656841962
FR,I,2016,32838.9,1025.6,1188.4,6479.8,44139.6,5763.5,98738.8,14.680241778357756,False,74.39781964494469,32019.208268330734,44.703399271613584,5452.541231908448,37142.03971726691,1168.3,1.7204485149362458,5.83711772879557
FR,I,2017,33797.1,1055.9,1217.5,6982.3,44754.3,5337.3,102270.6,15.601405898427636,False,75.51698942894872,32007.860592859168,43.760670221940615,5734.948665297741,36759.178644763866,1188.4,2.448670481319404,5.218801884412529
FR,I,2018,36159.5,1099.4,1260.4,7202.0,46991.7,4459.5,108534.2,15.326110781265628,False,76.94869519510893,32890.2128433691,43.29667514939991,5714.05902887972,37283.16407489685,1217.5,3.5236139630390184,4.108843111203657
FR,I,2019,36596.9,1137.0,1302.9,7537.2,51037.4,6347.8,115331.2,14.767993667389012,False,71.70604301943281,32187.247141600707,44.25289947559724,5784.941284826156,39172.1544247448,1260.4,3.3719454141542426,5.503974639993341
FR,I,2020,26737.7,1075.4,1243.2,6704.3,28812.9,1016.1,77672.7,23.26839714155812,False,92.79767048787176,24863.027710619303,37.09527285648626,5392.776705276705,23176.399613899615,1302.9,-4.582086115588302,1.3081816391087215
FR,J,2013,58421.3,796.0,859.9,23222.2,94506.3,12904.5,181952.3,24.572118472525112,False,61.81736032412653,73393.59296482413,51.94015134735862,27005.698337015932,109903.82602628213,855.1,0.5613378552216108,7.092243406651084
FR,J,2014,60209.6,796.1,861.3,24231.5,94762.0,10999.8,181990.8,25.57090394884025,False,63.537704987231166,75630.69966084661,52.06966505999204,28133.635202600723,110022.05967723209,859.9,0.16280962902663898,6.044151682392736
FR,J,2015,62426.7,814.3,878.8,24440.4,97967.4,11277.8,187930.4,24.947482529902807,False,63.72191157466668,76663.02345572885,52.12961819907795,27811.10605370961,111478.60719162495,861.3,2.031812376639963,6.001051453091144
FR,J,2016,65125.1,836.1,900.4,26766.2,101623.7,11271.4,195628.3,26.338541108028934,False,64.08455901526906,77891.52015309173,51.947340952203746,29727.01021768103,112865.05997334518,878.8,2.457897132453346,5.761640825995012
FR,J,2017,68810.1,847.4,912.6,28137.6,106844.2,11833.6,205404.4,26.335168404087444,False,64.40227920654561,81201.43969789946,52.016509870285155,30832.347140039445,117076.70392285776,900.4,1.3549533540648584,5.761122936022792
FR,J,2018,73363.8,881.5,949.1,30234.6,112243.7,11121.9,215175.5,26.936567486638445,False,65.36117394562011,83226.09188882586,52.16379188151067,31856.074175534715,118263.30207565062,912.6,3.999561691869391,5.168757595544102
FR,J,2019,75878.0,909.3,980.8,31545.1,117186.4,10786.8,227614.1,26.918738010554126,False,64.74983445177939,83446.60728032552,51.48468394532676,32162.622349102778,119480.42414355627,949.1,3.3400063217785103,4.739073721707046
FR,J,2020,75734.0,942.3,1019.8,31815.4,115434.5,8849.5,228245.6,27.561430941356356,False,65.60776890790882,80371.43160352329,50.574687967697955,31197.685820749168,113193.27319082172,980.8,3.976345840130513,3.8771831746154146
FR,L,2013,17206.2,325.4,364.8,153460.2,262301.8,132289.0,317643.4,58.50520278549366,False,6.559695739792865,52877.07437000615,82.57744376240778,420669.40789473685,719029.0570175438,361.2,0.9966777408637828,41.6470167489707
FR,L,2014,16907.8,314.0,353.3,152070.4,266766.0,133863.9,322689.4,57.005165575823,False,6.338064071133502,53846.49681528662,82.66958877484043,430428.5309934899,755069.3461647325,364.8,-3.152412280701755,41.48382314386527
FR,L,2015,16875.9,306.0,345.0,151211.2,272056.9,137419.0,329660.7,55.58072594372722,False,6.2030773709470335,55150.00000000001,82.52633692763499,438293.3333333334,788570.7246376813,353.3,-2.3492782337956486,41.684980951626926
FR,L,2016,17566.8,314.0,353.3,155630.7,278972.7,140566.1,336933.3,55.78707163819255,False,6.296960240195546,55945.22292993631,82.79760415488764,440505.8024341919,789619.8697990377,345.0,2.4057971014492807,41.719266098067486
FR,L,2017,18459.7,325.4,366.0,166703.6,286281.3,141403.5,345123.3,58.230698267752736,False,6.44809842626815,56729.25629993854,82.95044119014857,455474.31693989073,782189.344262295,353.3,3.5946787432776572,40.97187874594384
FR,L,2018,18936.1,329.1,371.7,172920.9,292014.8,141922.5,351672.9,59.216484917887726,False,6.484637080038409,57539.04588271041,83.03591206487619,465216.3034705408,785619.5856873823,366.0,1.5573770491803307,40.35639368287974
FR,L,2019,18925.4,327.9,373.0,182067.8,300545.4,144665.9,360676.5,60.579133801415686,False,6.2970186866942575,57716.98688624581,83.32824567167532,488117.4262734584,805751.742627346,371.7,0.34974441754103136,40.10959959964123
FR,L,2020,18205.4,332.7,382.4,173251.6,303856.6,144626.1,362446.5,57.01755367499012,False,5.991444648561197,54720.16831980764,83.83488321724722,453063.8075313808,794604.0794979079,373.0,2.5201072386058954,39.90274426708494
FR,M,2013,99554.3,1478.4,1778.5,33588.6,152816.6,21696.4,278357.7,21.97968021798679,False,65.14626028847651,67339.21807359307,54.89936150499878,18885.915096991845,85924.43070002811,1747.0,1.8030910131654254,7.79443140965743
FR,M,2014,103035.7,1510.7,1818.7,33826.4,155743.3,20853.5,286983.3,21.71932917820542,False,66.15738847192785,68203.94519097106,54.26911600779557,18599.219222521584,85634.40919337988,1778.5,2.2603317402305256,7.266450695911574
FR,M,2015,105823.5,1523.2,1832.1,35075.7,160030.6,21502.6,298072.9,21.91812065942388,False,66.12704070346545,69474.46165966387,53.68840978163395,19145.07941706239,87348.17968451504,1818.7,0.7367900148457673,7.213872847883855
FR,M,2016,109015.2,1567.3,1878.6,36263.4,164070.5,21275.4,306340.3,22.102327962674583,False,66.44412005814574,69556.05180884323,53.558248784113616,19303.417438518045,87336.58043223678,1832.1,2.538071065989844,6.945021598529479
FR,M,2017,114082.1,1593.1,1911.9,37796.6,170237.5,21508.6,318629.9,22.202276231735073,False,67.01349585138409,71610.13119076016,53.42797395975707,19769.130184633086,89041.00632878288,1878.6,1.772596614500177,6.7503395004674696
FR,M,2018,118523.3,1610.6,1941.3,39429.9,176116.9,20807.2,329764.9,22.38848174138882,False,67.29808439735199,73589.53185148393,53.40680587897619,20311.08020398702,90721.11471694225,1911.9,1.5377373293582242,6.309707309662126
FR,M,2019,122140.1,1656.9,2005.2,41804.6,185584.3,21648.5,348069.8,22.525935652962023,False,65.81381075877648,73716.03597078883,53.318127570964215,20848.094953121883,92551.51605824856,1941.3,3.2916087158090024,6.219585841690374
FR,M,2020,117929.9,1679.4,2043.8,41995.4,177320.0,17475.5,334598.8,23.683397247913376,False,66.50682382133995,70221.44813623914,52.99481050141244,20547.70525491731,86759.95694294941,2005.2,1.9249950129662796,5.222822078262086
FR,N,2013,68289.7,1861.8,1954.1,16628.4,99036.6,11708.5,184445.2,16.79015636643423,False,68.95400286358779,36679.396283166825,53.69432221602948,8509.49286116371,50681.43902563841,1946.9,0.36981868611638546,6.347955924035974
FR,N,2014,70172.9,1888.2,1982.7,16730.3,101228.4,12479.2,188574.7,16.527278905919683,False,69.32135645727878,37163.91272111004,53.68079599225134,8438.139910223432,51055.832955061276,1954.1,1.4635893761834273,6.617642769682252
FR,N,2015,72784.5,1916.3,2011.9,19110.2,104566.5,13004.3,193318.1,18.27564277278096,False,69.6059445424682,37981.78782027866,54.09038263876999,9498.583428599832,51974.004672200404,1982.7,1.4727391940283496,6.726892101670769
FR,N,2016,76930.9,2011.4,2108.4,21014.4,109700.2,13330.1,199501.1,19.15620937792274,False,70.12831334856273,38247.43959431242,54.98726573437439,9966.989186112693,52030.070195408836,2011.9,4.796461056712564,6.681717544414542
FR,N,2017,81503.9,2159.7,2260.1,23776.6,115393.9,13732.8,207188.5,20.604728672832792,False,70.63102988979487,37738.52849932861,55.695127866652825,10520.15397548781,51056.98862882173,2108.4,7.195029406184772,6.628167103869181
FR,N,2018,85771.4,2255.8,2361.8,25518.2,121447.9,13720.4,223145.6,21.011643676012515,False,70.62402890457554,38022.60838726837,54.42540655070053,10804.555847235159,51421.75459395376,2260.1,4.499800893765782,6.1486312076061544
FR,N,2019,85515.6,2280.9,2393.8,26058.6,125806.9,14703.4,234440.7,20.713172329975542,False,67.97369619631355,37492.04261475733,53.66256797561174,10885.871835575233,52555.30954966997,2361.8,1.3548988059954192,6.271692585801015
FR,N,2020,76714.9,2119.1,2242.0,21396.5,116013.0,15103.3,212062.8,18.443191711273737,False,66.12612379647108,36201.64220659714,54.7069075764349,9543.487957181089,51745.31668153434,2393.8,-6.341381903250065,7.122088362503938
HU,B,2013,77.7,4.79,4.83,45.1,193.2,26.6,386.8,23.343685300207042,False,40.217391304347835,16221.294363256786,49.9482936918304,9337.474120082816,40000.0,7.2,-32.91666666666667,6.876938986556361
HU,B,2014,77.5,6.19,6.23,54.7,180.1,21.6,386.3,30.37201554691838,False,43.03164908384231,12520.193861066235,46.62179653119337,8780.096308186196,28908.50722311396,4.83,28.98550724637683,5.5915091897488995
HU,B,2015,73.7,6.02,6.04,77.7,152.7,-0.5,330.9,50.884086444007856,False,48.264571054354946,12242.524916943523,46.14687216681777,12864.238410596026,25281.456953642384,6.23,-3.049759229534521,-0.1511030522816561
HU,B,2016,64.3,6.01,6.03,55.0,143.0,0.5,281.9,38.46153846153847,False,44.96503496503496,10698.835274542429,50.72720822986875,9121.06135986733,23714.759535655056,6.04,-0.16556291390728006,0.17736786094359702
HU,B,2017,69.4,6.22,6.25,94.4,210.3,58.5,389.2,44.88825487398954,False,33.000475511174514,11157.556270096464,54.03391572456321,15104.000000000002,33648.0,6.03,3.6484245439469376,15.030832476875645
HU,B,2018,79.3,8.55,8.58,198.5,323.7,158.5,619.1,61.32221192462156,False,24.497991967871485,9274.85380116959,52.28557583589081,23135.198135198134,37727.27272727273,6.25,37.28,25.60167985785818
HU,B,2019,96.1,7.68,7.7,175.8,452.0,264.5,795.3,38.89380530973451,False,21.261061946902654,12513.020833333334,56.83389915755062,22831.16883116883,58701.2987012987,8.58,-10.256410256410254,33.257890104363135
HU,B,2020,88.2,7.34,7.36,95.3,299.0,119.8,577.4,31.872909698996654,False,29.498327759197323,12016.348773841963,51.78385867682715,12948.36956521739,40625.0,7.7,-4.4155844155844175,20.748181503290613
HU,C,2013,9034.2,757.98,778.42,6441.2,19120.9,5672.5,81641.3,33.68669884785758,False,47.24777599380782,11918.784136784612,23.42062167064954,8274.710310629225,24563.731661570877,799.37,-2.620813890939122,6.94807652499409
HU,C,2014,9211.3,771.31,792.08,6534.7,20654.0,6967.9,85266.3,31.638907717633387,False,44.598140795971716,11942.409666670988,24.222934500500195,8250.050499949499,26075.648924351073,778.42,1.75483672053649,8.171927244409574
HU,C,2015,9805.1,768.56,789.74,5923.9,22805.2,8280.1,90355.1,25.97609317173276,False,42.995018679950185,12757.7547621526,25.239527154526968,7501.076303593587,28876.845544103122,792.08,-0.2954247045752978,9.163954220625067
HU,C,2016,10522.5,801.54,822.65,7196.0,22802.8,7405.6,91843.7,31.557528022874386,False,46.145648779974394,13127.85388127854,24.827832502392653,8747.340910472256,27718.71391235641,789.74,4.167194266467433,8.063264001776933
HU,C,2017,11625.4,836.59,859.62,7828.1,24303.8,7430.1,97360.2,32.209366436524334,False,47.83367210065916,13896.173752973378,24.962767126608203,9106.465647611734,28272.72515762779,822.65,4.494013249863249,7.631557864507263
HU,C,2018,12516.7,855.74,879.75,8872.3,25134.6,7083.5,101840.4,35.29914937973948,False,49.798683885958006,14626.755790310142,24.680382245160075,10085.024154589371,28570.16197783461,859.62,2.3417323933831113,6.955491141040294
HU,C,2019,13469.0,856.16,881.98,10313.2,25534.1,6036.0,107483.3,40.38990996353896,False,52.74906889218731,15731.872547187442,23.756341682847474,11693.235674278329,28950.883239982766,879.75,0.2534811025859618,5.615756122113854
HU,C,2020,12563.5,828.59,854.77,8982.4,24003.0,5228.1,99242.6,37.42198891805191,False,52.341373994917305,15162.504978336692,24.1861861740825,10508.557857669315,28081.23822782737,881.98,-3.08510397061158,5.267999830717858
HU,D,2013,657.6,32.34,32.34,553.1,1880.5,335.5,5051.1,29.41239032172295,False,34.969423025791016,20333.95176252319,37.22951436320801,17102.65924551639,58147.804576375995,36.92,-12.405200433369446,6.642117558551602
HU,D,2014,654.4,31.38,31.38,530.5,1879.8,361.7,4555.5,28.221087349718054,False,34.812214065326096,20854.047163798597,41.2644056634837,16905.672402804335,59904.39770554493,32.34,-2.9684601113172726,7.93985292503567
HU,D,2015,653.4,29.67,29.67,657.7,1928.1,390.5,4555.6,34.11130128105389,False,33.88828380270733,22022.24469160768,42.32373342699095,22167.17222783957,64984.83316481294,31.38,-5.4493307839388105,8.571867591535693
HU,D,2016,681.1,28.6,28.6,725.3,2229.6,673.6,4748.8,32.53049874416936,False,30.548080373161106,23814.685314685314,46.950808625336926,25360.139860139858,77958.04195804194,29.67,-3.606336366700369,14.184636118598382
HU,D,2017,712.5,30.49,30.49,762.8,1889.3,250.3,4600.9,40.37474196792463,False,37.7123802466522,23368.31748114136,41.06370492729683,25018.038701213514,61964.57855034438,28.6,6.608391608391595,5.440239953052664
HU,D,2018,722.0,28.36,28.36,1120.4,1839.1,244.3,4576.6,60.92110271328368,False,39.258332880213146,25458.392101551482,40.18485338460865,39506.34696755995,64848.37799717913,30.49,-6.9858970154148885,5.338023860507801
HU,D,2019,754.4,29.48,29.48,1549.5,2129.7,412.7,4970.2,72.7567262994788,False,35.42282950650327,25590.23066485753,42.849382318618964,52561.058344640434,72242.19810040705,28.36,3.949224259520445,8.303488793207517
HU,D,2020,673.2,23.96,23.96,1274.4,1935.7,349.3,4442.3,65.83664824094643,False,34.77811644366379,28096.828046744577,43.57427458748847,53188.64774624374,80788.81469115191,29.48,-18.72455902306649,7.863043918690768
HU,E,2013,602.4,46.02,46.49,472.1,923.3,-51.3,2070.1,51.13180981262862,False,65.24423264377775,13089.960886571054,44.60171006231583,10154.872015487203,19860.184986018496,46.47,0.04303851947493609,-2.4781411526013235
HU,E,2014,578.6,48.16,48.65,499.3,841.6,-135.0,2010.7,59.327471482889734,False,68.75,12014.119601328906,41.8560700253643,10263.103802672149,17299.07502569373,46.49,4.646160464616034,-6.714079673745461
HU,E,2015,591.9,47.0,47.57,686.8,895.7,-98.7,2052.6,76.67745897063747,False,66.08239365859104,12593.617021276596,43.63733801032837,14437.670800924952,18829.093966785793,48.65,-2.2199383350462454,-4.808535515931014
HU,E,2016,623.9,46.08,46.62,242.6,971.5,-90.9,2191.1,24.97169325784869,False,64.22027792074113,13539.49652777778,44.33846013417918,5203.775203775204,20838.69583869584,47.57,-1.9970569686777462,-4.148601159235088
HU,E,2017,665.5,47.44,48.42,232.3,1020.3,-111.6,2378.5,22.767813388219153,False,65.22591394687836,14028.24620573356,42.89678368719781,4797.604295745559,21071.871127633207,46.62,3.8610038610038755,-4.692032793777591
HU,E,2018,704.5,48.44,49.42,278.5,980.8,-203.4,2290.9,28.395187601957588,False,71.82911908646004,14543.765483071842,42.81286830503295,5635.370295426952,19846.216106839336,48.42,2.0652622883106098,-8.878606661137544
HU,E,2019,746.9,49.45,50.45,442.8,1010.2,-231.7,2371.0,43.832904375371214,False,73.93585428627993,15104.145601617794,42.60649514972585,8777.006937561942,20023.78592666006,49.42,2.0841764467826707,-9.772247996625897
HU,E,2020,699.4,48.72,49.69,377.0,923.1,-230.6,2227.6,40.8406456505254,False,75.76643917235401,14355.500821018062,41.439217094631,7587.039645803985,18577.1785067418,50.45,-1.5064420218037777,-10.351948285149938
HU,F,2013,1972.8,225.64,257.84,391.9,3492.2,1081.8,8853.7,11.222152224958478,False,56.491609873432225,8743.130650593868,39.44339654607678,1519.934843313683,13544.05833074775,266.04,-3.0822432716884895,12.218620463760912
HU,F,2014,1851.4,234.33,266.36,468.5,3761.1,1473.1,9862.6,12.456462205205925,False,49.22496078274973,7900.823624802629,38.13497455032142,1758.897732392251,14120.36341793062,257.84,3.3043748060813005,14.936223713827996
HU,F,2015,1875.6,230.34,262.85,445.6,4006.2,1674.4,10396.6,11.122759722430233,False,46.817432978882735,8142.7455066423545,38.53375141873304,1695.2634582461478,15241.392429142094,266.36,-1.3177654302447772,16.10526518284824
HU,F,2016,1829.6,247.78,280.55,401.9,3530.2,1247.0,9401.9,11.384624100617529,False,51.827091949464624,7383.969650496408,37.5477297142067,1432.5432186775975,12583.14026020317,262.85,6.733878638006452,13.263276571756775
HU,F,2017,2110.4,271.34,305.58,792.6,4591.5,1979.7,12175.4,17.26233257105521,False,45.963192856365026,7777.695879708117,37.711286692839664,2593.7561358727667,15025.525230708818,280.55,8.921760826947068,16.25983540581829
HU,F,2018,2295.1,298.47,338.02,791.1,5836.2,2980.8,15600.3,13.555052945409685,False,39.32524587916795,7689.550038529834,37.4108190227111,2340.3940595231056,17265.842257854565,305.58,10.615878002487067,19.107324859137325
HU,F,2019,2736.3,313.05,358.22,1003.0,7192.7,3812.0,18961.0,13.944693925785867,False,38.04273777580047,8740.776233828463,37.93418068667264,2799.955334710513,20079.001730779964,338.02,5.9759777527957025,20.104424872105902
HU,F,2020,2697.4,319.99,371.54,1085.3,6698.0,3323.6,18473.4,16.203344281875186,False,40.27172290235892,8429.63842620082,36.2575378652549,2921.085212897669,18027.668622490175,358.22,3.718385349785036,17.991273939826993
HU,G,2013,5411.9,534.86,589.95,1415.6,9084.6,2361.3,18900.1,15.58241419545164,False,59.572243136736894,10118.348726769622,48.066412347024624,2399.5253835070766,15398.932112890921,571.78,3.177795655671778,12.493584690028097
HU,G,2014,5355.6,564.37,619.37,1359.1,9551.6,2892.8,19459.5,14.229029691360608,False,56.07018719376858,9489.519286992578,49.08450885171767,2194.326493049389,15421.476661769217,589.95,4.986863293499444,14.86574680747193
HU,G,2015,5356.3,577.14,631.69,1321.4,9865.4,3160.7,20084.4,13.39428710442557,False,54.29379447361487,9280.763766157259,49.1197148035291,2091.8488499105574,15617.470594753755,619.37,1.989117974716259,15.737089482384336
HU,G,2016,5574.6,576.37,629.29,1545.8,10092.0,3133.7,20920.6,15.3170828378914,False,55.237812128418554,9671.912139771328,48.239534238979765,2456.4191390297,16037.121200082634,631.69,-0.37993319507988454,14.979015898205597
HU,G,2017,6079.9,591.12,643.57,1588.4,11078.4,3485.7,22603.9,14.33781051415367,False,54.880668688619295,10285.390445256462,49.01101137414339,2468.107587364234,17213.978277421258,629.29,2.269224046147267,15.420790217617311
HU,G,2018,6392.1,594.13,642.37,1788.2,12224.8,4238.7,24343.8,14.627642170015054,False,52.28797199136183,10758.756501102454,50.21730378987668,2783.753911297227,19030.776655198715,643.57,-0.18645990335162121,17.41182559830429
HU,G,2019,7037.3,603.02,652.4,2402.7,12697.3,3942.8,25897.9,18.92292062091941,False,55.42359399242359,11670.093860900137,49.02829959185879,3682.8632740649905,19462.44635193133,642.37,1.561405420552009,15.224400434012026
HU,G,2020,6515.2,589.29,638.63,1951.3,12649.3,4385.0,24983.7,15.426150063639884,False,51.50640746918802,11056.016562303788,50.630210897505165,3055.446815840158,19806.930460517044,652.4,-2.1106683016554273,17.551443541188856
HU,H,2013,3032.9,237.97,253.19,2128.0,5631.7,1298.4,12024.6,37.786103663192286,False,53.85407603387965,12744.883808883475,46.83482194833923,8404.75532209013,22242.979580552157,260.4,-2.768817204301066,10.797864378025048
HU,H,2014,3102.9,239.65,254.7,2663.5,5874.9,1392.1,12585.3,45.336941905394134,False,52.81621814839402,12947.631963279782,46.68065123596577,10457.400863761288,23065.959952885747,253.19,0.5963900627986796,11.06131756890976
HU,H,2015,3201.0,240.95,255.34,2494.1,6165.7,1545.8,12935.0,40.45120586470311,False,51.916246330505864,13284.913882548248,47.666795516041745,9767.760632881647,24147.019660061094,254.7,0.25127601099332875,11.950521839969076
HU,H,2016,3399.0,251.17,265.75,2455.9,6526.3,1669.6,13444.1,37.63081684875044,False,52.08157761672004,13532.667117888284,48.5439709612395,9241.392285983067,24558.04327375353,255.34,4.076917051774109,12.418830565080592
HU,H,2017,3703.6,259.18,274.07,2772.2,6653.0,1396.5,14160.0,41.66842026153615,False,55.66811964527281,14289.682845898602,46.98446327683616,10114.934140912905,24274.82030138286,265.75,3.130761994355602,9.862288135593221
HU,H,2018,3889.6,260.0,275.44,2909.1,6993.2,1401.5,15599.4,41.59898186810044,False,55.6197448950409,14959.999999999998,44.829929356257296,10561.646819634041,25389.195469067672,274.07,0.49987229539898426,8.984319909740119
HU,H,2019,3944.7,261.23,277.32,2830.5,7598.0,1760.8,16516.3,37.25322453277178,False,51.9176098973414,15100.486161620025,46.00303942166224,10206.620510601471,27397.951824606953,275.44,0.6825442927679282,10.660983392164104
HU,H,2020,3920.6,246.94,263.96,2683.2,6763.8,852.0,14310.2,39.67000798367781,False,57.96445784913805,15876.731189762695,47.26558678425179,10165.17654190029,25624.337020760722,277.32,-4.817539304774277,5.953795195035708
HU,I,2013,885.3,152.79,165.32,169.7,1281.4,219.4,3796.8,13.243327610426094,False,69.08849695645387,5794.227370901237,33.749473240623686,1026.494072102589,7751.028308734576,168.58,-1.933799976272399,5.778550358196376
HU,I,2014,959.0,141.55,153.92,183.3,1484.6,360.1,4002.6,12.346760070052541,False,64.59652431631416,6774.991169198163,37.090890920901415,1190.8783783783786,9645.27027027027,165.32,-6.895717396564239,8.996652176085545
HU,I,2015,987.8,150.66,163.12,209.0,1563.1,392.9,4354.8,13.370865587614356,False,63.19493314567206,6556.484800212399,35.89372646275374,1281.265326140265,9582.515939185874,153.92,5.9771309771309955,9.022228345733442
HU,I,2016,1005.0,179.12,193.56,188.9,1617.6,424.1,4634.1,11.677794263105836,False,62.12908011869437,5610.763733809736,34.90645432770117,975.9247778466626,8357.098574085554,163.12,18.661108386463955,9.15172309617833
HU,I,2017,1200.4,166.1,177.6,226.4,1949.7,561.7,5194.4,11.612042878391547,False,61.568446427655545,7226.971703792897,37.53465270291083,1274.7747747747749,10978.04054054054,193.56,-8.245505269683829,10.813568458339752
HU,I,2018,1252.7,168.36,180.21,269.9,2197.6,733.8,5648.6,12.281579905351292,False,57.00309428467419,7440.603468757425,38.90521545161633,1497.6971311247987,12194.661783474834,177.6,1.469594594594592,12.99082958609213
HU,I,2019,1415.9,173.72,184.39,435.1,2463.3,818.5,6195.8,17.663297202939145,False,57.47980351560914,8150.4720239465805,39.75757771393525,2359.6724334291453,13359.184337545421,180.21,2.3195161200821213,13.210561993608575
HU,I,2020,1114.4,152.95,163.42,302.9,1482.3,170.9,4207.2,20.434459960871617,False,75.18046279430615,7286.041189931351,35.232458642327444,1853.5063027781177,9070.493207685719,184.39,-11.372634090785837,4.062084046396654
HU,J,2013,2318.4,106.72,113.76,1128.5,4533.3,823.6,7959.9,24.89356539386319,False,51.141552511415526,21724.137931034486,56.95172049900125,9920.007032348805,39849.68354430379,105.21,8.126603934987187,10.346863654066006
HU,J,2014,2403.1,114.53,122.31,1164.1,4626.5,906.8,7959.0,25.161569220793258,False,51.94207284124067,20982.27538636165,58.12916195501947,9517.61916441828,37826.015861335945,113.76,7.515822784810133,11.393391129538886
HU,J,2015,2421.7,118.52,127.45,1603.9,4614.1,845.1,8109.0,34.76084176762532,False,52.4847749290219,20432.838339520757,56.90097422616846,12584.542958022756,36203.21694782267,122.31,4.202436432017009,10.42175360710322
HU,J,2016,2583.9,123.19,133.8,1219.8,4810.7,891.6,8667.2,25.355977300600745,False,53.71151807429273,20974.91679519442,55.50466125161528,9116.59192825112,35954.409566517184,127.45,4.982346018046302,10.287059257891821
HU,J,2017,2727.3,125.57,139.14,1290.4,5253.0,1226.5,9528.2,24.5650104702075,False,51.91890348372359,21719.35971967827,55.13108457001322,9274.112404772173,37753.34195774041,133.8,3.991031390134503,12.872315862387437
HU,J,2018,2848.8,127.57,144.96,1297.2,5647.1,1480.3,9971.1,22.97108250252342,False,50.447132156328024,22331.269107156855,56.63467420846246,8948.675496688742,38956.26379690949,139.14,4.182837429926711,14.845904664480347
HU,J,2019,3113.0,132.76,153.35,1473.3,6133.8,1672.4,10691.4,24.01936809155825,False,50.75157324986142,23448.327809581202,57.37134519333297,9607.433974567983,39998.69579393545,144.96,5.787803532008828,15.642479001814543
HU,J,2020,3057.6,140.9,163.03,1417.6,6079.5,1732.3,9976.9,23.317707048276993,False,50.29360967184802,21700.496806245563,60.93576160931753,8695.332147457522,37290.68269643623,153.35,6.312357352461695,17.363108781284765
HU,L,2013,663.5,65.13,66.92,2378.8,7663.4,4299.8,10700.1,31.041052274447377,False,8.658036902680273,10187.317672347612,71.61989140288408,35546.92169754932,114515.83980872683,68.24,-1.934349355216869,40.18467117129747
HU,L,2014,628.4,64.27,66.18,2656.5,7610.5,4345.9,10653.2,34.90572235726957,False,8.257013336837264,9777.50116695192,71.43862876882064,40140.525838621936,114996.97793895435,66.92,-1.1057979677226437,40.794315323095404
HU,L,2015,586.1,63.63,65.69,2987.6,7992.9,4719.8,11227.8,37.37817312865168,False,7.332757822567529,9211.06396353921,71.18847859776626,45480.2861927234,121676.05419394124,66.18,-0.7404049561801296,42.036730258821855
HU,L,2016,605.3,65.15,67.76,3185.9,8783.5,5426.8,12113.9,36.27141799965845,False,6.891330335287756,9290.867229470452,72.5076152188808,47017.41440377804,129626.62337662338,65.69,3.1511645608159666,44.79812446858568
HU,L,2017,615.3,68.23,71.23,4213.6,9782.0,6207.9,13410.4,43.07503578000409,False,6.290124718871396,9018.027260735746,72.94338722185768,59154.85048434648,137329.77677944687,67.76,5.121015348288083,46.29168406609796
HU,L,2018,637.0,72.75,75.17,5277.7,10902.6,7099.8,15021.4,48.40771925962614,False,5.8426430392750355,8756.013745704468,72.58045188863888,70210.19023546627,145039.24437940668,71.23,5.531377228695766,47.26456921458719
HU,L,2019,698.9,73.38,75.63,5974.1,12511.4,8389.9,17163.0,47.749252681554424,False,5.586105471809709,9524.393567729627,72.89751208996095,78991.14108158139,165429.06254131958,75.17,0.6119462551549715,48.88364505039911
HU,L,2020,634.8,72.58,75.09,7155.0,12220.5,8169.2,16583.0,58.549159199705414,False,5.194550141156253,8746.211077431799,73.69293855152867,95285.65721134638,162744.70635237714,75.63,-0.7140023800079276,49.262497738648015
HU,M,2013,2974.6,155.65,178.39,687.7,4873.7,1227.7,7792.3,14.110429447852763,False,61.03371155385025,19110.825570189525,62.545076549927494,3855.0367173047825,27320.47760524693,137.94,29.324343917645336,15.7552968956534
HU,M,2014,2881.3,187.36,210.78,692.7,4960.5,1397.8,7993.2,13.964318113093437,False,58.08487047676646,15378.415883859949,62.05900015012761,3286.364930259038,23534.016510105324,178.39,18.15684735691463,17.487364259620676
HU,M,2015,3033.9,201.12,223.39,896.6,5395.0,1608.4,8687.5,16.619091751621873,False,56.235403151065796,15085.023866348449,62.10071942446043,4013.60848739872,24150.588656609518,210.78,5.982541038049138,18.513956834532376
HU,M,2016,3240.7,218.27,242.06,618.7,5786.6,1767.6,9220.7,10.691943455569765,False,56.003525386237165,14847.207586933611,62.756623683668266,2555.9778567297362,23905.6432289515,223.39,8.35758091230585,19.16991117811012
HU,M,2017,3546.8,232.39,258.95,1006.6,6504.2,2092.9,10303.7,15.476153869807202,False,54.53091848344147,15262.274624553553,63.12489688170268,3887.236918324001,25117.59026839158,242.06,6.977608857308093,20.312120888612828
HU,M,2018,3660.1,235.83,265.21,1230.0,7114.5,2537.2,11348.3,17.28863588446131,False,51.44563918757466,15520.0780223042,62.69220940581409,4637.834169148977,26825.911541797068,258.95,2.4174551071635353,22.357533727518657
HU,M,2019,4080.6,234.54,266.37,1633.8,7810.2,2688.8,12664.0,20.918798494276718,False,52.247061534915886,17398.311588641598,61.67245735944409,6133.573600630702,29320.86946728235,265.21,0.43738923871650126,21.231838281743524
HU,M,2020,3882.8,234.82,268.4,1259.5,7568.1,2617.9,12385.0,16.6422219579551,False,51.3048189109552,16535.218465207392,61.10698425514735,4692.622950819673,28197.09388971684,266.37,0.7620978338401363,21.137666532095277
HU,N,2013,1929.1,164.17,172.05,579.3,2896.7,596.4,4923.1,19.99861911830704,False,66.59647184727449,11750.62435280502,58.83894294245495,3367.044463818657,16836.38477186864,166.15,3.551008125188093,12.11431821413337
HU,N,2014,1973.1,210.45,217.98,611.7,3002.0,612.5,5177.7,20.376415722851434,False,65.72618254497002,9375.623663578046,57.97941170790119,2806.220754197633,13771.905679420131,172.05,26.695727986050557,11.82957683913707
HU,N,2015,2120.1,225.99,234.31,516.6,3262.3,686.3,5671.3,15.835453514391688,False,64.98789197805229,9381.388557015796,57.5229665156137,2204.7714566173017,13923.007980880031,217.98,7.491512982842474,12.101281893040396
HU,N,2016,2268.7,219.79,229.28,607.3,3489.6,730.7,6027.4,17.403140761118753,False,65.0131820265933,10322.125665407888,57.895610047449985,2648.726448011165,15219.818562456385,234.31,-2.1467286927574603,12.122971762285564
HU,N,2017,2577.5,221.44,232.91,900.2,4185.1,1028.6,6883.2,21.509641346682276,False,61.587536737473414,11639.721820809247,60.80166201766622,3865.0122364861963,17968.74329140011,229.28,1.583217027215622,14.943630869363087
HU,N,2018,2821.9,235.7,248.2,967.7,4448.0,1053.6,7602.2,21.755845323741006,False,63.4419964028777,11972.422571064915,58.50937886401305,3898.871877518131,17921.03142626914,232.91,6.56476750676227,13.859146036673595
HU,N,2019,3134.6,243.91,258.75,1201.9,4852.1,1110.0,8143.5,24.770717833515384,False,64.60295542136394,12851.461604690254,59.58248910173759,4645.024154589372,18752.077294685994,248.2,4.250604351329579,13.63050285503776
HU,N,2020,2643.3,214.13,229.89,782.9,3989.8,740.1,6486.6,19.6225374705499,False,66.25144117499624,12344.370242376128,61.508340270711926,3405.541780851712,17355.25686197747,258.75,-11.153623188405803,11.409675330681711
IT,B,2013,1126.8,20.7,23.0,1822.7,6302.9,2780.8,10464.6,28.918434371479794,False,17.877484967237304,54434.78260869565,60.230682491447354,79247.82608695653,274039.1304347826,24.1,-4.564315352697101,26.57339984328116
IT,B,2014,1130.1,20.7,22.7,2842.2,5344.0,1763.5,9980.6,53.18488023952096,False,21.14708083832335,54594.20289855072,53.54387511772839,125207.04845814977,235418.50220264317,23.0,-1.30434782608696,17.669278400096186
IT,B,2015,1179.2,20.0,21.9,2452.2,4085.7,441.6,8837.7,60.01909097584257,False,28.86163937636146,58960.0,46.230354051393455,111972.60273972603,186561.64383561644,22.7,-3.524229074889873,4.996775179062426
IT,B,2016,1165.3,19.3,21.2,1582.8,3452.0,-135.1,7651.2,45.851680185399765,False,33.75724217844728,60378.23834196891,45.11710581346717,74660.37735849056,162830.18867924527,21.9,-3.1963470319634646,-1.7657360936846507
IT,B,2017,1134.8,19.2,21.0,1256.4,3971.3,420.9,8568.2,31.636995442298492,False,28.575025810188098,59104.166666666664,46.349291566490045,59828.571428571435,189109.52380952382,21.2,-0.9433962264150941,4.912350318620013
IT,B,2018,1206.4,19.0,20.8,3122.1,4463.1,645.2,9330.8,69.95361968138737,False,27.030539311241064,63494.73684210527,47.83191151884083,150100.96153846153,214572.11538461538,21.0,-0.952380952380949,6.914733999228363
IT,B,2019,1243.3,18.9,20.6,3053.8,3695.6,-336.4,8634.0,82.63340188332072,False,33.64271025002706,65783.06878306878,42.80287236506833,148242.71844660194,179398.05825242717,20.8,-0.9615384615384581,-3.896224229789205
IT,B,2020,1142.7,18.6,19.9,1959.1,2691.4,-1239.9,7068.1,72.79111243219141,False,42.45745708553169,61435.483870967735,38.07812566319095,98447.23618090453,135246.2311557789,20.6,-3.398058252427194,-17.542196629928835
IT,C,2013,131050.4,3332.4,3877.3,49719.1,222565.6,30860.5,898785.2,22.339076658746905,False,58.881696003335634,39326.1313167687,24.762935571257742,12823.124339101953,57402.21288009697,3991.8,-2.868380179367702,3.433579013094564
IT,C,2014,131534.4,3277.4,3804.2,53054.3,225658.5,31650.1,902552.0,23.510880378979742,False,58.28914044895272,40133.7645694758,25.00227133727475,13946.243625466592,59318.253509279224,3877.3,-1.8853325767931417,3.506734238027282
IT,C,2015,134536.4,3253.8,3771.0,57325.6,236494.8,38559.8,907377.1,24.239687299678472,False,56.8876778686043,41347.470649701885,26.063562767894403,15201.69716255635,62714.08114558472,3804.2,-0.8727196256768766,4.2495892832208355
IT,C,2016,137680.2,3297.9,3806.1,61979.8,249329.6,51021.4,907724.4,24.85858077019335,False,55.22015837670297,41747.83953424907,27.467544113609815,16284.333044323588,65507.89522082973,3771.0,0.9307875894988049,5.620802966186654
IT,C,2017,141753.6,3334.7,3828.4,64251.3,257929.9,52716.2,966649.3,24.910372934661705,False,54.95818825192427,42508.65145290431,26.682882820067217,16782.807439139066,67372.76669104586,3806.1,0.585901579044168,5.453497974911894
IT,C,2018,146113.4,3382.4,3867.3,69805.0,265157.2,54168.1,1000336.4,26.32589271571732,False,55.10444370358414,43198.14333017975,26.506803111433314,18050.06076590903,68563.90763581826,3828.4,1.0160902726987775,5.414988397902945
IT,C,2019,149436.3,3418.1,3893.3,67345.2,266256.2,49266.8,991213.9,25.293382839535756,False,56.12500291073034,43719.112957491,26.86162895818955,17297.716590039297,68388.30811907636,3867.3,0.672303674398167,4.970349992065285
IT,C,2020,138478.9,3383.7,3812.5,60904.6,240676.8,38681.5,883618.0,25.30555500156226,False,57.537286518683985,40925.28888494843,27.237652469732392,15974.977049180328,63128.340983606555,3893.3,-2.07536023424858,4.377626983606038
IT,D,2013,5121.1,82.2,84.2,15026.2,20055.0,3778.8,78179.6,74.92495636998255,False,25.535277985539768,62300.48661800487,25.65247200036838,178458.43230403803,238182.89786223278,84.6,-0.47281323877067516,4.833485973322964
IT,D,2014,5201.5,82.1,84.2,12150.2,19310.1,4567.1,74664.9,62.92147632586057,False,26.936680804345915,63355.66382460414,25.8623529931735,144301.6627078385,229336.1045130641,84.2,0.0,6.116796513488936
IT,D,2015,5241.7,80.3,82.5,9519.5,17888.8,2935.5,75319.8,53.214860694959974,False,29.301574169312644,65276.463262764635,23.750461366068414,115387.87878787878,216833.93939393936,84.2,-2.019002375296919,3.8973815650068104
IT,D,2016,4987.5,79.4,81.5,11661.2,18623.8,5620.4,72843.8,62.61450402173564,False,26.780248928790044,62814.861460957174,25.566760657736143,143082.20858895706,228512.8834355828,82.5,-1.2121212121212088,7.715687539639611
IT,D,2017,5104.1,78.1,79.8,9765.9,18722.2,3607.7,74801.0,52.162139064853484,False,27.26228755167662,65353.39308578746,25.02934452747958,122379.6992481203,234614.03508771933,81.5,-2.0858895705521463,4.823063862782583
IT,D,2018,5059.8,77.4,79.5,10601.3,19609.5,4210.5,76389.3,54.062061755781635,False,25.802799663428445,65372.09302325582,25.67048002796203,133349.68553459118,246660.37735849057,79.8,-0.3759398496240518,5.511897608696506
IT,D,2019,5041.9,76.5,78.8,12009.9,22120.8,6043.9,81776.5,54.29234024085928,False,22.792575313731874,65907.18954248365,27.050313965503538,152409.89847715735,280720.8121827411,79.5,-0.8805031446540879,7.390754067488826
IT,D,2020,5140.6,75.5,77.8,11227.6,22419.3,7178.8,75395.6,50.080064944043755,False,22.929351050211206,68087.41721854305,29.7355548599653,144313.62467866324,288165.8097686375,78.8,-1.269035532994922,9.52151053907655
IT,E,2013,8188.3,197.7,205.9,3786.6,14176.7,782.3,38079.3,26.710024194629213,False,57.75885784420915,41417.804754678815,37.22941335581274,18390.480815930063,68852.35551238465,210.7,-2.2781205505457924,2.054397008348367
IT,E,2014,8275.7,197.5,205.6,3689.9,14763.9,1206.5,37977.2,24.992718726081865,False,56.05361726914976,41902.27848101267,38.875693837355044,17946.984435797665,71808.85214007781,205.9,-0.14570179698883967,3.1769061436862116
IT,E,2015,8440.1,200.0,208.3,4477.6,14829.8,1094.7,38315.2,30.19325951799755,False,56.91310739187313,42200.50000000001,38.704743809245414,21495.919347095536,71194.43110897743,205.6,1.3132295719844533,2.8570906585376044
IT,E,2016,8619.7,206.2,213.6,4789.1,15836.1,2028.9,39327.2,30.241663035722183,False,54.43069947777547,41802.618816682836,40.267550194267585,22420.880149812736,74139.04494382022,208.3,2.5444071051368145,5.159024797087004
IT,E,2017,8871.5,209.2,216.5,5569.2,16093.7,1654.7,41714.5,34.60484537427689,False,55.12405475434486,42406.787762906315,38.5805894832732,25723.78752886836,74335.79676674366,213.6,1.3576779026217345,3.966726198324324
IT,E,2018,9205.7,214.6,221.9,5639.1,16596.9,1605.5,44288.6,33.97682699781284,False,55.4663822762082,42897.01770736254,37.474429085588625,25412.79855790897,74794.50202794053,216.5,2.494226327944582,3.625086365340065
IT,E,2019,9536.9,220.1,227.8,6071.8,16886.4,1308.7,45311.0,35.956746257343184,False,56.476809740382784,43329.85006815084,37.26777162278476,26654.082528533803,74128.18261633012,221.9,2.658855340243349,2.8882611286442588
IT,E,2020,9511.2,220.7,228.2,5448.3,17006.4,1500.2,45452.6,32.03676263053909,False,55.927180355630824,43095.60489352062,37.415681391163545,23875.109553023667,74524.10166520598,227.8,0.17559262510973284,3.300581264878137
IT,F,2013,30723.4,948.5,1614.4,5132.5,70392.4,29077.4,207008.6,7.29127008029276,False,43.64590495564863,32391.565629942015,34.00457758759781,3179.199702675917,43602.824578790875,1746.6,-7.568991182869567,14.04646956696485
IT,F,2014,29168.9,894.6,1549.0,5337.2,64341.6,24795.1,191868.4,8.295099904261006,False,45.33443371007249,32605.52202101498,33.53423492352049,3445.577792123951,41537.5080697224,1614.4,-4.051040634291381,12.922972203864733
IT,F,2015,29746.9,895.2,1528.0,5658.6,63428.0,23709.2,186644.1,8.921296588257551,False,46.89868827647096,33229.33422698839,33.98339406388951,3703.272251308901,41510.471204188485,1549.0,-1.355713363460298,12.702892831865567
IT,F,2016,30247.3,904.0,1527.7,6291.5,64464.2,24751.9,184052.4,9.759680566888289,False,46.921081778723696,33459.402654867255,35.02491681716728,4118.282385285069,42196.89729658964,1528.0,-0.019633507853400456,13.448289726186674
IT,F,2017,30615.7,905.3,1513.6,8188.4,65463.3,25305.8,184031.1,12.508382559388236,False,46.76773092709961,33818.29227880261,35.571868015786464,5409.883720930233,43250.06606765328,1527.7,-0.92295607776397,13.750827985052524
IT,F,2018,31588.5,914.8,1512.6,6800.8,66522.3,25592.9,186977.4,10.22333863982454,False,47.485580023540976,34530.498469610844,35.57772222739219,4496.09943144255,43978.77826259421,1513.6,-0.06606765327695774,13.687697015789075
IT,F,2019,33016.8,932.3,1514.1,7315.9,69112.9,26862.1,192512.4,10.585433399553484,False,47.77226827408487,35414.35160356109,35.900492643590745,4831.847302027607,45646.19245756555,1512.6,0.09916699722332112,13.953438843419955
IT,F,2020,31093.2,954.8,1539.0,6954.8,65974.7,26545.4,182450.0,10.541616710648173,False,47.12897519806835,32565.144532886472,36.1604275143875,4519.038336582196,42868.55100714749,1514.1,1.6445413116703111,14.549410797478762
IT,G,2013,67268.5,2044.7,3670.1,15134.9,161593.4,72677.3,320526.6,9.366038464442235,False,41.62824719326409,32898.958282388616,50.41497335946533,4123.838587504428,44029.69946322988,3744.9,-1.9973831076931292,22.674342784655003
IT,G,2014,67727.5,2032.8,3644.8,14261.6,164168.8,74531.0,327880.4,8.68715614660033,False,41.254793846333776,33317.34553325462,50.06972054444242,3912.862159789289,45041.92273924495,3670.1,-0.6893545135009838,22.731154408741723
IT,G,2015,69651.9,2070.6,3651.3,15665.1,170640.1,79536.7,334222.8,9.180198558252133,False,40.818014054140846,33638.51057664445,51.055792722698754,4290.280174184537,46734.0673184893,3644.8,0.17833625987708768,23.797508727710976
IT,G,2016,72446.3,2148.6,3721.4,18547.1,177362.6,84968.1,337175.0,10.457165152067008,False,40.846435494292486,33717.90933631202,52.60253577519093,4983.903907131724,47660.18165206643,3651.3,1.9198641579711406,25.2
IT,G,2017,75605.7,2216.7,3759.7,19860.8,184564.0,88402.4,352880.6,10.760928458420926,False,40.964489282850394,34107.32169441062,52.3021101188334,5282.549139559007,49090.086975024606,3721.4,1.0291825657010811,25.05164636423765
IT,G,2018,78430.3,2246.3,3752.2,20874.2,187722.2,88653.9,360347.1,11.119729046431376,False,41.77998127019607,34915.32742732493,52.09482745941344,5563.189595437344,50029.9024572251,3759.7,-0.19948400138308786,24.602362555436134
IT,G,2019,80247.8,2286.3,3789.2,20051.6,196529.3,95232.0,374147.3,10.202855248555814,False,40.83248655543983,35099.41827406727,52.52725330371219,5291.7766283120445,51865.64446321123,3752.2,0.9860881616118533,25.453076903134143
IT,G,2020,73774.1,2257.8,3649.3,17317.7,175505.1,82606.4,351637.1,9.867348584172198,False,42.035302677813924,32675.214810877846,49.910859804042296,4745.485435562984,48092.81232017099,3789.2,-3.6920722052148136,23.49194666888107
IT,H,2013,35952.9,934.1,1086.0,19123.1,72613.6,14025.6,177811.6,26.335424768913807,False,49.51262573402227,38489.348035542236,40.837380688324046,17608.747697974217,66863.35174953961,1106.3,-1.8349453132061821,7.887899327153009
IT,H,2014,36195.3,938.1,1087.9,19185.3,74124.2,14761.0,180145.4,25.882640217364912,False,48.83061132531616,38583.626479053404,41.14687358100734,17635.16867359132,68135.12271348468,1086.0,0.17495395948434744,8.19393667559649
IT,H,2015,37277.4,956.4,1101.1,22564.4,75138.9,14956.6,183615.4,30.0302506424768,False,49.61131983566436,38976.78795483062,40.92189435090956,20492.598310780133,68239.85105803289,1087.9,1.2133468149645887,8.14561305859966
IT,H,2016,38272.5,982.2,1122.5,22193.5,77943.8,17081.1,183093.2,28.47372080909578,False,49.102686807674246,38966.09651802077,42.57055969309619,19771.492204899776,69437.68374164811,1101.1,1.9435110344201423,9.329183170101347
IT,H,2017,39442.1,1009.2,1149.4,19622.9,79976.7,17702.6,189367.5,24.535771043316366,False,49.316988572921865,39082.5406262386,42.23359340963999,17072.29859056899,69581.25978771533,1122.5,2.3964365256124776,9.348277819583613
IT,H,2018,40851.6,1025.6,1159.9,22327.4,80149.7,16720.5,192737.3,27.85712235978426,False,50.9691240266651,39831.903276131045,41.58494489649902,19249.418053280453,69100.5259074058,1149.4,0.9135200974421442,8.675279772000541
IT,H,2019,42236.8,1035.2,1166.8,23380.0,81925.9,16615.1,196554.4,28.537983714551814,False,51.55488069096587,40800.61823802164,41.68103079859825,20037.709976002745,70214.17552279739,1159.9,0.5948788688679985,8.45318140931976
IT,H,2020,38868.0,1022.1,1146.3,21970.6,69244.5,7670.3,171973.1,31.729018189170255,False,56.1315339124407,38027.59025535662,40.264727448653304,19166.535810869755,60406.96152839571,1166.8,-1.7569420637641442,4.460174294700741
IT,I,2013,24094.3,962.4,1423.2,4601.3,52383.4,19049.6,101368.5,8.783889552797259,False,45.99605982047748,25035.640066500415,51.67621105175672,3233.0663293985385,36806.773468240586,1431.3,-0.5659190945294434,18.79242565491252
IT,I,2014,24590.0,985.0,1454.4,4818.9,53653.9,19768.8,103629.2,8.981453351946456,False,45.83077837771346,24964.46700507614,51.77488584298634,3313.3250825082505,36890.74532453245,1423.2,2.1922428330522825,19.07647651434152
IT,I,2015,25918.3,1028.5,1507.9,5612.9,54304.3,19237.2,106551.8,10.33601390681769,False,47.727896317602834,25200.09722897423,50.96516436137165,3722.329066914251,36013.19716161549,1454.4,3.67849284928492,18.054317242880927
IT,I,2016,27653.6,1093.2,1570.7,4933.5,57066.7,20615.4,110588.0,8.645146819423587,False,48.458382909823065,25296.011708744965,51.60297681484428,3140.9562615394407,36332.017571783275,1507.9,4.164732409310967,18.641624769414406
IT,I,2017,29659.3,1213.6,1691.3,6192.7,60370.7,21989.1,116755.1,10.257790616971478,False,49.128633592123336,24439.10678971655,51.70712028853557,3661.502985868858,35694.85011529593,1570.7,7.678105303367921,18.833524188664992
IT,I,2018,31170.1,1265.3,1738.4,5587.3,62944.0,23111.6,121612.6,8.876620488052872,False,49.52036731062531,24634.553070418082,51.75779483375899,3214.0473999079613,36208.007363092496,1691.3,2.78484006385622,19.004280806429595
IT,I,2019,32120.7,1292.9,1762.9,5403.5,63603.9,22911.3,123979.5,8.495548228960804,False,50.50114851447789,24843.91677623946,51.3019491125549,3065.119972772137,36079.13097736684,1738.4,1.4093419236079097,18.479909985118507
IT,I,2020,21771.6,1110.6,1558.2,4554.3,38123.7,8412.7,80689.2,11.946112260877094,False,57.107783347366606,19603.457590491627,47.24758703767047,2922.795533307663,24466.499807470154,1762.9,-11.611549151965516,10.426054540136724
IT,J,2013,23201.2,458.1,592.1,15797.1,53126.7,14708.7,117744.2,29.73476613454252,False,43.67144957243722,50646.58371534599,45.12043905347355,26679.783820300625,89725.89089680796,599.1,-1.1684192956100792,12.492080289305122
IT,J,2014,23007.2,450.0,583.4,16390.3,51896.7,13103.0,114864.6,31.582547637903758,False,44.33268396641791,51127.11111111111,45.18076065210691,28094.446348988688,88955.60507370585,592.1,-1.469346394190174,11.407343951051933
IT,J,2015,24434.3,461.1,590.0,18860.5,52909.2,12170.4,118753.5,35.646919628344406,False,46.18157144693173,52991.32509217089,44.55380262476474,31966.949152542373,89676.61016949153,583.4,1.1312992800822874,10.248455834985917
IT,J,2016,25219.4,489.1,605.8,18704.8,56154.6,14369.4,122366.2,33.30947063998319,False,44.91065736377786,51562.87057861378,45.890613584470216,30876.196764608783,92694.94882799605,590.0,2.6779661016949063,11.742948624701919
IT,J,2017,25751.7,497.5,612.9,20094.0,57809.6,14664.2,125274.2,34.758932772411505,False,44.54571559049016,51762.211055276384,46.14645314039124,32785.1199216838,94321.42274433024,605.8,1.1720039617035383,11.705682415054337
IT,J,2018,26621.5,506.3,622.1,19396.4,57895.7,13282.0,126828.6,33.502315370571566,False,45.98182593871393,52580.48587793798,45.64877322622815,31178.91014306382,93064.94132776081,612.9,1.5010605318975356,10.472401335345499
IT,J,2019,27384.1,514.6,631.8,19144.7,57852.7,12572.5,126707.6,33.09214608825518,False,47.33417800724944,53214.341235911386,45.658429328627484,30301.83602405825,91568.05951250397,622.1,1.5592348497026176,9.922451376239467
IT,J,2020,27133.6,525.1,635.0,20270.5,56620.2,11504.3,122953.8,35.800827266593906,False,47.92211966753915,51673.20510378975,46.04997974849089,31922.04724409449,89165.66929133858,631.8,0.5064893953782956,9.356603862589036
IT,L,2013,2078.5,65.6,183.8,86760.8,197968.8,103592.6,226477.8,43.825491693640615,False,1.0499129155705345,31684.451219512197,87.41201124348612,472039.17301414575,1077088.139281828,190.1,-3.314045239347707,45.740730438038526
IT,L,2014,2036.7,64.7,179.3,81196.5,200021.6,101612.6,229222.4,40.59386586248685,False,1.0182400300767516,31479.134466769705,87.26093086888542,452852.7607361963,1115569.436698271,183.8,-2.4483133841131655,44.329262759660494
IT,L,2015,2132.6,68.5,182.3,76880.3,206256.8,107280.3,234604.6,37.274068054968374,False,1.0339537896447535,31132.846715328466,87.91677571539516,421724.0811848601,1131414.1524958857,179.3,1.673173452314547,45.72813150296286
IT,L,2016,2364.4,74.5,188.4,78564.0,208344.4,111243.2,237315.6,37.708716912957584,False,1.1348517166768102,31736.912751677854,87.79212154616046,417006.36942675157,1105861.9957537155,182.3,3.346132748217223,46.87563733694709
IT,L,2017,2441.7,78.5,187.6,81570.9,210627.1,112042.8,240631.7,38.727637611684344,False,1.1592525368293063,31104.458598726113,87.53090303563495,434812.89978678036,1122745.735607676,188.4,-0.4246284501061681,46.56194508038633
IT,L,2018,2510.3,78.4,188.5,84552.5,213095.4,112024.1,244008.3,39.67823800983034,False,1.1780169820653097,32019.132653061228,87.33120963508209,448554.37665782496,1130479.5755968168,187.6,0.47974413646054703,45.90995470236054
IT,L,2019,2564.0,78.6,194.0,85440.3,217492.8,115596.2,248585.9,39.2841969941074,False,1.1788896000235412,32620.86513994911,87.4920098042568,440413.9175257732,1121096.907216495,188.5,2.917771883289122,46.5015111476556
IT,L,2020,2231.6,77.2,187.4,78690.1,212871.6,110935.9,244172.7,36.96599264533174,False,1.0483314824523327,28906.73575129533,87.1807536223337,419904.48239060835,1135921.0245464249,194.0,-3.402061855670102,45.433375639455186
IT,M,2013,24574.2,564.3,1596.7,13196.3,94029.3,55809.2,156768.0,14.034242518023637,False,26.134619740868004,43548.11270600744,59.979906613594615,8264.733512870294,58889.77265610321,1602.3,-0.3494975972040182,35.5998673198612
IT,M,2014,25155.0,576.5,1617.3,12630.2,94913.9,55677.6,158772.8,13.307007719628,False,26.50296742626739,43633.99826539462,59.77969778198785,7809.435478884561,58686.638224200826,1596.7,1.2901609569737627,35.06746747553737
IT,M,2015,26504.3,594.5,1644.3,12414.7,96562.7,55893.9,165051.7,12.856620620591597,False,27.447761920493107,44582.5063078217,58.50451706950004,7550.14291795901,58725.71915100651,1617.3,1.6694490818029983,33.86448003867879
IT,M,2016,27327.7,619.1,1656.9,12101.5,98373.3,57278.9,167829.2,12.301610294663288,False,27.779590600295002,44141.01114521079,58.61512776084257,7303.699680125535,59371.89933007424,1644.3,0.766283524904221,34.12928143612673
IT,M,2017,28327.2,634.5,1659.3,12453.1,100904.6,58509.7,172477.0,12.341459160434708,False,28.073249386053757,44644.91725768322,58.50322071928431,7505.032242511903,60811.547037907556,1656.9,0.14484881405032457,33.92318975863448
IT,M,2018,29684.9,647.1,1683.1,12688.6,104839.9,60969.6,180547.1,12.102834893966898,False,28.31450621376022,45873.744398083756,58.06789474879408,7538.827164161369,62289.76293743687,1659.3,1.434339781835714,33.769359906639316
IT,M,2019,30826.0,654.5,1693.8,12860.1,102475.2,57159.6,183514.6,12.549475385263948,False,30.08142457882493,47098.548510313216,55.84035275667439,7592.4548352816155,60500.17711654269,1683.1,0.6357316855801765,31.1471675823068
IT,M,2020,30165.2,658.6,1737.6,12837.7,104429.7,60353.9,182088.8,12.293150320263297,False,28.885652261760786,45802.00425144246,57.35097381058033,7388.179097605894,60099.96546961326,1693.8,2.585901523202261,33.145311518336115
IT,N,2013,25241.1,999.8,1200.2,5006.0,46161.2,12988.3,104173.4,10.844605426202092,False,54.68033759954247,25246.14922984597,44.311887679580394,4170.971504749208,38461.25645725712,1206.6,-0.5304160450853579,12.467962070931735
IT,N,2014,25994.4,1029.9,1229.3,5912.1,47522.8,13716.4,106833.1,12.440554849461732,False,54.69879720891867,25239.732012816778,44.48321728003774,4809.3223785894415,38658.42349304483,1200.2,2.424595900683202,12.839092004257108
IT,N,2015,27325.9,1076.7,1277.2,6627.5,48620.3,13583.1,109197.0,13.631137611244684,False,56.2026560922084,25379.307142193742,44.525307471816994,5189.085499530222,38067.88286877545,1229.3,3.8965264784837084,12.43907799664826
IT,N,2016,28614.3,1123.0,1324.7,7457.3,50425.4,14422.2,108314.7,14.788777084564526,False,56.74580667679383,25480.231522707032,46.554530456161544,5629.425530308749,38065.52426964595,1277.2,3.7190729721265248,13.31509019551363
IT,N,2017,31366.3,1204.9,1410.3,9217.9,53949.5,14951.4,115394.3,17.086163912547843,False,58.14011251262755,26032.284836915926,46.75230925617643,6536.12706516344,38253.91760618308,1324.7,6.461840416698106,12.956792493216735
IT,N,2018,33973.6,1282.0,1496.0,9090.7,58267.7,16452.4,122242.8,15.601611184241012,False,58.30605978955751,26500.46801872075,47.665547582352495,6076.671122994653,38948.99732620321,1410.3,6.07672126497909,13.458788574869033
IT,N,2019,34357.9,1290.9,1510.4,9884.9,59155.8,16635.1,125297.4,16.709942220373993,False,58.0803572937903,26615.462080718877,47.212312466180464,6544.557733050847,39165.651483050846,1496.0,0.9625668449197988,13.27649256888012
IT,N,2020,31167.4,1233.4,1446.4,7574.0,53567.0,14456.1,104182.3,14.139302182313736,False,58.183956540407344,25269.498946002917,51.416603396162294,5236.449115044247,37034.70685840708,1510.4,-4.23728813559322,13.875773523909531
LV,B,2013,37.3,2.48,2.64,48.3,105.4,47.4,231.1,45.82542694497153,False,35.388994307400374,15040.322580645161,45.607961921246215,18295.454545454544,39924.242424242424,2.66,-0.7518796992481258,20.51060147122458
LV,B,2014,38.2,2.46,2.48,29.5,91.4,31.3,230.2,32.27571115973741,False,41.79431072210066,15528.455284552847,39.70460469157255,11895.16129032258,36854.838709677424,2.64,-6.060606060606066,13.596872284969594
LV,B,2015,41.0,2.58,2.63,16.9,108.5,44.7,239.4,15.576036866359447,False,37.78801843317972,15891.472868217053,45.32163742690059,6425.855513307984,41254.752851711026,2.48,6.048387096774199,18.67167919799499
LV,B,2016,43.0,2.5,2.5,24.2,107.8,42.3,234.7,22.448979591836736,False,39.888682745825605,17200.0,45.930975713677036,9680.0,43120.0,2.63,-4.942965779467679,18.023008095440986
LV,B,2017,48.3,2.32,2.36,24.4,118.5,46.6,266.9,20.590717299578056,False,40.75949367088607,20818.96551724138,44.398651180217314,10338.983050847457,50211.86440677966,2.5,-5.600000000000005,17.459722742600224
LV,B,2018,54.5,2.37,2.5,25.4,131.1,51.7,293.8,19.374523264683447,False,41.571319603356216,22995.7805907173,44.62219196732471,10160.0,52440.0,2.36,5.932203389830515,17.59700476514636
LV,B,2019,54.9,2.4,2.53,30.7,127.3,45.9,295.2,24.11626080125687,False,43.12647289866457,22875.0,43.12330623306233,12134.387351778656,50316.20553359684,2.5,1.200000000000001,15.548780487804878
LV,B,2020,60.0,2.6,2.6,24.2,138.3,51.6,309.6,17.49819233550253,False,43.38394793926247,23076.923076923078,44.67054263565892,9307.692307692307,53192.307692307695,2.53,2.7667984189723382,16.666666666666664
LV,C,2013,1231.8,119.36,125.36,439.2,2531.3,789.5,8439.5,17.350768379883853,False,48.66274246434637,10320.040214477212,29.99348302624563,3503.509891512444,20192.246330567967,124.88,0.384368994234463,9.354819598317436
LV,C,2014,1266.7,112.44,119.03,574.2,2484.1,692.3,8150.5,23.11501147296808,False,50.99231109858702,11265.563856278906,30.477884792344028,4823.993951104763,20869.528690246156,125.36,-5.049457562220805,8.493957425924789
LV,C,2015,1342.9,109.59,117.42,490.3,2575.3,685.1,8065.7,19.038558614530345,False,52.14538112064614,12253.85527876631,31.92903281798232,4175.608925225686,21932.379492420372,119.03,-1.3526001848273572,8.49399308181559
LV,C,2016,1438.0,110.07,118.04,416.6,2581.9,607.2,8062.5,16.135404159727333,False,55.695418102947436,13064.413555010447,32.02356589147287,3529.312097594036,21873.09386648594,117.42,0.5280190768182536,7.531162790697675
LV,C,2017,1553.7,109.4,117.84,459.0,2829.3,728.8,8779.1,16.22309405153218,False,54.91464319796416,14202.01096892139,32.227677096741125,3895.112016293279,24009.67413441955,118.04,-0.1694340901389424,8.301534325842056
LV,C,2018,1735.8,111.23,118.97,515.3,3080.3,777.9,9519.4,16.72889004317761,False,56.35165405966951,15605.502112739368,32.35813181503036,4331.344036311675,25891.401193578215,117.84,0.9589273591310121,8.171733512616342
LV,C,2019,1885.0,108.07,115.37,671.2,3259.0,783.2,9826.6,20.595274624117827,False,57.839828168149744,17442.398445452025,33.165082531089084,5817.803588454538,28248.244777671836,118.97,-3.025972934353194,7.970203325667067
LV,C,2020,1888.6,107.37,114.64,639.5,3355.7,874.7,9936.7,19.057126679977355,False,56.280358792502305,17589.643289559466,33.77076896756468,5578.332170272156,29271.63293789253,115.37,-0.6327468145965187,8.802721225356507
LV,D,2013,187.7,11.3,11.49,466.4,526.5,248.4,2502.5,88.58499525166191,False,35.65052231718898,16610.619469026544,21.038961038961038,40591.81897302001,45822.454308094,11.5,-0.08695652173912327,9.926073926073926
LV,D,2014,180.8,11.45,11.53,363.2,423.2,136.9,2072.6,85.82230623818525,False,42.722117202268436,15790.393013100438,20.418797645469457,31500.43365134432,36704.249783174324,11.49,0.3481288076588207,6.605230145710703
LV,D,2015,198.5,10.93,11.25,374.6,510.4,200.2,1876.0,73.3934169278997,False,38.891065830721004,18161.024702653245,27.206823027718546,33297.77777777778,45368.88888888889,11.53,-2.4284475281873275,10.671641791044776
LV,D,2016,217.2,10.92,11.33,380.0,639.3,267.5,1830.7,59.440012513686845,False,33.97465978413891,19890.109890109892,34.921068443764675,33539.276257722864,56425.41924095322,11.25,0.7111111111111068,14.611897088545364
LV,D,2017,219.1,11.13,11.43,-50.5,626.8,281.4,1900.9,-8.056796426292278,True,34.955328653477984,19685.534591194966,32.97385448997843,-4418.197725284339,54838.145231846014,11.33,0.8826125330979595,14.80351412488821
LV,D,2018,224.2,10.72,10.87,266.6,408.3,14.7,1987.1,65.29512613274552,False,54.910604947342634,20914.17910447761,20.547531578682506,24526.218951241954,37562.097516099355,11.43,-4.899387576552938,0.7397715263449247
LV,D,2019,224.4,10.9,11.02,239.1,445.4,26.1,1994.6,53.68208352043108,False,50.381679389312986,20587.155963302754,22.330291787827132,21696.914700544465,40417.42286751361,10.87,1.3799448022079108,1.308533039205856
LV,D,2020,232.5,10.54,10.62,601.8,529.6,50.2,1690.1,113.63293051359516,False,43.901057401812686,22058.82352941177,31.33542393941187,56666.666666666664,49868.17325800377,11.02,-3.629764065335761,2.9702384474291463
LV,E,2013,80.0,6.36,6.88,118.0,171.4,-20.0,357.5,68.84480746791132,False,46.67444574095683,12578.616352201258,47.94405594405595,17151.162790697676,24912.79069767442,6.3,9.206349206349218,-5.594405594405594
LV,E,2014,82.5,6.2,6.35,142.2,177.0,-21.8,353.8,80.33898305084746,False,46.61016949152542,13306.451612903225,50.02826455624646,22393.700787401573,27874.015748031496,6.88,-7.703488372093026,-6.161673261729791
LV,E,2015,86.9,6.98,7.08,123.2,194.1,-13.7,389.0,63.47243688820197,False,44.77073673364246,12449.856733524355,49.897172236503856,17401.129943502823,27415.254237288136,6.35,11.496062992126,-3.52185089974293
LV,E,2016,96.1,6.93,7.17,45.0,188.7,-21.4,392.0,23.84737678855326,False,50.927397986221514,13867.243867243866,48.13775510204081,6276.150627615062,26317.991631799163,7.08,1.2711864406779627,-5.459183673469387
LV,E,2017,104.0,6.74,7.13,81.5,191.2,-28.9,416.3,42.6255230125523,False,54.393305439330554,15430.26706231454,45.92841700696613,11430.575035063115,26816.269284712478,7.17,-0.557880055788007,-6.942109055969252
LV,E,2018,113.4,7.02,7.07,71.1,216.8,-15.5,463.7,32.79520295202952,False,52.306273062730625,16153.846153846156,46.754367047660125,10056.577086280056,30664.780763790666,7.13,-0.8415147265077083,-3.3426784558982106
LV,E,2019,125.5,7.35,7.4,108.1,229.7,-18.7,489.7,47.061384414453634,False,54.636482368306496,17074.82993197279,46.90626914437411,14608.108108108107,31040.540540540536,7.07,4.667609618104662,-3.818664488462324
LV,E,2020,124.9,7.26,7.26,115.9,238.0,-15.6,492.0,48.69747899159664,False,52.47899159663866,17203.856749311297,48.3739837398374,15964.187327823693,32782.369146005505,7.4,-1.8918918918918948,-3.1707317073170733
LV,F,2013,750.3,55.47,64.56,125.8,1245.4,288.9,5113.3,10.101172314115946,False,60.24570419142443,13526.230394808003,24.356090978428803,1948.5749690210657,19290.5824039653,60.81,6.166748889985207,5.649971642579156
LV,F,2014,816.5,56.99,66.71,148.7,1295.5,274.6,5234.4,11.478193747587802,False,63.02585874179854,14327.074925425512,24.749732538590862,2229.051116774097,19419.87707989807,64.56,3.3302354399008527,5.246064496408376
LV,F,2015,854.9,55.22,65.5,90.3,1309.1,255.7,5032.1,6.897868764800244,False,65.3044076082805,15481.709525534226,26.014983803978453,1378.6259541984734,19986.259541984735,66.71,-1.8138210163393675,5.081377556089902
LV,F,2016,836.8,49.01,60.23,123.2,1177.5,154.6,3890.6,10.46284501061571,False,71.06581740976645,17074.066517037336,30.26525471649617,2045.4922795948862,19550.058110576123,65.5,-8.045801526717566,3.9736801521616205
LV,F,2017,935.0,52.49,63.5,172.7,1379.6,259.3,4828.6,12.518121194549146,False,67.7732676138011,17812.916746046867,28.57142857142857,2719.6850393700784,21725.9842519685,60.23,5.429188112236427,5.370086567535103
LV,F,2018,1098.4,60.17,69.45,230.4,1609.8,323.0,5611.7,14.312336936265375,False,68.23207851907071,18254.944324414162,28.68649428871821,3317.4946004319654,23179.2656587473,63.5,9.370078740157496,5.755831566192064
LV,F,2019,1217.6,56.65,63.97,171.2,1733.4,321.1,5665.9,9.876543209876543,False,70.24345217491634,21493.380406001765,30.593550892179532,2676.2544942942004,27097.076754728783,69.45,-7.8905687544996495,5.667237332109639
LV,F,2020,1198.6,54.58,63.29,163.8,1681.0,284.2,5337.2,9.744199881023201,False,71.3027959547888,21960.42506412605,31.495915461290565,2588.0865855585403,26560.27808500553,63.97,-1.0629982804439608,5.324889455145019
LV,G,2013,1396.0,126.31,137.45,302.7,2889.4,1108.7,5421.1,10.476223437391845,False,48.31452896795182,11052.173224606127,53.29914592979284,2202.2553655874867,21021.46234994544,135.54,1.4091781024051953,20.451568869786573
LV,G,2014,1508.7,126.08,136.56,348.9,3038.3,1141.7,5405.3,11.483395319751175,False,49.656057663825166,11966.21192893401,56.20964608809872,2554.920913884007,22248.82835383714,137.45,-0.6475081847944653,21.12186187630659
LV,G,2015,1652.9,126.61,137.8,226.3,3195.5,1161.2,5632.3,7.081833828821781,False,51.72586449694884,13055.050943843298,56.73525913037303,1642.2351233671989,23189.404934687955,136.56,0.9080257762155819,20.616799531274967
LV,G,2016,1754.5,124.77,138.01,313.4,3276.5,1154.3,5668.4,9.565084694033267,False,53.54799328551808,14061.8738478801,57.80290734598829,2270.84993841026,23741.033258459534,137.8,0.15239477503627974,20.363771081786748
LV,G,2017,1875.3,123.92,136.1,404.5,3448.2,1196.3,6085.7,11.730758076677688,False,54.384896467722285,15133.150419625565,56.66069638661123,2972.0793534166055,25335.78251285819,138.01,-1.3839576842257784,19.65755788159127
LV,G,2018,2022.6,127.66,138.11,365.0,3629.4,1229.8,6439.8,10.056758692896898,False,55.7282195404199,15843.647187842707,56.35889313332713,2642.82093983057,26279.052928824847,136.1,1.4768552534901058,19.096866362309388
LV,G,2019,2161.9,133.25,143.9,395.1,3932.4,1377.0,6868.2,10.047299359169973,False,54.976604618044966,16224.39024390244,57.2551760286538,2745.656706045865,27327.3106323836,138.11,4.192310477155892,20.04892111470254
LV,G,2020,2146.9,128.44,141.61,377.5,3927.6,1387.5,6766.4,9.611467562888278,False,54.661880028516144,16715.19775770788,58.045637266493266,2665.772191229433,27735.329425888,143.9,-1.5913829047949912,20.505734216126744
LV,H,2013,945.0,64.0,66.41,711.2,2022.3,583.4,6303.5,35.16787815853237,False,46.728971962616825,14765.625,32.08217656857301,10709.230537569643,30451.739195904232,66.31,0.15080681646808536,9.255175696041881
LV,H,2014,1000.0,64.67,68.05,592.9,2018.0,522.0,6283.0,29.380574826560952,False,49.554013875123886,15463.120457708366,32.118414770014326,8712.71124173402,29654.665686994857,66.41,2.4695076042764663,8.30813305745663
LV,H,2015,1054.4,64.59,68.67,666.4,2047.7,431.3,6171.8,32.54382966254823,False,51.49191776139084,16324.508437838673,33.178327230305584,9704.383282364934,29819.426241444588,68.05,0.9110947832476235,6.988236819080333
LV,H,2016,1102.3,63.5,67.6,491.0,2014.9,375.8,5986.8,24.368455010174202,False,54.70742964911409,17359.055118110235,33.65570922696599,7263.313609467456,29806.21301775148,68.67,-1.558176787534593,6.277143048039019
LV,H,2017,1178.1,61.67,65.31,924.8,2105.4,363.6,6343.4,43.92514486558373,False,55.956112852664575,19103.291713961404,33.19040262319891,14160.159240545092,32237.023426734042,67.6,-3.387573964497026,5.731941860831731
LV,H,2018,1297.0,60.9,65.88,446.3,2249.5,422.4,6462.7,19.839964436541454,False,57.65725716825961,21297.20853858785,34.807433425658004,6774.438372799029,34145.41590771099,65.31,0.8727606798346166,6.535967939096662
LV,H,2019,1352.2,67.72,72.43,409.7,2214.9,348.4,6369.7,18.49744909476726,False,61.050160278116394,19967.51329001772,34.772438262398545,5656.495927102029,30579.870219522294,65.88,9.942319368548901,5.46964535221439
LV,H,2020,1302.0,65.09,68.49,250.1,1808.1,-2.5,5341.5,13.83219954648526,False,72.00929152148665,20003.072668612687,33.850042122999156,3651.627974886845,26399.47437582129,72.43,-5.439734916471095,-0.04680333239726669
LV,I,2013,203.8,22.22,25.1,80.3,343.0,71.6,733.9,23.411078717201164,False,59.416909620991255,9171.917191719172,46.73661261752283,3199.203187250996,13665.338645418326,24.02,4.4962531223980085,9.75609756097561
LV,I,2014,234.1,24.44,26.23,61.6,349.2,45.6,788.3,17.64032073310424,False,67.03894616265751,9578.559738134205,44.29785614613726,2348.455966450629,13313.000381242851,25.1,4.501992031872515,5.784599771660536
LV,I,2015,278.1,25.25,27.1,50.7,387.9,39.6,854.7,13.070378963650429,False,71.69373549883991,11013.861386138615,45.38434538434538,1870.8487084870849,14313.653136531364,26.23,3.316812809759817,4.633204633204633
LV,I,2016,311.3,25.05,27.46,76.6,408.6,27.1,907.2,18.74694077337249,False,76.18697993147332,12427.145708582835,45.03968253968254,2789.5120174799704,14879.825200291334,27.1,1.3284132841328455,2.9872134038800704
LV,I,2017,330.7,25.65,27.7,56.6,458.4,56.4,988.9,12.347294938917978,False,72.14223385689354,12892.787524366473,46.35453534229953,2043.3212996389893,16548.736462093864,27.46,0.8739985433357633,5.7033067044190515
LV,I,2018,389.3,27.54,28.78,29.5,508.4,46.4,1063.4,5.802517702596381,False,76.573564122738,14135.802469135804,47.80891480157983,1025.0173731758166,17665.045170257123,27.7,3.8989169675090363,4.363362798570622
LV,I,2019,427.4,31.23,32.48,52.9,505.1,0.7,1067.3,10.473173628984359,False,84.61690754306078,13685.558757604866,47.32502576595147,1628.6945812807883,15551.10837438424,28.78,12.856150104239038,0.0655860582778975
LV,I,2020,314.3,27.23,29.28,61.2,350.4,-25.5,730.6,17.46575342465754,False,89.6974885844749,11542.41645244216,47.96058034492198,2090.16393442623,11967.213114754097,32.48,-9.85221674876846,-3.4902819600328496
LV,J,2013,464.1,21.0,23.69,237.6,915.7,227.4,1789.8,25.947362673364637,False,50.68253794910997,22100.0,51.16214102134317,10029.548332629802,38653.440270156185,21.43,10.545963602426522,12.705330204492125
LV,J,2014,510.2,22.66,26.32,270.5,951.0,206.1,1793.2,28.44374342797056,False,53.64879074658254,22515.445719329215,53.03368280169529,10277.355623100304,36132.218844984796,23.69,11.101730688054023,11.493419585099263
LV,J,2015,586.0,24.74,28.26,231.2,1016.4,192.6,1884.1,22.746950019677293,False,57.65446674537584,23686.337914308813,53.94618120057322,8181.174805378627,35966.0297239915,26.32,7.370820668693012,10.222387346743805
LV,J,2016,679.3,28.71,30.53,299.1,1116.7,188.3,2016.1,26.784275096265787,False,60.83101996955315,23660.745384883314,55.38911760329349,9796.921061251229,36577.13724205699,28.26,8.032554847841467,9.339814493328705
LV,J,2017,772.5,28.47,32.05,260.6,1266.2,236.7,2184.0,20.581266782498815,False,61.00931922287158,27133.825079030557,57.97619047619048,8131.045241809673,39507.02028081124,30.53,4.978709466098907,10.837912087912088
LV,J,2018,949.4,31.04,34.78,313.7,1452.1,238.2,2485.2,21.603195372219545,False,65.38117209558571,30586.340206185567,58.429905037823914,9019.551466359977,41751.00632547441,32.05,8.517940717628726,9.584741670690487
LV,J,2019,1031.3,27.98,32.78,371.9,1594.6,286.7,2623.0,23.322463313683684,False,64.67452652702872,36858.470335954255,60.79298513152877,11345.332519829164,48645.51555826724,34.78,-5.75043128234618,10.930232558139535
LV,J,2020,1080.6,28.37,33.52,381.8,1666.4,309.1,2531.1,22.911665866538648,False,64.8463754200672,38089.53119492421,65.83698787088618,11390.214797136037,49713.60381861575,32.78,2.2574740695546103,12.21208170360713
LV,L,2013,275.6,18.74,21.09,1165.9,1861.6,857.5,2951.6,62.62892135797165,False,14.804469273743019,14706.510138740665,63.07087681257622,55282.12422949265,88269.32195353249,19.97,5.608412618928393,29.052039571757692
LV,L,2014,312.9,19.0,21.6,1107.0,2082.2,979.5,3226.0,53.16492171741428,False,15.027374891941218,16468.421052631576,64.54432734035957,51250.0,96398.14814814813,21.09,2.4182076813655806,30.36267823930564
LV,L,2015,317.2,19.54,21.86,1140.5,1926.1,810.0,2934.2,59.21291729401381,False,16.468511499922123,16233.36745138178,65.64310544611818,52172.91857273559,88110.7044830741,21.6,1.2037037037036846,27.605480199032108
LV,L,2016,305.0,19.12,21.77,1130.7,2012.6,860.6,3080.6,56.181059326244664,False,15.154526483156117,15951.882845188284,65.33142894241382,51938.44740468535,92448.32338079927,21.86,-0.4117108874656883,27.93611634097254
LV,L,2017,304.3,17.69,21.39,1257.3,1992.6,784.3,2941.7,63.09846431797651,False,15.271504566897523,17201.808931599775,67.73634293095829,58779.803646563814,93155.68022440393,21.77,-1.7455213596692665,26.661454261141515
LV,L,2018,352.7,19.62,22.03,1530.1,2161.5,834.2,3211.0,70.78880407124682,False,16.31737219523479,17976.554536187563,67.31547804422298,69455.28824330457,98116.2051747617,21.39,2.9920523609163086,25.97944565555902
LV,L,2019,358.1,21.19,23.99,1797.6,2193.1,777.5,3336.0,81.96616661346951,False,16.328484793215086,16899.48088721095,65.74040767386091,74931.22134222592,91417.25719049605,22.03,8.896958692691781,23.306354916067146
LV,L,2020,383.9,18.86,23.21,1762.0,2224.0,699.5,3338.5,79.22661870503596,False,17.261690647482013,20355.24920466596,66.61674404672758,75915.55364067212,95820.7669108143,23.99,-3.2513547311379676,20.95252358843792
LV,M,2013,459.2,28.19,36.35,133.7,846.1,257.4,1710.5,15.801914667297007,False,54.27254461647559,16289.464349059948,49.465068693364515,3678.1292984869324,23276.478679504813,31.32,16.06002554278416,15.048231511254018
LV,M,2014,500.9,29.3,38.65,176.6,898.2,259.4,1579.4,19.661545312847917,False,55.7670897350256,17095.563139931743,56.86969735342535,4569.21086675291,23239.327296248382,36.35,6.327372764786787,16.423958465239963
LV,M,2015,560.1,30.8,40.57,186.1,962.1,254.5,1652.0,19.34310362748155,False,58.21640162145307,18185.064935064936,58.23849878934625,4587.133349765836,23714.567414345576,38.65,4.967658473479952,15.405569007263923
LV,M,2016,586.0,32.55,42.37,170.6,1031.4,293.0,1664.5,16.540624394027535,False,56.81597828194687,18003.072196620586,61.96455392009613,4026.43379749823,24342.695303280627,40.57,4.436775942814886,17.602883748873534
LV,M,2017,636.7,33.99,42.69,167.1,1104.7,306.5,1808.3,15.126278627681721,False,57.63555716484113,18731.979994115918,61.090527014322845,3914.2656359803236,25877.2546263762,42.37,0.7552513570922903,16.94962119117403
LV,M,2018,709.3,35.88,42.39,187.6,1169.4,291.7,1985.0,16.04241491363092,False,60.65503677099366,19768.673355629875,58.911838790931995,4425.57206888417,27586.69497523001,42.69,-0.7027406886858656,14.69521410579345
LV,M,2019,762.7,30.88,37.33,219.4,1227.8,289.2,2102.0,17.869359830591304,False,62.11923766085682,24698.834196891195,58.41103710751665,5877.310474149478,32890.43664612912,42.39,-11.93677754187309,13.758325404376784
LV,M,2020,815.1,24.98,36.54,258.4,1308.7,302.2,2208.2,19.744784901046838,False,62.28318178344922,32630.104083266615,59.265465084684365,7071.702244116037,35815.54460864806,37.33,-2.1162603803910995,13.68535458744679
LV,N,2013,304.1,31.97,34.31,88.9,593.2,188.9,1254.6,14.986513823331086,False,51.26432906271072,9512.04253988114,47.28200223178703,2591.081317400175,17289.419994170796,34.06,0.7339988256018781,15.056591742388015
LV,N,2014,330.6,29.21,31.65,68.0,589.6,161.2,1232.8,11.533242876526458,False,56.0719131614654,11318.041766518316,47.82608695652174,2148.4992101105845,18628.75197472354,34.31,-7.7528417371029,13.075924724205063
LV,N,2015,370.8,28.85,32.12,82.9,609.8,138.3,1278.9,13.59462118727452,False,60.80682190882257,12852.6863084922,47.68160137618265,2580.9464508094647,18985.056039850562,31.65,1.484992101105842,10.813980764719682
LV,N,2016,412.2,28.48,30.87,82.6,643.7,131.8,1254.1,12.832064626378747,False,64.03604163430168,14473.314606741573,51.32764532333945,2675.7369614512468,20851.959831551667,32.12,-3.8916562889165562,10.50952874571406
LV,N,2017,444.2,30.32,32.36,112.3,706.0,154.3,1364.4,15.906515580736544,False,62.91784702549575,14650.395778364116,51.74435649369686,3470.3337453646477,21817.058096415327,30.87,4.826692581794623,11.309000293169158
LV,N,2018,472.6,31.0,33.61,202.4,801.6,194.7,1550.8,25.24950099800399,False,58.95708582834332,15245.161290322581,51.68945060613876,6022.01725676882,23850.044629574535,32.36,3.862793572311496,12.554810420428167
LV,N,2019,532.0,30.07,33.48,294.4,823.5,159.7,1622.0,35.7498482088646,False,64.60230722525804,17692.051878949118,50.77065351418002,8793.30943847073,24596.774193548386,33.61,-0.3867896459387121,9.845869297163995
LV,N,2020,539.9,30.31,33.16,3.3,779.8,99.5,1344.2,0.42318543216209287,False,69.23570146191331,17812.603101286706,58.01220056539205,99.51749095295537,23516.284680337758,33.48,-0.9557945041816063,7.402172295789317
NL,B,2013,1158.0,10.0,10.0,2575.0,22612.0,19507.0,27913.0,11.38775871218822,False,5.121174597558818,115800.0,81.0088489234407,257500.0,2261200.0,10.0,0.0,69.884999820872
NL,B,2014,1284.0,11.0,11.0,3270.0,17022.0,13727.0,23176.0,19.210433556573843,False,7.543179414874867,116727.27272727274,73.44666896789782,297272.72727272724,1547454.5454545454,10.0,10.000000000000009,59.22937521574042
NL,B,2015,1327.0,11.0,11.0,2642.0,12746.0,9343.0,18990.0,20.728071551859408,False,10.411109367644752,120636.36363636365,67.11953659820958,240181.81818181818,1158727.2727272727,11.0,0.0,49.199578725645075
NL,B,2016,1260.0,10.0,10.0,2273.0,8128.0,4718.0,13565.0,27.965059055118108,False,15.501968503937007,126000.0,59.918908956874304,227300.0,812800.0,11.0,-9.090909090909093,34.780685587910064
NL,B,2017,977.0,9.0,9.0,1760.0,7710.0,4551.0,11904.0,22.827496757457848,False,12.671854734111543,108555.55555555556,64.76814516129032,195555.55555555553,856666.6666666666,10.0,-9.999999999999998,38.23084677419355
NL,B,2018,977.0,8.0,8.0,910.0,7519.0,4293.0,11530.0,12.10267322782285,False,12.993749168772442,122125.0,65.2124891587164,113750.0,939875.0,9.0,-11.111111111111116,37.233304423243716
NL,B,2019,935.0,8.0,8.0,2142.0,5927.0,2726.0,9583.0,36.1396996794331,False,15.775265733085877,116875.0,61.84910779505374,267750.0,740875.0,8.0,0.0,28.4462068245852
NL,B,2020,999.0,8.0,8.0,561.0,3165.0,-41.0,6946.0,17.725118483412324,False,31.563981042654028,124875.0,45.56579326230924,70125.0,395625.0,8.0,0.0,-0.5902677800172762
NL,C,2013,35170.0,624.0,668.0,12153.0,64215.0,15854.0,297612.0,18.92548469983649,False,54.76913493731994,56362.17948717949,21.5767509374622,18193.11377245509,96130.23952095809,677.0,-1.3293943870014813,5.327070145021033
NL,C,2014,36363.0,617.0,662.0,12797.0,65571.0,15812.0,298951.0,19.516249561543976,False,55.45591801253603,58935.17017828201,21.933694819552368,19330.815709969786,99049.84894259818,668.0,-0.8982035928143728,5.289161099979595
NL,C,2015,36311.0,619.0,665.0,13613.0,70958.0,21193.0,304667.0,19.184588066179995,False,51.17252459201218,58660.74313408724,23.290346509467714,20470.676691729324,106703.75939849624,662.0,0.45317220543805714,6.95611930402702
NL,C,2016,37808.0,628.0,674.0,15226.0,73940.0,22771.0,304514.0,20.592372193670545,False,51.133351365972416,60203.82165605095,24.281313831219585,22590.504451038578,109703.26409495549,665.0,1.3533834586466176,7.477817111856925
NL,C,2017,39038.0,639.0,685.0,15476.0,79216.0,26618.0,329713.0,19.536457281357304,False,49.280448394263786,61092.3317683881,24.02574360125321,22592.700729927008,115643.79562043796,674.0,1.6320474777448135,8.073081740786686
NL,C,2018,40951.0,657.0,704.0,17136.0,83919.0,28975.0,356347.0,20.41969041575805,False,48.798245927620684,62330.28919330289,23.549798370689242,24340.90909090909,119203.125,685.0,2.7737226277372296,8.131119386440746
NL,C,2019,43136.0,676.0,723.0,17512.0,86468.0,28855.0,354148.0,20.252578988758845,False,49.88666327427488,63810.65088757396,24.415780972926573,24221.300138312585,119596.12724757953,704.0,2.6988636363636465,8.147723550605962
NL,C,2020,44613.0,677.0,725.0,16242.0,85598.0,27699.0,328849.0,18.974742400523375,False,52.11920839271945,65898.07976366322,26.029575884372463,22402.758620689656,118066.20689655172,723.0,0.2766251728907321,8.423014818351279
NL,D,2013,2093.0,26.0,27.0,5650.0,7963.0,2534.0,19030.0,70.95315835740298,False,26.284063795052116,80500.0,41.84445612191277,209259.25925925927,294925.9259259259,26.0,3.8461538461538547,13.315817130846034
NL,D,2014,2055.0,25.0,26.0,6436.0,7424.0,1842.0,18379.0,86.69181034482759,False,27.68049568965517,82200.0,40.393927852440285,247538.46153846156,285538.46153846156,27.0,-3.703703703703709,10.022308068991784
NL,D,2015,1998.0,26.0,26.0,6071.0,7708.0,2044.0,17695.0,78.76232485729112,False,25.921120913336793,76846.15384615384,43.56032777620797,233500.0,296461.53846153844,26.0,0.0,11.551285673919185
NL,D,2016,1995.0,25.0,26.0,5840.0,7735.0,1853.0,16386.0,75.50096961861668,False,25.791855203619914,79800.0,47.20493103869157,224615.38461538462,297500.0,26.0,0.0,11.308434029049188
NL,D,2017,2046.0,25.0,26.0,4993.0,7406.0,1332.0,16617.0,67.41830947880098,False,27.62624898730759,81840.0,44.56881506890534,192038.46153846156,284846.1538461539,26.0,0.0,8.015887344285973
NL,D,2018,2129.0,26.0,27.0,6538.0,8019.0,1523.0,17612.0,81.5313630128445,False,26.549445067963585,81884.61538461539,45.531455825573474,242148.14814814815,297000.0,26.0,3.8461538461538547,8.647513059277765
NL,D,2019,2238.0,26.0,27.0,6374.0,9129.0,2026.0,18465.0,69.82144813232556,False,24.515280972724284,86076.92307692308,49.43948009748172,236074.07407407407,338111.11111111107,27.0,0.0,10.972109396154888
NL,D,2020,2306.0,27.0,28.0,7944.0,10178.0,2843.0,18573.0,78.0506975830222,False,22.65671055217135,85407.4074074074,54.79997846336079,283714.28571428574,363500.0,27.0,3.703703703703698,15.30716631669628
NL,E,2013,1819.0,32.0,32.0,1052.0,3987.0,852.0,9790.0,26.385753699523452,False,45.62327564584901,56843.75,40.72522982635342,32875.0,124593.75,32.0,0.0,8.702757916241062
NL,E,2014,1832.0,32.0,32.0,1195.0,4149.0,1020.0,10080.0,28.802120993010366,False,44.15521812484936,57250.0,41.160714285714285,37343.75,129656.25,32.0,0.0,10.119047619047619
NL,E,2015,1806.0,31.0,32.0,1230.0,4220.0,1154.0,10203.0,29.14691943127962,False,42.796208530805686,58258.06451612903,41.36038420072528,38437.5,131875.0,32.0,0.0,11.31039890228364
NL,E,2016,1856.0,32.0,33.0,1379.0,4188.0,1055.0,10292.0,32.92741165234002,False,44.3170964660936,58000.0,40.69179945588807,41787.87878787879,126909.09090909091,32.0,3.125,10.250680139914497
NL,E,2017,1926.0,33.0,34.0,1316.0,4257.0,1038.0,10767.0,30.91378905332394,False,45.243128964059196,58363.63636363637,39.537475619949845,38705.882352941175,125205.88235294117,33.0,3.0303030303030276,9.640568403455001
NL,E,2018,2060.0,34.0,35.0,1541.0,4302.0,931.0,11269.0,35.820548582054855,False,47.88470478847048,60588.23529411764,38.175525778684886,44028.571428571435,122914.28571428571,34.0,2.941176470588225,8.26160262667495
NL,E,2019,2158.0,35.0,36.0,1562.0,4225.0,712.0,11604.0,36.97041420118343,False,51.07692307692307,61657.142857142855,36.40985866942434,43388.88888888888,117361.11111111111,35.0,2.857142857142847,6.135815236125474
NL,E,2020,2214.0,35.0,36.0,1471.0,4290.0,735.0,11452.0,34.28904428904429,False,51.608391608391614,63257.14285714286,37.460705553615085,40861.11111111112,119166.66666666667,36.0,0.0,6.418092909535453
NL,F,2013,17065.0,316.0,466.0,2387.0,25598.0,6101.0,79645.0,9.324947261504805,False,66.66536448160012,54003.16455696202,32.1401217904451,5122.317596566524,54931.33047210301,498.0,-6.425702811244982,7.660242325318602
NL,F,2014,16475.0,298.0,454.0,2342.0,25828.0,6893.0,80975.0,9.067678488462134,False,63.78736255226885,55285.234899328854,31.896264279098485,5158.590308370044,56889.86784140969,466.0,-2.5751072961373356,8.512503859215807
NL,F,2015,16044.0,292.0,448.0,2580.0,26128.0,7597.0,84872.0,9.874464176362522,False,61.405388854868335,54945.20547945206,30.785182392308418,5758.928571428572,58321.42857142857,454.0,-1.3215859030836996,8.951126402111415
NL,F,2016,16367.0,291.0,452.0,2882.0,28180.0,9297.0,92672.0,10.227111426543647,False,58.080198722498224,56243.98625429554,30.40832182320442,6376.1061946902655,62345.13274336283,448.0,0.8928571428571397,10.032156422651934
NL,F,2017,16973.0,300.0,467.0,3334.0,29966.0,10456.0,98743.0,11.125942735099779,False,56.64085964092639,56576.66666666667,30.34746766859423,7139.186295503212,64167.02355460386,452.0,3.31858407079646,10.58910505048459
NL,F,2018,18008.0,310.0,489.0,3918.0,32629.0,11977.0,109261.0,12.007723191026386,False,55.190168255233075,58090.32258064517,29.863354719433282,8012.269938650307,66725.97137014315,467.0,4.7109207708779355,10.961825353968937
NL,F,2019,19052.0,321.0,514.0,4230.0,36247.0,14428.0,118281.0,11.669931304659697,False,52.56159130410792,59352.024922118384,30.644820385353523,8229.571984435797,70519.4552529183,489.0,5.112474437627812,12.19807069605431
NL,F,2020,19923.0,327.0,525.0,4075.0,38666.0,16808.0,122952.0,10.538974809910515,False,51.52588837738582,60926.60550458716,31.448044765436915,7761.9047619047615,73649.52380952382,514.0,2.1400778210116655,13.670375431062528
NL,G,2013,41368.0,1227.0,1391.0,7838.0,78857.0,29388.0,140639.0,9.93951075998326,False,52.459515325208926,33714.75142624287,56.07050675843828,5634.795111430625,56690.869877785764,1411.0,-1.4174344436569841,20.89605301516649
NL,G,2014,41653.0,1226.0,1394.0,7837.0,79917.0,30057.0,143928.0,9.806424165071261,False,52.12032483701841,33974.71451876019,55.52567950641988,5621.951219512195,57329.26829268293,1391.0,0.21567217828899476,20.883358345839586
NL,G,2015,42405.0,1240.0,1408.0,8182.0,83548.0,32853.0,152787.0,9.793172786900943,False,50.755254464499444,34197.58064516129,54.68266279199147,5811.079545454546,59338.06818181818,1394.0,1.0043041606886627,21.50248385006578
NL,G,2016,43798.0,1260.0,1427.0,8307.0,86726.0,34590.0,158448.0,9.578442450937436,False,50.501579687752226,34760.31746031746,54.73467636069878,5821.303433777155,60775.05255781359,1408.0,1.3494318181818121,21.830505907300818
NL,G,2017,45431.0,1290.0,1455.0,9090.0,90625.0,36810.0,167693.0,10.030344827586207,False,50.130758620689654,35217.829457364336,54.042208082627184,6247.422680412371,62285.223367697596,1427.0,1.962158374211631,21.950826808513177
NL,G,2018,47807.0,1323.0,1485.0,9254.0,95182.0,38740.0,175713.0,9.722426509213927,False,50.22693366392805,36135.29856387,54.16901424481968,6231.649831649832,64095.622895622895,1455.0,2.0618556701030855,22.047315793367595
NL,G,2019,50195.0,1345.0,1505.0,10196.0,102275.0,43015.0,186167.0,9.969200684429234,False,49.07846492300171,37319.702602230485,54.93723377397713,6774.750830564784,67956.81063122924,1485.0,1.3468013468013407,23.105598736618198
NL,G,2020,51581.0,1350.0,1511.0,10162.0,103442.0,44484.0,185710.0,9.823862647667292,False,49.864658455946326,38208.148148148146,55.700823865166115,6725.34745201853,68459.29847782924,1505.0,0.39867109634550424,23.95347584944268
NL,H,2013,16946.0,354.0,386.0,6470.0,27247.0,5150.0,70686.0,23.745733475244982,False,62.194003009505636,47870.056497175145,38.54652972300031,16761.65803108808,70588.0829015544,390.0,-1.025641025641022,7.285742579860227
NL,H,2014,16780.0,348.0,382.0,6070.0,28688.0,6647.0,73442.0,21.15867261572783,False,58.49135527049637,48218.3908045977,39.06211704474279,15890.052356020944,75099.47643979058,386.0,-1.0362694300518172,9.050679447727457
NL,H,2015,17059.0,348.0,381.0,8136.0,30824.0,8220.0,76507.0,26.39501686997145,False,55.343239034518554,49020.11494252874,40.28912387101834,21354.33070866142,80902.88713910761,382.0,-0.2617801047120394,10.74411491758924
NL,H,2016,17752.0,350.0,384.0,8687.0,31135.0,7841.0,76622.0,27.901075959531074,False,57.0162196884535,50720.0,40.63454360366474,22622.395833333332,81080.72916666667,381.0,0.7874015748031482,10.233353344992299
NL,H,2017,18133.0,355.0,390.0,9822.0,32437.0,8530.0,80947.0,30.2802355334957,False,55.90221043869656,51078.873239436616,40.071898896809024,25184.615384615383,83171.79487179487,384.0,1.5625,10.537759274587076
NL,H,2018,19336.0,369.0,404.0,7788.0,33015.0,7698.0,84896.0,23.589277601090412,False,58.56731788580948,52401.08401084011,38.88875800980023,19277.227722772277,81720.29702970298,390.0,3.589743589743599,9.067565020731248
NL,H,2019,20422.0,376.0,414.0,9464.0,34710.0,8005.0,88621.0,27.265917602996254,False,58.83607029674446,54313.82978723404,39.16678891007775,22859.90338164251,83840.57971014493,404.0,2.4752475247524774,9.032847744891166
NL,H,2020,20423.0,370.0,408.0,7001.0,30329.0,5923.0,80255.0,23.08351742556629,False,67.33819117016718,55197.2972972973,37.79079185097502,17159.313725490196,74335.78431372548,414.0,-1.449275362318836,7.380225531119557
NL,I,2013,5754.0,308.0,370.0,804.0,10143.0,3379.0,21188.0,7.92664892043774,False,56.7287784679089,18681.818181818184,47.87143666226166,2172.972972972973,27413.513513513513,369.0,0.27100271002709064,15.947706248820086
NL,I,2014,6044.0,319.0,383.0,788.0,10897.0,3828.0,22372.0,7.23134807745251,False,55.46480682756722,18946.708463949843,48.70820668693009,2057.4412532637075,28451.697127937336,370.0,3.513513513513522,17.110674056856784
NL,I,2015,6320.0,334.0,399.0,871.0,11885.0,4532.0,24095.0,7.328565418594868,False,53.17627261253681,18922.155688622755,49.325586221207715,2182.957393483709,29786.967418546363,383.0,4.177545691906004,18.808881510686863
NL,I,2016,6768.0,349.0,415.0,1032.0,12918.0,5120.0,25876.0,7.988852763585694,False,52.39201114723642,19392.550143266475,49.92270830112846,2486.746987951807,31127.710843373494,399.0,4.010025062656641,19.786674911114545
NL,I,2017,7193.0,366.0,431.0,1329.0,13761.0,5563.0,27753.0,9.657728362764335,False,52.27091054429184,19653.005464480873,49.58382877526754,3083.526682134571,31928.074245939675,415.0,3.855421686746996,20.044679854430154
NL,I,2018,7804.0,383.0,450.0,1252.0,14864.0,6032.0,29855.0,8.423035522066739,False,52.502691065662,20375.97911227154,49.78730530899347,2782.222222222222,33031.11111111111,431.0,4.408352668213467,20.20432088427399
NL,I,2019,8353.0,398.0,465.0,1346.0,15456.0,6010.0,31266.0,8.708592132505176,False,54.04373706004141,20987.437185929648,49.43388984839762,2894.6236559139784,33238.709677419356,450.0,3.3333333333333437,19.222158254973454
NL,I,2020,7843.0,359.0,423.0,1066.0,8766.0,2414.0,20993.0,12.16062057951175,False,89.47068218115446,21846.796657381616,41.75677606821321,2520.094562647754,20723.40425531915,465.0,-9.03225806451613,11.499071118944409
NL,J,2013,14545.0,220.0,257.0,5840.0,27602.0,7391.0,52002.0,21.157887109629737,False,52.69545685095282,66113.63636363635,53.07872774124072,22723.73540856031,107400.77821011672,261.0,-1.532567049808431,14.212914887888928
NL,J,2014,14700.0,223.0,262.0,6255.0,27924.0,7506.0,54117.0,22.40008594757198,False,52.64288783841856,65919.28251121077,51.59931260047674,23874.045801526714,106580.15267175573,257.0,1.9455252918287869,13.869948445035757
NL,J,2015,15427.0,229.0,270.0,6302.0,28817.0,7618.0,61319.0,21.8690356386855,False,53.53437207204082,67366.81222707423,46.99522170942122,23340.74074074074,106729.62962962962,262.0,3.053435114503822,12.423555504819062
NL,J,2016,16278.0,238.0,279.0,6874.0,30005.0,7921.0,66351.0,22.909515080819865,False,54.250958173637734,68394.95798319328,45.22162439149373,24637.992831541218,107544.8028673835,270.0,3.3333333333333437,11.938026555741436
NL,J,2017,17290.0,251.0,293.0,7075.0,31006.0,7732.0,73408.0,22.818164226278785,False,55.76340063213572,68884.46215139441,42.23790322580645,24146.757679180886,105822.52559726962,279.0,5.017921146953408,10.532911944202267
NL,J,2018,18551.0,261.0,305.0,7166.0,32358.0,7581.0,79622.0,22.145991717658696,False,57.3304901415415,71076.62835249041,40.63952174022255,23495.081967213115,106091.80327868853,293.0,4.095563139931735,9.52123784883575
NL,J,2019,20065.0,272.0,317.0,8470.0,34452.0,8325.0,86620.0,24.584929757343552,False,58.2404504818298,73768.38235294117,39.77372431309166,26719.2429022082,108681.38801261829,305.0,3.934426229508192,9.610944354652505
NL,J,2020,21038.0,280.0,326.0,9360.0,36960.0,10038.0,89049.0,25.324675324675322,False,56.920995670995666,75135.71428571429,41.50523868881178,28711.656441717794,113374.23312883436,317.0,2.8391167192429068,11.272445507529563
NL,L,2013,3587.0,63.0,74.0,24951.0,33630.0,1635.0,75179.0,74.19268510258698,False,10.666071959559916,56936.50793650794,44.733236675135345,337175.6756756757,454459.45945945947,76.0,-2.631578947368418,2.174809454767954
NL,L,2014,3537.0,63.0,73.0,26460.0,35816.0,2984.0,77928.0,73.87759660486934,False,9.875474648201921,56142.857142857145,45.96037367826712,362465.7534246575,490630.13698630134,74.0,-1.3513513513513487,3.829175649317319
NL,L,2015,3471.0,62.0,73.0,29963.0,36277.0,3977.0,80626.0,82.59503266532514,False,9.56804586928357,55983.87096774194,44.99417061493811,410452.05479452055,496945.20547945204,73.0,0.0,4.9326519981147525
NL,L,2016,3505.0,63.0,74.0,36364.0,37535.0,4550.0,82341.0,96.88024510456907,False,9.337951245504197,55634.920634920636,45.58482408520664,491405.40540540544,507229.72972972976,73.0,1.3698630136986356,5.525801241179971
NL,L,2017,3587.0,64.0,75.0,40322.0,41501.0,7665.0,84610.0,97.15910459988916,False,8.64316522493434,56046.875,49.04975771185439,537626.6666666666,553346.6666666667,74.0,1.3513513513513598,9.059212859000118
NL,L,2018,3761.0,64.0,75.0,45287.0,45337.0,9340.0,88091.0,99.88971480247922,False,8.29565255751373,58765.625,51.466097558206855,603826.6666666667,604493.3333333334,75.0,0.0,10.602672236664358
NL,L,2019,3942.0,66.0,76.0,49868.0,46104.0,8251.0,91215.0,108.16415061599862,False,8.550234252993233,59727.27272727273,50.54431836868935,656157.8947368421,606631.5789473684,75.0,1.333333333333342,9.045661349558735
NL,L,2020,4115.0,67.0,76.0,53396.0,47533.0,7048.0,93433.0,112.3345886016031,False,8.65714345822902,61417.91044776119,50.87388824077146,702578.947368421,625434.2105263158,76.0,0.0,7.5433733263408005
NL,M,2013,32258.0,484.0,688.0,4280.0,49251.0,13490.0,97379.0,8.690178879616656,False,65.49714726604536,66648.76033057852,50.57661302744945,6220.93023255814,71585.75581395348,700.0,-1.7142857142857126,13.853089475143513
NL,M,2014,32947.0,488.0,696.0,4030.0,51591.0,15003.0,101726.0,7.8114399798414444,False,63.86191389971118,67514.34426229508,50.71564791695339,5790.229885057471,74125.0,688.0,1.1627906976744207,14.74844189292806
NL,M,2015,32640.0,498.0,705.0,4403.0,54992.0,18753.0,106986.0,8.006619144602851,False,59.35408786732616,65542.1686746988,51.40111790327706,6245.390070921986,78002.83687943262,696.0,1.2931034482758674,17.52846166788178
NL,M,2016,33943.0,515.0,721.0,4676.0,56939.0,19363.0,110556.0,8.21229737087058,False,59.612919088849466,65908.73786407766,51.50240602047831,6485.436893203883,78972.26074895979,705.0,2.269503546099294,17.514200947935887
NL,M,2017,35171.0,523.0,728.0,5105.0,59523.0,20560.0,117086.0,8.576516640626313,False,59.08808359793694,67248.56596558317,50.83699161300241,7012.3626373626375,81762.36263736265,721.0,0.9708737864077666,17.559742411560734
NL,M,2018,36899.0,542.0,748.0,5879.0,62456.0,21583.0,128372.0,9.413026770846676,False,59.07999231458947,68079.33579335792,48.65235409590877,7859.625668449197,83497.32620320856,728.0,2.7472527472527375,16.812856386127816
NL,M,2019,39029.0,557.0,765.0,6462.0,65436.0,22185.0,136495.0,9.875298001100312,False,59.644538174705055,70070.01795332137,47.94021759038793,8447.058823529413,85537.25490196078,748.0,2.2727272727272707,16.253342613282538
NL,M,2020,40592.0,568.0,772.0,6467.0,67882.0,23670.0,139334.0,9.526825962699979,False,59.79788456439115,71464.78873239437,48.71890565116913,8376.943005181347,87930.05181347151,765.0,0.9150326797385588,16.987956995421076
NL,N,2013,21539.0,742.0,1000.0,7452.0,34960.0,7917.0,56955.0,21.31578947368421,False,61.6104118993135,29028.30188679245,61.3817926433149,7452.0,34960.0,997.0,0.30090270812437314,13.900447721885701
NL,N,2014,22680.0,765.0,1026.0,2319.0,36930.0,8390.0,61055.0,6.27944760357433,False,61.41348497156783,29647.058823529413,60.4864466464663,2260.2339181286548,35994.15204678362,1000.0,2.6000000000000023,13.74170829579887
NL,N,2015,24654.0,824.0,1086.0,28087.0,40896.0,10279.0,67684.0,68.67908841940532,False,60.284624413145536,29919.90291262136,60.42196087701672,25862.79926335175,37657.45856353591,1026.0,5.84795321637428,15.186750192069026
NL,N,2016,26735.0,877.0,1141.0,5490.0,45813.0,12607.0,75176.0,11.983498133717504,False,58.356798288695344,30484.606613454962,60.94099180589549,4811.5687992988605,40151.62138475022,1086.0,5.064456721915289,16.7699797807811
NL,N,2017,29054.0,943.0,1210.0,6771.0,49575.0,13952.0,82466.0,13.658093797276855,False,58.606152294503275,30810.1802757158,60.11568403948294,5595.8677685950415,40971.07438016529,1141.0,6.047326906222605,16.91848761914001
NL,N,2018,31770.0,991.0,1262.0,6794.0,53597.0,14695.0,90128.0,12.67608261656436,False,59.27570572979831,32058.526740665995,59.467646014557076,5383.518225039619,42469.88906497623,1210.0,4.297520661157028,16.304589028936622
NL,N,2019,32845.0,993.0,1270.0,9161.0,58358.0,17787.0,96912.0,15.697933445285994,False,56.28191507591076,33076.535750251765,60.217516922568926,7213.385826771653,45951.18110236221,1262.0,0.6339144215530945,18.353764239722633
NL,N,2020,30896.0,883.0,1164.0,7124.0,49586.0,12274.0,82062.0,14.366958415681847,False,62.30790949058201,34989.80747451868,60.425044478564985,6120.274914089347,42599.65635738832,1270.0,-8.346456692913385,14.956983743998439
NO,B,2013,10310.2,71.0,72.0,28671.7,88294.7,61896.1,107889.0,32.47273052629433,False,11.677031577206787,145214.08450704225,81.83846360611369,398218.05555555556,1226315.2777777778,67.0,7.462686567164178,57.37016748695418
NO,B,2014,10023.9,73.0,73.0,27189.1,77238.5,49714.6,96869.4,35.201486305404686,False,12.977854308408372,137313.69863013696,79.73467369468584,372453.4246575342,1058061.6438356165,72.0,1.388888888888884,51.321263474327296
NO,B,2015,8854.3,67.0,67.0,22688.8,59261.3,32639.8,76001.5,38.28603152478936,False,14.941116715293115,132153.73134328358,77.97385577916226,338638.80597014923,884497.0149253731,73.0,-8.21917808219178,42.94625763965185
NO,B,2016,7679.2,59.0,59.0,18008.4,45752.5,20940.6,60219.9,39.36047210534944,False,16.78421944156057,130155.93220338982,75.97571566874073,305227.11864406784,775466.1016949152,67.0,-11.940298507462687,34.77355492121375
NO,B,2017,7316.8,57.0,57.0,16394.1,56237.2,32732.2,68347.3,29.15170029802337,False,13.01060507991152,128364.91228070176,82.28152392267141,287615.78947368416,986617.5438596491,59.0,-3.3898305084745783,47.890992036261856
NO,B,2018,7474.1,57.0,57.0,16157.1,67567.7,44110.4,81318.3,23.912461131576183,False,11.061646319173216,131124.56140350876,83.09039908606057,283457.8947368421,1185398.245614035,57.0,0.0,54.24412463123307
NO,B,2019,8038.4,61.0,61.0,18706.4,54647.5,30591.3,69294.5,34.231026121963495,False,14.709547554782926,131777.04918032786,78.86268029930226,306662.2950819672,895860.655737705,57.0,7.017543859649122,44.14679375708029
NO,B,2020,7635.6,63.0,64.0,17469.2,38918.3,15364.3,52436.4,44.88685271453275,False,19.61956200553467,121200.0,74.22000747572297,272956.25,608098.4375,61.0,4.918032786885251,29.30082919498669
NO,C,2013,18232.2,232.0,236.0,3880.3,26908.9,3747.7,100186.4,14.420136088803332,False,67.7552779935263,78587.06896551725,26.858835131315235,16441.949152542373,114020.7627118644,234.0,0.8547008547008517,3.7407272843419865
NO,C,2014,17705.9,233.0,237.0,3933.7,26346.8,3911.0,97587.0,14.930465938937557,False,67.20322771645894,75990.98712446353,26.998268211954464,16597.890295358648,111167.93248945147,236.0,0.4237288135593209,4.007705944439321
NO,C,2015,16363.2,226.0,230.0,3376.6,24801.2,4036.4,89936.9,13.614663806590002,False,65.97745270390143,72403.53982300886,27.57622288515615,14680.86956521739,107831.3043478261,237.0,-2.9535864978902926,4.488035500445313
NO,C,2016,15343.7,216.0,220.0,3906.6,22659.0,3117.3,80308.8,17.240831457698928,False,67.71569795666181,71035.64814814816,28.214840714840715,17757.272727272728,102995.45454545454,230.0,-4.347826086956519,3.8816418624110933
NO,C,2017,15227.4,213.0,216.0,3949.8,23481.1,3926.8,84265.7,16.821188104475514,False,64.8496024462227,71490.14084507042,27.86554909055523,18286.111111111113,108708.79629629629,220.0,-1.8181818181818188,4.660021811959077
NO,C,2018,15340.1,216.0,219.0,4055.1,23156.2,3436.8,88501.1,17.511940646565495,False,66.2461889256441,71018.98148148149,26.164872527008136,18516.43835616438,105736.07305936073,216.0,1.388888888888884,3.8833415629862227
NO,C,2019,15857.2,221.0,224.0,5026.5,23287.5,3008.5,89341.3,21.584541062801932,False,68.09318303811058,71752.03619909503,26.06577249267696,22439.73214285714,103962.05357142857,219.0,2.2831050228310446,3.3674235767780414
NO,C,2020,14323.8,216.0,219.0,3972.7,21608.6,3154.7,80470.6,18.384809751672947,False,66.28749664485436,66313.88888888888,26.85278847181455,18140.182648401827,98669.40639269406,224.0,-2.2321428571428603,3.920313754340094
NO,D,2013,1599.9,15.0,15.0,2533.6,7184.9,3623.4,9236.7,35.26284290665145,False,22.267533299002075,106660.00000000001,77.78643887968646,168906.66666666666,478993.33333333326,15.0,0.0,39.22829581993569
NO,D,2014,1594.1,15.0,15.0,2596.4,6646.2,3039.5,8556.8,39.0659324125064,False,23.98513436249285,106273.33333333333,77.67155946148094,173093.33333333334,443080.0,15.0,0.0,35.521456619296934
NO,D,2015,1572.7,16.0,16.0,2478.2,5916.1,2383.6,7612.7,41.889082334646126,False,26.583391085343383,98293.75,77.7135576076819,154887.5,369756.25,15.0,6.666666666666665,31.31083584010929
NO,D,2016,1579.7,16.0,16.0,2818.4,6478.6,2910.4,8345.7,43.503226005618494,False,24.383354428425893,98731.25,77.62800004792886,176150.0,404912.5,16.0,0.0,34.87304839618007
NO,D,2017,1624.9,16.0,16.0,3096.2,6891.3,3166.8,8761.4,44.92911351994543,False,23.57900541262171,101556.25,78.65523774739196,193512.5,430706.25,16.0,0.0,36.144908347980916
NO,D,2018,1632.2,16.0,16.0,3623.5,8579.3,4754.9,10576.8,42.235380508899325,False,19.024862168242166,102012.5,81.11432569397171,226468.75,536206.25,16.0,0.0,44.955941305498825
NO,D,2019,1675.5,16.0,16.0,3645.6,7921.8,3949.2,9919.0,46.0198439748542,False,21.150496099371356,104718.75,79.86490573646537,227850.0,495112.5,16.0,0.0,39.81449742917633
NO,D,2020,1568.4,17.0,17.0,3568.3,4942.9,1064.6,6688.7,72.19041453397804,False,31.730360719415735,92258.82352941178,73.89926293599652,209900.0,290758.82352941175,16.0,6.25,15.916396310194806
NO,E,2013,1045.6,14.0,14.0,1133.1,2018.9,79.9,5413.9,56.12462231908464,False,51.79057902818366,74685.71428571429,37.29104711945179,80935.71428571429,144207.14285714287,14.0,0.0,1.4758307320046549
NO,E,2014,1039.2,15.0,15.0,1396.9,1997.9,105.1,5303.6,69.9184143350518,False,52.01461534611342,69280.0,37.67063881137341,93126.66666666669,133193.3333333333,14.0,7.14285714285714,1.9816728260049776
NO,E,2015,1027.5,15.0,15.0,1419.2,2015.4,139.4,5281.7,70.41778307035824,False,50.98243524858589,68500.0,38.158168771418296,94613.33333333333,134360.0,15.0,0.0,2.6393017399700858
NO,E,2016,1060.2,16.0,16.0,1522.1,1987.2,50.5,5412.7,76.59520933977456,False,53.35144927536232,66262.5,36.71365492268184,95131.25,124200.0,15.0,6.666666666666665,0.9329909287416631
NO,E,2017,1115.7,16.0,16.0,1467.5,2216.1,168.5,5804.4,66.21993592346917,False,50.34520102883444,69731.25,38.179656812073596,91718.75,138506.25,16.0,0.0,2.9029701605678455
NO,E,2018,1155.2,17.0,17.0,1606.6,2206.0,97.1,6042.0,72.82864913871259,False,52.36627379873073,67952.94117647059,36.51108904336313,94505.88235294117,129764.70588235292,16.0,6.25,1.607083747103608
NO,E,2019,1195.7,17.0,17.0,1776.7,2268.5,103.8,6215.0,78.32047608551906,False,52.70883843949746,70335.29411764706,36.50040225261464,104511.76470588235,133441.17647058822,17.0,0.0,1.670152855993564
NO,E,2020,1164.7,18.0,18.0,1695.9,2230.9,111.3,6102.2,76.01864718275135,False,52.207629207942986,64705.55555555556,36.55894595391826,94216.66666666667,123938.88888888889,17.0,5.882352941176472,1.823932352266396
NO,F,2013,13100.4,186.0,206.0,1869.4,20129.9,5950.0,54628.5,9.286682993954267,False,65.07930988231436,70432.25806451614,36.848714498842185,9074.757281553399,97717.96116504855,200.0,3.0000000000000027,10.891750642979398
NO,F,2014,12896.2,191.0,211.0,1689.1,19822.1,5866.3,53912.7,8.521296936247925,False,65.0597060856317,67519.37172774869,36.767032628675615,8005.21327014218,93943.6018957346,206.0,2.4271844660194164,10.881109645779196
NO,F,2015,12689.1,196.0,216.0,1887.0,19391.8,5715.5,52658.7,9.730917191802721,False,65.43539021648326,64740.30612244899,36.82544384878472,8736.111111111111,89776.85185185184,211.0,2.369668246445489,10.853857007484043
NO,F,2016,12909.7,202.0,222.0,1927.9,19354.3,5403.0,54044.5,9.961093917114027,False,66.70197320492088,63909.405940594064,35.811784732951544,8684.234234234234,87181.53153153154,216.0,2.777777777777768,9.997317025784309
NO,F,2017,13849.5,213.0,232.0,2072.2,20528.8,5605.9,57230.8,10.094111686995829,False,67.46375823233701,65021.12676056338,35.87019576871195,8931.896551724136,88486.20689655172,222.0,4.504504504504503,9.795250110080584
NO,F,2018,14421.3,222.0,240.0,2717.0,20955.5,5372.0,59495.5,12.96556989811744,False,68.81868721815275,64960.81081081081,35.22199157919507,11320.833333333332,87314.58333333333,232.0,3.4482758620689724,9.02925431335143
NO,F,2019,15034.9,231.0,248.0,2774.1,21491.2,5228.1,60657.7,12.908074002382369,False,69.95840157832043,65086.14718614719,35.43029162002516,11185.887096774193,86658.06451612903,240.0,3.3333333333333437,8.619021163018052
NO,F,2020,14072.3,231.0,247.0,2174.0,19699.7,4406.8,55283.4,11.035701051285045,False,71.43408275252922,60919.04761904762,35.63402395655839,8801.61943319838,79755.87044534413,248.0,-0.40322580645161255,7.971289754248111
NO,G,2013,19448.8,350.0,358.0,1902.7,24342.3,2759.6,47525.3,7.816434765819172,False,79.8971337959026,55568.0,51.21966615676281,5314.804469273743,67995.25139664805,358.0,0.0,5.806591436561157
NO,G,2014,18600.1,354.0,362.0,1847.3,24488.5,3775.5,46334.3,7.5435408457030855,False,75.95442758845988,52542.65536723163,52.851775034909345,5103.038674033149,67647.79005524862,358.0,1.1173184357541999,8.148391148673877
NO,G,2015,17975.4,357.0,365.0,1589.1,23550.9,3569.8,44044.3,6.747512833904436,False,76.32574551291033,50351.26050420168,53.470937215485314,4353.698630136986,64523.01369863014,362.0,0.8287292817679592,8.105021535136215
NO,G,2016,17746.8,357.0,364.0,1882.0,23766.7,4101.0,44155.6,7.918642470347166,False,74.67086301421737,49710.9243697479,53.82488291405847,5170.329670329671,65293.131868131866,365.0,-0.2739726027397249,9.2876101785504
NO,G,2017,18301.7,359.0,366.0,2219.5,24280.5,3866.2,45089.2,9.141080290768313,False,75.37612487386997,50979.665738161566,53.84992415035086,6064.207650273224,66340.16393442622,364.0,0.5494505494505475,8.57455887440895
NO,G,2018,18304.9,359.0,366.0,2364.5,25290.0,4663.7,45662.2,9.34954527481218,False,72.37999209173587,50988.57938718663,55.38497926074521,6460.382513661202,69098.3606557377,366.0,0.0,10.213480734611998
NO,G,2019,18411.3,358.0,364.0,2428.4,25511.3,4581.4,46229.6,9.518919067236872,False,72.16919561135654,51428.21229050279,55.183908145430635,6671.428571428572,70085.98901098901,366.0,-0.5464480874316946,9.910100887742917
NO,G,2020,16903.9,352.0,357.0,2443.2,25314.6,5931.1,43142.5,9.651347443767628,False,66.77529962946285,48022.443181818184,58.676710899924664,6843.697478991597,70909.24369747899,364.0,-1.9230769230769273,13.747696586892278
NO,H,2013,10281.2,151.0,162.0,3209.7,21132.4,6965.3,47757.7,15.188525676212826,False,48.65135999697148,68087.41721854305,44.24919960550865,19812.962962962964,130446.91358024692,162.0,0.0,14.58466383431363
NO,H,2014,9368.4,143.0,154.0,2510.4,20224.3,7282.7,48261.3,12.41279055393759,False,46.32249323833211,65513.28671328672,41.90583345247641,16301.298701298701,131326.62337662335,162.0,-4.938271604938271,15.0901446915023
NO,H,2015,9040.7,143.0,154.0,1979.9,19305.4,6796.2,46767.2,10.255679757995171,False,46.82990251432242,63221.67832167832,41.279785832805906,12856.493506493507,125359.74025974027,154.0,0.0,14.53197967806497
NO,H,2016,8746.5,142.0,153.0,2730.5,17498.3,5644.4,43002.4,15.60437299623392,False,49.98485567169382,61595.07042253521,40.691449779547185,17846.40522875817,114367.97385620915,154.0,-0.649350649350644,13.125779026286905
NO,H,2017,8642.9,139.0,150.0,2198.8,17131.3,5227.7,43894.8,12.834986253232389,False,50.450929001301716,62179.13669064748,39.02808533129208,14658.666666666668,114208.66666666666,153.0,-1.9607843137254943,11.909611161230941
NO,H,2018,8816.0,140.0,151.0,2963.4,15482.6,3671.9,44968.0,19.14019609109581,False,56.94134060170772,62971.428571428565,34.43026151930262,19625.165562913906,102533.77483443708,150.0,0.6666666666666599,8.165584415584416
NO,H,2019,8995.6,141.0,151.0,5338.0,15962.2,3972.9,45942.3,33.44150555687812,False,56.355640199972434,63798.581560283696,34.744015863376454,35350.99337748344,105709.93377483444,151.0,0.0,8.647586211399952
NO,H,2020,7902.0,134.0,143.0,3849.0,10775.9,674.2,35145.7,35.718594270548174,False,73.33030187733739,58970.149253731346,30.66064980922275,26916.083916083917,75355.94405594406,151.0,-5.298013245033117,1.918300104991507
NO,I,2013,3224.0,84.0,86.0,284.4,4533.8,948.2,9706.5,6.272883673739467,False,71.11032687811549,38380.95238095238,46.70890640292588,3306.9767441860463,52718.604651162794,84.0,2.3809523809523725,9.768711688044094
NO,I,2014,3207.9,88.0,90.0,309.2,4462.9,899.5,9485.2,6.928230522754262,False,71.87927132581954,36453.40909090909,47.051195546746506,3435.555555555555,49587.777777777774,86.0,4.651162790697683,9.483194872011133
NO,I,2015,3164.4,90.0,93.0,243.7,4392.9,863.1,9422.9,5.5475881536115095,False,72.03441917639829,35160.00000000001,46.61940591537637,2620.4301075268813,47235.48387096774,90.0,3.3333333333333437,9.15960054760212
NO,I,2016,3181.0,94.0,96.0,275.7,4461.6,912.9,9530.5,6.179397525551371,False,71.29729245113859,33840.425531914894,46.81391322595877,2871.8749999999995,46475.0,93.0,3.2258064516129004,9.578720948533654
NO,I,2017,3330.1,99.0,101.0,347.4,4690.7,964.4,10001.9,7.4061440723133005,False,70.99366832242524,33637.37373737374,46.89808936302103,3439.6039603960394,46442.57425742574,96.0,5.208333333333326,9.642167988082265
NO,I,2018,3450.6,101.0,103.0,357.0,4653.6,765.8,10011.7,7.671480144404332,False,74.14904589994842,34164.35643564356,46.48161650868484,3466.019417475728,45180.58252427185,101.0,1.980198019801982,7.6490506107853795
NO,I,2019,3617.6,104.0,105.0,363.6,4848.1,769.3,10395.6,7.499845300220705,False,74.61892287700336,34784.61538461538,46.63607680172381,3462.857142857143,46172.380952380954,103.0,1.9417475728155331,7.400246258032244
NO,I,2020,2680.5,92.0,93.0,291.8,2840.5,-278.5,7048.2,10.272839288857597,False,94.36718887519802,29135.869565217392,40.30106977668057,3137.6344086021504,30543.010752688173,105.0,-11.428571428571432,-3.9513634686870405
NO,J,2013,8339.1,87.0,90.0,2652.7,14034.0,3511.0,27638.8,18.9019524013111,False,59.420692603676784,95851.72413793104,50.77644470816388,29474.444444444445,155933.33333333334,89.0,1.1235955056179803,12.703156432261892
NO,J,2014,8210.4,89.0,92.0,2340.2,13400.5,3032.7,27271.6,17.463527480317897,False,61.26935562105892,92251.68539325842,49.13719767083706,25436.95652173913,145657.6086956522,90.0,2.2222222222222143,11.12035964153185
NO,J,2015,8015.3,90.0,93.0,2479.2,12925.5,2869.0,26386.9,19.180689335035396,False,62.011527600479674,89058.88888888889,48.98453399224615,26658.06451612903,138983.8709677419,92.0,1.0869565217391353,10.872819467235635
NO,J,2016,7851.4,90.0,93.0,2601.3,12808.8,2929.6,25660.5,20.308694022859285,False,61.296920866904,87237.77777777778,49.91640848775355,27970.967741935485,137729.03225806452,93.0,0.0,11.416768963971863
NO,J,2017,8170.4,91.0,94.0,3257.7,13261.2,2948.4,26952.9,24.56565016740566,False,61.611317226193705,89784.61538461538,49.201384637645674,34656.3829787234,141076.59574468088,93.0,1.0752688172043001,10.939082621907104
NO,J,2018,8395.3,94.0,97.0,3712.0,14076.0,3142.7,27988.4,26.37112816140949,False,59.642654163114514,89311.70212765958,50.292263937917134,38268.0412371134,145113.40206185568,94.0,3.1914893617021267,11.228580411884922
NO,J,2019,8823.3,99.0,102.0,3605.2,15088.1,3327.3,29456.8,23.894327317554893,False,58.4785360648458,89124.24242424242,51.22111023600663,35345.098039215685,147922.54901960786,97.0,5.154639175257736,11.29552429320225
NO,J,2020,8208.8,98.0,101.0,4262.6,14136.0,3024.4,27886.3,30.154216185625355,False,58.070175438596486,83763.26530612244,50.69155822034476,42203.960396039605,139960.39603960395,102.0,-0.9803921568627416,10.84546892201547
NO,L,2013,1912.2,23.0,26.0,23996.6,29672.7,15548.6,46219.5,80.87096893777782,False,6.444307393664885,83139.13043478261,64.19952617401746,922946.1538461539,1141257.6923076925,26.0,0.0,33.64077932474389
NO,L,2014,1870.9,23.0,26.0,23435.2,30006.7,15892.7,45922.1,78.0998910243379,False,6.234940863207218,81343.47826086957,65.34261281605154,901353.8461538462,1154103.8461538462,26.0,0.0,34.607955646627666
NO,L,2015,1857.1,24.0,27.0,23134.4,31014.2,16628.5,46380.6,74.59292840053912,False,5.9879023157134466,77379.16666666666,66.86890639620876,856829.6296296297,1148674.074074074,26.0,3.8461538461538547,35.85227444233149
NO,L,2016,1865.9,24.0,27.0,24567.3,31853.8,17062.0,47666.2,77.12517815770804,False,5.857699866263994,77745.83333333334,66.8268080946247,909900.0,1179770.3703703703,27.0,0.0,35.794756032576544
NO,L,2017,1956.7,25.0,28.0,26776.3,33009.0,17134.2,49842.9,81.11817989033294,False,5.927777272864977,78268.0,66.22608235074604,956296.4285714285,1178892.857142857,27.0,3.703703703703698,34.37641068236399
NO,L,2018,1995.4,26.0,28.0,24649.5,33783.3,17253.0,51257.1,72.96356483824847,False,5.906468580630075,76746.15384615384,65.90950326881546,880339.2857142857,1206546.4285714286,28.0,0.0,33.659727140240086
NO,L,2019,1985.2,25.0,28.0,24646.0,35874.0,18833.2,52852.7,68.70156659419078,False,5.533812789206668,79408.0,67.87543493520673,880214.2857142857,1281214.2857142857,28.0,0.0,35.633373507881345
NO,L,2020,1945.6,26.0,28.0,22226.6,32848.0,16322.1,51367.7,67.6650024354603,False,5.923039454456893,74830.76923076922,63.946799253227226,793807.1428571428,1173142.857142857,28.0,0.0,31.7750259404256
NO,M,2013,10589.9,116.0,130.0,1893.1,16062.9,4258.4,29916.6,11.785543083752,False,65.92769674218229,91292.24137931033,53.692264495296925,14562.307692307691,123560.76923076922,127.0,2.3622047244094446,14.234237847883783
NO,M,2014,10373.7,119.0,132.0,1801.4,15657.3,4024.5,28828.6,11.505176499140978,False,66.25471824644097,87173.94957983194,54.31169047404314,13646.969696969698,118615.90909090909,130.0,1.538461538461533,13.960095183255516
NO,M,2015,10004.6,120.0,133.0,1744.2,14332.8,3092.3,26239.6,12.169290020093772,False,69.8021321723599,83371.66666666667,54.622783883900674,13114.285714285714,107765.41353383458,132.0,0.7575757575757569,11.784859525297643
NO,M,2016,9544.8,118.0,131.0,1814.5,13415.0,2558.3,24858.5,13.525903838986208,False,71.15020499440924,80888.13559322033,53.96544441539112,13851.145038167939,102404.58015267176,133.0,-1.5037593984962405,10.29144960476296
NO,M,2017,9761.2,120.0,133.0,2270.6,14072.6,2889.9,26131.1,16.134900444836063,False,69.36315961513864,81343.33333333333,53.85383699882516,17072.180451127817,105809.02255639099,131.0,1.526717557251911,11.059235929601128
NO,M,2018,10212.0,125.0,138.0,1971.7,15048.2,3238.6,27943.0,13.102563761778818,False,67.86193697585094,81696.0,53.85320115950327,14287.68115942029,109044.9275362319,133.0,3.759398496240607,11.590022545897003
NO,M,2019,10719.6,131.0,143.0,1945.3,16466.9,4071.5,30121.2,11.813395356745955,False,65.09786298574716,81829.0076335878,54.66880469569606,13603.496503496503,115153.14685314687,138.0,3.6231884057970953,13.51705775334316
NO,M,2020,9932.4,130.0,143.0,2213.4,15289.7,3815.0,27084.6,14.476412225223518,False,64.96137922915426,76403.07692307692,56.451636723451706,15478.32167832168,106920.97902097904,143.0,0.0,14.085495078384028
NO,N,2013,6613.7,117.0,122.0,854.1,9912.0,2347.7,19917.9,8.61682808716707,False,66.72417271993542,56527.35042735043,49.764282379166474,7000.819672131148,81245.90163934427,121.0,0.8264462809917328,11.786885163596562
NO,N,2014,6392.4,118.0,123.0,801.9,9641.5,2306.7,19371.7,8.31717056474615,False,66.30088679147435,54172.8813559322,49.771057780163844,6519.512195121952,78386.17886178862,122.0,0.8196721311475308,11.907576516258251
NO,N,2015,5901.9,114.0,119.0,652.0,8731.0,1899.4,17896.1,7.467644027030122,False,67.59706791890963,51771.05263157895,48.787165918831484,5478.991596638655,73369.74789915966,123.0,-3.2520325203251987,10.613485619771906
NO,N,2016,5706.0,115.0,119.0,2136.2,8556.9,1948.4,17557.0,24.964648412392336,False,66.68302773200575,49617.391304347824,48.73782536879877,17951.26050420168,71906.72268907563,119.0,0.0,11.097567921626702
NO,N,2017,6054.8,121.0,125.0,1147.0,9130.4,2014.4,18069.8,12.562428809252607,False,66.31472881801454,50039.669421487604,50.52850612624379,9176.0,73043.2,119.0,5.042016806722693,11.14788210162813
NO,N,2018,6440.9,128.0,132.0,1639.3,9894.0,2332.1,18926.3,16.56862745098039,False,65.09904992925006,50319.53125,52.27646185466784,12418.939393939392,74954.54545454546,125.0,5.600000000000005,12.32200694271992
NO,N,2019,6802.2,132.0,136.0,1367.9,10087.3,2008.6,19604.1,13.560615823857724,False,67.43330722790043,51531.818181818184,51.45505276957372,10058.088235294119,74171.32352941176,132.0,3.0303030303030276,10.245815926260324
NO,N,2020,5761.6,122.0,126.0,1042.9,8927.6,1925.7,16084.0,11.681750974506027,False,64.53694161924818,47226.229508196724,55.50609301168864,8276.984126984127,70853.96825396825,136.0,-7.352941176470584,11.972767968167123
PL,B,2013,4313.0,265.1,265.5,1859.0,7617.9,1905.9,13267.7,24.40305070951312,False,56.61665288334056,16269.332327423612,57.41688461451494,7001.883239171375,28692.655367231637,247.4,7.3160873080032385,14.364961523097447
PL,B,2014,4372.5,264.5,264.5,2087.8,6639.3,683.5,12328.2,31.446086183784438,False,65.85784645971714,16531.190926275995,53.85457731055629,7893.383742911154,25101.323251417773,265.5,-0.37664783427495685,5.544199477620414
PL,B,2015,3693.0,229.1,229.6,1502.6,6650.7,1232.8,11802.3,22.593110499646656,False,55.527989534936175,16119.598428633786,56.35088076052973,6544.425087108014,28966.463414634145,264.5,-13.19470699432892,10.445421655101125
PL,B,2016,3319.6,226.9,227.2,1502.1,6209.7,1318.5,11051.8,24.1895743755737,False,53.45829911267855,14630.233583076244,56.18722741996779,6611.355633802817,27331.426056338027,229.6,-1.0452961672473893,11.930183318554445
PL,B,2017,3648.8,206.9,207.4,1650.7,7568.2,2207.9,12800.3,21.810998652255492,False,48.212256547131425,17635.572740454325,59.12517675366984,7959.016393442623,36490.83895853423,227.2,-8.714788732394362,17.248814480910603
PL,B,2018,4009.4,191.1,192.6,1768.6,7594.7,1945.6,13142.1,23.287292453948147,False,52.79207868645239,20980.638409209838,57.7890900236644,9182.76220145379,39432.502596054,207.4,-7.135969141755072,14.804331119075337
PL,B,2019,4251.0,219.4,219.9,1978.5,7643.6,1619.5,13404.9,25.884400020932542,False,55.615155162488875,19375.56973564266,57.020940103991826,8997.271487039563,34759.43610732151,192.6,14.174454828660444,12.081403069027
PL,B,2020,4024.8,213.7,214.2,1751.5,6880.0,1044.6,12250.1,25.4578488372093,False,58.50000000000001,18833.87927000468,56.162806834229926,8176.937441643325,32119.51447245565,219.9,-2.592087312414737,8.527277328348339
PL,C,2013,29533.5,2750.7,2941.0,12725.4,60704.5,21188.6,253496.6,20.96286107290234,False,48.65125320198667,10736.721561784274,23.94686950436416,4326.895613736824,20640.768446106766,2878.8,2.160622481589547,8.358534197302843
PL,C,2014,31727.6,2806.0,3004.8,15052.2,69105.9,27472.0,262965.4,21.78135296696809,False,45.91156471444551,11307.056307911618,26.279464902987232,5009.384984025559,22998.50239616613,2941.0,2.1693301598096015,10.447001772856808
PL,C,2015,33609.1,2894.8,3093.7,17125.3,76417.4,32224.4,274984.6,22.410210240076214,False,43.98095198214019,11610.163050987976,27.789701677839414,5535.539968322721,24700.972945017293,3004.8,2.9585995740148974,11.718619879076867
PL,C,2016,35504.2,3056.4,3260.3,17614.8,78155.5,30825.1,275777.4,22.538145108149777,False,45.42764104893449,11616.346028006805,28.34006702507167,5402.815691807501,23971.87375394902,3093.7,5.385137537576368,11.177529413215149
PL,C,2017,39543.3,3191.2,3405.2,18057.6,79206.7,27514.2,306518.9,22.798071375275068,False,49.92418570651221,12391.357483078467,25.840723035349527,5302.948431810172,23260.513332550217,3260.3,4.444376284391005,8.97634697240529
PL,C,2018,42310.7,3238.1,3456.5,19827.8,83076.9,27192.8,325783.2,23.866802925963775,False,50.92956044339642,13066.520490411041,25.500670384476543,5736.380731954288,24034.977578475336,3405.2,1.5065194408551585,8.346900638215844
PL,C,2019,46064.3,3237.9,3450.7,22069.3,89709.4,28659.5,339634.9,24.600877945900876,False,51.34835368422931,14226.597486024893,26.413481064519573,6395.600892572522,25997.44979279566,3456.5,-0.16779979748300367,8.438325978867306
PL,C,2020,45369.8,3122.5,3343.8,19639.4,86200.5,28273.2,319268.5,22.78339452787397,False,52.63287335920326,14529.959967974379,26.999375134095597,5873.377594353729,25779.20330163287,3450.7,-3.0979221607210006,8.855618390163764
PL,D,2013,3331.0,164.4,168.5,4896.5,12153.7,3529.2,27575.0,40.28814270551354,False,27.40729160667122,20261.55717761557,44.07506799637353,29059.347181008903,72128.78338278932,164.4,2.4939172749391725,12.798549410698095
PL,D,2014,3279.6,177.2,181.7,5532.1,11965.7,3154.4,26007.0,46.23298260862298,False,27.40834217805895,18507.900677200905,46.00953589418234,30446.340121078705,65854.15520088059,168.5,7.8338278931750605,12.129042180951283
PL,D,2015,3174.6,172.7,175.3,7291.4,12396.5,3390.7,28410.6,58.81821481869882,False,25.608841205178877,18382.16560509554,43.63336219580016,41593.839132915,70715.9155733029,181.7,-3.522289488167296,11.934630032452676
PL,D,2016,2918.3,170.0,173.8,5457.9,11740.0,2851.3,24214.1,46.48977853492334,False,24.857751277683136,17166.470588235294,48.4841476660293,31403.33716915995,67548.90678941311,175.3,-0.855675984027382,11.77537054856468
PL,D,2017,3147.5,157.0,159.1,5109.5,11711.5,1746.8,26367.2,43.628057891815736,False,26.875293514921232,20047.770700636942,44.41692709123456,32115.021998742934,73610.93651791326,173.8,-8.457997698504037,6.624897600048545
PL,D,2018,3198.2,154.3,156.2,5193.9,11995.3,1527.6,26293.3,43.29945895475728,False,26.662109326152745,20727.154893065454,45.62112781583141,33251.60051216389,76794.4942381562,159.1,-1.8227529855436853,5.809845093617005
PL,D,2019,3503.1,161.3,163.8,5909.3,12468.6,1182.1,26501.8,47.393452352309,False,28.095375583465664,21717.9169249845,47.04812503301663,36076.31257631257,76120.87912087912,156.2,4.865556978233054,4.460451742900482
PL,D,2020,3463.0,172.0,177.3,5424.5,14571.9,2684.2,26017.6,37.22575642160597,False,23.764917409534792,20133.72093023256,56.00785622040465,30595.03666102651,82187.81725888324,163.8,8.241758241758234,10.316862431584774
PL,E,2013,1848.0,155.6,161.6,2455.5,4119.6,811.4,8189.4,59.60530148558112,False,44.85872414797553,11876.606683804628,50.30405157887026,15194.925742574258,25492.574257425746,164.2,-1.5834348355663774,9.90792976286419
PL,E,2014,1983.4,165.7,169.8,2736.7,4404.8,899.3,8787.4,62.129949146385755,False,45.02815110788231,11969.824984912493,50.126317226938575,16117.196702002353,25941.10718492344,161.6,5.07425742574259,10.233971368095226
PL,E,2015,2034.4,171.2,177.7,3168.9,4726.9,1076.9,9343.5,67.03970890012482,False,43.03877805750069,11883.177570093458,50.590249906352,17832.86437816545,26600.45019696117,169.8,4.652532391048281,11.525659549419382
PL,E,2016,2083.8,165.3,171.9,1405.6,4836.1,1156.3,9507.5,29.064742250987365,False,43.08843903145097,12606.17059891107,50.86615829608204,8176.847004072135,28133.21698662013,177.7,-3.263927968486202,12.161977386273994
PL,E,2017,2306.8,156.5,165.1,1420.2,5216.8,1239.8,10583.0,27.22358533967183,False,44.21867811685324,14739.936102236423,49.29415099688179,8602.05935796487,31597.819503331317,171.9,-3.955788248981973,11.715014646130587
PL,E,2018,2429.9,150.6,158.6,2310.9,5601.1,1371.6,11004.6,41.25796718501723,False,43.38254985627823,16134.794156706508,50.89780637188085,14570.617906683481,35315.88902900378,165.1,-3.937007874015752,12.46387874161714
PL,E,2019,2640.8,184.9,189.0,2718.5,5883.7,1273.7,12169.6,46.20391930247973,False,44.88332171932628,14282.314764737697,48.34752169339994,14383.597883597882,31130.687830687828,158.6,19.167717528373274,10.466243754930318
PL,E,2020,2739.4,190.9,194.7,2334.9,6413.0,1774.0,13208.2,36.40885700920006,False,42.716357399033214,14349.921424829754,48.55317151466513,11992.29583975347,32937.853107344636,189.0,3.015873015873005,13.431050408079829
PL,F,2013,10119.1,868.9,1144.1,2148.9,27294.8,15918.3,78002.9,7.872928176795581,False,37.07336195905447,11645.874093681668,34.992032347515284,1878.2449086618306,23857.00550651167,1211.2,-5.5399603698811255,20.40731818945193
PL,F,2014,10424.7,869.7,1134.2,2827.5,30233.5,18448.5,82170.5,9.352208642730746,False,34.48062579588867,11986.547085201793,36.79361814763206,2492.9465702697935,26656.233468524068,1144.1,-0.865308976488055,22.451488064451354
PL,F,2015,10918.7,900.5,1156.3,2830.0,33852.9,21531.5,86780.2,8.35969739667798,False,32.253366772122924,12125.152692948364,39.009935446104066,2447.461731384589,29276.9177549079,1134.2,1.9485099629694913,24.81153535022966
PL,F,2016,11000.6,882.3,1170.8,3076.0,30236.5,17799.3,82078.3,10.173135118151903,False,36.38185636565079,12468.094752351808,36.83860411338929,2627.263409634438,25825.50392893748,1156.3,1.2539998270345132,21.685756162103743
PL,F,2017,11435.5,863.4,1169.0,2826.9,31431.8,18756.4,84929.1,8.993757913959747,False,36.38194440025707,13244.730136668984,37.00945847771847,2418.2207014542346,26887.76732249786,1170.8,-0.1537410317731469,22.084774241102284
PL,F,2018,11562.6,885.6,1198.1,4300.1,37179.6,24337.0,97487.0,11.565751110824216,False,31.09931252622406,13056.233062330622,38.1380081446757,3589.099407395043,31032.13421250313,1169.0,2.489307100085525,24.96435422158852
PL,F,2019,12648.5,934.3,1277.2,5700.6,39530.4,25478.9,106713.7,14.420800194280858,False,31.9968935300427,13537.942844910629,37.04341616868312,4463.357344190417,30950.82994049483,1198.1,6.60212002337035,23.875940952286353
PL,F,2020,12584.3,942.3,1306.3,5864.1,37861.4,25751.3,103817.9,15.488333764731363,False,33.237809484065565,13354.876366337685,36.46904820844961,4489.091326647785,28983.69440404195,1277.2,2.278421547134357,24.804296754220612
PL,G,2013,18055.0,1722.7,2220.6,6016.4,63390.4,42077.7,100743.5,9.491027032484412,False,28.482230747873494,10480.640854472631,62.92257068694258,2709.357831216788,28546.518958839955,2267.5,-2.068357221609707,41.76716115679919
PL,G,2014,19181.9,1796.7,2296.2,6573.1,58770.4,36184.1,99604.7,11.184371724541606,False,32.63870928222371,10676.184115322536,59.003641394432194,2862.5990767354765,25594.634613709608,2220.6,3.4044852742501908,36.327703411586
PL,G,2015,20408.2,1870.0,2337.7,7393.2,62652.7,38535.4,106365.0,11.800289532613919,False,32.57353633602383,10913.475935828877,58.90349269026465,3162.5957137357236,26801.000983873037,2296.2,1.8073338559358998,36.22939876839186
PL,G,2016,21077.9,1908.6,2359.9,7097.8,60567.9,35806.5,105697.0,11.71874871012533,False,34.80044710151747,11043.644556219218,57.30332932817394,3007.669816517649,25665.451925929065,2337.7,0.9496513667279993,33.876552787685554
PL,G,2017,23303.0,1891.1,2336.2,7563.3,67837.0,40362.7,115943.4,11.149225348998334,False,34.35146011763492,12322.457828776904,58.5087206343785,3237.4368632822534,29037.325571440804,2359.9,-1.004279842366218,34.81241709316787
PL,G,2018,26670.9,1878.7,2301.5,8514.6,70755.4,39645.0,120181.4,12.033851833216971,False,37.69450812234826,14196.465641134826,58.87383571833911,3699.587225722355,30743.167499456875,2336.2,-1.4853180378392228,32.987633693732974
PL,G,2019,28770.0,1927.7,2371.4,8823.5,74570.7,40965.9,133422.1,11.832395297348691,False,38.580836709324174,14924.521450433158,55.89081568945474,3720.7978409378425,31445.854769334568,2301.5,3.0371496849880497,30.70398382276999
PL,G,2020,29242.0,1882.8,2296.1,8021.6,73436.6,42512.3,129516.1,10.92316365409074,False,39.81938161625129,15531.123858083707,56.70074994537359,3493.5760637602893,31983.188885501506,2371.4,-3.175339461921234,32.823950072616455
PL,H,2013,8218.5,775.0,909.6,10220.8,22032.9,8097.7,52164.6,46.388809462213324,False,37.30103617771605,10604.51612903226,42.23726435168678,11236.587510993842,24222.625329815306,882.6,3.0591434398368422,15.523362586888426
PL,H,2014,8889.7,782.8,908.9,10619.7,23618.0,8566.1,56449.1,44.96443390634262,False,37.639512236429844,11356.285130301483,41.8394624537858,11684.123665969855,25985.256903949827,909.6,-0.07695690413368483,15.17490978598419
PL,H,2015,9284.0,791.6,929.9,12166.8,25489.1,9657.3,59203.7,47.73334484152049,False,36.423412360577665,11728.145528044466,43.053221335828674,13083.98752554038,27410.581782987418,908.9,2.310485201892387,16.31198725755316
PL,H,2016,9477.4,812.8,960.9,10025.0,25170.3,9008.8,60837.0,39.8286869842632,False,37.65310703487841,11660.187007874016,41.37334188076335,10432.927463835988,26194.505151420544,929.9,3.33369179481664,14.80809375873235
PL,H,2017,10891.0,855.9,1008.0,10470.8,28660.3,10609.8,68558.6,36.534160493784086,False,38.00030006664271,12724.617361841338,41.8040916821522,10387.698412698413,28432.8373015873,960.9,4.901654698719948,15.475520211906307
PL,H,2018,12385.1,883.1,1034.8,14188.0,32726.7,12458.8,77385.4,43.35298089938796,False,37.84402338152029,14024.572528592458,42.29053542399471,13710.86200231929,31626.111325860074,1008.0,2.6587301587301493,16.099677716985376
PL,H,2019,13498.2,920.8,1062.9,14497.9,34091.4,11961.6,84808.3,42.52656095085564,False,39.594149844242246,14659.209383145093,40.1981881490373,13639.947313952393,32073.948631103583,1034.8,2.7155005798221943,14.104279887699672
PL,H,2020,13961.5,980.3,1121.3,13828.7,31578.2,9921.4,81231.2,43.79191974210057,False,44.21246302829167,14242.06875446292,38.87447187780065,12332.738785338448,28162.133238205653,1062.9,5.494402107441898,12.21377992692463
PL,I,2013,1922.1,281.1,330.5,627.3,3706.7,1343.7,9501.8,16.92340896214962,False,51.854749507648314,6837.780149413019,39.01050327306405,1898.0332829046897,11215.431164901664,344.9,-4.175123224122923,14.141531078322004
PL,I,2014,2063.9,286.4,334.1,710.5,4692.5,2164.0,10330.5,15.14118273841236,False,43.982951518380396,7206.354748603353,45.42374522046367,2126.608799760551,14045.196049087099,330.5,1.0892586989410091,20.94767920236194
PL,I,2015,2109.9,288.8,340.6,710.5,4831.9,2251.6,10663.9,14.704360603489311,False,43.66605269148783,7305.747922437673,45.31081499263871,2086.0246623605403,14186.435701702874,334.1,1.9455252918287869,21.114226502499086
PL,I,2016,2160.3,316.5,377.0,675.0,4714.0,2069.6,11502.1,14.319049639372084,False,45.82732286805261,6825.592417061613,40.983820345849885,1790.450928381963,12503.978779840849,340.6,10.687022900763354,17.993236017770666
PL,I,2017,2538.9,328.7,387.0,646.5,6065.8,3066.7,13318.8,10.658115994592633,False,41.855979425632235,7724.064496501369,45.54314202480704,1670.5426356589148,15673.90180878553,377.0,2.652519893899208,23.02534762891552
PL,I,2018,2762.4,345.6,410.0,804.2,6194.8,2973.1,13919.0,12.98185574998386,False,44.592238651772455,7993.055555555556,44.5060708384223,1961.4634146341466,15109.268292682927,387.0,5.943152454780365,21.360011495078666
PL,I,2019,3248.3,359.3,423.8,879.3,7016.5,3267.9,15935.9,12.531889118506378,False,46.29516140525903,9040.634567214027,44.029518257519186,2074.7994336951388,16556.15856536102,410.0,3.3658536585365884,20.506529282939777
PL,I,2020,2848.5,317.5,375.7,768.6,5251.2,2592.4,11458.7,14.636654478976235,False,54.24474405850091,8971.653543307086,45.827188075436126,2045.7812084109662,13977.109395794518,423.8,-11.349693251533743,22.623857854730467
PL,J,2013,4959.1,276.4,332.8,2855.5,12360.7,4054.3,27024.9,23.10144247494074,False,40.11989612238789,17941.751085383505,45.73818959552117,8580.228365384615,37141.526442307695,315.4,5.516804058338631,15.002090664535297
PL,J,2014,4955.7,295.3,360.1,2957.0,13400.3,5024.5,28427.5,22.066670149175767,False,36.98200786549555,16781.916694886553,47.138510245361005,8211.607886698139,37212.71868925298,332.8,8.203125,17.674786738193653
PL,J,2015,5692.7,304.6,374.6,2837.6,14677.9,5217.6,31208.1,19.332465815954595,False,38.78415849678768,18689.10045961917,47.03234096276287,7575.013347570742,39182.86171916711,360.1,4.02665926131629,16.7187364818749
PL,J,2016,6117.8,287.5,366.2,2619.9,14783.9,4897.8,31687.8,17.72130493306908,False,41.38150285107448,21279.304347826088,46.65486401706651,7154.2872747132715,40371.108683779355,374.6,-2.2423918846769975,15.456421714350634
PL,J,2017,7064.1,301.5,385.9,3642.0,16327.7,5438.8,35520.1,22.305652357649883,False,43.26451367920773,23429.85074626866,45.96749446088271,9437.678154962427,42310.702254470074,366.2,5.379574003276888,15.311893829127735
PL,J,2018,7939.0,319.7,419.1,3581.6,17768.4,5871.6,38217.8,20.157132887598205,False,44.68044393417527,24832.655614638723,46.492472094155076,8545.931758530181,42396.56406585541,385.9,8.603265094584112,15.363521709779212
PL,J,2019,8546.6,362.2,473.8,3821.4,19385.9,6688.2,40782.3,19.71226509989219,False,44.08668155721426,23596.355604638324,47.535082621627524,8065.428450823132,40915.787252005066,419.1,13.051777618706751,16.399761661308947
PL,J,2020,8862.9,373.2,490.9,3701.8,20720.9,8119.7,42237.5,17.865054124096925,False,42.772756009632786,23748.3922829582,49.058064516129036,7540.843348950907,42210.02240782237,473.8,3.6091177712114675,19.22391240011838
PL,L,2013,1952.8,123.8,142.8,12579.9,20061.9,13813.5,32377.4,62.70542670435003,False,9.733873661019144,15773.828756058158,61.96266531593025,88094.53781512605,140489.49579831932,146.8,-2.7247956403269713,42.664018729113515
PL,L,2014,2096.6,135.9,160.5,14081.0,21211.0,14630.9,35080.9,66.38536608363584,False,9.88449389467729,15427.520235467255,60.463101003680066,87732.08722741432,132155.7632398754,142.8,12.394957983193278,41.70617059425499
PL,L,2015,2205.3,148.3,172.5,12527.2,21841.3,15125.4,36932.7,57.3555603375257,False,10.096926464999795,14870.532703978422,59.13810796394523,72621.44927536232,126616.23188405797,160.5,7.476635514018692,40.95395137642252
PL,L,2016,2290.1,139.5,162.4,11583.9,22619.2,16006.1,38882.2,51.21268656716418,False,10.124584423852303,16416.487455197133,58.173663012895375,71329.43349753694,139280.7881773399,172.5,-5.855072463768107,41.165623344358096
PL,L,2017,2592.7,124.2,146.6,11414.6,23804.1,16644.8,41774.0,47.95224352107411,False,10.891821156859532,20875.201288244763,56.9830516589266,77862.21009549795,162374.48840381994,162.4,-9.729064039408875,39.84487959017571
PL,L,2018,2786.6,127.0,151.7,11608.4,25039.1,17259.4,43474.6,46.361091253279874,False,11.128994252988326,21941.732283464567,57.594779480432244,76522.08305866843,165056.69083717864,146.6,3.47885402455661,39.699962736862446
PL,L,2019,2804.1,130.4,165.8,12897.0,30685.3,22654.3,48375.4,42.02989705168273,False,9.138251866528924,21503.834355828218,63.431620203657225,77786.48974668275,185074.1857659831,151.7,9.294660514172715,46.83020708872691
PL,L,2020,2759.6,112.7,148.3,13487.5,30977.0,22973.2,49040.7,43.540368660619166,False,8.908545049552894,24486.246672582078,63.165900976128,90947.40391099123,208880.6473364801,165.8,-10.554885404101322,46.84517145962436
PL,M,2013,6446.5,340.8,520.6,1652.7,18267.3,10520.3,31868.0,9.047314052979916,False,35.28983484149272,18915.786384976524,57.321764779716325,3174.6062235881673,35088.93584325778,516.5,0.7938044530493737,33.01211246391364
PL,M,2014,6831.7,360.1,557.8,2111.0,19452.5,11218.8,32752.9,10.852075568692971,False,35.11990746690656,18971.674534851427,59.39168745363006,3784.5105772678385,34873.61061312298,520.6,7.145601229350729,34.252844786263196
PL,M,2015,7202.3,364.2,564.5,2160.8,21954.8,13178.9,36133.7,9.842039098511489,False,32.805126897079454,19775.67270730368,60.75990003791475,3827.8122232063774,38892.471213463235,557.8,1.2011473646468263,36.472600370291445
PL,M,2016,7423.2,366.9,592.8,1862.6,20600.2,11565.8,36532.8,9.04165978971078,False,36.034601605809655,20232.21586263287,56.388231944991894,3142.037786774629,34750.67476383266,564.5,5.0132860938883805,31.658673849253272
PL,M,2017,8211.7,391.0,622.0,1800.3,23883.7,14070.9,41123.1,7.537776810125734,False,34.38202623546603,21001.790281329926,58.07854952569238,2894.372990353698,38398.23151125402,592.8,4.925775978407576,34.21653523202288
PL,M,2018,9262.7,365.9,612.2,1924.0,26223.6,15240.2,46648.1,7.3369026373190565,False,35.32200003050688,25314.84012025144,56.21579442678265,3142.7638026788627,42835.021234890555,622.0,-1.5755627009646278,32.67056964806713
PL,M,2019,10105.2,425.2,670.1,2185.6,27117.2,15168.9,48417.0,8.05982918590415,False,37.26490935642323,23765.75729068674,56.0076006361402,3261.6027458588264,40467.392926428896,612.2,9.457693564194702,31.329698246483673
PL,M,2020,10492.0,449.5,701.3,2129.0,27153.0,16073.6,47909.7,7.840754244466542,False,38.64029757301219,23341.490545050056,56.67537054082994,3035.790674461714,38718.094966490804,670.1,4.656021489329931,33.54978219441992
PL,N,2013,4551.3,390.6,420.1,983.0,8144.4,3440.6,15201.0,12.069642944845539,False,55.8825696183881,11652.073732718893,53.57805407538977,2339.919066888836,19386.812663651508,422.2,-0.4973945997157614,22.634037234392473
PL,N,2014,5010.2,411.6,454.5,1111.3,8697.5,3550.9,16382.0,12.77723483759701,False,57.60505892497844,12172.497570456753,53.09180808204127,2445.1045104510454,19136.413641364135,420.1,8.18852654129969,21.675619582468563
PL,N,2015,5547.0,394.0,438.8,1365.9,9582.0,3656.2,18347.3,14.254852849092048,False,57.889793362554784,14078.680203045686,52.225668081952115,3112.8076572470372,21836.82771194166,454.5,-3.454345434543449,19.92772778555973
PL,N,2016,5955.7,407.7,446.1,1510.8,9917.7,3541.2,18912.5,15.233370640370245,False,60.05122155338435,14608.045131223938,52.43992068737607,3386.684599865501,22232.0107599193,438.8,1.6636280765724765,18.72412425644415
PL,N,2017,6862.8,426.5,459.4,2009.6,11917.3,4620.4,22295.5,16.862880014768447,False,57.58686950903309,16090.973036342322,53.451593370859584,4374.401393121463,25941.010013060513,446.1,2.9813943062093617,20.723464376219415
PL,N,2018,7298.6,410.5,453.0,2543.0,12876.9,4898.7,26221.3,19.74854196273948,False,56.67979094347242,17779.780755176613,49.1085491566017,5613.6865342163355,28425.827814569537,459.4,-1.3931214627775357,18.682140092215107
PL,N,2019,7707.6,407.5,457.7,2929.8,15071.0,6491.5,28777.9,19.43998407537655,False,51.14192820648928,18914.355828220858,52.37004784921763,6401.136115359406,32927.681887699364,453.0,1.0375275938189876,22.557240104385656
PL,N,2020,7753.3,398.2,443.7,2322.1,14590.6,6370.9,25332.2,15.91504119090373,False,53.13900730607377,19470.86891009543,57.59705039435975,5233.49109758846,32883.93058372775,457.7,-3.058772121476949,25.14941457907327
PT,B,2013,214.7,10.61,11.92,149.5,569.9,200.7,1162.4,26.232672398666434,False,37.67327601333567,20235.626767200753,49.02787336545079,12541.946308724831,47810.402684563756,12.79,-6.802189210320552,17.26600137646249
PT,B,2014,218.6,10.47,11.67,168.0,529.7,158.8,1113.1,31.716065697564655,False,41.26864262790258,20878.70105062082,47.58781780612704,14395.886889460155,45389.888603256215,11.92,-2.097315436241609,14.266463031174201
PT,B,2015,222.4,10.37,11.52,132.1,500.5,127.5,1116.4,26.393606393606394,False,44.43556443556444,21446.48023143684,44.83160157649588,11467.013888888889,43446.180555555555,11.67,-1.285347043701801,11.420637764242207
PT,B,2016,215.0,10.11,11.28,120.5,533.4,173.5,1121.1,22.59092613423322,False,40.30746156730409,21266.073194856577,47.57827134064758,10682.624113475178,47287.234042553195,11.52,-2.083333333333337,15.475871911515476
PT,B,2017,230.3,10.14,11.38,200.4,603.9,233.6,1239.9,33.18430203676105,False,38.13545288955125,22712.031558185405,48.705540769416885,17609.84182776801,53066.78383128295,11.28,0.8865248226950451,18.840229050729896
PT,B,2018,255.3,10.17,11.42,302.8,593.1,191.6,1344.7,51.05378519642556,False,43.0450177035913,25103.244837758113,44.10649215438387,26514.88616462347,51935.20140105079,11.38,0.35149384885764245,14.248531270915446
PT,B,2019,251.0,9.75,10.95,343.8,561.6,148.8,1308.2,61.21794871794872,False,44.693732193732195,25743.589743589746,42.92921571625134,31397.260273972606,51287.67123287672,11.42,-4.115586690017514,11.374407582938389
PT,B,2020,253.9,9.76,10.96,239.0,524.8,95.3,1220.4,45.54115853658537,False,48.38033536585367,26014.344262295082,43.00229432972795,21806.569343065694,47883.211678832115,10.95,0.09132420091324533,7.808915109800065
PT,C,2013,10833.8,633.35,672.36,3612.5,19739.0,5198.5,79655.0,18.30133238765895,False,54.88525254572166,17105.549853951212,24.780616408260624,5372.865726694033,29357.78452019751,685.16,-1.8681767762274482,6.526269537379951
PT,C,2014,11180.2,648.36,686.92,4134.7,20507.9,5618.4,80534.0,20.161498739510137,False,54.51655215794888,17243.815164414835,25.4648968137681,6019.187096022827,29854.859372270428,672.36,2.1655065738592327,6.976432314302033
PT,C,2015,11632.2,670.65,708.57,4256.5,21978.0,6495.5,82229.2,19.367094367094367,False,52.92656292656292,17344.665622903154,26.727731754656496,6007.169369293082,31017.40124476057,686.92,3.1517498398649257,7.899262062624956
PT,C,2016,11982.5,678.38,714.95,5160.7,22819.6,6909.4,82201.1,22.61520797910568,False,52.509684657049206,17663.403991862968,27.760699066070888,7218.267011679138,31917.75648646758,708.57,0.9004050411391962,8.405483624914995
PT,C,2017,12746.7,697.87,735.6,6115.1,24303.6,7481.9,90340.1,25.16129297717211,False,52.44778551325731,18265.14966970926,26.902339049879288,8313.077759651986,33039.15171288744,714.95,2.8883138681026654,8.281925745045665
PT,C,2018,13722.4,717.03,756.42,6588.4,25260.1,7078.1,96263.9,26.082240371178262,False,54.32440885032126,19137.8324477358,26.2404702074194,8709.975939292985,33394.27831099125,735.6,2.8303425774877544,7.352808269766757
PT,C,2019,14267.7,710.1,748.96,6397.0,25605.3,6532.1,97055.1,24.983108965721943,False,55.721666998629196,20092.52217997465,26.382230300107874,8541.177098910488,34187.8070925016,756.42,-0.9862245842256812,6.730300623048145
PT,C,2020,14026.2,689.38,725.16,6291.9,24304.9,5765.7,86894.6,25.887372505132706,False,57.709350789347,20346.108097130757,27.97055283067072,8676.567929836174,33516.603232390094,748.96,-3.1777397991882173,6.635279982875805
PT,D,2013,445.1,7.96,8.09,1800.0,3384.0,1755.8,14293.7,53.191489361702125,False,13.153073286052011,55917.08542713568,23.674765805914493,222496.90976514216,418294.1903584672,8.47,-4.486422668240864,12.283733393033293
PT,D,2014,422.2,7.73,7.88,1497.7,3790.1,2014.5,13989.1,39.516107754412815,False,11.139547769188148,54618.36998706338,27.09323687728303,190063.45177664974,480977.15736040607,8.09,-2.595797280593326,14.400497530219958
PT,D,2015,419.7,8.21,8.62,1451.9,4553.2,2819.2,14699.9,31.887463761749977,False,9.217693051041026,51120.58465286236,30.974360369798433,168433.87470997684,528213.4570765661,7.88,9.390862944162425,19.178361757562975
PT,D,2016,424.2,8.52,8.52,1272.9,4650.7,2727.4,14980.2,27.370073322295575,False,9.121207560152236,49788.7323943662,31.04564692060186,149401.40845070424,545856.8075117371,8.62,-1.1600928074245953,18.20669951001989
PT,D,2017,440.0,8.66,8.66,1243.4,4121.0,2267.8,15658.2,30.172288279543803,False,10.677020140742538,50808.31408775981,26.318478496889806,143579.6766743649,475866.05080831406,8.52,1.6431924882629234,14.483146210931015
PT,D,2018,449.8,9.16,9.16,1299.0,4660.1,2697.6,16138.4,27.874938306044932,False,9.652153387266367,49104.80349344978,28.875848906954843,141812.2270742358,508744.5414847162,8.66,5.773672055427248,16.71541168889109
PT,D,2019,466.6,8.94,8.94,1362.2,4426.8,2377.9,15646.5,30.771663504111324,False,10.540345170326194,52192.393736017904,28.292589396989744,152371.36465324386,495167.7852348994,9.16,-2.401746724890841,15.19764803630205
PT,D,2020,483.5,8.92,8.92,1389.9,3959.1,1754.6,14446.4,35.1064635902099,False,12.212371498572908,54204.03587443946,27.40544357071658,155818.38565022423,443845.2914798206,8.94,-0.22371364653243075,12.14558644368147
PT,E,2013,758.2,39.89,40.23,703.3,1763.0,524.1,4002.0,39.89222915484969,False,43.00623936471923,19007.26999247932,44.05297351324337,17481.97862291822,43823.01764852101,40.78,-1.3487003433055533,13.095952023988005
PT,E,2014,725.8,39.23,39.59,729.5,1747.4,539.0,3875.7,41.74773949868376,False,41.53599633741558,18501.14708131532,45.08604897179865,18426.37029552917,44137.40843647385,40.23,-1.5908525975639853,13.907165157261915
PT,E,2015,749.8,39.75,40.09,588.9,1720.1,480.4,3997.7,34.2363816057206,False,43.5904889250625,18862.893081761005,43.02724066338144,14689.448740334246,42905.96158643053,39.59,1.2629451881788434,12.016909723090777
PT,E,2016,757.4,40.59,40.97,469.2,1720.2,458.0,3986.9,27.27589815137775,False,44.029763980932444,18659.768415865976,43.14630414607841,11452.282157676349,41986.8196241152,40.09,2.1950611124968766,11.487621961925305
PT,E,2017,802.7,41.88,42.21,586.3,1685.5,389.8,4307.6,34.78493028774844,False,47.62385048946901,19166.666666666668,39.128517039650845,13890.073442312247,39931.295901445155,40.97,3.0266048328045025,9.049122481196026
PT,E,2018,815.5,41.54,41.92,609.2,1678.4,364.4,4350.3,36.29647283126787,False,48.58794089609152,19631.680308136736,38.5812472703032,14532.442748091604,40038.16793893129,42.21,-0.6870409855484483,8.376433809162585
PT,E,2019,881.6,42.25,42.58,808.6,1763.4,378.8,4484.4,45.854599069978455,False,49.994329136894635,20866.272189349114,39.32298635268933,18990.136214185062,41413.809300140914,41.92,1.5744274809160297,8.447060922308449
PT,E,2020,917.4,43.7,44.0,803.2,1848.3,434.0,4549.9,43.45614889357788,False,49.634799545528324,20993.135011441645,40.62287083232599,18254.545454545452,42006.818181818184,42.58,3.3348990136214285,9.538671179586364
PT,F,2013,4180.7,249.99,286.42,665.9,6773.0,1614.5,18290.0,9.831684630149121,False,61.72597076627786,16723.46893875755,37.03116457080372,2324.9074785280354,23647.09168354165,318.34,-10.02701514104416,8.827227993439038
PT,F,2014,3916.7,239.16,274.61,690.3,6304.4,1461.3,16884.4,10.949495590381321,False,62.126451367299026,16376.902492055528,37.33860841960626,2513.746768143913,22957.64902953279,286.42,-4.123315410934991,8.654734547866669
PT,F,2015,4012.1,241.78,278.23,640.0,6398.1,1479.8,17021.2,10.002969631609384,False,62.707678842156255,16594.011084456946,37.589006650529925,2300.2551845595367,22995.72296301621,274.61,1.3182331306216044,8.69386412238855
PT,F,2016,4138.4,247.83,285.54,545.0,6523.8,1461.6,16812.6,8.354026794199699,False,63.4354210736074,16698.543356332968,38.80304057671033,1908.6642852139803,22847.236814456817,278.23,2.6273227186141,8.693479890082438
PT,F,2017,4393.2,259.62,299.35,728.4,6920.3,1623.4,18784.0,10.52555525049492,False,63.48279698856986,16921.6547261382,36.841460817717206,2433.2720895273087,23117.75513612828,285.54,4.8364502346431415,8.642461669505963
PT,F,2018,4769.6,270.66,313.83,898.7,7541.1,1851.8,20712.4,11.917359536407156,False,63.24806725809232,17622.108918938888,36.40862478515285,2863.652295828952,24029.251505592205,299.35,4.837147152163013,8.94053803518665
PT,F,2019,5299.4,281.83,327.71,1072.2,8151.7,1899.0,22798.7,13.15308463265331,False,65.00975256694922,18803.534045346485,35.755108843925306,3271.7951847670197,24874.73680998444,313.83,4.422776662524286,8.32942229162189
PT,F,2020,5504.7,286.35,333.68,1161.4,8352.2,1921.8,23436.2,13.905318359234691,False,65.90718613060031,19223.677317967522,35.63803005606711,3480.580196595541,25030.568209062574,327.71,1.821732629458972,8.200134834145468
PT,G,2013,10248.4,596.67,661.93,1566.2,22266.2,10140.4,34953.0,7.033979754066702,False,46.02671313470641,17175.9934302043,63.70325866163134,2366.111220219661,33638.30012236944,685.13,-3.386218673828334,29.011529768546335
PT,G,2014,10600.2,627.93,696.33,1930.4,22431.1,10003.9,36105.6,8.605908760604697,False,47.256710549192874,16881.18102336248,62.126373748116634,2772.2487900851606,32213.318397886054,661.93,5.196924146057746,27.707336258087388
PT,G,2015,11120.0,644.54,715.08,2019.6,23004.4,10015.2,37375.8,8.779190067986994,False,48.33857870668219,17252.61426753964,61.54891667870655,2824.299379090451,32170.38653017844,696.33,2.692688811339461,26.795948180373397
PT,G,2016,11463.4,654.03,726.28,2294.1,23554.9,10131.8,38482.0,9.739374822223825,False,48.666731762817925,17527.330550586365,61.2101761862689,3158.699124304676,32432.257531530544,715.08,1.5662583207473268,26.328673145886388
PT,G,2017,12023.0,663.89,736.28,2424.1,23541.3,9489.0,39716.2,10.297222328418567,False,51.07194589933436,18109.92784949314,59.273797593928926,3292.361601564622,31973.298201771064,726.28,1.376879440436185,23.892013838181903
PT,G,2018,12681.2,669.3,747.13,2576.1,23863.8,9003.3,40820.1,10.795011691348403,False,53.13990227876533,18946.959509935754,58.46090528930601,3447.9943249501425,31940.626129321536,736.28,1.4736241647199444,22.05604591855483
PT,G,2019,13442.2,662.58,754.14,3196.3,24675.1,8924.8,42454.0,12.953544261218802,False,54.476780235946364,20287.66337649793,58.12196730578979,4238.337709178667,32719.521574243507,747.13,0.9382570636970788,21.022282941536723
PT,G,2020,13398.0,636.32,719.9,3007.4,23154.7,7823.8,40254.1,12.988291793890658,False,57.86298246144411,21055.443801860696,57.52134565174728,4177.524656202251,32163.772746214752,754.14,-4.540271037207944,19.43603260289014
PT,H,2013,3839.1,151.9,157.33,1430.7,7211.2,1206.7,17690.4,19.839971155979587,False,53.238018637674735,25273.86438446346,40.763351874462984,9093.62486493358,45834.8693828259,160.18,-1.779248345611184,6.82121376565821
PT,H,2014,3913.0,153.86,159.63,1343.1,7152.2,1089.4,17899.6,18.778837280836665,False,54.71043874612007,25432.211101000907,39.95731748195491,8413.83198646871,44804.86124162125,157.33,1.4618953791393885,6.0861695233413045
PT,H,2015,4076.4,158.7,164.24,1868.0,7666.6,1452.7,19516.4,24.3654292646023,False,53.170897138235986,25686.200378071833,39.28285954376832,11373.599610326351,46679.24987822698,159.63,2.8879283342730044,7.443483429320981
PT,H,2016,4206.7,163.18,168.72,1633.9,7768.9,1329.8,19771.7,21.03129143121935,False,54.14794887307084,25779.50729256036,39.29302993672774,9684.091986723566,46046.11190137506,164.24,2.727715538236719,6.725774718410657
PT,H,2017,4494.2,168.57,174.56,1997.8,8454.1,1695.2,21357.3,23.631137554559327,False,53.16000520457529,26660.734413003498,39.58412346129895,11444.775435380385,48430.91200733272,168.72,3.461356092935053,7.937332902567272
PT,H,2018,4890.2,174.46,182.23,1931.0,8786.0,1571.7,22459.1,21.978147052128385,False,55.65900295925336,28030.494096067865,39.12000035620306,10596.498929923724,48213.795752620324,174.56,4.393904674610449,6.99805424081998
PT,H,2019,5269.5,179.88,190.58,2184.5,9452.0,1769.6,23828.0,23.111510791366907,False,55.75010579771477,29294.52968645764,39.667617928487495,11462.378003987826,49595.97019624304,182.23,4.582121494814251,7.426556991774383
PT,H,2020,5011.5,175.76,186.45,2113.2,6989.4,-218.4,18591.9,30.23435488024723,False,71.70143359945061,28513.313609467456,37.593790844399976,11333.869670152855,37486.72566371681,190.58,-2.167068947423667,-1.1747051135171767
PT,I,2013,3537.5,228.42,266.85,629.5,7471.3,3159.7,13188.9,8.425575201102886,False,47.34785111024855,15486.822519919448,56.648393725026345,2359.003185310099,27998.126288176878,270.33,-1.287315503273767,23.95726709581542
PT,I,2014,3601.4,234.5,277.55,699.6,7718.8,3365.1,13949.3,9.063585013214489,False,46.65751153028968,15357.782515991472,55.33467629200032,2520.626914069537,27810.484597369843,266.85,4.009743301480229,24.123791157979255
PT,I,2015,3811.9,245.48,289.06,916.1,8088.0,3509.0,14789.7,11.326656775469832,False,47.13031651829871,15528.352615284342,54.68670764112862,3169.238220438663,27980.35010032519,277.55,4.147000540443169,23.725971453105878
PT,I,2016,4230.2,261.27,311.19,1057.9,8739.5,3691.9,15843.1,12.104811488071402,False,48.40322672921792,16190.913614268766,55.16281535810542,3399.5308332529967,28084.12866737363,289.06,7.655849996540498,23.302888954813135
PT,I,2017,4721.2,286.64,338.36,1365.0,9998.8,4420.5,17861.5,13.65163819658359,False,47.21766611993439,16470.834496232208,55.979620972482714,4034.164794893013,29550.77432320605,311.19,8.7310003534818,24.748761302242254
PT,I,2018,5289.5,300.8,363.81,1581.8,10725.2,4500.4,19177.8,14.748442919479354,False,49.31842762838921,17584.77393617021,55.925080040463456,4347.873890217422,29480.223193425143,338.36,7.521574654214436,23.46671672454609
PT,I,2019,5613.9,307.69,374.21,1881.4,11315.4,4677.7,20416.7,16.626897856019234,False,49.612916909698285,18245.3118398388,55.42227686158879,5027.658266748617,30238.101600705486,363.81,2.858635001786647,22.911146267516298
PT,I,2020,4646.1,277.45,335.43,1552.6,6388.7,1290.1,12608.7,24.302283719692582,False,72.72371530984395,16745.719949540457,50.668982527937054,4628.685567778672,19046.29878066959,374.21,-10.363165067742708,10.231824057991702
PT,J,2013,2623.4,70.75,74.6,2076.9,5197.8,905.0,11684.4,39.95728962253261,False,50.47135326484282,37079.85865724382,44.48495429803842,27840.482573726542,69675.60321715819,73.75,1.1525423728813378,7.7453698949026055
PT,J,2014,2608.3,73.98,78.25,2161.6,5160.8,904.9,11386.6,41.884979073011934,False,50.54061385831654,35256.826169234926,45.323450371489294,27624.281150159743,65952.71565495207,74.6,4.8927613941018855,7.947060579979976
PT,J,2015,2734.4,80.09,83.97,2267.7,5317.1,886.5,11495.9,42.649188467397636,False,51.426529499163074,34141.59071045074,46.25214206804165,27006.07359771347,63321.42431820889,78.25,7.3099041533546405,7.711444949938675
PT,J,2016,2804.2,82.26,86.89,2043.6,5660.3,1064.7,12049.1,36.104093422610106,False,49.54154373443103,34089.47240457087,46.97695263546655,23519.392335136377,65143.284612728734,83.97,3.4774324163391768,8.83634462324987
PT,J,2017,3044.9,89.23,94.05,2450.0,5946.9,1093.2,12691.8,41.19793505860196,False,51.20146631017841,34124.17348425417,46.85623788587907,26049.97341839447,63231.25996810207,86.89,8.240303832431817,8.61343544650877
PT,J,2018,3458.2,97.9,102.96,2450.6,6375.7,1017.7,13231.3,38.43656382828552,False,54.24031871010242,35323.7997957099,48.18649716959029,23801.4763014763,61924.04817404818,94.05,9.473684210526322,7.691610045876067
PT,J,2019,3945.3,104.97,110.72,2572.9,7140.6,1231.4,14487.0,36.03198610761,False,55.25165952440971,37585.02429265505,49.28970801408159,23237.897398843932,64492.41329479768,102.96,7.5369075369075444,8.50003451370194
PT,J,2020,4385.1,111.28,116.88,2727.2,7782.4,1373.6,15324.0,35.04317434210526,False,56.34637129934211,39406.00287562905,50.78569564082485,23333.333333333332,66584.5311430527,110.72,5.563583815028905,8.963717045157923
PT,L,2013,418.2,17.51,26.5,4692.4,18578.3,9185.6,19952.7,25.257423983895187,False,2.2510132789329487,23883.495145631066,93.11170919223964,177071.69811320753,701067.9245283019,26.16,1.2996941896024516,46.03687721461256
PT,L,2014,435.0,19.11,28.56,5438.2,18862.5,9183.3,20789.4,28.83074884029158,False,2.3061630218687874,22762.951334379904,90.73133423764033,190413.16526610643,660451.680672269,26.5,7.77358490566038,44.172992005541275
PT,L,2015,462.9,19.27,30.23,5936.3,19100.2,9099.8,21509.7,31.079779269327023,False,2.423534832095999,24021.795537104306,88.79807714658968,196371.15448230237,631829.3086338075,28.56,5.847338935574231,42.30556446626405
PT,L,2016,542.8,22.71,35.39,6406.1,20173.9,9699.3,22988.9,31.75439553085918,False,2.690605187891285,23901.36503742844,87.75496000243595,181014.41085052275,570045.210511444,30.23,17.0691366192524,42.191231420381136
PT,L,2017,652.8,28.36,44.07,6960.4,21214.2,9858.2,24483.8,32.810098896022474,False,3.0771841502389905,23018.335684062058,86.64586379565264,157939.64147946448,481375.08509189927,35.39,24.52670245832156,40.26417467876719
PT,L,2018,745.6,31.31,49.47,8289.8,22163.3,9703.7,25708.5,37.403274783087355,False,3.364119964084771,23813.478122005752,86.21000836299278,167572.26601980996,448014.9585607439,44.07,12.253233492171534,37.745103759456995
PT,L,2019,846.2,36.3,57.05,9036.6,23260.5,9987.5,27269.7,38.84955181530922,False,3.6379269577180198,23311.294765840223,85.29796807445626,158397.89658194568,407721.2971078002,49.47,15.322417626844542,36.62489869708871
PT,L,2020,846.8,37.47,59.8,8514.7,23562.4,9487.2,27561.4,36.136811190710624,False,3.5938614063083554,22599.41286362423,85.4905774017285,142386.28762541807,394020.0668896322,57.05,4.820333041191938,34.422054032088354
PT,M,2013,3588.2,136.23,174.08,1053.5,5435.3,917.6,11041.9,19.38255478078487,False,66.01659522013503,26339.279160243706,49.224318278557135,6051.815257352941,31223.000919117643,172.85,0.7115996528782365,8.310164011628434
PT,M,2014,3781.2,146.86,186.87,1190.8,5878.0,1177.2,11852.3,20.258591357604626,False,64.32800272201429,25746.96990330927,49.5937497363381,6372.34441055279,31455.02220795205,174.08,7.347196691176472,9.932249436818172
PT,M,2015,3919.5,153.39,194.37,1111.0,5780.5,899.8,12114.5,19.2197906755471,False,67.80555315284144,25552.513201642872,47.715547484419496,5715.902659875495,29739.671760045272,186.87,4.013485310643761,7.427462957612778
PT,M,2016,3953.5,159.6,202.81,1187.5,6028.4,1046.2,12647.7,19.69842744343441,False,65.5812487558888,24771.303258145366,47.664002150588644,5855.233962822345,29724.37256545535,194.37,4.342233883829816,8.271859705717246
PT,M,2017,4177.7,166.67,213.88,1294.9,6473.7,1255.4,13583.2,20.002471538687306,False,64.5334198371874,25065.69868602628,47.6596089286766,6054.329530577895,30267.907237703384,202.81,5.4583107341847015,9.242299310913483
PT,M,2018,4641.9,175.29,224.62,1493.4,7255.8,1505.7,14756.0,20.582154965682626,False,63.975026875051675,26481.25962690399,49.17186229330442,6648.56201584899,32302.55542694328,213.88,5.02150738731999,10.203984819734346
PT,M,2019,5054.8,186.6,238.64,1675.4,7972.0,1735.3,15872.7,21.01605619668841,False,63.40692423482188,27088.960342979637,50.22459946952944,7020.616828695945,33405.967147167285,224.62,6.241652568782818,10.932607558890421
PT,M,2020,5250.3,188.94,243.4,1728.9,8142.7,1758.1,15403.5,21.232515013447628,False,64.47861274515824,27788.186725944743,52.86266108351998,7103.1224322103535,33453.98520953163,238.64,1.9946362722091937,11.41363975719804
PT,N,2013,3201.9,237.29,284.61,449.1,4880.4,915.3,7868.9,9.202114580772069,False,65.60732726825671,13493.615407307514,62.02137528752431,1577.9487720037946,17147.67576683883,286.64,-0.7082054144571526,11.63186722413552
PT,N,2014,3389.7,253.16,314.68,686.1,5195.1,1103.4,8205.9,13.206675521164174,False,65.24802217474158,13389.556012008215,63.30932621650277,2180.3101563493074,16509.15215456972,284.61,10.56533501985173,13.44642269586517
PT,N,2015,3570.0,265.2,331.73,851.9,5422.9,1144.8,8656.3,15.709306828449723,False,65.8319349425584,13461.538461538461,62.646858357496846,2568.0523317155516,16347.330660476891,314.68,5.418202618533119,13.225049963610319
PT,N,2016,3850.1,278.68,350.74,1214.0,5918.8,1344.9,9382.2,20.51091437453538,False,65.04865851186051,13815.487297258504,63.085417066359696,3461.2533500598734,16875.178194674118,331.73,5.730564012902062,14.334591034085822
PT,N,2017,4297.3,303.29,385.99,1397.2,6611.2,1462.7,10512.1,21.133833494675702,False,65.00030251694096,14168.94721223911,62.8913347475766,3619.7828959299463,17127.90486800176,350.74,10.050179620231514,13.914441453182521
PT,N,2018,4709.6,307.15,397.0,1490.8,7149.3,1452.1,11405.5,20.852391143188843,False,65.87498076734786,15333.224808725381,62.68291613695147,3755.1637279596976,18008.31234256927,385.99,2.852405502733224,12.731576870807942
PT,N,2019,4966.2,298.54,387.33,1611.6,7453.6,1370.8,12010.2,21.621766663088977,False,66.62820650423956,16634.956789709922,62.06058183877038,4160.7931221439085,19243.53910102497,397.0,-2.4357682619647436,11.413631746348935
PT,N,2020,4810.4,275.74,362.97,1137.5,6644.3,765.5,10186.6,17.11993738994326,False,72.39889830380928,17445.41959817219,65.22588498615829,3133.867812766895,18305.36958977326,387.33,-6.2892107505228,7.514774311350204
RO,B,2013,1064.6,79.5,79.7,1042.9,1548.8,-631.6,3286.7,67.33600206611571,False,68.7370867768595,13391.194968553458,47.12325432804941,13085.319949811796,19432.873274780428,79.3,0.5044136191677318,-19.216843642559407
RO,B,2014,992.7,74.5,75.6,1460.1,1220.0,-842.0,3063.8,119.68032786885246,False,81.3688524590164,13324.8322147651,39.81983158169593,19313.492063492064,16137.56613756614,79.7,-5.144291091593489,-27.48221163261309
RO,B,2015,1023.8,79.7,79.9,995.8,1478.0,-987.3,2967.3,67.37483085250338,False,69.26928281461434,12845.671267252195,49.809591210865094,12463.0788485607,18498.122653316645,75.6,5.687830687830697,-33.27267212617531
RO,B,2016,881.4,76.2,76.4,632.8,1119.3,-1034.4,2332.2,56.53533458411507,False,78.74564459930313,11566.929133858266,47.9933110367893,8282.722513089004,14650.523560209422,79.9,-4.380475594493117,-44.35297144327245
RO,B,2017,871.6,70.6,71.2,651.2,1228.3,-947.2,2405.8,53.01636408043638,False,70.95986322559635,12345.60906515581,51.05578186050378,9146.067415730338,17251.404494382023,76.4,-6.806282722513091,-39.371518829495386
RO,B,2018,854.2,71.9,72.0,1217.2,1512.4,-811.0,3006.6,80.48135413911663,False,56.47976725733933,11880.389429763562,50.302667464910535,16905.555555555555,21005.555555555555,71.2,1.1235955056179803,-26.973990554114284
RO,B,2019,904.0,62.0,62.0,1185.5,2015.1,-578.0,3740.1,58.83082725423057,False,44.861297206093994,14580.645161290322,53.878238549771396,19120.967741935485,32501.612903225803,72.0,-13.888888888888884,-15.454132242453412
RO,B,2020,891.1,59.9,60.0,1360.5,1834.0,-538.4,3000.3,74.18211559432933,False,48.587786259541986,14876.460767946579,61.12722061127221,22675.0,30566.666666666668,62.0,-3.2258064516129004,-17.94487217944872
RO,C,2013,9628.6,1484.6,1508.2,4337.8,28894.9,13125.0,84319.5,15.012337817400304,False,33.322835517686514,6485.65270106426,34.268348365443345,2876.143747513592,19158.533351014456,1505.7,0.16603573088929124,15.565794389198228
RO,C,2014,10167.8,1541.7,1570.1,4646.7,32383.7,15413.5,90252.7,14.348885396048011,False,31.397894619824168,6595.187131089057,35.881142614015985,2959.493025921916,20625.24679956691,1508.2,4.104230208195192,17.078159434565393
RO,C,2015,10860.2,1499.1,1526.5,4968.4,32391.2,14388.2,91210.9,15.33873397712959,False,33.528242238632714,7244.480021346142,35.512422309175776,3254.765804127088,21219.259744513594,1570.1,-2.7768931915164607,15.77464974032709
RO,C,2016,12407.4,1538.0,1570.2,4909.0,33707.6,13645.4,91859.1,14.563481232719031,False,36.8089095634219,8067.230169050715,36.6948946810931,3126.353330785887,21467.0742580563,1526.5,2.8627579430068772,14.854706828174887
RO,C,2017,14359.3,1592.9,1625.7,6153.8,36964.4,14652.3,101807.9,16.64790988085834,False,38.84629535444914,9014.564630548057,36.30798788699109,3785.323245371225,22737.528449283385,1570.2,3.5345815819640913,14.392105131330673
RO,C,2018,14976.2,1586.8,1617.4,10342.0,39051.5,15635.5,110947.6,26.48297760649399,False,38.34987132376477,9437.98840433577,35.19814759399933,6394.2129343390625,24144.614813898846,1625.7,-0.5105493018392027,14.092688800839316
RO,C,2019,15909.2,1558.5,1586.4,6930.7,38509.9,13638.6,111719.4,17.99719033287544,False,41.31197432348565,10208.020532563363,34.47019944611232,4368.822491174987,24275.025214321733,1617.4,-1.9166563620625743,12.207906594557437
RO,C,2020,15043.7,1460.1,1485.4,5698.0,34990.8,11157.1,100589.7,16.28428043942979,False,42.993301096288164,10303.198411067737,34.78566891043517,3836.003770028275,23556.483102194696,1586.4,-6.366616238023193,11.091692290562554
RO,D,2013,1205.7,90.6,90.6,3884.2,4249.0,2048.7,14803.8,91.41445045893151,False,28.376088491409746,13307.947019867552,28.702090003917913,42871.964679911696,46898.45474613687,99.7,-9.127382146439322,13.839014307137356
RO,D,2014,1133.0,91.3,91.3,3563.1,4508.7,2336.6,14068.7,79.0272140528312,False,25.129194668086146,12409.638554216866,32.04773717543198,39026.286966046,49383.351588170866,90.6,0.7726269315673218,16.608499719234896
RO,D,2015,1020.7,81.6,81.6,3126.5,4660.0,2553.5,14413.3,67.09227467811158,False,21.903433476394852,12508.57843137255,32.33124960973545,38314.95098039216,57107.8431372549,91.3,-10.624315443592558,17.716275939583582
RO,D,2016,1059.2,80.5,80.6,2459.0,4122.8,1974.1,12859.5,59.64393130881924,False,25.6912777723877,13157.76397515528,32.06034449239862,30508.684863523576,51151.36476426799,81.6,-1.225490196078427,15.351296706714878
RO,D,2017,1082.7,80.9,80.9,1298.9,4575.1,2504.2,12225.4,28.390636270245455,False,23.665056501497233,13383.1891223733,37.422906407970295,16055.624227441285,56552.533992583434,80.6,0.3722084367245859,20.483583359235688
RO,D,2018,1190.4,86.1,86.1,2549.1,5255.8,2944.7,14367.7,48.50070398416987,False,22.649263670611518,13825.783972125437,36.580663571761654,29606.271777003487,61042.973286875735,80.9,6.427688504326312,20.49527760184302
RO,D,2019,1370.0,85.9,85.9,1192.0,5528.0,2818.4,15500.7,21.562952243125906,False,24.782923299565844,15948.777648428404,35.66290554620114,13876.60069848661,64353.89988358555,86.1,-0.23228803716607294,18.182404665595747
RO,D,2020,1428.3,87.4,87.5,1254.5,5526.1,2776.5,14664.0,22.701362624635816,False,25.846437813286038,16342.105263157893,37.684806328423356,14337.142857142857,63155.42857142857,85.9,1.8626309662397977,18.934124386252048
RO,E,2013,678.6,89.9,91.8,955.5,1330.0,296.2,3528.9,71.84210526315789,False,51.02255639097745,7548.387096774193,37.688798209073646,10408.496732026144,14488.0174291939,86.0,6.7441860465116354,8.393550398141063
RO,E,2014,651.9,95.2,99.5,1139.8,1317.5,269.6,3545.3,86.5123339658444,False,49.48007590132828,6847.689075630251,37.16187628691507,11455.276381909547,13241.206030150754,91.8,8.38779956427016,7.604434039432488
RO,E,2015,696.9,91.2,94.8,1390.2,1366.0,246.1,3096.2,101.77159590043925,False,51.01756954612006,7641.4473684210525,44.11859698985854,14664.556962025317,14409.282700421942,99.5,-4.723618090452264,7.948452942316388
RO,E,2016,758.6,101.9,106.4,1054.8,1402.5,182.3,3025.5,75.20855614973262,False,54.08912655971479,7444.553483807655,46.35597421913733,9913.533834586466,13181.390977443609,94.8,12.23628691983123,6.025450338786978
RO,E,2017,845.3,106.8,112.0,720.8,1393.1,32.2,3538.4,51.74072213050033,False,60.677625439666926,7914.794007490636,39.37090210264526,6435.714285714285,12438.392857142857,106.4,5.263157894736836,0.9100158263621977
RO,E,2018,946.8,108.8,113.4,821.1,1561.7,56.8,3696.0,52.57731958762887,False,60.62624063520522,8702.20588235294,42.25378787878788,7240.740740740741,13771.604938271605,112.0,1.2499999999999956,1.5367965367965368
RO,E,2019,1046.3,117.2,123.3,927.4,1824.5,155.3,4078.2,50.83036448342011,False,57.34721841600439,8927.474402730375,44.73787455249865,7521.492295214923,14797.242497972426,113.4,8.73015873015872,3.8080525722132315
RO,E,2020,1102.3,109.6,123.4,1092.7,1912.0,212.4,4312.4,57.14958158995817,False,57.65167364016737,10057.481751824816,44.33725999443466,8854.943273905998,15494.327390599676,123.3,0.08110300081103361,4.925331601892218
RO,F,2013,2912.2,481.0,626.1,3192.0,9820.7,4559.9,27801.8,32.50277475129064,False,29.653690673780886,6054.469854469854,35.32397182916214,5098.227120268328,15685.513496246607,633.0,-1.0900473933649235,16.401456020833184
RO,F,2014,2647.0,473.7,634.5,2397.0,9597.4,4563.7,23744.5,24.975514201762977,False,27.580386354637714,5587.924846949546,40.41946556044558,3777.777777777778,15125.925925925925,626.1,1.3416387158600829,19.220029901661437
RO,F,2015,2963.0,480.3,632.4,2701.2,9492.7,4061.2,27538.2,28.45555005425221,False,31.213458763049502,6169.061003539454,34.47102570247874,4271.34724857685,15010.594560404808,634.5,-0.3309692671394804,14.747514361868241
RO,F,2016,3147.4,504.7,673.9,3828.0,10100.3,4432.3,27915.6,37.89986436046454,False,31.161450649980697,6236.179908856747,36.181561564143344,5680.368007122719,14987.832022555274,632.4,6.56230234029096,15.877502185158122
RO,F,2017,3456.3,514.9,695.3,5368.1,10105.7,4176.0,27493.6,53.119526603797866,False,34.20149024807782,6712.565546708099,36.756554252626074,7720.552279591544,14534.301740256007,673.9,3.1755453331354877,15.188989437541828
RO,F,2018,3942.3,517.2,676.2,3549.4,12225.1,5796.3,31834.2,29.033709335710956,False,32.24758897677729,7622.389791183294,38.40240998674382,5249.038745933156,18079.118603963325,695.3,-2.747015676686304,18.207776542209324
RO,F,2019,4908.8,549.1,717.5,6453.2,14154.6,6620.3,38362.7,45.590832662173426,False,34.67989204922781,8939.7195410672,36.896777338404235,8994.006968641115,19727.665505226483,676.2,6.107660455486541,17.257127365904903
RO,F,2020,5246.6,566.5,737.1,6345.9,14262.6,6446.3,41344.9,44.4932901434521,False,36.7857192938174,9261.42983230362,34.496636828242416,8609.279609279609,19349.613349613348,717.5,2.731707317073173,15.591523984820377
RO,G,2013,6058.7,996.6,1062.2,2784.4,8573.2,503.9,29767.2,32.477954556058414,False,70.67022815284841,6079.369857515552,28.80082775672553,2621.351911127848,8071.173037092826,1069.6,-0.6918474195961033,1.6928028165228843
RO,G,2014,6478.1,1020.8,1090.9,3087.8,10346.0,1642.0,33370.3,29.845350860235843,False,62.61453701913784,6346.101097178684,31.003616988759465,2830.506920891007,9483.912365936381,1062.2,2.7019393711165574,4.92054311768249
RO,G,2015,6894.6,1068.5,1128.1,2792.7,12829.3,3581.8,34218.0,21.76814011676397,False,53.74104588714895,6452.597098736547,37.492840025717456,2475.578406169666,11372.48470880241,1090.9,3.4100284169034545,10.46759015722719
RO,G,2016,8644.6,1093.6,1155.0,3337.1,15226.3,4037.3,37721.3,21.91668363292461,False,56.77413422827608,7904.718361375275,40.36525782515448,2889.264069264069,13182.943722943723,1128.1,2.3845403776260987,10.70297153067365
RO,G,2017,10072.6,1130.6,1188.2,3940.2,17771.3,5107.6,42069.0,22.171703814577437,False,56.67902742061639,8909.07482752521,42.24321947277092,3316.1083992593835,14956.488806598214,1155.0,2.874458874458874,12.141006441798
RO,G,2018,11247.6,1175.4,1220.7,3767.7,20211.4,6147.7,46174.7,18.64145977022868,False,55.64978180630733,9569.167942827973,43.771589203611505,3086.5077414598177,16557.221266486446,1188.2,2.7352297592997843,13.314000957234157
RO,G,2019,12001.6,1201.8,1251.1,4459.7,21297.7,6321.1,47918.3,20.93981979274757,False,56.35162482333773,9986.35380262939,44.445858888983956,3564.6231316441535,17023.179601950287,1220.7,2.490374375358395,13.19141121450469
RO,G,2020,11923.3,1237.5,1281.9,3930.3,24391.6,9572.5,50275.1,16.11333409862412,False,48.88281211564637,9634.9898989899,48.51626351812328,3065.995787502925,19027.6932678056,1251.1,2.46183358644394,19.040240596239492
RO,H,2013,3227.0,408.2,437.4,3970.9,9482.2,2629.2,22530.8,41.877412414840435,False,34.03218662335745,7905.4385105340525,42.08550073676923,9078.417924096937,21678.55509830819,416.3,5.068460245015616,11.669359277078488
RO,H,2014,3265.8,414.7,443.1,4938.2,9236.7,1878.6,22771.0,53.462816806868254,False,35.356783266751115,7875.090426814565,40.56343594923368,11144.662604378243,20845.63303994584,437.4,1.3031550068587139,8.249967063370075
RO,H,2015,3393.0,463.9,484.6,5555.5,10337.2,2761.2,24285.8,53.74279301938629,False,32.823201640676395,7314.076309549472,42.56479094779666,11464.09409822534,21331.40734626496,443.1,9.365831640713163,11.369606930799067
RO,H,2016,3966.2,462.5,485.8,3892.0,10615.5,1744.8,25048.3,36.66336960105506,False,37.36234751071546,8575.567567567568,42.38012160505903,8011.527377521613,21851.585014409222,484.6,0.24762690879074345,6.9657421860964615
RO,H,2017,4381.4,483.5,509.5,4311.0,11786.9,2520.5,27683.6,36.57450220159669,False,37.17177544562183,9061.840744570836,42.57719371758009,8461.236506378804,23134.249263984297,485.8,4.87855084396871,9.104668467973818
RO,H,2018,4883.3,503.2,526.8,3278.7,11829.2,2084.7,28541.0,27.717005376525883,False,41.28174348223041,9704.491255961844,41.44634035247539,6223.8041002277905,22454.821564160975,509.5,3.3954857703630825,7.304229003889142
RO,H,2019,5219.7,502.6,529.2,5144.8,12908.6,1776.2,31336.6,39.85560014254063,False,40.43583347535751,10385.395941106246,41.19336494705871,9721.844293272865,24392.66817838246,526.8,0.4555808656036664,5.6681324712955465
RO,H,2020,5258.6,508.7,535.1,5929.2,12805.2,1483.6,29433.2,46.303064380095584,False,41.06612938493737,10337.330450167094,43.50597284698912,11080.545692393944,23930.480284059056,529.2,1.1148904006046845,5.040566435182039
RO,I,2013,581.7,167.4,170.5,299.4,2147.3,1311.0,4419.0,13.943091323988263,False,27.089833744702652,3474.910394265233,48.592441728897946,1756.0117302052784,12594.134897360706,168.1,1.427721594289122,29.667345553292602
RO,I,2014,640.4,172.2,176.2,384.5,1614.3,690.1,4379.1,23.81837328873196,False,39.67044539428854,3718.931475029036,36.86373912447763,2182.179341657208,9161.748013620885,170.5,3.3431085043988285,15.758945902126007
RO,I,2015,758.7,179.5,181.5,479.8,2330.2,1277.0,5129.6,20.590507252596346,False,32.55943695820102,4226.740947075209,45.42654398003742,2643.526170798898,12838.567493112947,176.2,3.0079455164585767,24.894728633811603
RO,I,2016,1022.9,197.6,200.8,646.5,2849.9,1521.5,5883.0,22.685006491455837,False,35.8924874557002,5176.619433198381,48.442971273159955,3219.621513944223,14192.729083665337,181.5,10.63360881542701,25.862655107938124
RO,I,2017,1251.4,195.2,198.8,657.0,3237.2,1668.4,6646.1,20.29531694056592,False,38.656863956505624,6410.860655737705,48.70826499751734,3304.8289738430585,16283.702213279676,200.8,-0.9960159362549792,25.10344412512601
RO,I,2018,1376.6,210.9,215.0,571.2,3725.8,2015.3,7424.9,15.330935637983789,False,36.94776960652745,6527.264106211474,50.17980040135222,2656.744186046512,17329.302325581393,198.8,8.148893360160958,27.14245309701141
RO,I,2019,1642.2,214.2,216.8,854.5,4821.8,2796.8,9162.5,17.721597743581235,False,34.057820730847396,7666.666666666667,52.62537517053206,3941.420664206642,22240.774907749077,215.0,0.8372093023255811,30.52442019099591
RO,I,2020,1228.3,199.1,201.4,770.5,2866.4,1254.1,5876.0,26.880407479765562,False,42.85166061959252,6169.2616775489705,48.78148400272294,3825.7199602780533,14232.373386295929,216.8,-7.10332103321033,21.3427501701838
RO,J,2013,2085.2,132.0,143.2,1223.1,7340.6,3696.0,13198.8,16.662125711794673,False,28.406397297223656,15796.969696969694,55.615662029881506,8541.201117318435,51261.17318435755,145.4,-1.5130674002751143,28.00254568597145
RO,J,2014,2555.7,136.0,147.4,1515.6,7323.3,3262.0,14174.7,20.695588054565565,False,34.898201630412515,18791.91176470588,51.664585493872885,10282.225237449116,49683.1750339213,143.2,2.9329608938547524,23.01283272309114
RO,J,2015,2810.7,159.0,171.2,1480.9,8081.3,3705.5,14544.5,18.325021964287924,False,34.78029524952668,17677.358490566035,55.56258379456152,8650.116822429907,47203.85514018692,147.4,16.146540027137025,25.476984427103027
RO,J,2016,3412.5,151.6,165.9,1394.7,8691.7,3686.8,15698.0,16.046343062922098,False,39.26159439465236,22509.894459102903,55.368199770671424,8406.871609403255,52391.1995177818,171.2,-3.0957943925233544,23.48579436870939
RO,J,2017,4022.3,172.5,184.4,1912.8,10334.5,4681.0,17691.2,18.50887802989985,False,38.92108955440515,23317.68115942029,58.41604865695938,10373.101952277655,56043.9262472885,165.9,11.151295961422548,26.459482680654787
RO,J,2018,4604.2,172.2,182.1,2204.1,10987.0,4715.6,18398.5,20.060981159552195,False,41.905888777646304,26737.514518002325,59.71682474114738,12103.789126853377,60334.98077979132,184.4,-1.2472885032538072,25.63035030029622
RO,J,2019,5237.9,171.3,174.6,2785.2,12746.1,5591.2,21150.1,21.851389836891283,False,41.0941385992578,30577.349678925857,60.2649632862256,15951.890034364262,73001.71821305843,182.1,-4.1186161449752845,26.435808814142725
RO,J,2020,5659.1,183.0,188.9,1920.3,13968.6,6426.9,22555.0,13.747261715562045,False,40.51300774594448,30924.043715846994,61.93127909554422,10165.69613552144,73947.06193753309,174.6,8.190148911798412,28.494347151407666
RO,L,2013,252.5,23.9,25.3,4541.4,11590.9,8490.6,14720.9,39.180736612342436,False,2.1784330811239854,10564.853556485357,78.73771304743596,179501.97628458496,458138.33992094855,24.8,2.016129032258074,57.677180063718936
RO,L,2014,281.9,27.7,29.8,5241.1,12424.7,9241.4,15610.8,42.18290984892995,False,2.268867658776469,10176.895306859205,79.59041176621314,175875.8389261745,416936.2416107383,25.3,17.786561264822144,59.198759832936176
RO,L,2015,305.6,29.4,31.8,7075.1,13739.5,10504.2,17364.2,51.494595873212276,False,2.224243968121111,10394.557823129253,79.12544200135912,222487.4213836478,432059.74842767295,29.8,6.711409395973145,60.4934290091107
RO,L,2016,352.2,26.8,28.0,8644.3,14016.2,10662.5,17609.2,61.673634794024046,False,2.5128066094947275,13141.791044776119,79.5958930559026,308724.99999999994,500578.5714285715,31.8,-11.949685534591193,60.55073484315017
RO,L,2017,374.9,22.9,23.0,9061.4,15410.0,11969.4,19465.9,58.80207657365347,False,2.432835820895522,16371.17903930131,79.164076667403,393973.9130434783,670000.0,28.0,-17.85714285714286,61.48906549401774
RO,L,2018,452.9,25.4,25.6,8191.9,15831.6,12217.7,20165.4,51.743980393643085,False,2.8607342277470376,17830.708661417324,78.50873277991013,319996.09374999994,618421.875,23.0,11.304347826086957,60.5874418558521
RO,L,2019,497.1,30.2,30.7,11207.7,17847.9,14084.4,22574.5,62.79562301447229,False,2.7852016203586976,16460.264900662252,79.06221621741346,365071.66123778507,581364.8208469056,25.6,19.921875,62.39075062570599
RO,L,2020,455.8,29.0,29.7,11115.6,17114.5,13314.6,22298.4,64.94843553711766,False,2.6632387741388883,15717.241379310344,76.75214365156245,374262.62626262626,576245.7912457912,30.7,-3.2573289902280145,59.71101065547304
RO,M,2013,2212.2,138.4,158.5,888.9,6393.1,3675.4,14165.5,13.904052806932473,False,34.60293128529195,15984.104046242774,45.13148141611663,5608.20189274448,40335.01577287066,155.2,2.126288659793829,25.94613674067276
RO,M,2014,2358.3,149.2,170.3,876.6,6390.2,3457.9,14807.0,13.717880504522551,False,36.90494820193422,15806.300268096518,43.156615114472885,5147.386964180857,37523.194362889015,158.5,7.4447949526813995,23.353143783345715
RO,M,2015,2546.0,148.1,166.5,1058.2,7959.8,4791.4,16633.5,13.294303876981834,False,31.985728284630266,17191.087103308575,47.854029518742294,6355.555555555556,47806.606606606605,170.3,-2.231356429829723,28.80572338954519
RO,M,2016,2868.0,157.0,176.2,842.1,8071.4,4568.1,16827.3,10.43313427658151,False,35.53286914289962,18267.51592356688,47.96610270215662,4779.22814982974,45808.17253121453,166.5,5.8258258258258255,27.146957622434975
RO,M,2017,3142.1,166.0,185.9,1031.7,9420.6,5555.2,18550.7,10.95153174957009,False,33.35350190009129,18928.313253012046,50.78298932115769,5549.757934373319,50675.632060247444,176.2,5.505107832009082,29.94603977208407
RO,M,2018,3519.9,170.4,188.2,756.1,9712.4,5448.2,19208.4,7.784893538157407,False,36.24129978172233,20656.690140845072,50.563295225005724,4017.534537725824,51606.80127523911,185.9,1.2372243141473893,28.363632577414045
RO,M,2019,3984.0,169.0,188.0,1411.4,11479.3,6653.7,22305.9,12.29517479288807,False,34.7059489690138,23573.96449704142,51.46306582563357,7507.446808510639,61060.106382978716,188.2,-0.10626992561104665,29.829327666671148
RO,M,2020,3865.4,157.6,180.8,984.7,10894.9,6308.0,20268.1,9.038173824449974,False,35.47898558040919,24526.649746192896,53.75392858728741,5446.349557522124,60259.40265486725,188.0,-3.8297872340425476,31.122798881000197
RO,N,2013,1389.4,173.0,176.2,529.9,2671.6,815.3,5486.3,19.834556071268153,False,52.006288366521936,8031.213872832371,48.69584237099684,3007.377979568672,15162.315550510782,157.9,11.589613679544009,14.860652899039426
RO,N,2014,1672.1,188.1,189.7,1772.4,2972.7,702.2,6244.9,59.62256534463619,False,56.2485282739597,8889.420520999469,47.60204326730612,9343.173431734318,15670.532419609912,176.2,7.661748013620895,11.244375410334834
RO,N,2015,1896.0,193.0,196.5,741.3,3356.3,914.2,6683.3,22.086821797813066,False,56.49077853588773,9823.834196891192,50.219203088294705,3772.5190839694656,17080.407124681933,189.7,3.5846072746441804,13.678871216315294
RO,N,2016,2225.2,198.8,200.7,762.0,3462.3,613.5,7013.7,22.008491465210987,False,64.26941628397307,11193.158953722332,49.36481457718466,3796.711509715994,17251.121076233187,196.5,2.1374045801526576,8.74716626031909
RO,N,2017,2692.3,195.9,198.0,929.3,4716.5,1370.9,8433.4,19.703169723311778,False,57.08258242340719,13743.23634507402,55.92643536414732,4693.434343434343,23820.70707070707,200.7,-1.3452914798206206,16.255602722508126
RO,N,2018,2957.3,200.5,202.3,326.6,5187.2,1528.6,9268.1,6.296267735965453,False,57.011489821098095,14749.625935162096,55.9683214466827,1614.4340088976767,25641.127039050913,198.0,2.17171717171718,16.49313235722532
RO,N,2019,3224.9,214.8,216.8,944.6,5869.6,1959.1,10172.6,16.093089818726998,False,54.94241515605833,15013.500931098695,57.700096337219584,4357.011070110701,27073.800738007383,202.3,7.16757291151755,19.258596622299116
RO,N,2020,3157.4,210.8,213.5,750.4,5291.3,1504.6,8788.5,14.1817700754068,False,59.67153629542834,14978.178368121442,60.20708880923935,3514.7540983606555,24783.606557377047,216.8,-1.522140221402224,17.120100130852816
SE,B,2013,577.2,10.0,10.0,1406.5,2202.0,661.6,4821.6,63.87375113533152,False,26.212534059945508,57720.00000000001,45.66948730711797,140650.0,220200.0,10.0,0.0,13.721586195453792
SE,B,2014,579.0,10.0,10.0,1047.5,1918.4,339.3,4385.1,54.60279399499582,False,30.1814011676397,57900.0,43.748147134614946,104750.0,191840.0,10.0,0.0,7.7375658479852225
SE,B,2015,546.2,9.0,9.0,1399.2,1674.1,72.8,3829.8,83.57923660474286,False,32.626485873006395,60688.8888888889,43.712465402893095,155466.66666666666,186011.1111111111,10.0,-9.999999999999998,1.9008825526137134
SE,B,2016,539.0,9.0,9.0,730.9,1766.7,156.5,4238.6,41.37091752985793,False,30.508858323427855,59888.88888888888,41.68121549568254,81211.11111111111,196300.0,9.0,0.0,3.692256877270797
SE,B,2017,567.3,9.0,9.0,663.0,2697.2,1078.3,5152.2,24.581047011715857,False,21.03292303129171,63033.33333333333,52.350452233997125,73666.66666666667,299688.8888888889,9.0,0.0,20.92892356663173
SE,B,2018,569.6,10.0,10.0,1333.0,2725.3,1125.6,5080.1,48.91204638021502,False,20.90045132645947,56960.0,53.64658176020157,133300.0,272530.00000000006,9.0,11.111111111111116,22.157044152674157
SE,B,2019,579.6,10.0,10.0,817.3,3361.9,1736.2,5914.1,24.31065766382105,False,17.24025104851423,57960.0,56.84550481053753,81729.99999999999,336190.0,10.0,0.0,29.356960484266416
SE,B,2020,639.3,10.0,10.0,845.9,2959.6,1272.4,5606.2,28.58156507636167,False,21.600892012434112,63929.99999999999,52.79155221005316,84590.0,295960.0,10.0,0.0,22.696300524419392
SE,C,2013,30226.1,545.0,559.0,14630.2,58767.0,9513.6,187170.0,24.89526434903943,False,51.433797879762444,55460.733944954125,31.39765988139125,26172.093023255817,105128.80143112701,571.0,-2.1015761821365997,5.082865843885238
SE,C,2014,29208.1,539.0,552.0,15264.3,56824.5,9015.2,181936.8,26.862180925481084,False,51.40054025992309,54189.424860853425,31.233098526521296,27652.717391304348,102942.9347826087,559.0,-1.2522361359570633,4.955127274965813
SE,C,2015,28721.1,529.0,542.0,16423.6,62230.3,14524.2,184577.0,26.391645227485643,False,46.15291907639847,54293.19470699433,33.715089095607794,30301.84501845018,114816.0516605166,552.0,-1.8115942028985477,7.868911077761585
SE,C,2016,28993.0,521.0,533.0,17295.8,62685.3,14067.2,185724.3,27.59147678961415,False,46.25167303977168,55648.752399232246,33.75180307584953,32449.906191369606,117608.44277673546,542.0,-1.6605166051660514,7.574237727642534
SE,C,2017,29688.8,534.0,546.0,16948.1,63390.8,13442.3,196097.8,26.735898584652656,False,46.83455643405667,55597.003745318354,32.326114826377456,31040.476190476187,116100.36630036631,533.0,2.4390243902439046,6.854895873385628
SE,C,2018,29289.6,547.0,559.0,16492.9,62541.0,13250.8,199665.7,26.371340400697147,False,46.83263778961002,53545.88665447898,31.322856154061512,29504.29338103757,111880.14311270125,546.0,2.3809523809523725,6.636492897878804
SE,C,2019,29038.4,545.0,556.0,15811.9,62522.0,13529.3,199157.7,25.29013787146924,False,46.4450913278526,53281.46788990826,31.393212514504835,28438.6690647482,112449.64028776978,559.0,-0.536672629695889,6.793259813705419
SE,C,2020,29158.0,535.0,546.0,15363.1,60505.1,12138.8,186950.3,25.39141328582219,False,48.19097894227099,54500.93457943925,32.36427007605765,28137.54578754579,110815.20146520146,556.0,-1.7985611510791366,6.493062594711001
SE,D,2013,1980.5,27.0,28.0,4782.5,10988.4,4505.8,19985.7,43.52316988824579,False,18.02355210949729,73351.85185185185,54.98131163782104,170803.57142857142,392442.8571428571,27.0,3.703703703703698,22.545119760628847
SE,D,2014,1920.6,28.0,28.0,5040.0,10451.9,4065.4,18677.9,48.22089763583654,False,18.375606349084855,68592.85714285714,55.95864631462851,180000.0,373282.14285714284,28.0,0.0,21.76583020575118
SE,D,2015,1914.0,28.0,28.0,4567.3,9638.2,3268.4,18150.4,47.38747898985288,False,19.858479799132617,68357.14285714286,53.101860014104375,163117.85714285716,344221.4285714286,28.0,0.0,18.00731664315938
SE,D,2016,1929.2,28.0,28.0,3687.2,9318.4,2909.8,18056.2,39.56902472527473,False,20.703125,68900.0,51.60775800002215,131685.7142857143,332800.0,28.0,0.0,16.115240194503826
SE,D,2017,1951.7,28.0,29.0,4151.3,9568.2,3346.4,17371.9,43.38642586902448,False,20.39777596622144,69703.57142857143,55.07860395235985,143148.27586206896,329937.9310344828,28.0,3.571428571428581,19.263293019186158
SE,D,2018,1909.8,28.0,28.0,4449.7,8928.3,3166.6,17379.9,49.83815507991443,False,21.390410268472163,68207.14285714286,51.37141180329,158917.85714285713,318867.85714285716,29.0,-3.4482758620689613,18.219897697915403
SE,D,2019,1919.5,29.0,29.0,5406.8,10297.4,4583.8,19025.4,52.50645794083943,False,18.640627731271973,66189.6551724138,54.12448621316766,186441.37931034484,355082.7586206896,28.0,3.571428571428581,24.093054548130393
SE,D,2020,2030.4,30.0,30.0,5541.8,9986.9,4186.1,18459.6,55.490692807577936,False,20.330633129399516,67680.0,54.10138897917614,184726.66666666666,332896.6666666666,29.0,3.4482758620689724,22.67708942772325
SE,E,2013,1405.0,25.0,25.0,1365.0,2421.3,-186.0,6967.1,56.37467476149176,False,58.02667988270763,56200.0,34.75334070129609,54600.0,96852.0,24.0,4.166666666666674,-2.6696904020324093
SE,E,2014,1427.7,26.0,26.0,1437.6,2263.7,-376.7,6875.4,63.506648407474486,False,63.06931130450148,54911.53846153846,32.92462983971841,55292.30769230769,87065.3846153846,25.0,4.0000000000000036,-5.478953951770079
SE,E,2015,1221.8,26.0,26.0,1580.4,2582.2,119.8,7281.9,61.20362481604834,False,47.31624196421656,46992.30769230769,35.460525412323705,60784.61538461538,99315.3846153846,26.0,0.0,1.6451750230022384
SE,E,2016,1250.6,26.0,26.0,1706.3,2479.3,-62.6,7082.9,68.82184487556971,False,50.44165691929173,48099.99999999999,35.00402377557216,65626.92307692308,95357.69230769231,26.0,0.0,-0.8838187747956348
SE,E,2017,1271.5,26.0,27.0,1713.6,2465.5,-149.5,7351.7,69.50314337862503,False,51.57168931251267,48903.846153846156,33.53646095460914,63466.666666666664,91314.8148148148,26.0,3.8461538461538547,-2.033543262102643
SE,E,2018,1297.8,27.0,28.0,2004.5,2444.1,-216.7,7704.7,82.0138292213903,False,53.099300355959244,48066.666666666664,31.72219554298026,71589.28571428571,87289.28571428571,27.0,3.703703703703698,-2.8125689514192636
SE,E,2019,1321.3,28.0,28.0,2165.9,2433.0,-294.9,7687.4,89.02178380600083,False,54.307439375256884,47189.28571428571,31.649192184613785,77353.57142857143,86892.85714285714,28.0,0.0,-3.836147462080807
SE,E,2020,1389.5,29.0,29.0,2512.7,2616.3,-280.4,7900.1,96.0402094561021,False,53.109352902954555,47913.793103448275,33.11730231262896,86644.82758620688,90217.24137931035,28.0,3.571428571428581,-3.549322160478981
SE,F,2013,15905.8,281.0,319.0,2799.2,22311.0,1445.3,50808.5,12.546277620904487,False,71.29129129129129,56604.27046263345,43.911943867659936,8774.921630094044,69940.43887147335,317.0,0.6309148264984188,2.8446027731580346
SE,F,2014,15870.0,288.0,325.0,2498.5,22676.4,1924.2,51377.8,11.018062831842796,False,69.9846536487273,55104.166666666664,44.13657260528866,7687.692307692308,69773.53846153847,319.0,1.8808777429467183,3.745197342042672
SE,F,2015,16345.1,297.0,333.0,2777.7,24630.4,3199.1,56257.6,11.27752695855528,False,66.36148824217227,55034.00673400674,43.78146241574472,8341.44144144144,73965.16516516518,325.0,2.4615384615384706,5.686520576775404
SE,F,2016,17316.3,304.0,338.0,3243.4,25840.6,2995.6,57915.1,12.551566140105109,False,67.01198888570698,56961.51315789473,44.61807024420229,9595.85798816568,76451.47928994082,333.0,1.501501501501501,5.172398908056794
SE,F,2017,18044.4,330.0,363.0,3371.6,27215.9,3311.8,63626.1,12.388346518028063,False,66.30094907756128,54680.00000000001,42.77474181192938,9288.154269972452,74974.9311294766,338.0,7.396449704142016,5.205096650588359
SE,F,2018,18396.6,342.0,375.0,3308.4,27098.5,2767.1,64954.1,12.20879384467775,False,67.88789047364244,53791.228070175435,41.71946035739084,8822.4,72262.66666666666,363.0,3.305785123966931,4.260085198624875
SE,F,2019,18563.4,345.0,376.0,2947.9,27493.6,2891.4,66757.2,10.722131696103823,False,67.51898623679693,53806.95652173913,41.18447148771968,7840.159574468085,73121.27659574467,375.0,0.2666666666666595,4.3312182056766915
SE,F,2020,19176.6,343.0,374.0,3072.2,28247.5,3221.9,68383.2,10.87600672625896,False,67.88777767944066,55908.45481049562,41.30766036102435,8214.438502673796,75528.07486631017,376.0,-0.5319148936170248,4.711537336655787
SE,G,2013,26284.8,554.0,581.0,5993.4,44292.3,8421.9,77526.7,13.53147161018958,False,59.34394917400992,47445.48736462094,57.13167205620774,10315.66265060241,76234.59552495697,578.0,0.519031141868509,10.86322518564572
SE,G,2014,26093.1,564.0,590.0,5613.5,44884.0,9356.4,78041.7,12.50668389626593,False,58.134524552178945,46264.36170212766,57.512842493179924,9514.406779661018,76074.57627118644,581.0,1.5490533562822817,11.988975124837106
SE,G,2015,26185.2,567.0,592.0,6180.8,45413.6,9508.6,79832.5,13.610019905931264,False,57.65937956911586,46182.01058201058,56.88610528293615,10440.54054054054,76712.16216216216,590.0,0.3389830508474523,11.910688003006294
SE,G,2016,26975.5,571.0,594.0,6486.0,45932.6,8666.5,81553.0,14.120689880389964,False,58.72844123781367,47242.55691768827,56.32239157357791,10919.191919191919,77327.60942760944,592.0,0.33783783783782884,10.626831630963913
SE,G,2017,27322.7,583.0,605.0,6917.1,47559.4,9571.2,83990.1,14.54412797470111,False,57.44963140830204,46865.694682675814,56.62500699487201,11433.22314049587,78610.57851239669,594.0,1.85185185185186,11.39562877053367
SE,G,2018,26989.6,593.0,615.0,6824.8,44523.3,6942.1,81831.2,15.328603225726752,False,60.619046656469756,45513.659359190555,54.4087096364223,11097.235772357724,72395.60975609758,605.0,1.6528925619834656,8.483439079470912
SE,G,2019,27093.2,595.0,616.0,7021.4,45791.6,7961.4,84041.4,15.333379921208257,False,59.16630997824929,45534.78991596639,54.48695523872759,11398.376623376622,74337.01298701299,615.0,0.1626016260162677,9.473188214380055
SE,G,2020,27453.2,582.0,603.0,6766.4,47593.9,10197.0,85318.4,14.216947970223073,False,57.682181960293235,47170.44673539519,55.78386373865427,11221.2271973466,78928.5240464345,616.0,-2.110389610389607,11.951700922661466
SE,H,2013,11488.9,240.0,251.0,8091.5,21487.5,1619.3,58719.2,37.65677719604421,False,53.46783013379872,47870.416666666664,36.59365250207769,32237.051792828686,85607.56972111553,249.0,0.8032128514056325,2.7577010585975286
SE,H,2014,11118.0,236.0,247.0,8473.3,21030.4,1773.5,56498.1,40.29072200243456,False,52.86632684114424,47110.16949152543,37.223198656238,34304.85829959514,85143.31983805669,251.0,-1.5936254980079667,3.1390436138560416
SE,H,2015,11059.6,234.0,244.0,8904.5,21046.1,1763.5,56885.0,42.30950152284746,False,52.54940345242112,47263.24786324786,36.997626790893904,36493.852459016394,86254.5081967213,247.0,-1.2145748987854255,3.1001142656236267
SE,H,2016,11281.6,239.0,249.0,8820.0,21538.7,1717.4,57291.3,40.94954663001945,False,52.37827724050198,47203.34728033473,37.59506242658135,35421.68674698795,86500.8032128514,244.0,2.049180327868849,2.9976628214056933
SE,H,2017,11537.5,244.0,254.0,9783.0,22233.4,1706.7,59015.4,44.00136731224194,False,51.89264799805697,47284.83606557377,37.67389528834847,38515.74803149606,87533.07086614174,249.0,2.008032128514059,2.891957014609746
SE,H,2018,11396.6,252.0,262.0,10151.4,21520.1,1031.3,57486.8,47.17171388608789,False,52.95793235161547,45224.60317460317,37.434854610101794,38745.80152671756,82137.78625954199,254.0,3.149606299212593,1.79397705212327
SE,H,2019,11447.7,257.0,267.0,10644.0,21828.3,1079.5,57581.9,48.76238644328693,False,52.44430395404132,44543.57976653697,37.90826631285178,39865.168539325845,81753.93258426966,262.0,1.9083969465648831,1.8747210494964563
SE,H,2020,11337.6,248.0,257.0,10423.9,20128.0,-48.1,52968.7,51.78805643879173,False,56.327503974562795,45716.12903225807,37.999799881817,40559.92217898832,78319.06614785992,267.0,-3.745318352059923,-0.0908083453058127
SE,I,2013,4921.5,156.0,164.0,795.5,6611.8,236.6,15292.1,12.031519404700685,False,74.4351008802444,31548.076923076922,43.23670391901701,4850.609756097561,40315.85365853659,155.0,5.8064516129032295,1.5472041119270734
SE,I,2014,4978.2,162.0,171.0,790.5,6674.2,238.4,15298.9,11.844116148751912,False,74.58871475232986,30729.629629629628,43.6253586859186,4622.80701754386,39030.40935672515,164.0,4.268292682926833,1.5582819679846265
SE,I,2015,5168.4,170.0,178.0,832.8,7165.9,451.4,16132.5,11.621708368802244,False,72.12492499197587,30402.35294117647,44.419029908569655,4678.651685393258,40257.86516853933,171.0,4.093567251461994,2.7980784131411744
SE,I,2016,5476.2,183.0,190.0,898.3,7720.5,575.9,17158.1,11.635256783887053,False,70.93063920730522,29924.590163934427,44.99624084251753,4727.894736842105,40634.210526315794,178.0,6.741573033707859,3.356432239000822
SE,I,2017,5700.9,187.0,194.0,959.1,7903.5,454.0,17603.9,12.13513000569368,False,72.13133421901688,30486.09625668449,44.89630138776066,4943.814432989691,40739.69072164948,190.0,2.1052631578947434,2.5789739773572897
SE,I,2018,5579.1,188.0,195.0,915.3,7758.4,447.3,17323.3,11.797535574345225,False,71.91044545267066,29676.063829787236,44.78592415994643,4693.846153846153,39786.666666666664,194.0,0.5154639175257714,2.5820715452598524
SE,I,2019,5606.7,187.0,193.0,890.9,7749.1,391.6,17314.7,11.496818985430565,False,72.3529184034275,29982.35294117647,44.754457195331135,4616.062176165803,40150.77720207254,195.0,-1.025641025641022,2.261662055940906
SE,I,2020,4920.5,161.0,168.0,765.0,4999.7,-825.2,13328.9,15.300918055083306,False,98.41590495429726,30562.111801242234,37.5102221488645,4553.571428571428,29760.119047619046,193.0,-12.95336787564767,-6.191058526960215
SE,J,2013,12552.6,180.0,190.0,8165.5,26680.6,5902.8,53717.6,30.60463407869388,False,47.047667593682306,69736.66666666667,49.668265149597154,42976.31578947368,140424.2105263158,189.0,0.5291005291005346,10.988577300549542
SE,J,2014,12704.4,184.0,193.0,8132.0,26759.5,5847.4,53930.5,30.389207571142958,False,47.476223397298156,69045.65217391304,49.61849046457941,42134.715025906735,138650.25906735752,190.0,1.5789473684210575,10.842473183078221
SE,J,2015,13117.7,191.0,200.0,8770.1,29744.8,8036.8,59077.8,29.484481321104866,False,44.100817621903666,68679.05759162303,50.34852347243803,43850.50000000001,148724.0,193.0,3.626943005181338,13.603756402574232
SE,J,2016,13180.0,190.0,199.0,8538.7,28275.6,6225.0,59563.5,30.19812134844177,False,46.612627141422294,69368.42105263157,47.471354101085396,42908.04020100503,142088.44221105528,200.0,-0.5000000000000004,10.451031252360925
SE,J,2017,13647.0,199.0,208.0,8225.2,25949.0,3075.9,59804.9,31.697560599637754,False,52.5916220278238,68577.88944723617,43.38942126815696,39544.23076923077,124754.80769230769,199.0,4.522613065326642,5.143224050203244
SE,J,2018,13701.0,205.0,213.0,9116.9,28061.3,5123.1,62054.8,32.48922893807485,False,48.82525043387156,66834.1463414634,45.22019247503819,42802.34741784037,131743.1924882629,208.0,2.4038461538461453,8.255767482934438
SE,J,2019,14084.7,211.0,220.0,7390.2,31357.2,7851.8,66491.2,23.567793042746164,False,44.91695687114921,66752.1327014218,47.159924922395746,33591.818181818184,142532.72727272726,213.0,3.2863849765258246,11.808780710830908
SE,J,2020,15028.0,214.0,223.0,9770.3,33831.5,9521.6,69599.8,28.879298878264336,False,44.42014099286168,70224.29906542056,48.60861669142727,43813.004484304925,151710.76233183857,220.0,1.3636363636363669,13.680499081893913
SE,L,2013,3520.4,69.0,76.0,23183.8,34521.6,16980.8,64294.4,67.15737393400074,False,10.197673340748981,51020.289855072464,53.693012144136965,305050.0,454231.5789473684,73.0,4.109589041095885,26.411009356957994
SE,L,2014,3457.5,71.0,77.0,25042.3,34374.2,16914.9,62988.5,72.85202273798373,False,10.05841590495197,48697.18309859155,54.57218381133063,325224.67532467534,446418.18181818177,76.0,1.3157894736842035,26.85394953046985
SE,L,2015,3573.1,73.0,80.0,27929.4,33247.8,15205.6,63564.9,84.00375363181925,False,10.746876485060666,48946.57534246575,52.30528168847902,349117.5,415597.5,77.0,3.8961038961038863,23.92137799320065
SE,L,2016,3683.4,75.0,82.0,31513.2,34404.3,15594.5,64938.7,91.59668994864013,False,10.706219862052127,49112.0,52.979656198845994,384307.31707317074,419564.63414634153,80.0,2.499999999999991,24.014185685885305
SE,L,2017,3830.0,80.0,87.0,35291.7,36203.7,16475.5,67404.7,97.48092045840619,False,10.579029215245956,47875.0,53.71094300545808,405651.724137931,416134.48275862064,82.0,6.0975609756097615,24.442657559487692
SE,L,2018,3805.4,81.0,88.0,31140.1,36015.3,16515.8,65878.9,86.46353077719746,False,10.56606497793993,46980.246913580246,54.66894559563078,353864.77272727276,409264.77272727276,87.0,1.1494252873563315,25.0699389334066
SE,L,2019,3899.2,82.0,89.0,31315.0,37105.5,17463.1,67214.5,84.39449677271563,False,10.508415194512942,47551.219512195115,55.20460614897084,351853.93258426967,416915.7303370786,88.0,1.1363636363636465,25.98114990069107
SE,L,2020,4039.8,82.0,89.0,31678.3,38159.0,17478.5,70669.7,83.01658848502319,False,10.586755418118923,49265.85365853659,53.996267141363276,355935.9550561797,428752.80898876407,89.0,0.0,24.732664777125134
SE,M,2013,17420.2,272.0,311.0,6757.2,28954.6,3622.4,52790.4,23.337224482465654,False,60.16384270547685,64044.852941176476,54.848229981208696,21727.33118971061,93101.6077170418,303.0,2.64026402640265,6.861853670364308
SE,M,2014,17148.9,277.0,316.0,6857.9,28978.2,3910.1,52693.3,23.66572112829644,False,59.178623931093036,61909.38628158846,54.99408843249521,21702.215189873416,91703.16455696202,311.0,1.6077170418006492,7.420487993729752
SE,M,2015,17527.0,284.0,322.0,6651.6,29865.0,4125.5,54222.6,22.272225012556504,False,58.68742675372509,61714.788732394365,55.07850969890784,20657.14285714286,92748.44720496894,316.0,1.8987341772152,7.6084510886604475
SE,M,2016,18371.3,289.0,325.0,7154.6,31301.1,4351.7,56923.4,22.857343671628154,False,58.6921865365754,63568.512110726646,54.988106824258566,22014.153846153848,96311.07692307692,322.0,0.9316770186335477,7.644834988774388
SE,M,2017,19419.3,310.0,345.0,7214.6,33031.5,4582.5,60175.7,21.84157546584321,False,58.79024567458335,62642.90322580645,54.891758633468335,20911.884057971016,95743.47826086957,325.0,6.153846153846154,7.615200155544515
SE,M,2018,19859.1,321.0,355.0,7275.2,32401.7,3602.1,59881.6,22.4531428906508,False,61.29030266930439,61866.35514018691,54.10960962966922,20493.521126760563,91272.39436619719,345.0,2.898550724637672,6.015370330786085
SE,M,2019,20349.7,329.0,363.0,6505.2,33038.6,3656.2,60975.7,19.689696294637184,False,61.593711597949074,61853.19148936171,54.183223808828764,17920.66115702479,91015.42699724517,355.0,2.2535211267605604,5.996159125684494
SE,M,2020,20956.1,328.0,361.0,7745.0,34321.7,4866.5,62074.1,22.565898542321623,False,61.05787300745592,63890.5487804878,55.29149838660569,21454.293628808864,95073.96121883656,363.0,-0.5509641873278182,7.839823694584376
SE,N,2013,9786.4,227.0,238.0,1352.7,13065.4,801.0,24898.5,10.353299554548656,False,74.90317938983881,43111.89427312775,52.47464706709239,5683.6134453781515,54896.638655462186,235.0,1.2765957446808418,3.21706126875113
SE,N,2014,9735.0,232.0,243.0,1707.0,12972.6,798.0,24478.3,13.158503306970076,False,75.04278247999629,41961.206896551725,52.99632735933459,7024.691358024692,53385.18518518519,238.0,2.1008403361344463,3.2600303125625554
SE,N,2015,10162.1,244.0,255.0,1933.4,13840.6,1045.2,25465.1,13.969047584642286,False,73.42239498287647,41647.95081967213,54.35124935696306,7581.9607843137255,54276.86274509804,243.0,4.938271604938271,4.104440980007933
SE,N,2016,10759.1,257.0,268.0,2659.1,14811.8,1094.6,27137.6,17.95257834969416,False,72.6387069768698,41864.20233463035,54.580360827781384,9922.014925373134,55267.91044776119,255.0,5.098039215686279,4.033518070868463
SE,N,2017,11151.1,266.0,277.0,2294.4,15492.3,1189.3,28644.7,14.809937840088303,False,71.9783376257883,41921.42857142857,54.08435068267428,8283.03249097473,55928.88086642599,268.0,3.3582089552238736,4.151902446176779
SE,N,2018,11149.9,274.0,284.0,2266.2,15375.8,1100.3,28883.7,14.738745301057504,False,72.51590161162346,40693.06569343065,53.23348462973926,7979.577464788732,54140.14084507042,277.0,2.5270758122743597,3.8094149987709334
SE,N,2019,11048.4,276.0,286.0,2418.1,14995.8,811.2,28808.1,16.12518171754758,False,73.67662945624775,40030.434782608696,52.054109781623914,8454.895104895104,52432.86713286713,284.0,0.7042253521126751,2.815874701906756
SE,N,2020,10630.2,258.0,268.0,2082.1,14074.6,782.2,24655.9,14.793315618205845,False,75.5275460759098,41202.32558139535,57.084105629889805,7769.0298507462685,52517.164179104475,286.0,-6.2937062937062915,3.1724658195401503
SI,B,2013,90.6,2.66,2.7,40.6,126.0,-2.2,273.9,32.22222222222222,False,71.9047619047619,34060.15037593985,46.002190580503836,15037.037037037036,46666.666666666664,2.83,-4.59363957597173,-0.8032128514056226
SI,B,2014,92.5,2.57,2.61,10.9,127.7,-3.6,278.2,8.535630383711824,False,72.43539545810494,35992.217898832685,45.90222861250899,4176.24521072797,48927.203065134105,2.7,-3.3333333333333437,-1.2940330697340043
SI,B,2015,82.5,2.48,2.52,52.3,124.3,3.6,283.0,42.07562349155269,False,66.3716814159292,33266.12903225806,43.92226148409894,20753.968253968254,49325.39682539682,2.61,-3.4482758620689613,1.2720848056537104
SI,B,2016,82.8,2.45,2.49,34.8,130.1,6.9,280.7,26.748654880860872,False,63.64335126825519,33795.91836734694,46.348414677591734,13975.90361445783,52248.99598393573,2.52,-1.1904761904761862,2.458140363377271
SI,B,2017,84.3,2.41,2.45,41.0,138.1,14.5,307.2,29.68863142650254,False,61.042722664735706,34979.25311203319,44.95442708333333,16734.69387755102,56367.3469387755,2.49,-1.6064257028112428,4.720052083333334
SI,B,2018,88.2,2.41,2.44,35.6,143.0,13.7,333.3,24.895104895104897,False,61.67832167832168,36597.51037344398,42.9042904290429,14590.163934426231,58606.557377049176,2.45,-0.40816326530612734,4.11041104110411
SI,B,2019,93.0,2.43,2.47,26.6,138.5,3.8,309.5,19.205776173285198,False,67.14801444043322,38271.6049382716,44.74959612277868,10769.230769230768,56072.87449392713,2.44,1.2295081967213184,1.2277867528271404
SI,B,2020,88.8,2.33,2.36,31.0,130.0,6.2,291.6,23.846153846153847,False,68.3076923076923,38111.587982832614,44.58161865569273,13135.593220338984,55084.74576271187,2.47,-4.453441295546567,2.1262002743484225
SI,C,2013,4143.3,176.55,188.24,1600.6,6908.8,1072.6,21918.1,23.16755442334414,False,59.97134089856415,23468.139337298217,31.52098037694874,8502.974925626859,36702.0824479388,192.3,-2.1112844513780593,4.8936723529868
SI,C,2014,4303.9,176.81,188.65,1658.6,7321.0,1249.5,22886.0,22.65537494877749,False,58.78841688293949,24341.948984785926,31.98898890151184,8791.942751126424,38807.31513384575,188.24,0.2178070548236377,5.459669667045356
SI,C,2015,4496.3,180.09,191.94,1681.8,7692.5,1361.8,23782.6,21.862853428664284,False,58.450438739031526,24966.960963962465,32.3450758117279,8762.113160362613,40077.62842554966,188.65,1.7439703153988795,5.726035000378428
SI,C,2016,4770.6,186.09,197.86,1810.8,8095.0,1467.4,24610.3,22.369363804817787,False,58.932674490426194,25635.982589069805,32.89273190493412,9151.925603962396,40912.766602648335,191.94,3.084297176200912,5.962544138023511
SI,C,2017,5114.8,193.29,205.15,2056.5,8798.2,1805.0,27485.6,23.374099247573366,False,58.13461844468186,26461.793160535984,32.010216258695465,10024.372410431391,42886.66829149403,197.86,3.6844233296269957,6.567075122973484
SI,C,2018,5566.4,202.46,214.57,2322.8,9277.2,1764.5,29235.3,25.037726900357864,False,60.000862329151026,27493.8259409266,31.732870878698016,10825.371673579719,43236.23992170388,205.15,4.59176212527419,6.03551186408212
SI,C,2019,5942.6,207.79,220.08,2422.7,9907.9,1948.7,29921.6,24.452204806265705,False,59.97840107389054,28599.06636508013,33.11286829581306,11008.26972010178,45019.53834969102,214.57,2.5679265507759785,6.512686487353618
SI,C,2020,5982.0,203.19,215.71,2081.0,9589.7,1997.4,27777.1,21.700366017706497,False,62.37942792788095,29440.425217776465,34.52376237980207,9647.211534003985,44456.446154559366,220.08,-1.9856415848782283,7.190815455897124
SI,D,2013,297.7,8.07,9.11,957.9,804.4,176.3,2027.9,119.08254599701642,False,37.00895077076082,36889.71499380421,39.66665022930124,105148.18880351262,88298.57299670692,8.91,2.244668911335568,8.693722570146457
SI,D,2014,304.3,8.14,9.19,591.1,756.4,115.3,1865.7,78.14648334214702,False,40.23003701745109,37383.292383292384,40.54242375515892,64319.91294885746,82306.85527747552,9.11,0.8781558726673966,6.179986064211824
SI,D,2015,305.1,8.08,9.09,332.4,724.4,78.3,1749.5,45.88625069022639,False,42.11761457758145,37759.90099009901,41.40611603315233,36567.65676567657,79691.96919691969,9.19,-1.088139281828071,4.475564446984852
SI,D,2016,313.6,8.01,9.0,341.2,727.8,79.1,1674.4,46.88101126683154,False,43.08876064852982,39151.06117353309,43.46631629240324,37911.11111111111,80866.66666666666,9.09,-0.990099009900991,4.724080267558528
SI,D,2017,321.2,7.93,8.89,335.8,728.6,53.1,1721.5,46.08838869063958,False,44.08454570409003,40504.413619167724,42.32355503920999,37772.77840269967,81957.25534308211,9.0,-1.2222222222222134,3.0845193145512635
SI,D,2018,327.7,7.88,8.83,375.9,764.8,57.0,1761.4,49.15010460251046,False,42.84780334728033,41586.294416243654,43.420006812762566,42570.78142695357,86613.81653454133,8.89,-0.6749156355455588,3.23606222323152
SI,D,2019,339.7,7.85,8.77,430.7,863.7,99.8,1841.2,49.866851916174596,False,39.33078615259928,43273.88535031847,46.909624158157726,49110.60433295325,98483.46636259978,8.83,-0.6795016987542479,5.420378014338475
SI,D,2020,357.2,7.87,8.77,439.4,949.2,166.7,1929.8,46.29161399072903,False,37.63168984407922,45387.54764930114,49.186444191107896,50102.62257696693,108232.6111744584,8.77,0.0,8.638200849828998
SI,E,2013,237.4,9.66,9.75,35.9,328.4,-47.2,1059.6,10.931790499390987,False,72.28989037758832,24575.569358178054,30.99282748206871,3682.0512820512818,33682.05128205128,9.88,-1.3157894736842146,-4.454511136277842
SI,E,2014,236.1,9.87,9.97,44.8,338.9,-31.2,1100.7,13.219238713484804,False,69.66656830923577,23920.9726443769,30.789497592441172,4493.480441323971,33991.975927783344,9.75,2.2564102564102573,-2.834559825565549
SI,E,2015,242.2,10.29,10.39,53.5,337.3,-41.9,1048.4,15.861251111769937,False,71.80551437889119,23537.414965986398,32.17283479587943,5149.181905678537,32463.907603464868,9.97,4.212637913741224,-3.9965661961083554
SI,E,2016,246.1,9.89,9.98,42.4,330.8,-56.5,1035.1,12.817412333736398,False,74.39540507859734,24883.720930232557,31.958264901941845,4248.496993987976,33146.29258517034,10.39,-3.9461020211742026,-5.458409815476766
SI,E,2017,248.7,9.54,9.63,66.5,337.7,-51.8,1193.0,19.692034350014804,False,73.64524726088244,26069.18238993711,28.306789606035203,6905.503634475597,35067.497403946,9.98,-3.50701402805611,-4.3419949706621965
SI,E,2018,265.0,9.84,9.92,74.5,349.3,-58.1,1291.7,21.328371027769823,False,75.86601774978529,26930.894308943087,27.041882790121548,7510.08064516129,35211.6935483871,9.63,3.0114226375908437,-4.497948440040258
SI,E,2019,285.6,9.93,10.01,64.9,365.6,-64.5,1256.6,17.751641137855582,False,78.11816192560175,28761.329305135954,29.09438166480981,6483.516483516484,36523.47652347652,9.92,0.9072580645161255,-5.1328982969918835
SI,E,2020,321.4,10.68,10.75,57.9,408.0,-40.5,1318.4,14.191176470588236,False,78.77450980392156,30093.632958801496,30.94660194174757,5386.0465116279065,37953.48837209303,10.01,7.3926073926073865,-3.071905339805825
SI,F,2013,932.0,50.52,62.96,119.6,1612.6,465.5,5280.4,7.41659431973211,False,57.79486543470173,18448.139350752175,30.539353079312175,1899.6188055908513,25613.0876747141,67.7,-7.0014771048744535,8.8156200287857
SI,F,2014,967.4,50.05,62.29,139.9,1807.4,626.5,5525.4,7.7404005754121945,False,53.52439969016266,19328.67132867133,32.710753972563076,2245.94637983625,29015.89340183015,62.96,-1.0641677255400328,11.338545625656062
SI,F,2015,992.8,50.48,62.66,171.2,1756.3,548.0,5434.6,9.747765188179695,False,56.5279280305187,19667.194928684625,32.3170058513966,2732.205553782317,28029.045643153528,62.29,0.5939958259752798,10.083538806903912
SI,F,2016,1009.2,50.05,62.15,197.7,1759.9,530.8,5248.4,11.233592817773735,False,57.344167282231936,20163.836163836168,33.532124075908854,3181.013676588898,28316.975060337896,62.66,-0.8139163740823463,10.113558417803521
SI,F,2017,1078.9,51.4,63.55,273.4,1945.8,648.7,5875.9,14.050776030424503,False,55.44763079453182,20990.272373540858,33.114927075001276,4302.124311565696,30618.410700236032,62.15,2.2526146419951765,11.04001089194847
SI,F,2018,1230.7,55.11,67.65,258.2,2227.9,775.7,6862.3,11.589389110821848,False,55.24036087795682,22331.700235891854,32.46579135275345,3816.70362158167,32932.74205469327,63.55,6.451612903225823,11.303790274397798
SI,F,2019,1424.7,60.85,73.78,288.3,2475.9,822.7,7309.2,11.644250575548286,False,57.54271174118502,23413.31142152835,33.87374815301264,3907.563025210084,33557.87476280835,67.65,9.061345158906132,11.255677775953593
SI,F,2020,1516.8,62.41,75.89,283.3,2451.5,799.3,7319.3,11.556190087701408,False,61.87232306750968,24303.79746835443,33.49364010219556,3733.0346554223215,32303.33377256556,73.78,2.859853618866892,10.920443211782546
SI,G,2013,2317.3,100.75,115.76,359.9,3715.8,837.0,7285.8,9.685666612842455,False,62.363421066795844,23000.496277915634,51.00057646380631,3109.018659295093,32099.17069799585,117.95,-1.8567189487070812,11.488100139998354
SI,G,2014,2323.0,100.6,115.2,368.1,3766.6,886.1,7257.2,9.772739340519301,False,61.673657940848514,23091.451292246522,51.90155983023755,3195.3125,32696.18055555556,115.76,-0.4837595024188013,12.209943228793476
SI,G,2015,2420.1,101.3,115.98,442.8,3940.8,955.1,7554.4,11.236297198538367,False,61.41138855054811,23890.424481737413,52.165625330932976,3817.899637868598,33978.27211588205,115.2,0.6770833333333393,12.642963041406333
SI,G,2016,2544.8,103.24,117.56,504.5,4125.5,1009.5,7855.2,12.228820749000121,False,61.68464428554115,24649.36071290198,52.51935023933191,4291.425654984689,35092.71861177271,115.98,1.362303845490609,12.851359608921479
SI,G,2017,2688.7,106.18,120.41,547.4,4426.4,1161.2,8438.7,12.3667088378818,False,60.74236399783119,25322.094556413635,52.45357697275645,4546.134042023087,36761.066356614894,117.56,2.424293977543379,13.760413333807339
SI,G,2018,2889.8,108.93,123.02,581.0,4794.9,1311.1,9031.1,12.117041022753343,False,60.26820163089951,26528.963554576334,53.09320016387815,4722.809299300927,38976.58917249228,120.41,2.167594053650035,14.517611365171462
SI,G,2019,3078.7,111.45,125.48,591.9,5008.3,1314.1,9458.2,11.818381486732024,False,61.47195655212347,27624.04665769403,52.95193588632087,4717.086388269046,39913.133567102326,123.02,1.9996748496179606,13.893764141168507
SI,G,2020,3130.1,111.4,125.04,587.6,4887.1,1339.1,9146.6,12.023490413537681,False,64.04820854903726,28097.845601436264,53.43078302319988,4699.296225207933,39084.29302623161,125.48,-0.35065349059610895,14.64041283099731
SI,H,2013,1001.7,41.28,47.37,394.2,1846.5,317.3,4790.9,21.348497156783104,False,54.24857839155158,24265.988372093023,38.541818864931436,8321.722609246359,38980.367321089296,48.41,-2.1483164635405894,6.62297271911332
SI,H,2014,1037.3,41.68,47.48,462.8,1967.6,395.5,5011.5,23.521040861963815,False,52.7190485871112,24887.236084452976,39.26169809438292,9747.262005054761,41440.60657118787,47.37,0.23221448173949,7.891848747879876
SI,H,2015,1097.2,42.96,48.69,515.5,2125.0,492.4,5311.5,24.258823529411767,False,51.632941176470595,25540.037243947856,40.00753082933258,10587.389607722325,43643.45861573218,47.48,2.548441449031169,9.270450908406287
SI,H,2016,1171.5,44.94,50.48,625.3,2260.8,542.7,5490.3,27.658351026185418,False,51.817940552016985,26068.09078771696,41.17807770067209,12387.083993660855,44786.053882725835,48.69,3.6763195728075626,9.884705753783948
SI,H,2017,1264.5,47.74,53.17,690.3,2452.9,626.8,5997.7,28.142199029719922,False,51.551225080516936,26487.22245496439,40.89734398185972,12982.885085574571,46133.15779574948,50.48,5.32884310618067,10.450672757890525
SI,H,2018,1383.8,50.21,55.56,763.2,2595.5,630.0,6515.3,29.404738971296478,False,53.31535349643614,27560.246962756424,39.83699906374227,13736.501079913607,46715.26277897768,53.17,4.495015986458539,9.669547066136632
SI,H,2019,1508.3,53.0,58.29,652.4,2690.0,561.2,6754.4,24.25278810408922,False,56.07063197026022,28458.490566037734,39.82589127087529,11192.314290615886,46148.56750729113,55.56,4.913606911447088,8.308658059931306
SI,H,2020,1483.6,52.0,57.22,621.5,2439.8,427.1,6180.1,25.473399458972047,False,60.80826297237477,28530.76923076923,39.478325593437006,10861.58685774205,42638.93743446348,58.29,-1.8356493395093487,6.910891409524118
SI,I,2013,463.6,26.39,34.45,88.2,696.0,78.0,1517.0,12.672413793103448,False,66.60919540229885,17567.260325881016,45.88002636783124,2560.232220609579,20203.19303338171,33.67,2.316602316602312,5.1417270929466055
SI,I,2014,469.9,26.44,34.57,88.5,714.2,88.6,1566.8,12.391486978437412,False,65.79389526743209,17772.314674735248,45.58335460811846,2560.0231414521263,20659.531385594448,34.45,0.34833091436863306,5.65483788613735
SI,I,2015,486.9,27.54,35.91,91.6,736.9,91.8,1632.3,12.430451893065545,False,66.07409417831455,17679.738562091505,45.1448875819396,2550.8214981899196,20520.746310219994,34.57,3.8761932311252467,5.623966182687006
SI,I,2016,530.9,29.02,37.51,120.4,816.1,125.4,1770.4,14.753093983580442,False,65.05330229138585,18294.279807029634,46.09692724807953,3209.810717142096,21756.864836043726,35.91,4.455583402951824,7.083145051965658
SI,I,2017,583.2,30.22,39.17,133.7,886.4,143.0,1932.7,15.083483754512633,False,65.7942238267148,19298.477829252155,45.86330004656698,3413.326525402093,22629.56344140924,37.51,4.425486536923495,7.398975526465566
SI,I,2018,642.3,31.9,41.56,157.2,976.7,170.7,2096.5,16.095013822053854,False,65.76226067369714,20134.79623824451,46.587169091342716,3782.4831568816167,23500.962463907603,39.17,6.101608373755418,8.142141664679228
SI,I,2019,706.4,32.95,43.22,149.0,1068.3,196.7,2261.2,13.947393054385474,False,66.12374801085838,21438.54324734446,47.24482575623563,3447.4780194354466,24717.72327626099,41.56,3.99422521655437,8.698920926941447
SI,I,2020,620.5,31.36,41.43,214.3,628.0,0.2,1475.1,34.12420382165605,False,98.80573248407643,19786.352040816324,42.57338485526405,5172.580255853247,15158.097996620807,43.22,-4.141601110596948,0.013558402820147789
SI,J,2013,720.6,21.91,26.18,279.4,1297.8,262.3,2823.0,21.528740946216672,False,55.52473416551087,32889.091738931995,45.972369819341125,10672.268907563024,49572.19251336898,25.59,2.305588120359525,9.291533829259652
SI,J,2014,753.0,22.02,26.87,313.5,1365.5,297.1,2912.6,22.958623214939582,False,55.144635664591725,34196.185286103544,46.88251047174346,11667.286937104578,50818.756978042424,26.18,2.6355996944232185,10.200508137059673
SI,J,2015,731.2,22.31,27.62,332.9,1328.0,278.2,2934.3,25.06777108433735,False,55.06024096385542,32774.540564769166,45.25781276624748,12052.860246198406,48081.10065170166,26.87,2.7912169705991863,9.480966499676242
SI,J,2016,745.8,23.04,28.76,363.1,1356.2,284.0,2972.8,26.773337265889985,False,54.991889101902366,32369.791666666664,45.62029063509149,12625.173852573018,47155.771905424204,27.62,4.127443881245485,9.553283100107642
SI,J,2017,793.5,23.64,29.7,404.4,1453.9,319.3,3210.9,27.814842836508696,False,54.57734369626521,33565.98984771573,45.280139524743845,13616.161616161617,48952.86195286196,28.76,3.2684283727399066,9.944252390295556
SI,J,2018,859.1,24.57,31.13,387.2,1509.5,301.1,3322.5,25.65087777409738,False,56.91288506127857,34965.40496540497,45.4326561324304,12438.16254416961,48490.20237712817,29.7,4.814814814814805,9.06245297215952
SI,J,2019,1002.2,25.51,32.17,437.9,1721.2,343.9,3563.7,25.44155240529863,False,58.22681849872182,39286.55429243434,48.2981171254595,13612.060926328877,53503.263910475594,31.13,3.3408287825249072,9.650082779134046
SI,J,2020,1064.8,26.38,33.36,480.7,1795.9,400.5,3542.6,26.766523748538333,False,59.29060638120161,40363.912054586806,50.69440523908993,14409.47242206235,53833.93285371703,32.17,3.6990985390114917,11.305256026647095
SI,L,2013,109.3,4.58,5.35,870.4,2498.5,965.2,2907.9,34.83690214128477,False,4.374624774864919,23864.628820960697,85.92111145500189,162691.58878504674,467009.3457943926,5.3,0.943396226415083,33.19233811341518
SI,L,2014,119.1,4.61,5.4,837.1,2524.9,954.2,2935.5,33.153788268842334,False,4.7170184957820105,25835.1409978308,86.01260432634986,155018.5185185185,467574.0740740741,5.35,0.9345794392523477,32.505535683869866
SI,L,2015,115.6,4.63,5.46,841.2,2600.8,991.8,3044.4,32.343894186404185,False,4.44478621962473,24967.602591792656,85.42898436473524,154065.93406593407,476336.9963369964,5.4,1.1111111111111072,32.57784785179346
SI,L,2016,124.2,4.76,5.71,887.8,2679.3,1027.0,3193.1,33.13552047176501,False,4.635539133355727,26092.436974789918,83.90905389746642,155481.6112084063,469229.42206654995,5.46,4.578754578754585,32.163101688014784
SI,L,2017,130.4,5.05,6.16,1039.1,2766.0,1063.4,3301.1,37.566883586406355,False,4.714389009399856,25821.78217821782,83.7902517342704,168685.06493506493,449025.974025974,5.71,7.8809106830122655,32.2135045893793
SI,L,2018,141.2,5.26,6.54,1125.8,2900.0,1119.8,3488.6,38.820689655172416,False,4.868965517241379,26844.106463878325,83.1279023103824,172140.6727828746,443425.0764525994,6.16,6.168831168831157,32.098836209367654
SI,L,2019,157.9,5.37,6.84,1340.9,3016.4,1184.7,3628.4,44.45365336162313,False,5.234716881050259,29404.096834264434,83.13306140447581,196038.01169590646,440994.15204678365,6.54,4.587155963302747,32.65075515378679
SI,L,2020,160.1,5.51,7.1,1258.7,3058.4,1186.4,3671.2,41.15550614700497,False,5.234763274914988,29056.261343012702,83.30791022009153,177281.69014084508,430760.56338028173,6.84,3.801169590643272,32.316408803660934
SI,M,2013,1197.6,46.64,73.75,398.4,2149.1,640.0,4053.8,18.537992648085243,False,55.72565259876227,25677.530017152654,53.01445557254921,5402.033898305085,29140.338983050846,70.61,4.44696218665912,15.787656026444324
SI,M,2014,1213.8,45.35,72.26,355.1,2250.6,701.8,4422.0,15.778014751621791,False,53.932284724073575,26765.159867695696,50.8955223880597,4914.198726819817,31145.862164406306,73.75,-2.02033898305084,15.870646766169152
SI,M,2015,1265.2,45.55,73.14,371.4,2303.0,669.3,4503.8,16.126791141988708,False,54.93703864524534,27776.070252469814,51.134597451041344,5077.9327317473335,31487.558107738583,72.26,1.2178245225574313,14.860784226653049
SI,M,2016,1307.3,45.69,73.85,350.7,2332.1,644.9,4506.9,15.037948629990138,False,56.056772865657564,28612.387831035237,51.745101954780445,4748.815165876777,31578.876100203113,73.14,0.9707410445720432,14.30917038319022
SI,M,2017,1395.9,46.87,75.94,430.3,2523.7,744.2,4901.8,17.050362562903675,False,55.31164559971471,29782.376786857265,51.4851687135338,5666.315512246511,33232.8153805636,73.85,2.8300609343263394,15.182177975437593
SI,M,2018,1501.8,48.06,78.54,452.3,2723.2,824.8,5334.4,16.609136310223267,False,55.14835487661575,31248.43945068664,51.049790041991606,5758.848994143112,34672.77820218996,75.94,3.423755596523592,15.461907618476307
SI,M,2019,1640.9,49.47,80.56,557.4,2910.2,848.1,5792.6,19.153322795684147,False,56.384440931894716,33169.59773600162,50.239961329972715,6919.066534260178,36124.62760675272,78.54,2.571937866055518,14.641093809342953
SI,M,2020,1678.5,49.71,81.11,484.5,2837.1,830.1,5582.5,17.07729724013958,False,59.162525113672416,33765.84188292094,50.82131661442006,5973.369498212304,34978.42436197756,80.56,0.6827209533267098,14.869682042095835
SI,N,2013,649.2,36.55,41.1,38.3,804.2,63.0,1427.4,4.762496891320566,False,80.7261875155434,17761.969904240766,56.34019896314978,931.8734793187347,19566.909975669103,44.33,-7.286262124971799,4.413619167717528
SI,N,2014,742.7,41.42,46.27,50.5,915.3,75.0,1598.2,5.517316726756255,False,81.14279471211626,17930.951231289233,57.27067951445376,1091.4199265182622,19781.716014696347,41.1,12.579075425790753,4.692779376798899
SI,N,2015,824.1,43.19,48.49,63.3,982.6,63.4,1695.2,6.442092407897415,False,83.86932627722369,19080.805742069922,57.9636621047664,1305.4237987213858,20263.97195298,46.27,4.797925221525823,3.7399716847569606
SI,N,2016,889.4,45.19,50.65,69.2,1058.0,72.6,1817.3,6.5406427221172025,False,84.06427221172022,19681.345430404956,58.21823584438452,1366.2388943731492,20888.450148075026,48.49,4.454526706537432,3.9949375447091837
SI,N,2017,994.0,49.16,54.94,93.3,1194.6,104.3,2073.4,7.8101456554495226,False,83.20776829064123,20219.690805532955,57.61551075528117,1698.2162358937023,21743.72042227885,50.65,8.469891411648579,5.030384875084402
SI,N,2018,1049.9,49.8,55.84,95.6,1289.9,137.9,2238.9,7.411427242421892,False,81.39390650438018,21082.32931726908,57.61311358256287,1712.0343839541545,23099.92836676218,54.94,1.638150709865327,6.159274643798294
SI,N,2019,1066.3,48.04,54.33,98.2,1280.7,109.0,2255.2,7.667681736550323,False,83.2591551495276,22196.086594504577,56.788754877616185,1807.4728510951595,23572.61181667587,55.84,-2.704154727793706,4.833274210713019
SI,N,2020,958.0,42.06,48.45,89.5,1061.3,90.3,1593.2,8.433053801941016,False,90.26665410345802,22776.985259153586,66.61436103439617,1847.2652218782248,21905.05675954592,54.33,-10.822749861954717,5.667838312829525
SK,B,2013,96.4,6.35,6.39,18.5,168.0,27.3,336.0,11.011904761904761,False,57.38095238095239,15181.102362204725,50.0,2895.148669796557,26291.079812206575,6.66,-4.054054054054057,8.125
SK,B,2014,98.0,6.25,6.29,15.0,150.3,5.9,333.0,9.98003992015968,False,65.20292747837657,15680.0,45.135135135135144,2384.737678855326,23895.07154213037,6.39,-1.5649452269170472,1.771771771771772
SK,B,2015,98.6,6.02,6.07,30.3,166.4,23.6,364.6,18.209134615384613,False,59.254807692307686,16378.737541528239,45.63905650027427,4991.762767710049,27413.50906095552,6.29,-3.497615262321141,6.472846955567746
SK,B,2016,99.3,5.81,5.86,32.2,174.6,30.9,345.2,18.442153493699887,False,56.87285223367697,17091.22203098107,50.57937427578215,5494.8805460750855,29795.22184300341,6.07,-3.4596375617792385,8.951332560834299
SK,B,2017,97.5,5.55,5.59,15.8,171.6,29.4,358.8,9.207459207459207,False,56.81818181818182,17567.56756756757,47.826086956521735,2826.475849731664,30697.674418604653,5.86,-4.607508532423221,8.193979933110366
SK,B,2018,115.1,6.07,6.11,29.9,186.0,25.8,430.6,16.0752688172043,False,61.88172043010752,18962.108731466225,43.19554110543427,4893.617021276596,30441.89852700491,5.59,9.302325581395365,5.99163957268927
SK,B,2019,113.0,5.8,5.85,36.0,171.9,9.3,410.8,20.94240837696335,False,65.73589296102385,19482.758620689656,41.84518013631938,6153.846153846154,29384.615384615387,6.11,-4.255319148936176,2.263875365141188
SK,B,2020,107.7,5.29,5.35,16.9,161.8,9.3,360.1,10.444993819530282,False,66.56365883807169,20359.168241965974,44.93196334351569,3158.878504672897,30242.990654205612,5.85,-8.54700854700855,2.582615940016662
SK,C,2013,6147.4,417.44,468.73,3553.3,12441.4,2908.7,62225.2,28.560290642532195,False,49.41083800858424,14726.427750095821,19.99415027995089,7580.696776395793,26542.785825528554,476.23,-1.5748692858492785,4.674472721662607
SK,C,2014,6523.6,427.93,477.89,3503.4,14190.2,4246.6,65233.3,24.688869783371622,False,45.97257262054094,15244.549342182132,21.753000384772808,7330.9757475569695,29693.44409801419,468.73,1.954216713246426,6.509865360176474
SK,C,2015,7032.5,439.41,489.54,4082.4,15133.9,4703.0,69051.8,26.97520136911173,False,46.468524306358574,16004.415011037527,21.916734972875435,8339.257261919352,30914.532009641705,477.89,2.4377994936073177,6.810828971873289
SK,C,2016,7502.2,457.21,507.6,4042.1,14502.1,3555.5,69057.7,27.872515015066785,False,51.73181815047475,16408.652479167125,20.99997538290444,7963.159968479116,28569.93695823483,489.54,3.689177595293547,5.148593132988791
SK,C,2017,8387.5,476.31,526.84,4703.7,14545.1,2596.7,71375.5,32.33872575644031,False,57.66546809578483,17609.330058155403,20.378281062829686,8928.137574975324,27608.19224052843,507.6,3.7903861308116626,3.638083095740135
SK,C,2018,9297.7,485.97,536.04,4493.5,16346.3,3361.0,79552.2,27.489401271235693,False,56.87953848883234,19132.250961993537,20.547891824487568,8382.769942541601,30494.552645324977,526.84,1.7462607243185602,4.2248988714328455
SK,C,2019,9752.2,486.03,537.41,4537.2,17682.3,4061.6,80988.4,25.659557862947697,False,55.15232746871166,20065.016562763616,21.833126719382033,8442.715989654082,32902.81163357586,536.04,0.25557794194464023,5.015039190797695
SK,C,2020,9419.5,464.77,514.96,3344.3,16544.4,3345.7,72221.6,20.214090568409855,False,56.934672759362684,20267.01379176797,22.907828128980803,6494.290818704365,32127.543886903837,537.41,-4.177443664985747,4.632547603487045
SK,D,2013,477.4,17.94,17.97,1065.3,2270.1,88.4,12219.0,46.92744813003832,False,21.02991057662658,26610.92530657748,18.578443407807512,59282.13689482471,126327.21202003339,18.39,-2.2838499184339445,0.7234634585481627
SK,D,2014,501.9,18.26,18.29,1409.1,2400.7,165.9,10355.3,58.69538051401675,False,20.906402299329365,27486.308871851037,23.18329744188966,77042.09950792784,131257.51776927282,17.97,1.7807456872565464,1.6020781628731182
SK,D,2015,498.7,17.84,17.87,1316.0,2128.9,-109.3,10238.6,61.81596129456527,False,23.425243083282446,27954.03587443946,20.792881839313967,73642.9770565193,119132.62451035254,18.29,-2.296336796063414,-1.0675287636981616
SK,D,2016,501.6,17.42,17.45,1092.4,2145.7,-69.1,9891.3,50.91112457473087,False,23.376986531201943,28794.48909299655,21.692800744088238,62601.719197707745,122962.75071633238,17.87,-2.350307778399563,-0.6985937136675664
SK,D,2017,499.5,17.22,17.24,976.8,1957.6,-281.5,10391.5,49.89783408255006,False,25.51593788312219,29006.968641114985,18.838473752586246,56658.93271461717,113549.88399071926,17.45,-1.2034383954154793,-2.7089448106625604
SK,D,2018,540.8,17.49,17.52,874.0,1808.2,-533.3,10455.4,48.33536113261807,False,29.90819599601814,30920.526014865638,17.29441245672093,49885.84474885844,103207.76255707763,17.24,1.6241299303944468,-5.100713506895958
SK,D,2019,561.2,17.59,17.62,1181.5,2612.4,194.5,10800.3,45.226611544939516,False,21.48216199663145,31904.491188175103,24.188216993972393,67054.48354143019,148263.3371169126,17.52,0.5707762557077611,1.8008759015953262
SK,D,2020,588.0,17.51,17.54,998.0,2770.0,275.0,10590.9,36.02888086642599,False,21.227436823104693,33580.81096516276,26.15452888800763,56898.51767388826,157924.74344355759,17.62,-0.4540295119182858,2.59656875241953
SK,E,2013,340.8,23.07,23.51,498.5,843.6,4.3,1320.8,59.09198672356567,False,40.39829302987198,14772.431729518856,63.87038158691703,21203.74308804764,35882.60314759677,22.65,3.7969094922737368,0.32556026650514835
SK,E,2014,325.9,22.42,22.85,462.6,709.5,-151.0,1357.8,65.20084566596195,False,45.9337561663143,14536.128456735056,52.25364560318162,20245.07658643326,31050.328227571114,23.51,-2.807316035729479,-11.120930917660923
SK,E,2015,331.4,22.3,22.75,734.1,760.1,-72.1,1312.0,96.57939744770425,False,43.59952637810814,14860.9865470852,57.9344512195122,32268.131868131866,33410.98901098901,22.85,-0.4376367614879695,-5.495426829268292
SK,E,2016,354.2,22.97,23.39,509.4,718.6,-129.1,1283.2,70.88783746173114,False,49.29028666852212,15420.113191118851,56.00062344139651,21778.537836682342,30722.5309961522,22.75,2.8131868131868076,-10.0607855361596
SK,E,2017,380.0,23.72,24.12,302.5,756.6,-115.4,1399.8,39.98149616706318,False,50.22468939994713,16020.236087689715,54.05057865409345,12541.45936981758,31368.1592039801,23.39,3.120991876870449,-8.24403486212316
SK,E,2018,410.0,24.05,24.45,307.5,810.7,-119.4,1550.4,37.93018379178488,False,50.5735783890465,17047.817047817047,52.289731682146545,12576.687116564419,33157.46421267894,24.12,1.3681592039801016,-7.701238390092879
SK,E,2019,439.3,24.43,24.84,340.1,857.8,-135.8,1610.2,39.64793658195384,False,51.212403823735144,17981.989357347524,53.27288535585642,13691.626409017716,34533.01127214171,24.45,1.5950920245398903,-8.433734939759036
SK,E,2020,447.4,24.17,24.57,346.4,845.2,-84.2,1563.1,40.98438239469947,False,52.93421675343114,18510.550268928422,54.07203633804619,14098.494098494097,34399.674399674404,24.84,-1.0869565217391242,-5.38673149510588
SK,F,2013,1378.0,91.18,167.6,515.9,5144.2,3531.2,9834.4,10.028770265541775,False,26.78744994362583,15112.963369159903,52.30822419262995,3078.1622911694512,30693.317422434367,172.64,-2.919369786839665,35.90661351988937
SK,F,2014,1336.3,90.46,164.29,524.7,5437.6,3839.6,11005.6,9.649477710754745,False,24.57518022657054,14772.275038691134,49.407574325797775,3193.7427719276893,33097.57136770345,167.6,-1.974940334128883,34.88769353783528
SK,F,2015,1383.9,89.45,162.38,648.4,5869.0,4216.4,13350.1,11.047878684614073,False,23.579826205486455,15471.212968138625,43.96221751147931,3993.102598842222,36143.61374553516,164.29,-1.16257836752085,31.583284020344415
SK,F,2016,1434.3,91.42,164.94,705.8,5860.3,4171.1,12678.0,12.043752026346773,False,24.47485623602887,15689.127105666155,46.224167849818585,4279.131805505032,35529.88965684491,162.38,1.5765488360635516,32.9002997318189
SK,F,2017,1506.3,95.41,169.34,502.5,6423.2,4636.2,13915.3,7.823203387719517,False,23.45092788641176,15787.653285819097,46.15926354444389,2967.4028581551906,37930.79012637297,164.94,2.667636716381727,33.31728385302509
SK,F,2018,1616.9,98.5,173.18,626.3,6661.3,4758.1,15177.4,9.402068665275545,False,24.273039797036617,16415.22842639594,43.88959900905294,3616.4684143665545,38464.603302921816,169.34,2.2676272587693447,31.34990182771753
SK,F,2019,1744.9,103.02,182.53,626.0,6233.2,4174.3,15485.3,10.042995572097798,False,27.993646922928832,16937.4878664337,40.25236837516871,3429.57322084041,34148.907028981535,173.18,5.399006813719831,26.95653296997798
SK,F,2020,1717.0,101.77,181.83,1061.9,6595.4,4503.1,15501.3,16.100615580556145,False,26.03329593352943,16871.376633585536,42.54739925038545,5840.070395424297,36272.34229775064,182.53,-0.38349860296936766,29.049821627863476
SK,G,2013,4157.9,291.88,369.71,875.9,7850.2,2954.1,14223.0,11.157677511400983,False,52.96552954064864,14245.237768946141,55.19370034451241,2369.1542019420626,21233.399150685673,383.16,-3.5102829105334687,20.769879772199957
SK,G,2014,4407.4,299.4,373.69,1197.7,7724.2,2535.2,13877.3,15.505812899717771,False,57.05963077082416,14720.774883099532,55.66068327412393,3205.063020150392,20670.07412561214,369.71,1.076519434151102,18.268683389420133
SK,G,2015,4638.1,304.85,375.56,1316.2,7605.8,2174.8,14026.8,17.30521444161035,False,60.98109337610771,15214.367721830407,54.22334388456383,3504.6330812653105,20251.890510171477,373.69,0.50041478230618,15.504605469529759
SK,G,2016,4645.2,312.88,381.12,1459.7,7200.1,1741.1,16245.7,20.27332953708976,False,64.51577061429703,14846.586550754282,44.32003545553593,3830.0272879932827,18891.950041981527,375.56,1.4804558525934652,10.717297500261607
SK,G,2017,5089.2,318.98,385.03,1469.4,7756.5,1778.7,16959.4,18.944111390446725,False,65.61206729839489,15954.605304407798,45.73569819687017,3816.326000571384,20145.183492195414,381.12,1.0259235936187938,10.48798896187365
SK,G,2018,5479.1,322.09,386.84,1509.7,7744.6,1351.6,17362.8,19.49358262531312,False,70.7473594504558,17011.083858548853,44.60455686870782,3902.64708923586,20020.163375038777,385.03,0.4700932394878343,7.784458727854954
SK,G,2019,5824.1,321.49,384.19,1523.6,9134.0,2329.4,18650.6,16.68053426757171,False,63.76286402452376,18115.96006096613,48.97429573311315,3965.746115203415,23774.694812462585,386.84,-0.6850377417019882,12.489678616237548
SK,G,2020,5859.3,316.94,376.3,1197.2,9914.5,3015.6,19068.1,12.075243330475567,False,59.09829038277271,18487.095349277468,51.995217142767245,3181.504119053946,26347.329258570287,384.19,-2.0536713605247336,15.814895034114567
SK,H,2013,1747.8,122.96,135.72,1411.1,3729.0,1307.7,8606.4,37.84124430142129,False,46.87047465808528,14214.37865972674,43.328220858895705,10397.141173003241,27475.685234305925,131.34,3.3348560986751874,15.194506413831569
SK,H,2014,1797.4,124.63,134.69,1749.5,4767.1,1566.8,10145.0,36.699460888171004,False,37.704264647269824,14421.88879082083,46.98965007392805,12989.08604944688,35393.12495359715,135.72,-0.758915414087824,15.444061113849186
SK,H,2015,1936.1,128.34,137.59,2267.0,5079.4,1547.1,10741.1,44.63125566011734,False,38.116706697641455,15085.709833255414,47.289383768887724,16476.488116868957,36916.927102260335,134.69,2.1530922859900548,14.403552708754223
SK,H,2016,1992.5,129.1,138.41,1575.8,4689.9,1269.0,10625.2,33.59986353653596,False,42.48491439049874,15433.772269558483,44.13940443474005,11385.015533559714,33884.112419622856,137.59,0.5959735445890013,11.943304596619358
SK,H,2017,2162.9,131.91,141.06,1343.0,4979.9,1371.9,11303.6,26.968413020341774,False,43.432599048173664,16396.78568721098,44.05587600410488,9520.771302991636,35303.416985679854,138.41,1.9146015461310562,12.136841360274603
SK,H,2018,2402.6,138.54,147.59,1517.6,5188.2,1206.9,12110.1,29.25099263713812,False,46.30893180679234,17342.283816948177,42.84192533505091,10282.539467443594,35152.78812927705,141.06,4.629235786190278,9.966061386776328
SK,H,2019,2543.7,140.21,149.03,1501.6,5561.2,1360.4,12311.0,27.00136661152269,False,45.7401280299216,18142.072605377645,45.17260986109983,10075.823659665839,37315.976648996846,147.59,0.9756758587980308,11.050280237186257
SK,H,2020,2531.5,137.08,145.5,1303.4,5507.2,1405.5,11942.5,23.667199302730975,False,45.96709761766415,18467.318354245694,46.114297676365915,8958.07560137457,37850.17182130584,149.03,-2.368650607260281,11.768892610424952
SK,I,2013,536.6,73.1,84.02,428.8,1023.7,400.2,1665.9,41.887271661619614,False,52.41770049819283,7340.629274965801,61.450267122876525,5103.546774577482,12184.003808616997,80.11,4.88078891524153,24.023050603277504
SK,I,2014,551.5,78.36,88.84,217.5,944.1,291.1,1645.2,23.03781379091198,False,58.415422095117044,7038.0296069423175,57.38512035010941,2448.22152183701,10626.969833408375,84.02,5.736729350154723,17.693897398492588
SK,I,2015,601.5,77.55,87.95,207.8,1005.7,297.6,1760.6,20.662225315700507,False,59.80908819727553,7756.286266924565,57.12257185050551,2362.706083001706,11434.906196702672,88.84,-1.0018009905447989,16.90332841076906
SK,I,2016,628.2,78.68,88.94,168.2,1042.1,305.0,1920.3,16.14048555800787,False,60.282122636983026,7984.239959328927,54.267562360047904,1891.1625815156283,11716.887789521024,87.95,1.1256395679363207,15.882934958079467
SK,I,2017,678.0,83.55,93.58,234.3,1078.1,280.9,1987.6,21.732677859196738,False,62.88841480382155,8114.901256732496,54.241296035419595,2503.7401154092754,11520.624064971147,88.94,5.217000224870705,14.132622257999596
SK,I,2018,756.1,86.54,96.33,239.7,1199.4,315.0,2161.2,19.984992496248122,False,63.03985325996331,8737.000231107002,55.496946141032765,2488.3213952039864,12450.949859856744,93.58,2.9386621072878816,14.575235980011106
SK,I,2019,841.4,90.78,100.37,185.3,1337.7,353.3,2438.4,13.852134260297527,False,62.899005756148604,9268.56135712712,54.85974409448819,1846.169174055993,13327.687556042642,96.33,4.193916744524029,14.489009186351707
SK,I,2020,774.0,85.89,94.75,137.1,1219.4,316.0,2060.3,11.243234377562734,False,63.47383959324257,9011.526370939575,59.18555550162598,1446.9656992084433,12869.656992084434,100.37,-5.599282654179538,15.337572198223558
SK,J,2013,1184.2,48.16,57.34,687.2,3468.4,1159.6,5804.0,19.81317033790797,False,34.1425441125591,24588.870431893687,59.75878704341834,11984.652947331706,60488.315312173,55.06,4.140937159462399,19.979324603721572
SK,J,2014,1231.7,50.35,59.42,658.6,3362.8,1060.7,5862.6,19.584869751397644,False,36.62721541572499,24462.76067527309,57.36021560399822,11083.810164927634,56593.73948165601,57.34,3.627485176142309,18.092655135946508
SK,J,2015,1334.9,51.9,61.07,755.7,3577.0,1216.3,6456.9,21.126642437797038,False,37.31898238747554,25720.616570327555,55.398101256020695,12374.324545603407,58572.13034223022,59.42,2.776842813867386,18.83721290402515
SK,J,2016,1419.5,55.06,64.39,797.3,3933.6,1460.9,7013.9,20.26896481594468,False,36.0865365059996,25780.96621867054,56.08292105675873,12382.357508929957,61090.23140239167,61.07,5.436384476829859,20.82864027146096
SK,J,2017,1561.9,57.8,67.25,970.0,4093.0,1465.9,7392.5,23.69899828976301,False,38.1602736379184,27022.491349480973,55.366925938451125,14423.791821561337,60862.45353159851,64.39,4.4416834912253345,19.829556983429153
SK,J,2018,1690.1,61.4,71.23,737.2,4105.4,1398.1,7578.9,17.956837336191363,False,41.16773030642569,27526.058631921824,54.16881077728958,10349.571809630774,57635.827600730016,67.25,5.9182156133829045,18.447268073203237
SK,J,2019,1828.1,62.73,73.24,1025.7,4240.2,1374.5,8021.2,24.18989670298571,False,43.11353238054809,29142.356129443648,52.86241460130654,14004.642271982524,57894.59311851447,71.23,2.821844728344791,17.13584002393657
SK,J,2020,1957.7,64.11,75.09,997.3,4199.0,1152.0,7838.5,23.750893069778517,False,46.623005477494644,30536.57775698019,53.568922625502324,13281.39565854308,55919.56319083766,73.24,2.5259421081376354,14.696689417618167
SK,L,2013,288.9,21.17,23.07,2938.3,8145.2,5070.4,10116.4,36.0740067769975,False,3.5468742326769136,13646.669815777042,80.5148076390811,127364.54269614218,353064.5860424794,24.89,-7.312173563680191,50.120596259538964
SK,L,2014,280.4,20.88,22.75,2635.6,6108.0,3027.9,8717.5,43.14996725605763,False,4.590700720366732,13429.11877394636,70.06595927731574,115850.54945054946,268483.5164835165,23.07,-1.387082791504124,34.73358187553771
SK,L,2015,289.7,21.03,22.86,2674.3,6334.2,3186.0,9112.3,42.220011998358125,False,4.573584667361309,13775.55872563005,69.51263676569035,116986.0017497813,277086.6141732283,22.75,0.48351648351647736,34.96373034250409
SK,L,2016,340.7,23.78,25.58,3337.2,7302.2,3979.2,10228.7,45.70129549998631,False,4.665717181123497,14327.165685449958,71.38932611182261,130461.29788897577,285465.2071931196,22.86,11.898512685914264,38.90230430064426
SK,L,2017,376.0,25.88,27.63,3124.3,7615.0,4039.1,10481.1,41.02823374917926,False,4.937623112278398,14528.593508500773,72.65458778181679,113076.36626854869,275606.2251176258,25.58,8.014073494917916,38.536985621738175
SK,L,2018,423.2,27.56,29.28,4085.6,8090.0,4338.2,11310.7,50.5018541409147,False,5.23114956736712,15355.587808417997,71.52519295887963,139535.51912568303,276297.81420765026,27.63,5.9717698154180265,38.354832150087965
SK,L,2019,428.4,27.11,28.8,4123.2,8147.1,4105.1,11501.8,50.60941930257392,False,5.258312773870457,15802.286978974547,70.8332608809056,143166.66666666666,282885.4166666667,29.28,-1.6393442622950838,35.690935331861105
SK,L,2020,433.5,26.8,28.41,4500.9,8833.1,4423.0,11974.7,50.954930884966764,False,4.907676806557154,16175.373134328356,73.7646872155461,158426.61034846885,310915.17071453715,28.8,-1.3541666666666674,36.936207170116994
SK,M,2013,1638.1,87.39,123.88,443.9,3984.7,2126.8,6377.4,11.140110924285391,False,41.10974477375963,18744.707632452224,62.48157556370935,3583.306425573135,32165.805618340328,124.22,-0.27370793753018763,33.349013704644534
SK,M,2014,1523.6,85.78,121.91,651.6,4545.9,2802.1,7816.4,14.33379528806177,False,33.515915440286854,17761.716017719744,58.158487283148254,5344.926585185794,37288.983676482654,123.88,-1.5902486277042271,35.848984187093805
SK,M,2015,1641.7,92.07,128.2,810.4,5053.3,3152.6,9085.9,16.03704509924208,False,32.48768131715909,17830.9981535788,55.616944936660104,6321.372854914197,39417.31669266771,121.91,5.159543925846921,34.69771844286202
SK,M,2016,1710.8,95.25,131.58,653.9,5628.5,3589.1,9628.3,11.617660122590388,False,30.395309585147018,17961.154855643046,58.457879376421594,4969.600243198053,42776.25778993767,128.2,2.63650546021843,37.27657011102687
SK,M,2017,1862.1,98.36,135.25,693.6,5630.6,3391.3,10026.6,12.318403012112386,False,33.07107590665293,18931.4762098414,56.15662338180441,5128.280961182994,41631.05360443623,131.58,2.7891776865784923,33.82303073823629
SK,M,2018,1973.6,104.67,142.16,637.3,5851.1,3515.6,10642.8,10.891969031464168,False,33.73040966655842,18855.450463361038,54.97707370240915,4482.97692740574,41158.553742262244,135.25,5.109057301293896,33.03266057804337
SK,M,2019,2063.3,106.67,145.64,1031.1,5088.8,2609.1,10006.9,20.2621443169313,False,40.545904731960384,19342.833036467615,50.85291149107116,7079.785773139247,34940.950288382315,142.16,2.4479459763646627,26.073009623359884
SK,M,2020,2149.1,108.85,147.49,808.9,4808.7,2200.9,9600.9,16.821594193856967,False,44.691912575124256,19743.683968764355,50.08592944411462,5484.43962302529,32603.566343480914,145.64,1.270255424333988,22.923892551739943
SK,N,2013,781.4,77.94,87.84,86.1,2459.3,1543.3,3785.9,3.50099621843614,False,31.773268816329846,10025.660764690787,64.95945481919755,980.191256830601,27997.49544626594,91.55,-4.052430365920257,40.76441533056869
SK,N,2014,835.1,80.38,90.29,398.5,2364.4,1390.6,4737.2,16.854170191169008,False,35.319742852309254,10389.40034834536,49.91134003208647,4413.556318529183,26186.731642485323,87.84,2.7891621129326083,29.35489318584818
SK,N,2015,926.7,92.48,102.93,504.2,2759.2,1671.6,5275.2,18.273412583357494,False,33.585821977384754,10020.54498269896,52.30512587200485,4898.474691537938,26806.56757019333,90.29,13.999335474581898,31.687898089171973
SK,N,2016,1029.7,99.59,110.3,373.5,2441.1,1222.1,5476.0,15.300479292122404,False,42.18180328540412,10339.391505171201,44.578159240321405,3386.219401631913,22131.459655485043,102.93,7.160205965219069,22.317384952520086
SK,N,2017,1083.7,98.02,109.03,573.6,2909.1,1610.0,6470.1,19.717438383005053,False,37.252071087277855,11055.906957763722,44.96221078499559,5260.937356690819,26681.647253049618,110.3,-1.1514052583862178,24.88369576977172
SK,N,2018,1227.8,102.68,114.03,558.2,3200.6,1747.4,6589.6,17.440479910016872,False,38.36155720802349,11957.537982080248,48.57047468738618,4895.203016749979,28068.052266947296,109.03,4.585893790699802,26.51754279470681
SK,N,2019,1245.8,99.84,112.24,406.2,2686.9,1191.8,6225.3,15.117793739997765,False,46.36570024935799,12477.964743589742,43.16097216198416,3619.0306486101213,23938.88096935139,114.03,-1.5697623432430086,19.14445890157904
SK,N,2020,1321.2,94.96,107.76,435.7,2632.9,1038.8,5728.2,16.548292757035966,False,50.180409434463904,13913.226621735468,45.963828078628545,4043.2442464736446,24432.999257609503,112.24,-3.991446899501061,18.134841660556546
